{
"type": "FeatureCollection",
"name": "matriculatotal_042025",
"crs": { "type": "name", "properties": { "name": "urn:ogc:def:crs:EPSG::3857" } },
"features": [
{ "type": "Feature", "properties": { "NOMBRE_EST": "COLEGIO AQUILEO PARRA (IED)", "NOMBRE_SED": "AQUILEO PARRA", "ORDEN_DE_S": "A", "DIRECCION": "KR 18 A # 187 - 67/65", "DISCAPACID": "FISICA-INTELECTUAL-MENTAL/PSICOSOCIAL-MULTIPLE-SORDOCEGUERA-VISUAL", "TALENTOS_O": "CAPACIDADES EXCEPCIONALES-TALENTO EXCEPCIONAL EN ACTIVIDAD FISICA, EJERCICIO Y DEPORTE-TALENTO EXCEPCIONAL EN ARTES Y LETRAS-TALENTO EXCEPCIONAL EN LIDERAZGO SOCIAL Y EMPRENDIMIENTO", "GRUPOS_ETN": "AFRODESCENDIENTES-INDIGENAS-NEGRITUDES", "SECTOR": 2, "NATU_JUR": 9, "CALENDARIO": 1, "GENERO": 5, "COD_LOCA": "01", "ESPECIALID": 1, "CLASE_TIPO": 1, "BILINGUE": 5, "FECHA": "2025-04-30", "DANE12_EST": "111001000132", "DANE12_SED": "111001000132", "DA_HIPOACU": 0, "DA_SORDERA": 0, "DA_LENGUAS": 0, "DA_UCASTEL": 0, "DISCAP_FIS": 5, "DISCAP_FLE": 0, "DISCAP_PCE": 0, "DI_DCOGNIT": 36, "DI_SDOWN": 0, "DIS_MULTIP": 27, "DIS_PSICOS": 5, "DV_BAJAVIS": 4, "DIS_CEGUER": 0, "T_ESPECTRO": 0, "T_VOZ_Y_HA": 0, "SISTEMICA": 0, "SORDOCEGUE": 0, "OTRA": 0, "TOT_EST_MA": 78, "AFRODESCEN": 27, "INDIGENAS": 26, "NEGRITUDES": 14, "PALENQUERO": 0, "RAIZALES": 0, "ROM": 0, "TOT_EST_ET": 67, "CAPACID_EX": 3, "DOBLE_EXCE": 0, "TE_ACTFISI": 19, "TE_ARTES": 2, "TE_CNATUR": 1, "TE_CSOCIAL": 0, "TE_LDSOCIA": 1, "TE_TECNOLO": 0, "TOT_EST_CA": 26, "TMATRIC_GE": 2750, "Zona": 1 }, "geometry": { "type": "Point", "coordinates": [ -8242002.703199999406934, 531131.431600000709295 ] } },
{ "type": "Feature", "properties": { "NOMBRE_EST": "COLEGIO AGUSTIN FERNANDEZ (IED)", "NOMBRE_SED": "AGUSTIN FERNANDEZ", "ORDEN_DE_S": "A", "DIRECCION": "KR 7 # 155 - 20", "DISCAPACID": "AUDITIVA-FISICA-INTELECTUAL-MENTAL/PSICOSOCIAL-MULTIPLE", "TALENTOS_O": "CAPACIDADES EXCEPCIONALES-TALENTO EXCEPCIONAL EN ACTIVIDAD FISICA, EJERCICIO Y DEPORTE-TALENTO EXCEPCIONAL EN LIDERAZGO SOCIAL Y EMPRENDIMIENTO", "GRUPOS_ETN": "AFRODESCENDIENTES-INDIGENAS-NEGRITUDES", "SECTOR": 2, "NATU_JUR": 9, "CALENDARIO": 1, "GENERO": 5, "COD_LOCA": "01", "ESPECIALID": 1, "CLASE_TIPO": 1, "BILINGUE": 5, "FECHA": "2025-04-30", "DANE12_EST": "111001029955", "DANE12_SED": "111001029955", "DA_HIPOACU": 1, "DA_SORDERA": 0, "DA_LENGUAS": 0, "DA_UCASTEL": 0, "DISCAP_FIS": 1, "DISCAP_FLE": 0, "DISCAP_PCE": 0, "DI_DCOGNIT": 41, "DI_SDOWN": 0, "DIS_MULTIP": 7, "DIS_PSICOS": 1, "DV_BAJAVIS": 0, "DIS_CEGUER": 0, "T_ESPECTRO": 0, "T_VOZ_Y_HA": 0, "SISTEMICA": 0, "SORDOCEGUE": 0, "OTRA": 0, "TOT_EST_MA": 51, "AFRODESCEN": 12, "INDIGENAS": 2, "NEGRITUDES": 1, "PALENQUERO": 0, "RAIZALES": 0, "ROM": 0, "TOT_EST_ET": 15, "CAPACID_EX": 1, "DOBLE_EXCE": 0, "TE_ACTFISI": 2, "TE_ARTES": 2, "TE_CNATUR": 0, "TE_CSOCIAL": 1, "TE_LDSOCIA": 1, "TE_TECNOLO": 1, "TOT_EST_CA": 8, "TMATRIC_GE": 1268, "Zona": 1 }, "geometry": { "type": "Point", "coordinates": [ -8240325.1184, 527101.195900000631809 ] } },
{ "type": "Feature", "properties": { "NOMBRE_EST": "COLEGIO AGUSTIN FERNANDEZ (IED)", "NOMBRE_SED": "SAN BERNARDO", "ORDEN_DE_S": "B", "DIRECCION": "KR 1 A ESTE # 161 - 24  --  KR 1 A # 161 - 24", "DISCAPACID": "INTELECTUAL-MULTIPLE", "TALENTOS_O": "CAPACIDADES EXCEPCIONALES-TALENTO EXCEPCIONAL EN ACTIVIDAD FISICA, EJERCICIO Y DEPORTE-TALENTO EXCEPCIONAL EN LIDERAZGO SOCIAL Y EMPRENDIMIENTO", "GRUPOS_ETN": "AFRODESCENDIENTES-INDIGENAS", "SECTOR": 2, "NATU_JUR": 9, "CALENDARIO": 1, "GENERO": 5, "COD_LOCA": "01", "ESPECIALID": 13, "CLASE_TIPO": 1, "BILINGUE": 5, "FECHA": "2025-04-30", "DANE12_EST": "111001029955", "DANE12_SED": "111848000244", "DA_HIPOACU": 0, "DA_SORDERA": 0, "DA_LENGUAS": 0, "DA_UCASTEL": 0, "DISCAP_FIS": 0, "DISCAP_FLE": 0, "DISCAP_PCE": 0, "DI_DCOGNIT": 7, "DI_SDOWN": 0, "DIS_MULTIP": 2, "DIS_PSICOS": 0, "DV_BAJAVIS": 0, "DIS_CEGUER": 0, "T_ESPECTRO": 0, "T_VOZ_Y_HA": 0, "SISTEMICA": 0, "SORDOCEGUE": 0, "OTRA": 0, "TOT_EST_MA": 9, "AFRODESCEN": 4, "INDIGENAS": 2, "NEGRITUDES": 0, "PALENQUERO": 0, "RAIZALES": 0, "ROM": 0, "TOT_EST_ET": 6, "CAPACID_EX": 1, "DOBLE_EXCE": 0, "TE_ACTFISI": 4, "TE_ARTES": 2, "TE_CNATUR": 0, "TE_CSOCIAL": 0, "TE_LDSOCIA": 1, "TE_TECNOLO": 0, "TOT_EST_CA": 8, "TMATRIC_GE": 223, "Zona": 1 }, "geometry": { "type": "Point", "coordinates": [ -8239609.334100000560284, 527422.892099998891354 ] } },
{ "type": "Feature", "properties": { "NOMBRE_EST": "COLEGIO AGUSTIN FERNANDEZ (IED)", "NOMBRE_SED": "SANTA CECILIA ALTA", "ORDEN_DE_S": "C", "DIRECCION": "KR 1 ESTE # 163 - 60", "DISCAPACID": "INTELECTUAL", "TALENTOS_O": "TALENTO EXCEPCIONAL EN ACTIVIDAD FISICA, EJERCICIO Y DEPORTE-TALENTO EXCEPCIONAL EN CIENCIAS SOCIALES O HUMANAS-TALENTO EXCEPCIONAL EN LIDERAZGO SOCIAL Y EMPRENDIMIENTO", "GRUPOS_ETN": "AFRODESCENDIENTES-INDIGENAS", "SECTOR": 2, "NATU_JUR": 9, "CALENDARIO": 1, "GENERO": 5, "COD_LOCA": "01", "ESPECIALID": 13, "CLASE_TIPO": 1, "BILINGUE": 5, "FECHA": "2025-04-30", "DANE12_EST": "111001029955", "DANE12_SED": "111848003456", "DA_HIPOACU": 0, "DA_SORDERA": 0, "DA_LENGUAS": 0, "DA_UCASTEL": 0, "DISCAP_FIS": 1, "DISCAP_FLE": 0, "DISCAP_PCE": 0, "DI_DCOGNIT": 9, "DI_SDOWN": 0, "DIS_MULTIP": 0, "DIS_PSICOS": 0, "DV_BAJAVIS": 0, "DIS_CEGUER": 0, "T_ESPECTRO": 0, "T_VOZ_Y_HA": 0, "SISTEMICA": 0, "SORDOCEGUE": 0, "OTRA": 0, "TOT_EST_MA": 10, "AFRODESCEN": 2, "INDIGENAS": 1, "NEGRITUDES": 0, "PALENQUERO": 0, "RAIZALES": 0, "ROM": 0, "TOT_EST_ET": 3, "CAPACID_EX": 0, "DOBLE_EXCE": 0, "TE_ACTFISI": 2, "TE_ARTES": 0, "TE_CNATUR": 0, "TE_CSOCIAL": 0, "TE_LDSOCIA": 0, "TE_TECNOLO": 0, "TOT_EST_CA": 2, "TMATRIC_GE": 403, "Zona": 1 }, "geometry": { "type": "Point", "coordinates": [ -8239442.354900000616908, 527705.49439999833703 ] } },
{ "type": "Feature", "properties": { "NOMBRE_EST": "COLEGIO AGUSTIN FERNANDEZ (IED)", "NOMBRE_SED": "LOS PISINGOS", "ORDEN_DE_S": "D", "DIRECCION": "KR 7 # 158 - 41", "DISCAPACID": "AUDITIVA-INTELECTUAL-MULTIPLE", "TALENTOS_O": "TALENTO EXCEPCIONAL EN ACTIVIDAD FISICA, EJERCICIO Y DEPORTE-TALENTO EXCEPCIONAL EN ARTES Y LETRAS-TALENTO EXCEPCIONAL EN LIDERAZGO SOCIAL Y EMPRENDIMIENTO", "GRUPOS_ETN": "AFRODESCENDIENTES-INDIGENAS", "SECTOR": 2, "NATU_JUR": 9, "CALENDARIO": 1, "GENERO": 5, "COD_LOCA": "01", "ESPECIALID": 13, "CLASE_TIPO": 1, "BILINGUE": 5, "FECHA": "2025-04-30", "DANE12_EST": "111001029955", "DANE12_SED": "111001800920", "DA_HIPOACU": 1, "DA_SORDERA": 0, "DA_LENGUAS": 0, "DA_UCASTEL": 0, "DISCAP_FIS": 0, "DISCAP_FLE": 0, "DISCAP_PCE": 0, "DI_DCOGNIT": 9, "DI_SDOWN": 0, "DIS_MULTIP": 5, "DIS_PSICOS": 1, "DV_BAJAVIS": 0, "DIS_CEGUER": 0, "T_ESPECTRO": 0, "T_VOZ_Y_HA": 0, "SISTEMICA": 0, "SORDOCEGUE": 0, "OTRA": 0, "TOT_EST_MA": 16, "AFRODESCEN": 0, "INDIGENAS": 3, "NEGRITUDES": 1, "PALENQUERO": 0, "RAIZALES": 0, "ROM": 0, "TOT_EST_ET": 4, "CAPACID_EX": 0, "DOBLE_EXCE": 0, "TE_ACTFISI": 2, "TE_ARTES": 2, "TE_CNATUR": 0, "TE_CSOCIAL": 0, "TE_LDSOCIA": 0, "TE_TECNOLO": 0, "TOT_EST_CA": 4, "TMATRIC_GE": 202, "Zona": 1 }, "geometry": { "type": "Point", "coordinates": [ -8240365.193399999290705, 527535.709499999880791 ] } },
{ "type": "Feature", "properties": { "NOMBRE_EST": "COLEGIO FRIEDRICH NAUMANN (IED)", "NOMBRE_SED": "FRIEDRICH NAUMANN", "ORDEN_DE_S": "A", "DIRECCION": "AK 7 # 171 B - 26", "DISCAPACID": "AUDITIVA-FISICA-INTELECTUAL-MENTAL/PSICOSOCIAL-MULTIPLE", "TALENTOS_O": "TALENTO EXCEPCIONAL EN ACTIVIDAD FISICA, EJERCICIO Y DEPORTE", "GRUPOS_ETN": "AFRODESCENDIENTES-INDIGENAS-NEGRITUDES", "SECTOR": 2, "NATU_JUR": 9, "CALENDARIO": 1, "GENERO": 5, "COD_LOCA": "01", "ESPECIALID": 1, "CLASE_TIPO": 1, "BILINGUE": 5, "FECHA": "2025-04-30", "DANE12_EST": "111001044806", "DANE12_SED": "111001044806", "DA_HIPOACU": 3, "DA_SORDERA": 0, "DA_LENGUAS": 0, "DA_UCASTEL": 0, "DISCAP_FIS": 2, "DISCAP_FLE": 0, "DISCAP_PCE": 0, "DI_DCOGNIT": 10, "DI_SDOWN": 0, "DIS_MULTIP": 10, "DIS_PSICOS": 1, "DV_BAJAVIS": 0, "DIS_CEGUER": 0, "T_ESPECTRO": 0, "T_VOZ_Y_HA": 0, "SISTEMICA": 0, "SORDOCEGUE": 0, "OTRA": 0, "TOT_EST_MA": 26, "AFRODESCEN": 9, "INDIGENAS": 5, "NEGRITUDES": 3, "PALENQUERO": 0, "RAIZALES": 0, "ROM": 0, "TOT_EST_ET": 17, "CAPACID_EX": 0, "DOBLE_EXCE": 0, "TE_ACTFISI": 6, "TE_ARTES": 0, "TE_CNATUR": 0, "TE_CSOCIAL": 0, "TE_LDSOCIA": 1, "TE_TECNOLO": 1, "TOT_EST_CA": 8, "TMATRIC_GE": 879, "Zona": 1 }, "geometry": { "type": "Point", "coordinates": [ -8240226.044099999591708, 529286.075800001621246 ] } },
{ "type": "Feature", "properties": { "NOMBRE_EST": "COLEGIO FRIEDRICH NAUMANN (IED)", "NOMBRE_SED": "EL CODITO", "ORDEN_DE_S": "B", "DIRECCION": "CL 182 # 6 - 30", "DISCAPACID": "AUDITIVA-INTELECTUAL-MULTIPLE", "TALENTOS_O": "TALENTO EXCEPCIONAL EN LIDERAZGO SOCIAL Y EMPRENDIMIENTO", "GRUPOS_ETN": "AFRODESCENDIENTES-INDIGENAS", "SECTOR": 2, "NATU_JUR": 9, "CALENDARIO": 1, "GENERO": 5, "COD_LOCA": "01", "ESPECIALID": 13, "CLASE_TIPO": 1, "BILINGUE": 5, "FECHA": "2025-04-30", "DANE12_EST": "111001044806", "DANE12_SED": "111848000198", "DA_HIPOACU": 0, "DA_SORDERA": 0, "DA_LENGUAS": 0, "DA_UCASTEL": 0, "DISCAP_FIS": 3, "DISCAP_FLE": 0, "DISCAP_PCE": 0, "DI_DCOGNIT": 9, "DI_SDOWN": 0, "DIS_MULTIP": 4, "DIS_PSICOS": 0, "DV_BAJAVIS": 0, "DIS_CEGUER": 0, "T_ESPECTRO": 0, "T_VOZ_Y_HA": 0, "SISTEMICA": 0, "SORDOCEGUE": 0, "OTRA": 0, "TOT_EST_MA": 16, "AFRODESCEN": 2, "INDIGENAS": 0, "NEGRITUDES": 1, "PALENQUERO": 0, "RAIZALES": 0, "ROM": 0, "TOT_EST_ET": 3, "CAPACID_EX": 0, "DOBLE_EXCE": 0, "TE_ACTFISI": 4, "TE_ARTES": 1, "TE_CNATUR": 0, "TE_CSOCIAL": 1, "TE_LDSOCIA": 2, "TE_TECNOLO": 0, "TOT_EST_CA": 8, "TMATRIC_GE": 523, "Zona": 1 }, "geometry": { "type": "Point", "coordinates": [ -8240485.418500000610948, 530365.134399998933077 ] } },
{ "type": "Feature", "properties": { "NOMBRE_EST": "COLEGIO TOBERIN (IED)", "NOMBRE_SED": "TOBERIN", "ORDEN_DE_S": "A", "DIRECCION": "CL 166 # 16 C - 15", "DISCAPACID": "AUDITIVA-FISICA-INTELECTUAL-MENTAL/PSICOSOCIAL-MULTIPLE", "TALENTOS_O": "TALENTO EXCEPCIONAL EN ACTIVIDAD FISICA, EJERCICIO Y DEPORTE-TALENTO EXCEPCIONAL EN ARTES Y LETRAS-TALENTO EXCEPCIONAL EN CIENCIAS NATURALES O BASICAS-TALENTO EXCEPCIONAL EN LIDERAZGO SOCIAL Y EMPRENDIMIENTO-TALENTO EXCEPCIONAL EN TECNOLOGIA", "GRUPOS_ETN": "AFRODESCENDIENTES-INDIGENAS-NEGRITUDES", "SECTOR": 2, "NATU_JUR": 9, "CALENDARIO": 1, "GENERO": 5, "COD_LOCA": "01", "ESPECIALID": 1, "CLASE_TIPO": 1, "BILINGUE": 5, "FECHA": "2025-04-30", "DANE12_EST": "111001046957", "DANE12_SED": "111001046957", "DA_HIPOACU": 2, "DA_SORDERA": 0, "DA_LENGUAS": 0, "DA_UCASTEL": 0, "DISCAP_FIS": 4, "DISCAP_FLE": 0, "DISCAP_PCE": 0, "DI_DCOGNIT": 29, "DI_SDOWN": 0, "DIS_MULTIP": 11, "DIS_PSICOS": 2, "DV_BAJAVIS": 1, "DIS_CEGUER": 0, "T_ESPECTRO": 0, "T_VOZ_Y_HA": 0, "SISTEMICA": 0, "SORDOCEGUE": 0, "OTRA": 0, "TOT_EST_MA": 49, "AFRODESCEN": 8, "INDIGENAS": 4, "NEGRITUDES": 6, "PALENQUERO": 0, "RAIZALES": 0, "ROM": 0, "TOT_EST_ET": 18, "CAPACID_EX": 1, "DOBLE_EXCE": 0, "TE_ACTFISI": 11, "TE_ARTES": 6, "TE_CNATUR": 1, "TE_CSOCIAL": 1, "TE_LDSOCIA": 2, "TE_TECNOLO": 1, "TOT_EST_CA": 23, "TMATRIC_GE": 1278, "Zona": 1 }, "geometry": { "type": "Point", "coordinates": [ -8242038.325400000438094, 528861.605500001460314 ] } },
{ "type": "Feature", "properties": { "NOMBRE_EST": "COLEGIO TOBERIN (IED)", "NOMBRE_SED": "BABILONIA", "ORDEN_DE_S": "B", "DIRECCION": "KR 14 C # 164 - 75", "DISCAPACID": "AUDITIVA-FISICA-INTELECTUAL-MENTAL/PSICOSOCIAL-MULTIPLE-VISUAL", "TALENTOS_O": "CAPACIDADES EXCEPCIONALES-TALENTO EXCEPCIONAL EN ACTIVIDAD FISICA, EJERCICIO Y DEPORTE-TALENTO EXCEPCIONAL EN ARTES Y LETRAS-TALENTO EXCEPCIONAL EN CIENCIAS NATURALES O BASICAS", "GRUPOS_ETN": "AFRODESCENDIENTES-INDIGENAS-NEGRITUDES-RAIZALES", "SECTOR": 2, "NATU_JUR": 9, "CALENDARIO": 1, "GENERO": 5, "COD_LOCA": "01", "ESPECIALID": 13, "CLASE_TIPO": 1, "BILINGUE": 5, "FECHA": "2025-04-30", "DANE12_EST": "111001046957", "DANE12_SED": "111001086843", "DA_HIPOACU": 2, "DA_SORDERA": 0, "DA_LENGUAS": 0, "DA_UCASTEL": 0, "DISCAP_FIS": 1, "DISCAP_FLE": 0, "DISCAP_PCE": 0, "DI_DCOGNIT": 43, "DI_SDOWN": 0, "DIS_MULTIP": 5, "DIS_PSICOS": 2, "DV_BAJAVIS": 1, "DIS_CEGUER": 0, "T_ESPECTRO": 0, "T_VOZ_Y_HA": 0, "SISTEMICA": 0, "SORDOCEGUE": 0, "OTRA": 0, "TOT_EST_MA": 54, "AFRODESCEN": 4, "INDIGENAS": 1, "NEGRITUDES": 0, "PALENQUERO": 0, "RAIZALES": 0, "ROM": 0, "TOT_EST_ET": 5, "CAPACID_EX": 1, "DOBLE_EXCE": 0, "TE_ACTFISI": 1, "TE_ARTES": 4, "TE_CNATUR": 1, "TE_CSOCIAL": 1, "TE_LDSOCIA": 0, "TE_TECNOLO": 0, "TOT_EST_CA": 8, "TMATRIC_GE": 779, "Zona": 1 }, "geometry": { "type": "Point", "coordinates": [ -8241617.537699999287724, 528592.403200000524521 ] } },
{ "type": "Feature", "properties": { "NOMBRE_EST": "COLEGIO TOBERIN (IED)", "NOMBRE_SED": "LAS ORQUIDEAS", "ORDEN_DE_S": "C", "DIRECCION": "KR 17 # 163 A - 22", "DISCAPACID": "INTELECTUAL", "TALENTOS_O": "TALENTO EXCEPCIONAL EN ACTIVIDAD FISICA, EJERCICIO Y DEPORTE-TALENTO EXCEPCIONAL EN ARTES Y LETRAS", "GRUPOS_ETN": "AFRODESCENDIENTES-INDIGENAS", "SECTOR": 2, "NATU_JUR": 9, "CALENDARIO": 1, "GENERO": 5, "COD_LOCA": "01", "ESPECIALID": 13, "CLASE_TIPO": 1, "BILINGUE": 5, "FECHA": "2025-04-30", "DANE12_EST": "111001046957", "DANE12_SED": "111848000082", "DA_HIPOACU": 0, "DA_SORDERA": 0, "DA_LENGUAS": 0, "DA_UCASTEL": 0, "DISCAP_FIS": 1, "DISCAP_FLE": 0, "DISCAP_PCE": 0, "DI_DCOGNIT": 1, "DI_SDOWN": 0, "DIS_MULTIP": 9, "DIS_PSICOS": 0, "DV_BAJAVIS": 0, "DIS_CEGUER": 0, "T_ESPECTRO": 0, "T_VOZ_Y_HA": 0, "SISTEMICA": 0, "SORDOCEGUE": 0, "OTRA": 0, "TOT_EST_MA": 11, "AFRODESCEN": 1, "INDIGENAS": 1, "NEGRITUDES": 0, "PALENQUERO": 0, "RAIZALES": 0, "ROM": 0, "TOT_EST_ET": 2, "CAPACID_EX": 1, "DOBLE_EXCE": 0, "TE_ACTFISI": 0, "TE_ARTES": 1, "TE_CNATUR": 0, "TE_CSOCIAL": 0, "TE_LDSOCIA": 0, "TE_TECNOLO": 0, "TOT_EST_CA": 2, "TMATRIC_GE": 501, "Zona": 1 }, "geometry": { "type": "Point", "coordinates": [ -8242145.192099999636412, 528597.988299999386072 ] } },
{ "type": "Feature", "properties": { "NOMBRE_EST": "COLEGIO NUEVO HORIZONTE (IED)", "NOMBRE_SED": "NUEVO HORIZONTE", "ORDEN_DE_S": "A", "DIRECCION": "KR 5 B # 189 B - 30", "DISCAPACID": "AUDITIVA-FISICA-INTELECTUAL-MENTAL/PSICOSOCIAL-MULTIPLE", "TALENTOS_O": "TALENTO EXCEPCIONAL EN ACTIVIDAD FISICA, EJERCICIO Y DEPORTE-TALENTO EXCEPCIONAL EN ARTES Y LETRAS", "GRUPOS_ETN": "AFRODESCENDIENTES-INDIGENAS-NEGRITUDES", "SECTOR": 2, "NATU_JUR": 9, "CALENDARIO": 1, "GENERO": 5, "COD_LOCA": "01", "ESPECIALID": 1, "CLASE_TIPO": 1, "BILINGUE": 5, "FECHA": "2025-04-30", "DANE12_EST": "111001086681", "DANE12_SED": "111001086681", "DA_HIPOACU": 1, "DA_SORDERA": 0, "DA_LENGUAS": 0, "DA_UCASTEL": 0, "DISCAP_FIS": 0, "DISCAP_FLE": 0, "DISCAP_PCE": 0, "DI_DCOGNIT": 25, "DI_SDOWN": 0, "DIS_MULTIP": 3, "DIS_PSICOS": 3, "DV_BAJAVIS": 1, "DIS_CEGUER": 0, "T_ESPECTRO": 0, "T_VOZ_Y_HA": 0, "SISTEMICA": 0, "SORDOCEGUE": 0, "OTRA": 0, "TOT_EST_MA": 33, "AFRODESCEN": 23, "INDIGENAS": 17, "NEGRITUDES": 9, "PALENQUERO": 1, "RAIZALES": 0, "ROM": 0, "TOT_EST_ET": 50, "CAPACID_EX": 1, "DOBLE_EXCE": 0, "TE_ACTFISI": 0, "TE_ARTES": 0, "TE_CNATUR": 0, "TE_CSOCIAL": 0, "TE_LDSOCIA": 0, "TE_TECNOLO": 0, "TOT_EST_CA": 1, "TMATRIC_GE": 1053, "Zona": 1 }, "geometry": { "type": "Point", "coordinates": [ -8240516.587999999523163, 531256.542100001126528 ] } },
{ "type": "Feature", "properties": { "NOMBRE_EST": "COLEGIO NUEVO HORIZONTE (IED)", "NOMBRE_SED": "BUENAVISTA", "ORDEN_DE_S": "B", "DIRECCION": "CL 190 # 4 - 15", "DISCAPACID": "AUDITIVA-FISICA-INTELECTUAL-MENTAL/PSICOSOCIAL-MULTIPLE-SORDOCEGUERA", "TALENTOS_O": "TALENTO EXCEPCIONAL EN ACTIVIDAD FISICA, EJERCICIO Y DEPORTE-TALENTO EXCEPCIONAL EN ARTES Y LETRAS", "GRUPOS_ETN": "AFRODESCENDIENTES-INDIGENAS-NEGRITUDES", "SECTOR": 2, "NATU_JUR": 9, "CALENDARIO": 1, "GENERO": 5, "COD_LOCA": "01", "ESPECIALID": 13, "CLASE_TIPO": 1, "BILINGUE": 5, "FECHA": "2025-04-30", "DANE12_EST": "111001086681", "DANE12_SED": "111848004053", "DA_HIPOACU": 1, "DA_SORDERA": 0, "DA_LENGUAS": 0, "DA_UCASTEL": 0, "DISCAP_FIS": 1, "DISCAP_FLE": 0, "DISCAP_PCE": 0, "DI_DCOGNIT": 23, "DI_SDOWN": 0, "DIS_MULTIP": 1, "DIS_PSICOS": 0, "DV_BAJAVIS": 0, "DIS_CEGUER": 0, "T_ESPECTRO": 0, "T_VOZ_Y_HA": 0, "SISTEMICA": 0, "SORDOCEGUE": 0, "OTRA": 0, "TOT_EST_MA": 26, "AFRODESCEN": 8, "INDIGENAS": 10, "NEGRITUDES": 1, "PALENQUERO": 0, "RAIZALES": 0, "ROM": 0, "TOT_EST_ET": 19, "CAPACID_EX": 1, "DOBLE_EXCE": 0, "TE_ACTFISI": 1, "TE_ARTES": 0, "TE_CNATUR": 0, "TE_CSOCIAL": 0, "TE_LDSOCIA": 0, "TE_TECNOLO": 1, "TOT_EST_CA": 3, "TMATRIC_GE": 725, "Zona": 1 }, "geometry": { "type": "Point", "coordinates": [ -8240356.287900000810623, 531267.712699998170137 ] } },
{ "type": "Feature", "properties": { "NOMBRE_EST": "COLEGIO NUEVO HORIZONTE (IED)", "NOMBRE_SED": "HORIZONTE", "ORDEN_DE_S": "C", "DIRECCION": "KR 3 # 186 B - 04", "DISCAPACID": "AUDITIVA-INTELECTUAL", "TALENTOS_O": "CAPACIDADES EXCEPCIONALES-TALENTO EXCEPCIONAL EN ACTIVIDAD FISICA, EJERCICIO Y DEPORTE-TALENTO EXCEPCIONAL EN ARTES Y LETRAS-TALENTO EXCEPCIONAL EN CIENCIAS NATURALES O BASICAS-TALENTO EXCEPCIONAL EN TECNOLOGIA", "GRUPOS_ETN": "AFRODESCENDIENTES-INDIGENAS-NEGRITUDES", "SECTOR": 2, "NATU_JUR": 9, "CALENDARIO": 1, "GENERO": 5, "COD_LOCA": "01", "ESPECIALID": 13, "CLASE_TIPO": 1, "BILINGUE": 5, "FECHA": "2025-04-30", "DANE12_EST": "111001086681", "DANE12_SED": "111001041629", "DA_HIPOACU": 0, "DA_SORDERA": 0, "DA_LENGUAS": 0, "DA_UCASTEL": 0, "DISCAP_FIS": 0, "DISCAP_FLE": 0, "DISCAP_PCE": 0, "DI_DCOGNIT": 3, "DI_SDOWN": 0, "DIS_MULTIP": 2, "DIS_PSICOS": 0, "DV_BAJAVIS": 0, "DIS_CEGUER": 0, "T_ESPECTRO": 0, "T_VOZ_Y_HA": 0, "SISTEMICA": 0, "SORDOCEGUE": 0, "OTRA": 0, "TOT_EST_MA": 5, "AFRODESCEN": 6, "INDIGENAS": 4, "NEGRITUDES": 1, "PALENQUERO": 0, "RAIZALES": 0, "ROM": 0, "TOT_EST_ET": 11, "CAPACID_EX": 1, "DOBLE_EXCE": 0, "TE_ACTFISI": 5, "TE_ARTES": 2, "TE_CNATUR": 1, "TE_CSOCIAL": 0, "TE_LDSOCIA": 0, "TE_TECNOLO": 1, "TOT_EST_CA": 10, "TMATRIC_GE": 631, "Zona": 2 }, "geometry": { "type": "Point", "coordinates": [ -8240213.798900000751019, 530823.124499998986721 ] } },
{ "type": "Feature", "properties": { "NOMBRE_EST": "COLEGIO NUEVO HORIZONTE (IED)", "NOMBRE_SED": "TORCA", "ORDEN_DE_S": "D", "DIRECCION": "KR 7 CL 224 COSTADO SUR ORIENTAL", "DISCAPACID": "AUDITIVA-INTELECTUAL-MENTAL/PSICOSOCIAL-MULTIPLE", "TALENTOS_O": "TALENTO EXCEPCIONAL EN ACTIVIDAD FISICA, EJERCICIO Y DEPORTE", "GRUPOS_ETN": "INDIGENAS", "SECTOR": 2, "NATU_JUR": 9, "CALENDARIO": 1, "GENERO": 5, "COD_LOCA": "01", "ESPECIALID": 1, "CLASE_TIPO": 1, "BILINGUE": 5, "FECHA": "2025-04-30", "DANE12_EST": "111001086681", "DANE12_SED": "211848000141", "DA_HIPOACU": 0, "DA_SORDERA": 0, "DA_LENGUAS": 0, "DA_UCASTEL": 0, "DISCAP_FIS": 1, "DISCAP_FLE": 0, "DISCAP_PCE": 0, "DI_DCOGNIT": 11, "DI_SDOWN": 0, "DIS_MULTIP": 3, "DIS_PSICOS": 3, "DV_BAJAVIS": 0, "DIS_CEGUER": 0, "T_ESPECTRO": 0, "T_VOZ_Y_HA": 0, "SISTEMICA": 0, "SORDOCEGUE": 0, "OTRA": 0, "TOT_EST_MA": 18, "AFRODESCEN": 1, "INDIGENAS": 0, "NEGRITUDES": 1, "PALENQUERO": 0, "RAIZALES": 0, "ROM": 0, "TOT_EST_ET": 2, "CAPACID_EX": 0, "DOBLE_EXCE": 0, "TE_ACTFISI": 3, "TE_ARTES": 0, "TE_CNATUR": 0, "TE_CSOCIAL": 0, "TE_LDSOCIA": 0, "TE_TECNOLO": 0, "TOT_EST_CA": 3, "TMATRIC_GE": 366, "Zona": 2 }, "geometry": { "type": "Point", "coordinates": [ -8240875.036699999123812, 534968.618099998682737 ] } },
{ "type": "Feature", "properties": { "NOMBRE_EST": "COLEGIO LA ESTRELLITA (IED)", "NOMBRE_SED": "COLEGIO LA ESTRELLITA (IED) - SEDE PRINCIPAL", "ORDEN_DE_S": "A", "DIRECCION": "KR 4 # 187 B - 37", "DISCAPACID": "AUDITIVA-FISICA-INTELECTUAL-MULTIPLE", "TALENTOS_O": "TALENTO EXCEPCIONAL EN ACTIVIDAD FISICA, EJERCICIO Y DEPORTE-TALENTO EXCEPCIONAL EN ARTES Y LETRAS-TALENTO EXCEPCIONAL EN LIDERAZGO SOCIAL Y EMPRENDIMIENTO-TALENTO EXCEPCIONAL EN TECNOLOGIA", "GRUPOS_ETN": "AFRODESCENDIENTES-INDIGENAS-NEGRITUDES", "SECTOR": 2, "NATU_JUR": 9, "CALENDARIO": 1, "GENERO": 5, "COD_LOCA": "01", "ESPECIALID": 1, "CLASE_TIPO": 2, "BILINGUE": 5, "FECHA": "2025-04-30", "DANE12_EST": "111001098612", "DANE12_SED": "111001098612", "DA_HIPOACU": 0, "DA_SORDERA": 0, "DA_LENGUAS": 0, "DA_UCASTEL": 0, "DISCAP_FIS": 1, "DISCAP_FLE": 0, "DISCAP_PCE": 0, "DI_DCOGNIT": 5, "DI_SDOWN": 0, "DIS_MULTIP": 5, "DIS_PSICOS": 0, "DV_BAJAVIS": 0, "DIS_CEGUER": 0, "T_ESPECTRO": 0, "T_VOZ_Y_HA": 0, "SISTEMICA": 0, "SORDOCEGUE": 0, "OTRA": 0, "TOT_EST_MA": 11, "AFRODESCEN": 1, "INDIGENAS": 6, "NEGRITUDES": 1, "PALENQUERO": 2, "RAIZALES": 0, "ROM": 0, "TOT_EST_ET": 10, "CAPACID_EX": 0, "DOBLE_EXCE": 0, "TE_ACTFISI": 3, "TE_ARTES": 0, "TE_CNATUR": 0, "TE_CSOCIAL": 0, "TE_LDSOCIA": 1, "TE_TECNOLO": 0, "TOT_EST_CA": 4, "TMATRIC_GE": 1224, "Zona": 1 }, "geometry": { "type": "Point", "coordinates": [ -8240319.552500000223517, 530979.511999998241663 ] } },
{ "type": "Feature", "properties": { "NOMBRE_EST": "COLEGIO SALUDCOOP NORTE (IED)", "NOMBRE_SED": "SALUDCOOP NORTE", "ORDEN_DE_S": "A", "DIRECCION": "CL 181 # 18 B - 83", "DISCAPACID": "AUDITIVA-FISICA-INTELECTUAL-MENTAL/PSICOSOCIAL-MULTIPLE-VISUAL", "TALENTOS_O": "CAPACIDADES EXCEPCIONALES-TALENTO EXCEPCIONAL EN ACTIVIDAD FISICA, EJERCICIO Y DEPORTE-TALENTO EXCEPCIONAL EN ARTES Y LETRAS-TALENTO EXCEPCIONAL EN CIENCIAS SOCIALES O HUMANAS-TALENTO EXCEPCIONAL EN LIDERAZGO SOCIAL Y EMPRENDIMIENTO-TALENTO EXCEPCIONAL E", "GRUPOS_ETN": "AFRODESCENDIENTES-INDIGENAS-NEGRITUDES-RAIZALES", "SECTOR": 2, "NATU_JUR": 9, "CALENDARIO": 1, "GENERO": 5, "COD_LOCA": "01", "ESPECIALID": 1, "CLASE_TIPO": 1, "BILINGUE": 5, "FECHA": "2025-04-30", "DANE12_EST": "111001107743", "DANE12_SED": "111001107743", "DA_HIPOACU": 8, "DA_SORDERA": 0, "DA_LENGUAS": 0, "DA_UCASTEL": 0, "DISCAP_FIS": 10, "DISCAP_FLE": 0, "DISCAP_PCE": 0, "DI_DCOGNIT": 45, "DI_SDOWN": 0, "DIS_MULTIP": 19, "DIS_PSICOS": 5, "DV_BAJAVIS": 4, "DIS_CEGUER": 0, "T_ESPECTRO": 0, "T_VOZ_Y_HA": 0, "SISTEMICA": 0, "SORDOCEGUE": 0, "OTRA": 0, "TOT_EST_MA": 91, "AFRODESCEN": 15, "INDIGENAS": 13, "NEGRITUDES": 6, "PALENQUERO": 0, "RAIZALES": 0, "ROM": 0, "TOT_EST_ET": 34, "CAPACID_EX": 6, "DOBLE_EXCE": 0, "TE_ACTFISI": 19, "TE_ARTES": 15, "TE_CNATUR": 0, "TE_CSOCIAL": 1, "TE_LDSOCIA": 2, "TE_TECNOLO": 2, "TOT_EST_CA": 45, "TMATRIC_GE": 2222, "Zona": 1 }, "geometry": { "type": "Point", "coordinates": [ -8242141.85249999910593, 530273.536699999123812 ] } },
{ "type": "Feature", "properties": { "NOMBRE_EST": "COLEGIO USAQUEN (IED)", "NOMBRE_SED": "USAQUEN", "ORDEN_DE_S": "A", "DIRECCION": "CL 127 C # 9 A - 03", "DISCAPACID": "AUDITIVA-FISICA-INTELECTUAL-MENTAL/PSICOSOCIAL-MULTIPLE-VISUAL", "TALENTOS_O": "CAPACIDADES EXCEPCIONALES-TALENTO EXCEPCIONAL EN ACTIVIDAD FISICA, EJERCICIO Y DEPORTE-TALENTO EXCEPCIONAL EN ARTES Y LETRAS-TALENTO EXCEPCIONAL EN CIENCIAS NATURALES O BASICAS-TALENTO EXCEPCIONAL EN CIENCIAS SOCIALES O HUMANAS-TALENTO EXCEPCIONAL EN LID", "GRUPOS_ETN": "AFRODESCENDIENTES-INDIGENAS-NEGRITUDES", "SECTOR": 2, "NATU_JUR": 9, "CALENDARIO": 1, "GENERO": 5, "COD_LOCA": "01", "ESPECIALID": 1, "CLASE_TIPO": 1, "BILINGUE": 5, "FECHA": "2025-04-30", "DANE12_EST": "111848002662", "DANE12_SED": "111848002662", "DA_HIPOACU": 0, "DA_SORDERA": 0, "DA_LENGUAS": 0, "DA_UCASTEL": 0, "DISCAP_FIS": 3, "DISCAP_FLE": 0, "DISCAP_PCE": 0, "DI_DCOGNIT": 14, "DI_SDOWN": 0, "DIS_MULTIP": 16, "DIS_PSICOS": 2, "DV_BAJAVIS": 3, "DIS_CEGUER": 0, "T_ESPECTRO": 0, "T_VOZ_Y_HA": 0, "SISTEMICA": 0, "SORDOCEGUE": 0, "OTRA": 0, "TOT_EST_MA": 38, "AFRODESCEN": 7, "INDIGENAS": 4, "NEGRITUDES": 3, "PALENQUERO": 0, "RAIZALES": 0, "ROM": 0, "TOT_EST_ET": 14, "CAPACID_EX": 1, "DOBLE_EXCE": 0, "TE_ACTFISI": 17, "TE_ARTES": 17, "TE_CNATUR": 0, "TE_CSOCIAL": 3, "TE_LDSOCIA": 6, "TE_TECNOLO": 5, "TOT_EST_CA": 49, "TMATRIC_GE": 1570, "Zona": 1 }, "geometry": { "type": "Point", "coordinates": [ -8241497.312699999660254, 524594.691899999976158 ] } },
{ "type": "Feature", "properties": { "NOMBRE_EST": "COLEGIO USAQUEN (IED)", "NOMBRE_SED": "LOS CEDRITOS", "ORDEN_DE_S": "B", "DIRECCION": "AK 9 # 146 - 40", "DISCAPACID": "INTELECTUAL-MULTIPLE-VISUAL", "TALENTOS_O": "TALENTO EXCEPCIONAL EN ACTIVIDAD FISICA, EJERCICIO Y DEPORTE-TALENTO EXCEPCIONAL EN ARTES Y LETRAS", "GRUPOS_ETN": null, "SECTOR": 2, "NATU_JUR": 9, "CALENDARIO": 1, "GENERO": 5, "COD_LOCA": "01", "ESPECIALID": 13, "CLASE_TIPO": 1, "BILINGUE": 5, "FECHA": "2025-04-30", "DANE12_EST": "111848002662", "DANE12_SED": "111848000112", "DA_HIPOACU": 0, "DA_SORDERA": 0, "DA_LENGUAS": 0, "DA_UCASTEL": 0, "DISCAP_FIS": 0, "DISCAP_FLE": 0, "DISCAP_PCE": 0, "DI_DCOGNIT": 0, "DI_SDOWN": 0, "DIS_MULTIP": 3, "DIS_PSICOS": 0, "DV_BAJAVIS": 0, "DIS_CEGUER": 0, "T_ESPECTRO": 0, "T_VOZ_Y_HA": 0, "SISTEMICA": 0, "SORDOCEGUE": 0, "OTRA": 0, "TOT_EST_MA": 3, "AFRODESCEN": 0, "INDIGENAS": 1, "NEGRITUDES": 0, "PALENQUERO": 0, "RAIZALES": 0, "ROM": 0, "TOT_EST_ET": 1, "CAPACID_EX": 0, "DOBLE_EXCE": 0, "TE_ACTFISI": 1, "TE_ARTES": 2, "TE_CNATUR": 1, "TE_CSOCIAL": 0, "TE_LDSOCIA": 0, "TE_TECNOLO": 0, "TOT_EST_CA": 4, "TMATRIC_GE": 177, "Zona": 1 }, "geometry": { "type": "Point", "coordinates": [ -8241219.013900000602007, 526512.53999999910593 ] } },
{ "type": "Feature", "properties": { "NOMBRE_EST": "COLEGIO UNION COLOMBIA (IED)", "NOMBRE_SED": "PILOTO DE APLICACION", "ORDEN_DE_S": "A", "DIRECCION": "KR 7 A # 182 A - 07", "DISCAPACID": "INTELECTUAL-MENTAL/PSICOSOCIAL", "TALENTOS_O": "TALENTO EXCEPCIONAL EN ARTES Y LETRAS", "GRUPOS_ETN": "INDIGENAS-NEGRITUDES", "SECTOR": 2, "NATU_JUR": 9, "CALENDARIO": 1, "GENERO": 5, "COD_LOCA": "01", "ESPECIALID": 1, "CLASE_TIPO": 1, "BILINGUE": 5, "FECHA": "2025-04-30", "DANE12_EST": "111848002671", "DANE12_SED": "111848002671", "DA_HIPOACU": 0, "DA_SORDERA": 0, "DA_LENGUAS": 0, "DA_UCASTEL": 0, "DISCAP_FIS": 0, "DISCAP_FLE": 0, "DISCAP_PCE": 0, "DI_DCOGNIT": 11, "DI_SDOWN": 0, "DIS_MULTIP": 0, "DIS_PSICOS": 0, "DV_BAJAVIS": 0, "DIS_CEGUER": 0, "T_ESPECTRO": 0, "T_VOZ_Y_HA": 0, "SISTEMICA": 0, "SORDOCEGUE": 0, "OTRA": 0, "TOT_EST_MA": 11, "AFRODESCEN": 5, "INDIGENAS": 4, "NEGRITUDES": 1, "PALENQUERO": 0, "RAIZALES": 0, "ROM": 0, "TOT_EST_ET": 10, "CAPACID_EX": 0, "DOBLE_EXCE": 0, "TE_ACTFISI": 3, "TE_ARTES": 0, "TE_CNATUR": 0, "TE_CSOCIAL": 0, "TE_LDSOCIA": 0, "TE_TECNOLO": 0, "TOT_EST_CA": 3, "TMATRIC_GE": 912, "Zona": 1 }, "geometry": { "type": "Point", "coordinates": [ -8240700.265100000426173, 530418.752599999308586 ] } },
{ "type": "Feature", "properties": { "NOMBRE_EST": "COLEGIO UNION COLOMBIA (IED)", "NOMBRE_SED": "SANTA CLAUDIA", "ORDEN_DE_S": "B", "DIRECCION": "CL 189 # 7 - 05", "DISCAPACID": "INTELECTUAL", "TALENTOS_O": "TALENTO EXCEPCIONAL EN ACTIVIDAD FISICA, EJERCICIO Y DEPORTE-TALENTO EXCEPCIONAL EN CIENCIAS SOCIALES O HUMANAS", "GRUPOS_ETN": "INDIGENAS", "SECTOR": 2, "NATU_JUR": 9, "CALENDARIO": 1, "GENERO": 5, "COD_LOCA": "01", "ESPECIALID": 13, "CLASE_TIPO": 1, "BILINGUE": 5, "FECHA": "2025-04-30", "DANE12_EST": "111848002671", "DANE12_SED": "111848000252", "DA_HIPOACU": 1, "DA_SORDERA": 0, "DA_LENGUAS": 0, "DA_UCASTEL": 0, "DISCAP_FIS": 0, "DISCAP_FLE": 0, "DISCAP_PCE": 0, "DI_DCOGNIT": 0, "DI_SDOWN": 0, "DIS_MULTIP": 1, "DIS_PSICOS": 0, "DV_BAJAVIS": 0, "DIS_CEGUER": 0, "T_ESPECTRO": 0, "T_VOZ_Y_HA": 0, "SISTEMICA": 0, "SORDOCEGUE": 0, "OTRA": 0, "TOT_EST_MA": 2, "AFRODESCEN": 0, "INDIGENAS": 2, "NEGRITUDES": 0, "PALENQUERO": 0, "RAIZALES": 0, "ROM": 0, "TOT_EST_ET": 2, "CAPACID_EX": 0, "DOBLE_EXCE": 0, "TE_ACTFISI": 1, "TE_ARTES": 0, "TE_CNATUR": 0, "TE_CSOCIAL": 0, "TE_LDSOCIA": 0, "TE_TECNOLO": 0, "TOT_EST_CA": 1, "TMATRIC_GE": 247, "Zona": 1 }, "geometry": { "type": "Point", "coordinates": [ -8240758.151200000196695, 531113.558699999004602 ] } },
{ "type": "Feature", "properties": { "NOMBRE_EST": "COLEGIO DIVINO MAESTRO (IED)", "NOMBRE_SED": "PILOTO BAVARIA", "ORDEN_DE_S": "A", "DIRECCION": "KR 8 C # 163 B - 20", "DISCAPACID": "INTELECTUAL-MULTIPLE-SORDOCEGUERA", "TALENTOS_O": "TALENTO EXCEPCIONAL EN ARTES Y LETRAS", "GRUPOS_ETN": "INDIGENAS-NEGRITUDES", "SECTOR": 2, "NATU_JUR": 9, "CALENDARIO": 1, "GENERO": 5, "COD_LOCA": "01", "ESPECIALID": 1, "CLASE_TIPO": 1, "BILINGUE": 5, "FECHA": "2025-04-30", "DANE12_EST": "111848002689", "DANE12_SED": "111848002689", "DA_HIPOACU": 2, "DA_SORDERA": 0, "DA_LENGUAS": 0, "DA_UCASTEL": 0, "DISCAP_FIS": 0, "DISCAP_FLE": 0, "DISCAP_PCE": 0, "DI_DCOGNIT": 19, "DI_SDOWN": 0, "DIS_MULTIP": 9, "DIS_PSICOS": 2, "DV_BAJAVIS": 0, "DIS_CEGUER": 0, "T_ESPECTRO": 0, "T_VOZ_Y_HA": 0, "SISTEMICA": 0, "SORDOCEGUE": 0, "OTRA": 0, "TOT_EST_MA": 32, "AFRODESCEN": 1, "INDIGENAS": 9, "NEGRITUDES": 3, "PALENQUERO": 0, "RAIZALES": 0, "ROM": 0, "TOT_EST_ET": 13, "CAPACID_EX": 0, "DOBLE_EXCE": 0, "TE_ACTFISI": 5, "TE_ARTES": 1, "TE_CNATUR": 0, "TE_CSOCIAL": 0, "TE_LDSOCIA": 1, "TE_TECNOLO": 0, "TOT_EST_CA": 7, "TMATRIC_GE": 918, "Zona": 1 }, "geometry": { "type": "Point", "coordinates": [ -8240730.321399999782443, 528252.829900000244379 ] } },
{ "type": "Feature", "properties": { "NOMBRE_EST": "COLEGIO DIVINO MAESTRO (IED)", "NOMBRE_SED": "DIVINO MAESTRO", "ORDEN_DE_S": "B", "DIRECCION": "CL 164 # 7 F - 08", "DISCAPACID": "AUDITIVA-FISICA-INTELECTUAL-MENTAL/PSICOSOCIAL-MULTIPLE-SORDOCEGUERA-VISUAL", "TALENTOS_O": "TALENTO EXCEPCIONAL EN ACTIVIDAD FISICA, EJERCICIO Y DEPORTE", "GRUPOS_ETN": "AFRODESCENDIENTES-INDIGENAS-NEGRITUDES-PALENQUEROS", "SECTOR": 2, "NATU_JUR": 9, "CALENDARIO": 1, "GENERO": 5, "COD_LOCA": "01", "ESPECIALID": 13, "CLASE_TIPO": 1, "BILINGUE": 5, "FECHA": "2025-04-30", "DANE12_EST": "111848002689", "DANE12_SED": "111848000091", "DA_HIPOACU": 2, "DA_SORDERA": 0, "DA_LENGUAS": 0, "DA_UCASTEL": 0, "DISCAP_FIS": 1, "DISCAP_FLE": 0, "DISCAP_PCE": 0, "DI_DCOGNIT": 12, "DI_SDOWN": 0, "DIS_MULTIP": 4, "DIS_PSICOS": 1, "DV_BAJAVIS": 0, "DIS_CEGUER": 0, "T_ESPECTRO": 0, "T_VOZ_Y_HA": 0, "SISTEMICA": 0, "SORDOCEGUE": 0, "OTRA": 0, "TOT_EST_MA": 20, "AFRODESCEN": 6, "INDIGENAS": 5, "NEGRITUDES": 3, "PALENQUERO": 0, "RAIZALES": 0, "ROM": 0, "TOT_EST_ET": 14, "CAPACID_EX": 0, "DOBLE_EXCE": 0, "TE_ACTFISI": 3, "TE_ARTES": 0, "TE_CNATUR": 1, "TE_CSOCIAL": 0, "TE_LDSOCIA": 0, "TE_TECNOLO": 0, "TOT_EST_CA": 4, "TMATRIC_GE": 944, "Zona": 1 }, "geometry": { "type": "Point", "coordinates": [ -8240433.098300000652671, 528232.723600000143051 ] } },
{ "type": "Feature", "properties": { "NOMBRE_EST": "COLEGIO DIVINO MAESTRO (IED)", "NOMBRE_SED": "SAN CRISTOBAL NORTE", "ORDEN_DE_S": "C", "DIRECCION": "KR 7 D # 163 A - 56", "DISCAPACID": "INTELECTUAL-MENTAL/PSICOSOCIAL-MULTIPLE", "TALENTOS_O": "TALENTO EXCEPCIONAL EN ACTIVIDAD FISICA, EJERCICIO Y DEPORTE-TALENTO EXCEPCIONAL EN ARTES Y LETRAS-TALENTO EXCEPCIONAL EN LIDERAZGO SOCIAL Y EMPRENDIMIENTO", "GRUPOS_ETN": "AFRODESCENDIENTES-INDIGENAS", "SECTOR": 2, "NATU_JUR": 9, "CALENDARIO": 1, "GENERO": 5, "COD_LOCA": "01", "ESPECIALID": 13, "CLASE_TIPO": 1, "BILINGUE": 5, "FECHA": "2025-04-30", "DANE12_EST": "111848002689", "DANE12_SED": "111848000058", "DA_HIPOACU": 0, "DA_SORDERA": 0, "DA_LENGUAS": 0, "DA_UCASTEL": 0, "DISCAP_FIS": 1, "DISCAP_FLE": 0, "DISCAP_PCE": 0, "DI_DCOGNIT": 6, "DI_SDOWN": 0, "DIS_MULTIP": 4, "DIS_PSICOS": 0, "DV_BAJAVIS": 0, "DIS_CEGUER": 0, "T_ESPECTRO": 0, "T_VOZ_Y_HA": 0, "SISTEMICA": 0, "SORDOCEGUE": 0, "OTRA": 0, "TOT_EST_MA": 11, "AFRODESCEN": 4, "INDIGENAS": 2, "NEGRITUDES": 0, "PALENQUERO": 0, "RAIZALES": 0, "ROM": 0, "TOT_EST_ET": 6, "CAPACID_EX": 0, "DOBLE_EXCE": 0, "TE_ACTFISI": 3, "TE_ARTES": 3, "TE_CNATUR": 1, "TE_CSOCIAL": 0, "TE_LDSOCIA": 0, "TE_TECNOLO": 0, "TOT_EST_CA": 7, "TMATRIC_GE": 691, "Zona": 1 }, "geometry": { "type": "Point", "coordinates": [ -8240374.098999999463558, 528181.340999998152256 ] } },
{ "type": "Feature", "properties": { "NOMBRE_EST": "COLEGIO CRISTOBAL COLON (IED)", "NOMBRE_SED": "CRISTOBAL COLON", "ORDEN_DE_S": "A", "DIRECCION": "CL 165 # 8 A - 03  --  CL 165 # 18 - 03", "DISCAPACID": "AUDITIVA-INTELECTUAL-MENTAL/PSICOSOCIAL-MULTIPLE-SORDOCEGUERA-VISUAL", "TALENTOS_O": "TALENTO EXCEPCIONAL EN ACTIVIDAD FISICA, EJERCICIO Y DEPORTE-TALENTO EXCEPCIONAL EN ARTES Y LETRAS-TALENTO EXCEPCIONAL EN LIDERAZGO SOCIAL Y EMPRENDIMIENTO-TALENTO EXCEPCIONAL EN TECNOLOGIA", "GRUPOS_ETN": "AFRODESCENDIENTES-INDIGENAS-NEGRITUDES-RAIZALES", "SECTOR": 2, "NATU_JUR": 9, "CALENDARIO": 1, "GENERO": 5, "COD_LOCA": "01", "ESPECIALID": 1, "CLASE_TIPO": 1, "BILINGUE": 5, "FECHA": "2025-04-30", "DANE12_EST": "111848003031", "DANE12_SED": "111848003031", "DA_HIPOACU": 0, "DA_SORDERA": 0, "DA_LENGUAS": 0, "DA_UCASTEL": 0, "DISCAP_FIS": 0, "DISCAP_FLE": 0, "DISCAP_PCE": 0, "DI_DCOGNIT": 13, "DI_SDOWN": 0, "DIS_MULTIP": 3, "DIS_PSICOS": 3, "DV_BAJAVIS": 1, "DIS_CEGUER": 0, "T_ESPECTRO": 0, "T_VOZ_Y_HA": 0, "SISTEMICA": 0, "SORDOCEGUE": 0, "OTRA": 0, "TOT_EST_MA": 20, "AFRODESCEN": 6, "INDIGENAS": 8, "NEGRITUDES": 11, "PALENQUERO": 0, "RAIZALES": 0, "ROM": 0, "TOT_EST_ET": 25, "CAPACID_EX": 1, "DOBLE_EXCE": 0, "TE_ACTFISI": 3, "TE_ARTES": 4, "TE_CNATUR": 1, "TE_CSOCIAL": 0, "TE_LDSOCIA": 0, "TE_TECNOLO": 1, "TOT_EST_CA": 10, "TMATRIC_GE": 1461, "Zona": 1 }, "geometry": { "type": "Point", "coordinates": [ -8240517.701099999248981, 528440.488699998706579 ] } },
{ "type": "Feature", "properties": { "NOMBRE_EST": "COLEGIO CRISTOBAL COLON (IED)", "NOMBRE_SED": "SANTA CECILIA BAJA", "ORDEN_DE_S": "B", "DIRECCION": "KR 5 A # 163 D - 46", "DISCAPACID": "FISICA-INTELECTUAL-MULTIPLE", "TALENTOS_O": "TALENTO EXCEPCIONAL EN ACTIVIDAD FISICA, EJERCICIO Y DEPORTE-TALENTO EXCEPCIONAL EN ARTES Y LETRAS", "GRUPOS_ETN": "INDIGENAS-NEGRITUDES", "SECTOR": 2, "NATU_JUR": 9, "CALENDARIO": 1, "GENERO": 5, "COD_LOCA": "01", "ESPECIALID": 13, "CLASE_TIPO": 1, "BILINGUE": 5, "FECHA": "2025-04-30", "DANE12_EST": "111848003031", "DANE12_SED": "111001046949", "DA_HIPOACU": 0, "DA_SORDERA": 0, "DA_LENGUAS": 0, "DA_UCASTEL": 0, "DISCAP_FIS": 1, "DISCAP_FLE": 0, "DISCAP_PCE": 0, "DI_DCOGNIT": 2, "DI_SDOWN": 0, "DIS_MULTIP": 1, "DIS_PSICOS": 1, "DV_BAJAVIS": 0, "DIS_CEGUER": 0, "T_ESPECTRO": 0, "T_VOZ_Y_HA": 0, "SISTEMICA": 0, "SORDOCEGUE": 0, "OTRA": 0, "TOT_EST_MA": 5, "AFRODESCEN": 1, "INDIGENAS": 1, "NEGRITUDES": 1, "PALENQUERO": 0, "RAIZALES": 0, "ROM": 0, "TOT_EST_ET": 3, "CAPACID_EX": 0, "DOBLE_EXCE": 0, "TE_ACTFISI": 3, "TE_ARTES": 1, "TE_CNATUR": 0, "TE_CSOCIAL": 0, "TE_LDSOCIA": 1, "TE_TECNOLO": 0, "TOT_EST_CA": 5, "TMATRIC_GE": 198, "Zona": 1 }, "geometry": { "type": "Point", "coordinates": [ -8240033.461400000378489, 528112.086100000888109 ] } },
{ "type": "Feature", "properties": { "NOMBRE_EST": "COLEGIO CRISTOBAL COLON (IED)", "NOMBRE_SED": "SORATAMA", "ORDEN_DE_S": "C", "DIRECCION": "CL 167 # 3 - 44", "DISCAPACID": "FISICA-MULTIPLE", "TALENTOS_O": "TALENTO EXCEPCIONAL EN ACTIVIDAD FISICA, EJERCICIO Y DEPORTE", "GRUPOS_ETN": "AFRODESCENDIENTES", "SECTOR": 2, "NATU_JUR": 9, "CALENDARIO": 1, "GENERO": 5, "COD_LOCA": "01", "ESPECIALID": 13, "CLASE_TIPO": 1, "BILINGUE": 5, "FECHA": "2025-04-30", "DANE12_EST": "111848003031", "DANE12_SED": "111848000074", "DA_HIPOACU": 0, "DA_SORDERA": 0, "DA_LENGUAS": 0, "DA_UCASTEL": 0, "DISCAP_FIS": 0, "DISCAP_FLE": 0, "DISCAP_PCE": 0, "DI_DCOGNIT": 0, "DI_SDOWN": 0, "DIS_MULTIP": 1, "DIS_PSICOS": 0, "DV_BAJAVIS": 0, "DIS_CEGUER": 0, "T_ESPECTRO": 0, "T_VOZ_Y_HA": 0, "SISTEMICA": 0, "SORDOCEGUE": 0, "OTRA": 0, "TOT_EST_MA": 1, "AFRODESCEN": 2, "INDIGENAS": 1, "NEGRITUDES": 0, "PALENQUERO": 0, "RAIZALES": 0, "ROM": 0, "TOT_EST_ET": 3, "CAPACID_EX": 0, "DOBLE_EXCE": 0, "TE_ACTFISI": 1, "TE_ARTES": 1, "TE_CNATUR": 0, "TE_CSOCIAL": 0, "TE_LDSOCIA": 1, "TE_TECNOLO": 0, "TOT_EST_CA": 3, "TMATRIC_GE": 208, "Zona": 1 }, "geometry": { "type": "Point", "coordinates": [ -8239789.671700000762939, 528642.669199999421835 ] } },
{ "type": "Feature", "properties": { "NOMBRE_EST": "COLEGIO GENERAL SANTANDER (IED)", "NOMBRE_SED": "GENERAL SANTANDER", "ORDEN_DE_S": "A", "DIRECCION": "CL 159 # 8 - 56", "DISCAPACID": "FISICA-INTELECTUAL-MENTAL/PSICOSOCIAL-MULTIPLE-VISUAL", "TALENTOS_O": "TALENTO EXCEPCIONAL EN ACTIVIDAD FISICA, EJERCICIO Y DEPORTE", "GRUPOS_ETN": "AFRODESCENDIENTES-INDIGENAS-NEGRITUDES", "SECTOR": 2, "NATU_JUR": 9, "CALENDARIO": 1, "GENERO": 5, "COD_LOCA": "01", "ESPECIALID": 1, "CLASE_TIPO": 1, "BILINGUE": 5, "FECHA": "2025-04-30", "DANE12_EST": "111848003910", "DANE12_SED": "111848003910", "DA_HIPOACU": 1, "DA_SORDERA": 0, "DA_LENGUAS": 0, "DA_UCASTEL": 0, "DISCAP_FIS": 2, "DISCAP_FLE": 0, "DISCAP_PCE": 0, "DI_DCOGNIT": 10, "DI_SDOWN": 0, "DIS_MULTIP": 5, "DIS_PSICOS": 3, "DV_BAJAVIS": 0, "DIS_CEGUER": 0, "T_ESPECTRO": 0, "T_VOZ_Y_HA": 0, "SISTEMICA": 0, "SORDOCEGUE": 0, "OTRA": 0, "TOT_EST_MA": 21, "AFRODESCEN": 3, "INDIGENAS": 8, "NEGRITUDES": 0, "PALENQUERO": 0, "RAIZALES": 1, "ROM": 0, "TOT_EST_ET": 12, "CAPACID_EX": 3, "DOBLE_EXCE": 0, "TE_ACTFISI": 5, "TE_ARTES": 2, "TE_CNATUR": 0, "TE_CSOCIAL": 0, "TE_LDSOCIA": 1, "TE_TECNOLO": 2, "TOT_EST_CA": 13, "TMATRIC_GE": 1023, "Zona": 1 }, "geometry": { "type": "Point", "coordinates": [ -8240751.472100000828505, 527659.697200000286102 ] } },
{ "type": "Feature", "properties": { "NOMBRE_EST": "COLEGIO SIMON RODRIGUEZ (IED)", "NOMBRE_SED": "SIMON RODRIGUEZ", "ORDEN_DE_S": "A", "DIRECCION": "CL 69 # 11 - 27", "DISCAPACID": "FISICA-INTELECTUAL-MULTIPLE", "TALENTOS_O": "TALENTO EXCEPCIONAL EN ACTIVIDAD FISICA, EJERCICIO Y DEPORTE-TALENTO EXCEPCIONAL EN ARTES Y LETRAS", "GRUPOS_ETN": "AFRODESCENDIENTES-INDIGENAS-NEGRITUDES", "SECTOR": 2, "NATU_JUR": 9, "CALENDARIO": 1, "GENERO": 5, "COD_LOCA": "02", "ESPECIALID": 1, "CLASE_TIPO": 1, "BILINGUE": 5, "FECHA": "2025-04-30", "DANE12_EST": "111001016314", "DANE12_SED": "111001016314", "DA_HIPOACU": 0, "DA_SORDERA": 0, "DA_LENGUAS": 0, "DA_UCASTEL": 0, "DISCAP_FIS": 1, "DISCAP_FLE": 0, "DISCAP_PCE": 0, "DI_DCOGNIT": 12, "DI_SDOWN": 0, "DIS_MULTIP": 3, "DIS_PSICOS": 0, "DV_BAJAVIS": 0, "DIS_CEGUER": 0, "T_ESPECTRO": 0, "T_VOZ_Y_HA": 0, "SISTEMICA": 0, "SORDOCEGUE": 0, "OTRA": 0, "TOT_EST_MA": 16, "AFRODESCEN": 11, "INDIGENAS": 3, "NEGRITUDES": 2, "PALENQUERO": 0, "RAIZALES": 0, "ROM": 0, "TOT_EST_ET": 16, "CAPACID_EX": 0, "DOBLE_EXCE": 0, "TE_ACTFISI": 1, "TE_ARTES": 2, "TE_CNATUR": 0, "TE_CSOCIAL": 0, "TE_LDSOCIA": 0, "TE_TECNOLO": 0, "TOT_EST_CA": 3, "TMATRIC_GE": 478, "Zona": 1 }, "geometry": { "type": "Point", "coordinates": [ -8244460.637499999254942, 518690.652399998158216 ] } },
{ "type": "Feature", "properties": { "NOMBRE_EST": "COLEGIO SIMON RODRIGUEZ (IED)", "NOMBRE_SED": "NUEVA GRANADA", "ORDEN_DE_S": "B", "DIRECCION": "CL 65 BIS # 3 - 30", "DISCAPACID": "INTELECTUAL", "TALENTOS_O": "TALENTO EXCEPCIONAL EN ACTIVIDAD FISICA, EJERCICIO Y DEPORTE", "GRUPOS_ETN": "INDIGENAS", "SECTOR": 2, "NATU_JUR": 9, "CALENDARIO": 1, "GENERO": 5, "COD_LOCA": "02", "ESPECIALID": 13, "CLASE_TIPO": 1, "BILINGUE": 5, "FECHA": "2025-04-30", "DANE12_EST": "111001016314", "DANE12_SED": "111001015261", "DA_HIPOACU": 0, "DA_SORDERA": 0, "DA_LENGUAS": 0, "DA_UCASTEL": 0, "DISCAP_FIS": 0, "DISCAP_FLE": 0, "DISCAP_PCE": 0, "DI_DCOGNIT": 4, "DI_SDOWN": 0, "DIS_MULTIP": 2, "DIS_PSICOS": 0, "DV_BAJAVIS": 1, "DIS_CEGUER": 0, "T_ESPECTRO": 0, "T_VOZ_Y_HA": 0, "SISTEMICA": 0, "SORDOCEGUE": 0, "OTRA": 0, "TOT_EST_MA": 7, "AFRODESCEN": 0, "INDIGENAS": 1, "NEGRITUDES": 0, "PALENQUERO": 0, "RAIZALES": 0, "ROM": 0, "TOT_EST_ET": 1, "CAPACID_EX": 0, "DOBLE_EXCE": 0, "TE_ACTFISI": 2, "TE_ARTES": 2, "TE_CNATUR": 0, "TE_CSOCIAL": 0, "TE_LDSOCIA": 0, "TE_TECNOLO": 0, "TOT_EST_CA": 4, "TMATRIC_GE": 235, "Zona": 1 }, "geometry": { "type": "Point", "coordinates": [ -8243949.681099999696016, 518023.879099998623133 ] } },
{ "type": "Feature", "properties": { "NOMBRE_EST": "COLEGIO SIMON RODRIGUEZ (IED)", "NOMBRE_SED": "BOSQUE CALDERON TEJADA", "ORDEN_DE_S": "C", "DIRECCION": "DG 58 # 4 - 74 ESTE", "DISCAPACID": "INTELECTUAL", "TALENTOS_O": "CAPACIDADES EXCEPCIONALES", "GRUPOS_ETN": "AFRODESCENDIENTES", "SECTOR": 2, "NATU_JUR": 9, "CALENDARIO": 1, "GENERO": 5, "COD_LOCA": "02", "ESPECIALID": 13, "CLASE_TIPO": 1, "BILINGUE": 5, "FECHA": "2025-04-30", "DANE12_EST": "111001016314", "DANE12_SED": "111001020249", "DA_HIPOACU": 2, "DA_SORDERA": 0, "DA_LENGUAS": 0, "DA_UCASTEL": 0, "DISCAP_FIS": 0, "DISCAP_FLE": 0, "DISCAP_PCE": 0, "DI_DCOGNIT": 1, "DI_SDOWN": 0, "DIS_MULTIP": 0, "DIS_PSICOS": 1, "DV_BAJAVIS": 0, "DIS_CEGUER": 0, "T_ESPECTRO": 0, "T_VOZ_Y_HA": 0, "SISTEMICA": 0, "SORDOCEGUE": 0, "OTRA": 0, "TOT_EST_MA": 4, "AFRODESCEN": 3, "INDIGENAS": 0, "NEGRITUDES": 0, "PALENQUERO": 0, "RAIZALES": 0, "ROM": 0, "TOT_EST_ET": 3, "CAPACID_EX": 0, "DOBLE_EXCE": 0, "TE_ACTFISI": 0, "TE_ARTES": 0, "TE_CNATUR": 0, "TE_CSOCIAL": 0, "TE_LDSOCIA": 0, "TE_TECNOLO": 0, "TOT_EST_CA": 0, "TMATRIC_GE": 174, "Zona": 2 }, "geometry": { "type": "Point", "coordinates": [ -8243653.57120000012219, 517199.634399998933077 ] } },
{ "type": "Feature", "properties": { "NOMBRE_EST": "COLEGIO CAMPESTRE MONTE VERDE (IED)", "NOMBRE_SED": "PLAN PADRINOS SAN LUIS", "ORDEN_DE_S": "A", "DIRECCION": "KR 5 C ESTE # 98 A - 55", "DISCAPACID": "FISICA-INTELECTUAL-MENTAL/PSICOSOCIAL-MULTIPLE-VISUAL", "TALENTOS_O": null, "GRUPOS_ETN": "AFRODESCENDIENTES-INDIGENAS-NEGRITUDES-ROM", "SECTOR": 2, "NATU_JUR": 9, "CALENDARIO": 1, "GENERO": 5, "COD_LOCA": "02", "ESPECIALID": 1, "CLASE_TIPO": 1, "BILINGUE": 5, "FECHA": "2025-04-30", "DANE12_EST": "111001033901", "DANE12_SED": "111001033901", "DA_HIPOACU": 2, "DA_SORDERA": 0, "DA_LENGUAS": 0, "DA_UCASTEL": 0, "DISCAP_FIS": 4, "DISCAP_FLE": 0, "DISCAP_PCE": 0, "DI_DCOGNIT": 33, "DI_SDOWN": 0, "DIS_MULTIP": 12, "DIS_PSICOS": 4, "DV_BAJAVIS": 1, "DIS_CEGUER": 0, "T_ESPECTRO": 0, "T_VOZ_Y_HA": 0, "SISTEMICA": 0, "SORDOCEGUE": 0, "OTRA": 0, "TOT_EST_MA": 56, "AFRODESCEN": 7, "INDIGENAS": 11, "NEGRITUDES": 3, "PALENQUERO": 0, "RAIZALES": 0, "ROM": 1, "TOT_EST_ET": 22, "CAPACID_EX": 1, "DOBLE_EXCE": 0, "TE_ACTFISI": 2, "TE_ARTES": 3, "TE_CNATUR": 0, "TE_CSOCIAL": 0, "TE_LDSOCIA": 0, "TE_TECNOLO": 2, "TOT_EST_CA": 8, "TMATRIC_GE": 1477, "Zona": 2 }, "geometry": { "type": "Point", "coordinates": [ -8240029.008600000292063, 520540.22410000115633 ] } },
{ "type": "Feature", "properties": { "NOMBRE_EST": "COLEGIO CAMPESTRE MONTE VERDE (IED)", "NOMBRE_SED": "JULIO ANTONIO GAITAN", "ORDEN_DE_S": "B", "DIRECCION": "KR 1 ESTE # 101 A - 27", "DISCAPACID": "INTELECTUAL-MULTIPLE", "TALENTOS_O": "TALENTO EXCEPCIONAL EN ACTIVIDAD FISICA, EJERCICIO Y DEPORTE-TALENTO EXCEPCIONAL EN ARTES Y LETRAS-TALENTO EXCEPCIONAL EN CIENCIAS SOCIALES O HUMANAS", "GRUPOS_ETN": null, "SECTOR": 2, "NATU_JUR": 9, "CALENDARIO": 1, "GENERO": 5, "COD_LOCA": "02", "ESPECIALID": 13, "CLASE_TIPO": 1, "BILINGUE": 5, "FECHA": "2025-04-30", "DANE12_EST": "111001033901", "DANE12_SED": "211001014545", "DA_HIPOACU": 1, "DA_SORDERA": 0, "DA_LENGUAS": 0, "DA_UCASTEL": 0, "DISCAP_FIS": 0, "DISCAP_FLE": 0, "DISCAP_PCE": 0, "DI_DCOGNIT": 0, "DI_SDOWN": 0, "DIS_MULTIP": 2, "DIS_PSICOS": 0, "DV_BAJAVIS": 0, "DIS_CEGUER": 0, "T_ESPECTRO": 0, "T_VOZ_Y_HA": 0, "SISTEMICA": 0, "SORDOCEGUE": 0, "OTRA": 0, "TOT_EST_MA": 3, "AFRODESCEN": 0, "INDIGENAS": 0, "NEGRITUDES": 0, "PALENQUERO": 0, "RAIZALES": 0, "ROM": 0, "TOT_EST_ET": 0, "CAPACID_EX": 0, "DOBLE_EXCE": 0, "TE_ACTFISI": 1, "TE_ARTES": 0, "TE_CNATUR": 0, "TE_CSOCIAL": 0, "TE_LDSOCIA": 0, "TE_TECNOLO": 0, "TOT_EST_CA": 1, "TMATRIC_GE": 132, "Zona": 2 }, "geometry": { "type": "Point", "coordinates": [ -8240998.601299999281764, 521018.260600000619888 ] } },
{ "type": "Feature", "properties": { "NOMBRE_EST": "COLEGIO SAN MARTIN DE PORRES (IED)", "NOMBRE_SED": "SAN MARTIN DE PORRES", "ORDEN_DE_S": "A", "DIRECCION": "CL 45 # 3 - 35 ESTE", "DISCAPACID": "INTELECTUAL", "TALENTOS_O": null, "GRUPOS_ETN": "AFRODESCENDIENTES-INDIGENAS-NEGRITUDES", "SECTOR": 2, "NATU_JUR": 9, "CALENDARIO": 1, "GENERO": 5, "COD_LOCA": "02", "ESPECIALID": 1, "CLASE_TIPO": 1, "BILINGUE": 5, "FECHA": "2025-04-30", "DANE12_EST": "111001034665", "DANE12_SED": "111001034665", "DA_HIPOACU": 0, "DA_SORDERA": 0, "DA_LENGUAS": 0, "DA_UCASTEL": 0, "DISCAP_FIS": 0, "DISCAP_FLE": 0, "DISCAP_PCE": 0, "DI_DCOGNIT": 8, "DI_SDOWN": 0, "DIS_MULTIP": 1, "DIS_PSICOS": 0, "DV_BAJAVIS": 0, "DIS_CEGUER": 0, "T_ESPECTRO": 0, "T_VOZ_Y_HA": 0, "SISTEMICA": 0, "SORDOCEGUE": 0, "OTRA": 0, "TOT_EST_MA": 9, "AFRODESCEN": 2, "INDIGENAS": 3, "NEGRITUDES": 1, "PALENQUERO": 0, "RAIZALES": 0, "ROM": 0, "TOT_EST_ET": 6, "CAPACID_EX": 1, "DOBLE_EXCE": 0, "TE_ACTFISI": 1, "TE_ARTES": 0, "TE_CNATUR": 0, "TE_CSOCIAL": 1, "TE_LDSOCIA": 0, "TE_TECNOLO": 0, "TOT_EST_CA": 3, "TMATRIC_GE": 375, "Zona": 2 }, "geometry": { "type": "Point", "coordinates": [ -8244222.413799999281764, 515981.153000000864267 ] } },
{ "type": "Feature", "properties": { "NOMBRE_EST": "COLEGIO SAN MARTIN DE PORRES (IED)", "NOMBRE_SED": "ANTONIO JOSE DE SUCRE", "ORDEN_DE_S": "B", "DIRECCION": "KR 2 # 44 - 36", "DISCAPACID": "INTELECTUAL", "TALENTOS_O": "TALENTO EXCEPCIONAL EN ACTIVIDAD FISICA, EJERCICIO Y DEPORTE", "GRUPOS_ETN": "INDIGENAS", "SECTOR": 2, "NATU_JUR": 9, "CALENDARIO": 1, "GENERO": 5, "COD_LOCA": "02", "ESPECIALID": 1, "CLASE_TIPO": 1, "BILINGUE": 5, "FECHA": "2025-04-30", "DANE12_EST": "111001034665", "DANE12_SED": "111001014559", "DA_HIPOACU": 0, "DA_SORDERA": 0, "DA_LENGUAS": 0, "DA_UCASTEL": 0, "DISCAP_FIS": 0, "DISCAP_FLE": 0, "DISCAP_PCE": 0, "DI_DCOGNIT": 2, "DI_SDOWN": 0, "DIS_MULTIP": 2, "DIS_PSICOS": 1, "DV_BAJAVIS": 0, "DIS_CEGUER": 0, "T_ESPECTRO": 0, "T_VOZ_Y_HA": 0, "SISTEMICA": 0, "SORDOCEGUE": 0, "OTRA": 0, "TOT_EST_MA": 5, "AFRODESCEN": 0, "INDIGENAS": 1, "NEGRITUDES": 0, "PALENQUERO": 0, "RAIZALES": 0, "ROM": 0, "TOT_EST_ET": 1, "CAPACID_EX": 0, "DOBLE_EXCE": 0, "TE_ACTFISI": 1, "TE_ARTES": 0, "TE_CNATUR": 0, "TE_CSOCIAL": 0, "TE_LDSOCIA": 0, "TE_TECNOLO": 0, "TOT_EST_CA": 1, "TMATRIC_GE": 127, "Zona": 1 }, "geometry": { "type": "Point", "coordinates": [ -8244461.750700000673532, 516043.696100000292063 ] } },
{ "type": "Feature", "properties": { "NOMBRE_EST": "COLEGIO POLICARPA SALAVARRIETA (IED)", "NOMBRE_SED": "POLICARPA SALAVARRIETA", "ORDEN_DE_S": "A", "DIRECCION": "CL 28 # 5 A - 06", "DISCAPACID": "AUDITIVA-FISICA-INTELECTUAL-MENTAL/PSICOSOCIAL-MULTIPLE-VISUAL", "TALENTOS_O": "TALENTO EXCEPCIONAL EN ARTES Y LETRAS", "GRUPOS_ETN": "AFRODESCENDIENTES-INDIGENAS-NEGRITUDES", "SECTOR": 2, "NATU_JUR": 9, "CALENDARIO": 1, "GENERO": 5, "COD_LOCA": "03", "ESPECIALID": 1, "CLASE_TIPO": 1, "BILINGUE": 5, "FECHA": "2025-04-30", "DANE12_EST": "111001009831", "DANE12_SED": "111001009831", "DA_HIPOACU": 0, "DA_SORDERA": 0, "DA_LENGUAS": 0, "DA_UCASTEL": 0, "DISCAP_FIS": 2, "DISCAP_FLE": 0, "DISCAP_PCE": 0, "DI_DCOGNIT": 10, "DI_SDOWN": 0, "DIS_MULTIP": 4, "DIS_PSICOS": 5, "DV_BAJAVIS": 0, "DIS_CEGUER": 0, "T_ESPECTRO": 0, "T_VOZ_Y_HA": 0, "SISTEMICA": 0, "SORDOCEGUE": 0, "OTRA": 0, "TOT_EST_MA": 21, "AFRODESCEN": 2, "INDIGENAS": 12, "NEGRITUDES": 1, "PALENQUERO": 0, "RAIZALES": 0, "ROM": 0, "TOT_EST_ET": 15, "CAPACID_EX": 0, "DOBLE_EXCE": 0, "TE_ACTFISI": 2, "TE_ARTES": 0, "TE_CNATUR": 0, "TE_CSOCIAL": 0, "TE_LDSOCIA": 0, "TE_TECNOLO": 0, "TOT_EST_CA": 2, "TMATRIC_GE": 527, "Zona": 1 }, "geometry": { "type": "Point", "coordinates": [ -8245194.232999999076128, 514255.654699999839067 ] } },
{ "type": "Feature", "properties": { "NOMBRE_EST": "COLEGIO POLICARPA SALAVARRIETA (IED)", "NOMBRE_SED": "REPUBLICA DE ARGENTINA", "ORDEN_DE_S": "B", "DIRECCION": "CL 20 # 4 - 68", "DISCAPACID": "AUDITIVA-FISICA-INTELECTUAL-MULTIPLE", "TALENTOS_O": null, "GRUPOS_ETN": "AFRODESCENDIENTES-INDIGENAS", "SECTOR": 2, "NATU_JUR": 9, "CALENDARIO": 1, "GENERO": 5, "COD_LOCA": "03", "ESPECIALID": 13, "CLASE_TIPO": 1, "BILINGUE": 5, "FECHA": "2025-04-30", "DANE12_EST": "111001009831", "DANE12_SED": "111001015326", "DA_HIPOACU": 1, "DA_SORDERA": 0, "DA_LENGUAS": 0, "DA_UCASTEL": 0, "DISCAP_FIS": 0, "DISCAP_FLE": 0, "DISCAP_PCE": 0, "DI_DCOGNIT": 5, "DI_SDOWN": 0, "DIS_MULTIP": 2, "DIS_PSICOS": 0, "DV_BAJAVIS": 0, "DIS_CEGUER": 0, "T_ESPECTRO": 0, "T_VOZ_Y_HA": 0, "SISTEMICA": 0, "SORDOCEGUE": 0, "OTRA": 0, "TOT_EST_MA": 8, "AFRODESCEN": 3, "INDIGENAS": 5, "NEGRITUDES": 2, "PALENQUERO": 0, "RAIZALES": 0, "ROM": 0, "TOT_EST_ET": 10, "CAPACID_EX": 0, "DOBLE_EXCE": 0, "TE_ACTFISI": 6, "TE_ARTES": 1, "TE_CNATUR": 0, "TE_CSOCIAL": 1, "TE_LDSOCIA": 0, "TE_TECNOLO": 0, "TOT_EST_CA": 8, "TMATRIC_GE": 456, "Zona": 1 }, "geometry": { "type": "Point", "coordinates": [ -8245345.627499999478459, 513170.11769999936223 ] } },
{ "type": "Feature", "properties": { "NOMBRE_EST": "COLEGIO EXTERNADO NACIONAL CAMILO TORRES (IED)", "NOMBRE_SED": "CAMILO TORRES", "ORDEN_DE_S": "A", "DIRECCION": "KR 7 # 33 - 64", "DISCAPACID": "FISICA-INTELECTUAL-MENTAL/PSICOSOCIAL-MULTIPLE-SORDOCEGUERA", "TALENTOS_O": "TALENTO EXCEPCIONAL EN ACTIVIDAD FISICA, EJERCICIO Y DEPORTE", "GRUPOS_ETN": "AFRODESCENDIENTES-INDIGENAS-NEGRITUDES", "SECTOR": 2, "NATU_JUR": 9, "CALENDARIO": 1, "GENERO": 5, "COD_LOCA": "03", "ESPECIALID": 1, "CLASE_TIPO": 1, "BILINGUE": 5, "FECHA": "2025-04-30", "DANE12_EST": "111001010839", "DANE12_SED": "111001010839", "DA_HIPOACU": 1, "DA_SORDERA": 0, "DA_LENGUAS": 0, "DA_UCASTEL": 0, "DISCAP_FIS": 1, "DISCAP_FLE": 0, "DISCAP_PCE": 0, "DI_DCOGNIT": 10, "DI_SDOWN": 0, "DIS_MULTIP": 3, "DIS_PSICOS": 0, "DV_BAJAVIS": 0, "DIS_CEGUER": 0, "T_ESPECTRO": 0, "T_VOZ_Y_HA": 0, "SISTEMICA": 0, "SORDOCEGUE": 0, "OTRA": 0, "TOT_EST_MA": 15, "AFRODESCEN": 9, "INDIGENAS": 13, "NEGRITUDES": 6, "PALENQUERO": 0, "RAIZALES": 0, "ROM": 0, "TOT_EST_ET": 28, "CAPACID_EX": 3, "DOBLE_EXCE": 0, "TE_ACTFISI": 4, "TE_ARTES": 1, "TE_CNATUR": 0, "TE_CSOCIAL": 1, "TE_LDSOCIA": 0, "TE_TECNOLO": 0, "TOT_EST_CA": 9, "TMATRIC_GE": 926, "Zona": 1 }, "geometry": { "type": "Point", "coordinates": [ -8245141.912799999117851, 514898.942899998277426 ] } },
{ "type": "Feature", "properties": { "NOMBRE_EST": "COLEGIO AULAS COLOMBIANAS SAN LUIS (IED)", "NOMBRE_SED": "AULAS COLOMBIANAS EL CONSUELO", "ORDEN_DE_S": "A", "DIRECCION": "KR 11 ESTE # 1 A - 85  --  KR 11 ESTE # 0 - 21", "DISCAPACID": "FISICA-INTELECTUAL-MENTAL/PSICOSOCIAL-MULTIPLE-VISUAL", "TALENTOS_O": null, "GRUPOS_ETN": "AFRODESCENDIENTES-INDIGENAS-NEGRITUDES", "SECTOR": 2, "NATU_JUR": 9, "CALENDARIO": 1, "GENERO": 5, "COD_LOCA": "03", "ESPECIALID": 1, "CLASE_TIPO": 1, "BILINGUE": 5, "FECHA": "2025-04-30", "DANE12_EST": "111001013242", "DANE12_SED": "111001013242", "DA_HIPOACU": 0, "DA_SORDERA": 0, "DA_LENGUAS": 0, "DA_UCASTEL": 0, "DISCAP_FIS": 2, "DISCAP_FLE": 0, "DISCAP_PCE": 0, "DI_DCOGNIT": 20, "DI_SDOWN": 0, "DIS_MULTIP": 4, "DIS_PSICOS": 4, "DV_BAJAVIS": 0, "DIS_CEGUER": 0, "T_ESPECTRO": 0, "T_VOZ_Y_HA": 0, "SISTEMICA": 0, "SORDOCEGUE": 0, "OTRA": 0, "TOT_EST_MA": 30, "AFRODESCEN": 3, "INDIGENAS": 177, "NEGRITUDES": 0, "PALENQUERO": 0, "RAIZALES": 0, "ROM": 0, "TOT_EST_ET": 180, "CAPACID_EX": 0, "DOBLE_EXCE": 0, "TE_ACTFISI": 0, "TE_ARTES": 1, "TE_CNATUR": 0, "TE_CSOCIAL": 0, "TE_LDSOCIA": 0, "TE_TECNOLO": 0, "TOT_EST_CA": 1, "TMATRIC_GE": 1094, "Zona": 1 }, "geometry": { "type": "Point", "coordinates": [ -8245561.587300000712276, 510479.792100001126528 ] } },
{ "type": "Feature", "properties": { "NOMBRE_EST": "COLEGIO AULAS COLOMBIANAS SAN LUIS (IED)", "NOMBRE_SED": "SAN LUIS EL DORADO", "ORDEN_DE_S": "B", "DIRECCION": "CL 1 A BIS # 7 B - 15 ESTE", "DISCAPACID": "-INTELECTUAL-", "TALENTOS_O": null, "GRUPOS_ETN": null, "SECTOR": 2, "NATU_JUR": 9, "CALENDARIO": 1, "GENERO": 5, "COD_LOCA": "03", "ESPECIALID": 13, "CLASE_TIPO": 1, "BILINGUE": 5, "FECHA": "2025-04-30", "DANE12_EST": "111001013242", "DANE12_SED": "111001086371", "DA_HIPOACU": 0, "DA_SORDERA": 0, "DA_LENGUAS": 0, "DA_UCASTEL": 0, "DISCAP_FIS": 1, "DISCAP_FLE": 0, "DISCAP_PCE": 0, "DI_DCOGNIT": 0, "DI_SDOWN": 0, "DIS_MULTIP": 0, "DIS_PSICOS": 0, "DV_BAJAVIS": 0, "DIS_CEGUER": 0, "T_ESPECTRO": 0, "T_VOZ_Y_HA": 0, "SISTEMICA": 0, "SORDOCEGUE": 0, "OTRA": 0, "TOT_EST_MA": 1, "AFRODESCEN": 0, "INDIGENAS": 1, "NEGRITUDES": 0, "PALENQUERO": 0, "RAIZALES": 0, "ROM": 0, "TOT_EST_ET": 1, "CAPACID_EX": 0, "DOBLE_EXCE": 0, "TE_ACTFISI": 1, "TE_ARTES": 0, "TE_CNATUR": 0, "TE_CSOCIAL": 1, "TE_LDSOCIA": 0, "TE_TECNOLO": 0, "TOT_EST_CA": 2, "TMATRIC_GE": 61, "Zona": 1 }, "geometry": { "type": "Point", "coordinates": [ -8245768.6415, 510413.903200000524521 ] } },
{ "type": "Feature", "properties": { "NOMBRE_EST": "COLEGIO JORGE SOTO DEL CORRAL (IED)", "NOMBRE_SED": "JORGE SOTO DEL CORRAL", "ORDEN_DE_S": "A", "DIRECCION": "CL 3 # 1 A - 11 ESTE  --  CL 3 # 2 - 64 ESTE", "DISCAPACID": "AUDITIVA-FISICA-INTELECTUAL-MULTIPLE", "TALENTOS_O": null, "GRUPOS_ETN": "AFRODESCENDIENTES-INDIGENAS-NEGRITUDES", "SECTOR": 2, "NATU_JUR": 9, "CALENDARIO": 1, "GENERO": 5, "COD_LOCA": "03", "ESPECIALID": 1, "CLASE_TIPO": 1, "BILINGUE": 5, "FECHA": "2025-04-30", "DANE12_EST": "111001032409", "DANE12_SED": "111001032409", "DA_HIPOACU": 1, "DA_SORDERA": 0, "DA_LENGUAS": 0, "DA_UCASTEL": 0, "DISCAP_FIS": 6, "DISCAP_FLE": 0, "DISCAP_PCE": 0, "DI_DCOGNIT": 7, "DI_SDOWN": 0, "DIS_MULTIP": 11, "DIS_PSICOS": 0, "DV_BAJAVIS": 0, "DIS_CEGUER": 0, "T_ESPECTRO": 0, "T_VOZ_Y_HA": 0, "SISTEMICA": 0, "SORDOCEGUE": 0, "OTRA": 0, "TOT_EST_MA": 25, "AFRODESCEN": 1, "INDIGENAS": 1, "NEGRITUDES": 0, "PALENQUERO": 0, "RAIZALES": 0, "ROM": 0, "TOT_EST_ET": 2, "CAPACID_EX": 1, "DOBLE_EXCE": 0, "TE_ACTFISI": 1, "TE_ARTES": 1, "TE_CNATUR": 0, "TE_CSOCIAL": 0, "TE_LDSOCIA": 0, "TE_TECNOLO": 0, "TOT_EST_CA": 3, "TMATRIC_GE": 682, "Zona": 1 }, "geometry": { "type": "Point", "coordinates": [ -8245812.056099999696016, 511251.47859999909997 ] } },
{ "type": "Feature", "properties": { "NOMBRE_EST": "COLEGIO JORGE SOTO DEL CORRAL (IED)", "NOMBRE_SED": "ATANASIO GIRARDOT", "ORDEN_DE_S": "B", "DIRECCION": "CL 1 D BIS # 2 - 03 ESTE", "DISCAPACID": "INTELECTUAL-MULTIPLE", "TALENTOS_O": "CAPACIDADES EXCEPCIONALES", "GRUPOS_ETN": "AFRODESCENDIENTES-INDIGENAS", "SECTOR": 2, "NATU_JUR": 9, "CALENDARIO": 1, "GENERO": 5, "COD_LOCA": "03", "ESPECIALID": 13, "CLASE_TIPO": 1, "BILINGUE": 5, "FECHA": "2025-04-30", "DANE12_EST": "111001032409", "DANE12_SED": "111001015563", "DA_HIPOACU": 0, "DA_SORDERA": 0, "DA_LENGUAS": 0, "DA_UCASTEL": 0, "DISCAP_FIS": 0, "DISCAP_FLE": 0, "DISCAP_PCE": 0, "DI_DCOGNIT": 3, "DI_SDOWN": 0, "DIS_MULTIP": 1, "DIS_PSICOS": 0, "DV_BAJAVIS": 0, "DIS_CEGUER": 0, "T_ESPECTRO": 0, "T_VOZ_Y_HA": 0, "SISTEMICA": 0, "SORDOCEGUE": 0, "OTRA": 0, "TOT_EST_MA": 4, "AFRODESCEN": 1, "INDIGENAS": 3, "NEGRITUDES": 0, "PALENQUERO": 0, "RAIZALES": 0, "ROM": 0, "TOT_EST_ET": 4, "CAPACID_EX": 0, "DOBLE_EXCE": 0, "TE_ACTFISI": 0, "TE_ARTES": 0, "TE_CNATUR": 0, "TE_CSOCIAL": 0, "TE_LDSOCIA": 0, "TE_TECNOLO": 0, "TOT_EST_CA": 0, "TMATRIC_GE": 248, "Zona": 1 }, "geometry": { "type": "Point", "coordinates": [ -8245809.829700000584126, 510914.213799998164177 ] } },
{ "type": "Feature", "properties": { "NOMBRE_EST": "COLEGIO JORGE SOTO DEL CORRAL (IED)", "NOMBRE_SED": "EL GUAVIO", "ORDEN_DE_S": "C", "DIRECCION": "KR 4 A ESTE # 3 B - 46", "DISCAPACID": "AUDITIVA-FISICA-MULTIPLE", "TALENTOS_O": null, "GRUPOS_ETN": null, "SECTOR": 2, "NATU_JUR": 9, "CALENDARIO": 1, "GENERO": 5, "COD_LOCA": "03", "ESPECIALID": 13, "CLASE_TIPO": 1, "BILINGUE": 5, "FECHA": "2025-04-30", "DANE12_EST": "111001032409", "DANE12_SED": "111001015512", "DA_HIPOACU": 1, "DA_SORDERA": 0, "DA_LENGUAS": 0, "DA_UCASTEL": 0, "DISCAP_FIS": 2, "DISCAP_FLE": 0, "DISCAP_PCE": 0, "DI_DCOGNIT": 3, "DI_SDOWN": 0, "DIS_MULTIP": 4, "DIS_PSICOS": 0, "DV_BAJAVIS": 0, "DIS_CEGUER": 0, "T_ESPECTRO": 0, "T_VOZ_Y_HA": 0, "SISTEMICA": 0, "SORDOCEGUE": 0, "OTRA": 0, "TOT_EST_MA": 10, "AFRODESCEN": 0, "INDIGENAS": 0, "NEGRITUDES": 0, "PALENQUERO": 0, "RAIZALES": 0, "ROM": 0, "TOT_EST_ET": 0, "CAPACID_EX": 0, "DOBLE_EXCE": 0, "TE_ACTFISI": 1, "TE_ARTES": 0, "TE_CNATUR": 0, "TE_CSOCIAL": 0, "TE_LDSOCIA": 0, "TE_TECNOLO": 0, "TOT_EST_CA": 1, "TMATRIC_GE": 122, "Zona": 1 }, "geometry": { "type": "Point", "coordinates": [ -8245473.644899999722838, 511345.287599999457598 ] } },
{ "type": "Feature", "properties": { "NOMBRE_EST": "COLEGIO ANTONIO JOSE URIBE (IED)", "NOMBRE_SED": "ANTONIO JOSE URIBE", "ORDEN_DE_S": "A", "DIRECCION": "CL 3 # 9 - 70", "DISCAPACID": "FISICA-INTELECTUAL-MENTAL/PSICOSOCIAL-MULTIPLE-VISUAL", "TALENTOS_O": "TALENTO EXCEPCIONAL EN ARTES Y LETRAS", "GRUPOS_ETN": "AFRODESCENDIENTES-INDIGENAS-NEGRITUDES", "SECTOR": 2, "NATU_JUR": 9, "CALENDARIO": 1, "GENERO": 5, "COD_LOCA": "03", "ESPECIALID": 1, "CLASE_TIPO": 1, "BILINGUE": 5, "FECHA": "2025-04-30", "DANE12_EST": "111001036544", "DANE12_SED": "111001036544", "DA_HIPOACU": 0, "DA_SORDERA": 0, "DA_LENGUAS": 0, "DA_UCASTEL": 0, "DISCAP_FIS": 1, "DISCAP_FLE": 0, "DISCAP_PCE": 0, "DI_DCOGNIT": 19, "DI_SDOWN": 0, "DIS_MULTIP": 2, "DIS_PSICOS": 0, "DV_BAJAVIS": 1, "DIS_CEGUER": 0, "T_ESPECTRO": 0, "T_VOZ_Y_HA": 0, "SISTEMICA": 0, "SORDOCEGUE": 0, "OTRA": 0, "TOT_EST_MA": 24, "AFRODESCEN": 9, "INDIGENAS": 22, "NEGRITUDES": 7, "PALENQUERO": 0, "RAIZALES": 0, "ROM": 0, "TOT_EST_ET": 38, "CAPACID_EX": 2, "DOBLE_EXCE": 0, "TE_ACTFISI": 1, "TE_ARTES": 0, "TE_CNATUR": 0, "TE_CSOCIAL": 0, "TE_LDSOCIA": 0, "TE_TECNOLO": 0, "TOT_EST_CA": 3, "TMATRIC_GE": 830, "Zona": 1 }, "geometry": { "type": "Point", "coordinates": [ -8246805.026000000536442, 511749.560899998992682 ] } },
{ "type": "Feature", "properties": { "NOMBRE_EST": "COLEGIO ANTONIO JOSE URIBE (IED)", "NOMBRE_SED": "LOS ANGELES", "ORDEN_DE_S": "B", "DIRECCION": "CL 3 # 11 B - 40", "DISCAPACID": "INTELECTUAL", "TALENTOS_O": null, "GRUPOS_ETN": null, "SECTOR": 2, "NATU_JUR": 9, "CALENDARIO": 1, "GENERO": 5, "COD_LOCA": "03", "ESPECIALID": 13, "CLASE_TIPO": 1, "BILINGUE": 5, "FECHA": "2025-04-30", "DANE12_EST": "111001036544", "DANE12_SED": "111001015491", "DA_HIPOACU": 0, "DA_SORDERA": 0, "DA_LENGUAS": 0, "DA_UCASTEL": 0, "DISCAP_FIS": 0, "DISCAP_FLE": 0, "DISCAP_PCE": 0, "DI_DCOGNIT": 0, "DI_SDOWN": 0, "DIS_MULTIP": 0, "DIS_PSICOS": 0, "DV_BAJAVIS": 0, "DIS_CEGUER": 0, "T_ESPECTRO": 0, "T_VOZ_Y_HA": 0, "SISTEMICA": 0, "SORDOCEGUE": 0, "OTRA": 0, "TOT_EST_MA": 0, "AFRODESCEN": 0, "INDIGENAS": 0, "NEGRITUDES": 0, "PALENQUERO": 0, "RAIZALES": 0, "ROM": 0, "TOT_EST_ET": 0, "CAPACID_EX": 1, "DOBLE_EXCE": 0, "TE_ACTFISI": 0, "TE_ARTES": 0, "TE_CNATUR": 0, "TE_CSOCIAL": 0, "TE_LDSOCIA": 0, "TE_TECNOLO": 0, "TOT_EST_CA": 1, "TMATRIC_GE": 76, "Zona": 1 }, "geometry": { "type": "Point", "coordinates": [ -8247063.287200000137091, 511891.392099998891354 ] } },
{ "type": "Feature", "properties": { "NOMBRE_EST": "COLEGIO MANUEL ELKIN PATARROYO (IED)", "NOMBRE_SED": "MANUEL ELKIN PATARROYO", "ORDEN_DE_S": "A", "DIRECCION": "CL 32 A # 3 C - 37", "DISCAPACID": "AUDITIVA-FISICA-INTELECTUAL-MULTIPLE", "TALENTOS_O": "TALENTO EXCEPCIONAL EN ACTIVIDAD FISICA, EJERCICIO Y DEPORTE", "GRUPOS_ETN": "AFRODESCENDIENTES-INDIGENAS-NEGRITUDES", "SECTOR": 2, "NATU_JUR": 9, "CALENDARIO": 1, "GENERO": 5, "COD_LOCA": "03", "ESPECIALID": 1, "CLASE_TIPO": 1, "BILINGUE": 5, "FECHA": "2025-04-30", "DANE12_EST": "111001094901", "DANE12_SED": "111001094901", "DA_HIPOACU": 2, "DA_SORDERA": 0, "DA_LENGUAS": 0, "DA_UCASTEL": 0, "DISCAP_FIS": 1, "DISCAP_FLE": 0, "DISCAP_PCE": 0, "DI_DCOGNIT": 13, "DI_SDOWN": 0, "DIS_MULTIP": 12, "DIS_PSICOS": 1, "DV_BAJAVIS": 0, "DIS_CEGUER": 0, "T_ESPECTRO": 0, "T_VOZ_Y_HA": 0, "SISTEMICA": 0, "SORDOCEGUE": 0, "OTRA": 0, "TOT_EST_MA": 29, "AFRODESCEN": 0, "INDIGENAS": 3, "NEGRITUDES": 0, "PALENQUERO": 0, "RAIZALES": 0, "ROM": 0, "TOT_EST_ET": 3, "CAPACID_EX": 0, "DOBLE_EXCE": 0, "TE_ACTFISI": 4, "TE_ARTES": 0, "TE_CNATUR": 0, "TE_CSOCIAL": 0, "TE_LDSOCIA": 0, "TE_TECNOLO": 0, "TOT_EST_CA": 4, "TMATRIC_GE": 404, "Zona": 1 }, "geometry": { "type": "Point", "coordinates": [ -8244830.2182, 514595.167300000786781 ] } },
{ "type": "Feature", "properties": { "NOMBRE_EST": "COLEGIO LA GIRALDA (IED)", "NOMBRE_SED": "COLEGIO LA GIRALDA (IED) - SEDE PRINCIPAL", "ORDEN_DE_S": "A", "DIRECCION": "AC 1 # 3 - 60", "DISCAPACID": "AUDITIVA-FISICA-INTELECTUAL-MENTAL/PSICOSOCIAL", "TALENTOS_O": "CAPACIDADES EXCEPCIONALES-TALENTO EXCEPCIONAL EN ACTIVIDAD FISICA, EJERCICIO Y DEPORTE-TALENTO EXCEPCIONAL EN ARTES Y LETRAS-TALENTO EXCEPCIONAL EN LIDERAZGO SOCIAL Y EMPRENDIMIENTO", "GRUPOS_ETN": "AFRODESCENDIENTES-INDIGENAS-NEGRITUDES", "SECTOR": 2, "NATU_JUR": 9, "CALENDARIO": 1, "GENERO": 5, "COD_LOCA": "03", "ESPECIALID": 1, "CLASE_TIPO": 2, "BILINGUE": 5, "FECHA": "2025-04-30", "DANE12_EST": "111001100030", "DANE12_SED": "111001100030", "DA_HIPOACU": 2, "DA_SORDERA": 0, "DA_LENGUAS": 0, "DA_UCASTEL": 0, "DISCAP_FIS": 1, "DISCAP_FLE": 0, "DISCAP_PCE": 0, "DI_DCOGNIT": 7, "DI_SDOWN": 0, "DIS_MULTIP": 2, "DIS_PSICOS": 1, "DV_BAJAVIS": 0, "DIS_CEGUER": 0, "T_ESPECTRO": 0, "T_VOZ_Y_HA": 0, "SISTEMICA": 0, "SORDOCEGUE": 0, "OTRA": 0, "TOT_EST_MA": 13, "AFRODESCEN": 5, "INDIGENAS": 6, "NEGRITUDES": 3, "PALENQUERO": 1, "RAIZALES": 1, "ROM": 0, "TOT_EST_ET": 16, "CAPACID_EX": 1, "DOBLE_EXCE": 0, "TE_ACTFISI": 3, "TE_ARTES": 2, "TE_CNATUR": 1, "TE_CSOCIAL": 1, "TE_LDSOCIA": 0, "TE_TECNOLO": 0, "TOT_EST_CA": 8, "TMATRIC_GE": 1409, "Zona": 1 }, "geometry": { "type": "Point", "coordinates": [ -8246457.70920000039041, 510729.947299998253584 ] } },
{ "type": "Feature", "properties": { "NOMBRE_EST": "COLEGIO EL VERJON (IED)", "NOMBRE_SED": "EL VERJON ALTO", "ORDEN_DE_S": "A", "DIRECCION": "KM 13 VIA CHOACHI", "DISCAPACID": "AUDITIVA-FISICA-INTELECTUAL-MULTIPLE", "TALENTOS_O": null, "GRUPOS_ETN": null, "SECTOR": 2, "NATU_JUR": 9, "CALENDARIO": 1, "GENERO": 5, "COD_LOCA": "03", "ESPECIALID": 1, "CLASE_TIPO": 1, "BILINGUE": 5, "FECHA": "2025-04-30", "DANE12_EST": "211001027485", "DANE12_SED": "211001027485", "DA_HIPOACU": 1, "DA_SORDERA": 0, "DA_LENGUAS": 0, "DA_UCASTEL": 0, "DISCAP_FIS": 0, "DISCAP_FLE": 0, "DISCAP_PCE": 0, "DI_DCOGNIT": 6, "DI_SDOWN": 0, "DIS_MULTIP": 1, "DIS_PSICOS": 0, "DV_BAJAVIS": 0, "DIS_CEGUER": 0, "T_ESPECTRO": 0, "T_VOZ_Y_HA": 0, "SISTEMICA": 0, "SORDOCEGUE": 0, "OTRA": 0, "TOT_EST_MA": 8, "AFRODESCEN": 2, "INDIGENAS": 0, "NEGRITUDES": 0, "PALENQUERO": 0, "RAIZALES": 0, "ROM": 0, "TOT_EST_ET": 2, "CAPACID_EX": 0, "DOBLE_EXCE": 0, "TE_ACTFISI": 0, "TE_ARTES": 0, "TE_CNATUR": 0, "TE_CSOCIAL": 0, "TE_LDSOCIA": 0, "TE_TECNOLO": 0, "TOT_EST_CA": 0, "TMATRIC_GE": 177, "Zona": 2 }, "geometry": { "type": "Point", "coordinates": [ -8240313.986500000581145, 510722.129900000989437 ] } },
{ "type": "Feature", "properties": { "NOMBRE_EST": "COLEGIO LOS PINOS (IED)", "NOMBRE_SED": "LOS PINOS", "ORDEN_DE_S": "A", "DIRECCION": "DG 4 A # 5 B - 93 ESTE", "DISCAPACID": "AUDITIVA-FISICA-INTELECTUAL-MULTIPLE", "TALENTOS_O": "TALENTO EXCEPCIONAL EN CIENCIAS NATURALES O BASICAS", "GRUPOS_ETN": "NEGRITUDES", "SECTOR": 2, "NATU_JUR": 9, "CALENDARIO": 1, "GENERO": 5, "COD_LOCA": "03", "ESPECIALID": 1, "CLASE_TIPO": 1, "BILINGUE": 5, "FECHA": "2025-04-30", "DANE12_EST": "311001026441", "DANE12_SED": "311001026441", "DA_HIPOACU": 1, "DA_SORDERA": 0, "DA_LENGUAS": 0, "DA_UCASTEL": 0, "DISCAP_FIS": 1, "DISCAP_FLE": 0, "DISCAP_PCE": 0, "DI_DCOGNIT": 3, "DI_SDOWN": 0, "DIS_MULTIP": 2, "DIS_PSICOS": 0, "DV_BAJAVIS": 1, "DIS_CEGUER": 0, "T_ESPECTRO": 0, "T_VOZ_Y_HA": 0, "SISTEMICA": 0, "SORDOCEGUE": 0, "OTRA": 0, "TOT_EST_MA": 8, "AFRODESCEN": 1, "INDIGENAS": 2, "NEGRITUDES": 2, "PALENQUERO": 0, "RAIZALES": 0, "ROM": 0, "TOT_EST_ET": 5, "CAPACID_EX": 0, "DOBLE_EXCE": 0, "TE_ACTFISI": 1, "TE_ARTES": 1, "TE_CNATUR": 0, "TE_CSOCIAL": 0, "TE_LDSOCIA": 0, "TE_TECNOLO": 0, "TOT_EST_CA": 2, "TMATRIC_GE": 339, "Zona": 1 }, "geometry": { "type": "Point", "coordinates": [ -8245223.176000000908971, 511247.011500000953674 ] } },
{ "type": "Feature", "properties": { "NOMBRE_EST": "COLEGIO LOS PINOS (IED)", "NOMBRE_SED": "EFRAIN CAÑAVERA", "ORDEN_DE_S": "B", "DIRECCION": "KR 7 ESTE # 5 - 20", "DISCAPACID": "FISICA-MULTIPLE", "TALENTOS_O": "TALENTO EXCEPCIONAL EN ARTES Y LETRAS", "GRUPOS_ETN": "AFRODESCENDIENTES-INDIGENAS", "SECTOR": 2, "NATU_JUR": 9, "CALENDARIO": 1, "GENERO": 5, "COD_LOCA": "03", "ESPECIALID": 1, "CLASE_TIPO": 1, "BILINGUE": 5, "FECHA": "2025-04-30", "DANE12_EST": "311001026441", "DANE12_SED": "111001013463", "DA_HIPOACU": 1, "DA_SORDERA": 0, "DA_LENGUAS": 0, "DA_UCASTEL": 0, "DISCAP_FIS": 0, "DISCAP_FLE": 0, "DISCAP_PCE": 0, "DI_DCOGNIT": 3, "DI_SDOWN": 0, "DIS_MULTIP": 1, "DIS_PSICOS": 0, "DV_BAJAVIS": 0, "DIS_CEGUER": 0, "T_ESPECTRO": 0, "T_VOZ_Y_HA": 0, "SISTEMICA": 0, "SORDOCEGUE": 0, "OTRA": 0, "TOT_EST_MA": 5, "AFRODESCEN": 1, "INDIGENAS": 1, "NEGRITUDES": 0, "PALENQUERO": 0, "RAIZALES": 0, "ROM": 0, "TOT_EST_ET": 2, "CAPACID_EX": 1, "DOBLE_EXCE": 0, "TE_ACTFISI": 1, "TE_ARTES": 0, "TE_CNATUR": 0, "TE_CSOCIAL": 0, "TE_LDSOCIA": 0, "TE_TECNOLO": 0, "TOT_EST_CA": 2, "TMATRIC_GE": 268, "Zona": 1 }, "geometry": { "type": "Point", "coordinates": [ -8245068.4419, 511229.143100000917912 ] } },
{ "type": "Feature", "properties": { "NOMBRE_EST": "COLEGIO LOS PINOS (IED)", "NOMBRE_SED": "EL PAREJO", "ORDEN_DE_S": "C", "DIRECCION": "CL 9 B # 6 - 27 ESTE", "DISCAPACID": "INTELECTUAL-MENTAL/PSICOSOCIAL-MULTIPLE", "TALENTOS_O": null, "GRUPOS_ETN": null, "SECTOR": 2, "NATU_JUR": 9, "CALENDARIO": 1, "GENERO": 5, "COD_LOCA": "03", "ESPECIALID": 1, "CLASE_TIPO": 1, "BILINGUE": 5, "FECHA": "2025-04-30", "DANE12_EST": "311001026441", "DANE12_SED": "111001013412", "DA_HIPOACU": 1, "DA_SORDERA": 0, "DA_LENGUAS": 0, "DA_UCASTEL": 0, "DISCAP_FIS": 0, "DISCAP_FLE": 0, "DISCAP_PCE": 0, "DI_DCOGNIT": 2, "DI_SDOWN": 0, "DIS_MULTIP": 0, "DIS_PSICOS": 1, "DV_BAJAVIS": 0, "DIS_CEGUER": 0, "T_ESPECTRO": 0, "T_VOZ_Y_HA": 0, "SISTEMICA": 0, "SORDOCEGUE": 0, "OTRA": 0, "TOT_EST_MA": 4, "AFRODESCEN": 4, "INDIGENAS": 0, "NEGRITUDES": 0, "PALENQUERO": 0, "RAIZALES": 0, "ROM": 0, "TOT_EST_ET": 4, "CAPACID_EX": 0, "DOBLE_EXCE": 0, "TE_ACTFISI": 0, "TE_ARTES": 0, "TE_CNATUR": 0, "TE_CSOCIAL": 0, "TE_LDSOCIA": 0, "TE_TECNOLO": 0, "TOT_EST_CA": 0, "TMATRIC_GE": 80, "Zona": 1 }, "geometry": { "type": "Point", "coordinates": [ -8245053.9704, 511657.984999999403954 ] } },
{ "type": "Feature", "properties": { "NOMBRE_EST": "COLEGIO GRAN COLOMBIA (CED)", "NOMBRE_SED": "GRAN COLOMBIA", "ORDEN_DE_S": "A", "DIRECCION": "KR 19A ESTE # 9A-26 SUR  --  KR 22 ESTE # 11 - 14 SUR", "DISCAPACID": null, "TALENTOS_O": null, "GRUPOS_ETN": null, "SECTOR": 2, "NATU_JUR": 9, "CALENDARIO": 1, "GENERO": 5, "COD_LOCA": "04", "ESPECIALID": 13, "CLASE_TIPO": 1, "BILINGUE": 5, "FECHA": "2025-04-30", "DANE12_EST": "111001011975", "DANE12_SED": "111001011975", "DA_HIPOACU": 1, "DA_SORDERA": 0, "DA_LENGUAS": 0, "DA_UCASTEL": 0, "DISCAP_FIS": 3, "DISCAP_FLE": 0, "DISCAP_PCE": 0, "DI_DCOGNIT": 6, "DI_SDOWN": 0, "DIS_MULTIP": 1, "DIS_PSICOS": 1, "DV_BAJAVIS": 1, "DIS_CEGUER": 0, "T_ESPECTRO": 0, "T_VOZ_Y_HA": 0, "SISTEMICA": 0, "SORDOCEGUE": 0, "OTRA": 0, "TOT_EST_MA": 13, "AFRODESCEN": 0, "INDIGENAS": 1, "NEGRITUDES": 0, "PALENQUERO": 0, "RAIZALES": 0, "ROM": 0, "TOT_EST_ET": 1, "CAPACID_EX": 0, "DOBLE_EXCE": 0, "TE_ACTFISI": 0, "TE_ARTES": 0, "TE_CNATUR": 0, "TE_CSOCIAL": 0, "TE_LDSOCIA": 0, "TE_TECNOLO": 0, "TOT_EST_CA": 0, "TMATRIC_GE": 107, "Zona": 1 }, "geometry": { "type": "Point", "coordinates": [ -8245449.1546, 509055.93299999833107 ] } },
{ "type": "Feature", "properties": { "NOMBRE_EST": "COLEGIO VEINTE DE JULIO (IED)", "NOMBRE_SED": "VEINTE DE JULIO", "ORDEN_DE_S": "A", "DIRECCION": "KR 7 A  # 24 - 01 SUR  --  KR 7 # 24 - 01 SUR", "DISCAPACID": "AUDITIVA-FISICA-INTELECTUAL-MENTAL/PSICOSOCIAL-MULTIPLE", "TALENTOS_O": "CAPACIDADES EXCEPCIONALES-TALENTO EXCEPCIONAL EN ACTIVIDAD FISICA, EJERCICIO Y DEPORTE-TALENTO EXCEPCIONAL EN ARTES Y LETRAS", "GRUPOS_ETN": "AFRODESCENDIENTES-INDIGENAS-NEGRITUDES-PALENQUEROS", "SECTOR": 2, "NATU_JUR": 9, "CALENDARIO": 1, "GENERO": 5, "COD_LOCA": "04", "ESPECIALID": 1, "CLASE_TIPO": 1, "BILINGUE": 5, "FECHA": "2025-04-30", "DANE12_EST": "111001012033", "DANE12_SED": "111001012033", "DA_HIPOACU": 2, "DA_SORDERA": 0, "DA_LENGUAS": 0, "DA_UCASTEL": 0, "DISCAP_FIS": 1, "DISCAP_FLE": 0, "DISCAP_PCE": 0, "DI_DCOGNIT": 12, "DI_SDOWN": 0, "DIS_MULTIP": 10, "DIS_PSICOS": 3, "DV_BAJAVIS": 0, "DIS_CEGUER": 0, "T_ESPECTRO": 0, "T_VOZ_Y_HA": 0, "SISTEMICA": 0, "SORDOCEGUE": 0, "OTRA": 0, "TOT_EST_MA": 28, "AFRODESCEN": 7, "INDIGENAS": 20, "NEGRITUDES": 1, "PALENQUERO": 0, "RAIZALES": 0, "ROM": 0, "TOT_EST_ET": 28, "CAPACID_EX": 0, "DOBLE_EXCE": 0, "TE_ACTFISI": 3, "TE_ARTES": 1, "TE_CNATUR": 0, "TE_CSOCIAL": 0, "TE_LDSOCIA": 0, "TE_TECNOLO": 0, "TOT_EST_CA": 4, "TMATRIC_GE": 759, "Zona": 1 }, "geometry": { "type": "Point", "coordinates": [ -8248099.671700000762939, 509399.890299998223782 ] } },
{ "type": "Feature", "properties": { "NOMBRE_EST": "COLEGIO PANTALEON GAITAN PEREZ (CED)", "NOMBRE_SED": "PANTALEON GAITAN PEREZ", "ORDEN_DE_S": "A", "DIRECCION": "KR 18 ESTE # 13 - 42 SUR", "DISCAPACID": "FISICA-MENTAL/PSICOSOCIAL-MULTIPLE", "TALENTOS_O": "CAPACIDADES EXCEPCIONALES", "GRUPOS_ETN": "AFRODESCENDIENTES", "SECTOR": 2, "NATU_JUR": 9, "CALENDARIO": 1, "GENERO": 5, "COD_LOCA": "04", "ESPECIALID": 13, "CLASE_TIPO": 1, "BILINGUE": 5, "FECHA": "2025-04-30", "DANE12_EST": "111001012246", "DANE12_SED": "111001012246", "DA_HIPOACU": 1, "DA_SORDERA": 0, "DA_LENGUAS": 0, "DA_UCASTEL": 0, "DISCAP_FIS": 0, "DISCAP_FLE": 0, "DISCAP_PCE": 0, "DI_DCOGNIT": 1, "DI_SDOWN": 0, "DIS_MULTIP": 4, "DIS_PSICOS": 1, "DV_BAJAVIS": 0, "DIS_CEGUER": 0, "T_ESPECTRO": 0, "T_VOZ_Y_HA": 0, "SISTEMICA": 0, "SORDOCEGUE": 0, "OTRA": 0, "TOT_EST_MA": 7, "AFRODESCEN": 0, "INDIGENAS": 0, "NEGRITUDES": 0, "PALENQUERO": 0, "RAIZALES": 0, "ROM": 0, "TOT_EST_ET": 0, "CAPACID_EX": 1, "DOBLE_EXCE": 0, "TE_ACTFISI": 0, "TE_ARTES": 0, "TE_CNATUR": 0, "TE_CSOCIAL": 0, "TE_LDSOCIA": 0, "TE_TECNOLO": 0, "TOT_EST_CA": 1, "TMATRIC_GE": 153, "Zona": 1 }, "geometry": { "type": "Point", "coordinates": [ -8245966.790200000628829, 509175.424499999731779 ] } },
{ "type": "Feature", "properties": { "NOMBRE_EST": "COLEGIO SAN JOSE SUR ORIENTAL (IED)", "NOMBRE_SED": "SAN JOSE SUR ORIENTAL", "ORDEN_DE_S": "A", "DIRECCION": "CL 42 SUR # 12 A - 66 ESTE", "DISCAPACID": "INTELECTUAL", "TALENTOS_O": "CAPACIDADES EXCEPCIONALES-TALENTO EXCEPCIONAL EN ARTES Y LETRAS-TALENTO EXCEPCIONAL EN TECNOLOGIA", "GRUPOS_ETN": "AFRODESCENDIENTES-INDIGENAS-NEGRITUDES", "SECTOR": 2, "NATU_JUR": 9, "CALENDARIO": 1, "GENERO": 5, "COD_LOCA": "04", "ESPECIALID": 1, "CLASE_TIPO": 1, "BILINGUE": 5, "FECHA": "2025-04-30", "DANE12_EST": "111001012301", "DANE12_SED": "111001012301", "DA_HIPOACU": 0, "DA_SORDERA": 0, "DA_LENGUAS": 0, "DA_UCASTEL": 0, "DISCAP_FIS": 1, "DISCAP_FLE": 0, "DISCAP_PCE": 0, "DI_DCOGNIT": 5, "DI_SDOWN": 0, "DIS_MULTIP": 4, "DIS_PSICOS": 0, "DV_BAJAVIS": 0, "DIS_CEGUER": 0, "T_ESPECTRO": 0, "T_VOZ_Y_HA": 0, "SISTEMICA": 0, "SORDOCEGUE": 0, "OTRA": 0, "TOT_EST_MA": 10, "AFRODESCEN": 13, "INDIGENAS": 5, "NEGRITUDES": 1, "PALENQUERO": 0, "RAIZALES": 0, "ROM": 0, "TOT_EST_ET": 19, "CAPACID_EX": 2, "DOBLE_EXCE": 0, "TE_ACTFISI": 5, "TE_ARTES": 3, "TE_CNATUR": 0, "TE_CSOCIAL": 0, "TE_LDSOCIA": 1, "TE_TECNOLO": 3, "TOT_EST_CA": 14, "TMATRIC_GE": 1042, "Zona": 1 }, "geometry": { "type": "Point", "coordinates": [ -8247018.759400000795722, 506624.821699999272823 ] } },
{ "type": "Feature", "properties": { "NOMBRE_EST": "COLEGIO JUANA ESCOBAR (IED)", "NOMBRE_SED": "JUANA ESCOBAR", "ORDEN_DE_S": "A", "DIRECCION": "KR 15 A ESTE # 57 A - 16 SUR", "DISCAPACID": "FISICA-INTELECTUAL-MENTAL/PSICOSOCIAL-MULTIPLE", "TALENTOS_O": "TALENTO EXCEPCIONAL EN LIDERAZGO SOCIAL Y EMPRENDIMIENTO", "GRUPOS_ETN": "AFRODESCENDIENTES-INDIGENAS-NEGRITUDES", "SECTOR": 2, "NATU_JUR": 9, "CALENDARIO": 1, "GENERO": 5, "COD_LOCA": "04", "ESPECIALID": 1, "CLASE_TIPO": 1, "BILINGUE": 5, "FECHA": "2025-04-30", "DANE12_EST": "111001012335", "DANE12_SED": "111001012335", "DA_HIPOACU": 0, "DA_SORDERA": 0, "DA_LENGUAS": 0, "DA_UCASTEL": 0, "DISCAP_FIS": 3, "DISCAP_FLE": 0, "DISCAP_PCE": 0, "DI_DCOGNIT": 54, "DI_SDOWN": 0, "DIS_MULTIP": 6, "DIS_PSICOS": 2, "DV_BAJAVIS": 1, "DIS_CEGUER": 0, "T_ESPECTRO": 0, "T_VOZ_Y_HA": 0, "SISTEMICA": 0, "SORDOCEGUE": 0, "OTRA": 0, "TOT_EST_MA": 66, "AFRODESCEN": 7, "INDIGENAS": 5, "NEGRITUDES": 2, "PALENQUERO": 0, "RAIZALES": 0, "ROM": 0, "TOT_EST_ET": 14, "CAPACID_EX": 0, "DOBLE_EXCE": 0, "TE_ACTFISI": 0, "TE_ARTES": 1, "TE_CNATUR": 0, "TE_CSOCIAL": 0, "TE_LDSOCIA": 0, "TE_TECNOLO": 0, "TOT_EST_CA": 1, "TMATRIC_GE": 930, "Zona": 1 }, "geometry": { "type": "Point", "coordinates": [ -8247172.380300000309944, 504906.225600000470877 ] } },
{ "type": "Feature", "properties": { "NOMBRE_EST": "COLEGIO JUANA ESCOBAR (IED)", "NOMBRE_SED": "SAN LUIS SURORIENTAL", "ORDEN_DE_S": "B", "DIRECCION": "KR 12 ESTE # 57 - 50 SUR", "DISCAPACID": "INTELECTUAL-MULTIPLE", "TALENTOS_O": null, "GRUPOS_ETN": "AFRODESCENDIENTES-INDIGENAS-NEGRITUDES", "SECTOR": 2, "NATU_JUR": 9, "CALENDARIO": 1, "GENERO": 5, "COD_LOCA": "04", "ESPECIALID": 13, "CLASE_TIPO": 1, "BILINGUE": 5, "FECHA": "2025-04-30", "DANE12_EST": "111001012335", "DANE12_SED": "111001086576", "DA_HIPOACU": 0, "DA_SORDERA": 0, "DA_LENGUAS": 0, "DA_UCASTEL": 0, "DISCAP_FIS": 0, "DISCAP_FLE": 0, "DISCAP_PCE": 0, "DI_DCOGNIT": 42, "DI_SDOWN": 0, "DIS_MULTIP": 1, "DIS_PSICOS": 0, "DV_BAJAVIS": 1, "DIS_CEGUER": 0, "T_ESPECTRO": 0, "T_VOZ_Y_HA": 0, "SISTEMICA": 0, "SORDOCEGUE": 0, "OTRA": 0, "TOT_EST_MA": 44, "AFRODESCEN": 2, "INDIGENAS": 1, "NEGRITUDES": 0, "PALENQUERO": 0, "RAIZALES": 0, "ROM": 0, "TOT_EST_ET": 3, "CAPACID_EX": 0, "DOBLE_EXCE": 0, "TE_ACTFISI": 4, "TE_ARTES": 0, "TE_CNATUR": 0, "TE_CSOCIAL": 0, "TE_LDSOCIA": 0, "TE_TECNOLO": 0, "TOT_EST_CA": 4, "TMATRIC_GE": 431, "Zona": 1 }, "geometry": { "type": "Point", "coordinates": [ -8247557.545700000599027, 505031.294399999082088 ] } },
{ "type": "Feature", "properties": { "NOMBRE_EST": "COLEGIO JUANA ESCOBAR (IED)", "NOMBRE_SED": "REPUBLICA DE CANADA II", "ORDEN_DE_S": "C", "DIRECCION": "KR 12 C ESTE # 57 A - 00 SUR", "DISCAPACID": "FISICA-INTELECTUAL-MULTIPLE", "TALENTOS_O": "TALENTO EXCEPCIONAL EN ACTIVIDAD FISICA, EJERCICIO Y DEPORTE", "GRUPOS_ETN": "AFRODESCENDIENTES", "SECTOR": 2, "NATU_JUR": 9, "CALENDARIO": 1, "GENERO": 5, "COD_LOCA": "04", "ESPECIALID": 13, "CLASE_TIPO": 1, "BILINGUE": 5, "FECHA": "2025-04-30", "DANE12_EST": "111001012335", "DANE12_SED": "111001014184", "DA_HIPOACU": 0, "DA_SORDERA": 0, "DA_LENGUAS": 0, "DA_UCASTEL": 0, "DISCAP_FIS": 1, "DISCAP_FLE": 0, "DISCAP_PCE": 0, "DI_DCOGNIT": 1, "DI_SDOWN": 0, "DIS_MULTIP": 2, "DIS_PSICOS": 0, "DV_BAJAVIS": 0, "DIS_CEGUER": 0, "T_ESPECTRO": 0, "T_VOZ_Y_HA": 0, "SISTEMICA": 0, "SORDOCEGUE": 0, "OTRA": 0, "TOT_EST_MA": 4, "AFRODESCEN": 0, "INDIGENAS": 2, "NEGRITUDES": 0, "PALENQUERO": 0, "RAIZALES": 0, "ROM": 0, "TOT_EST_ET": 2, "CAPACID_EX": 2, "DOBLE_EXCE": 0, "TE_ACTFISI": 0, "TE_ARTES": 0, "TE_CNATUR": 0, "TE_CSOCIAL": 0, "TE_LDSOCIA": 0, "TE_TECNOLO": 0, "TOT_EST_CA": 2, "TMATRIC_GE": 192, "Zona": 1 }, "geometry": { "type": "Point", "coordinates": [ -8247538.621400000527501, 505045.811299998313189 ] } },
{ "type": "Feature", "properties": { "NOMBRE_EST": "COLEGIO AGUAS CLARAS (CED)", "NOMBRE_SED": "AGUAS CLARAS", "ORDEN_DE_S": "A", "DIRECCION": "CL 14 SUR # 25 - 11 ESTE", "DISCAPACID": "INTELECTUAL", "TALENTOS_O": "TALENTO EXCEPCIONAL EN ACTIVIDAD FISICA, EJERCICIO Y DEPORTE-TALENTO EXCEPCIONAL EN CIENCIAS SOCIALES O HUMANAS", "GRUPOS_ETN": null, "SECTOR": 2, "NATU_JUR": 9, "CALENDARIO": 1, "GENERO": 5, "COD_LOCA": "04", "ESPECIALID": 13, "CLASE_TIPO": 1, "BILINGUE": 5, "FECHA": "2025-04-30", "DANE12_EST": "111001012475", "DANE12_SED": "111001012475", "DA_HIPOACU": 0, "DA_SORDERA": 0, "DA_LENGUAS": 0, "DA_UCASTEL": 0, "DISCAP_FIS": 0, "DISCAP_FLE": 0, "DISCAP_PCE": 0, "DI_DCOGNIT": 0, "DI_SDOWN": 0, "DIS_MULTIP": 0, "DIS_PSICOS": 2, "DV_BAJAVIS": 0, "DIS_CEGUER": 0, "T_ESPECTRO": 0, "T_VOZ_Y_HA": 0, "SISTEMICA": 0, "SORDOCEGUE": 0, "OTRA": 0, "TOT_EST_MA": 2, "AFRODESCEN": 0, "INDIGENAS": 1, "NEGRITUDES": 0, "PALENQUERO": 0, "RAIZALES": 0, "ROM": 0, "TOT_EST_ET": 1, "CAPACID_EX": 0, "DOBLE_EXCE": 0, "TE_ACTFISI": 1, "TE_ARTES": 0, "TE_CNATUR": 0, "TE_CSOCIAL": 1, "TE_LDSOCIA": 0, "TE_TECNOLO": 0, "TOT_EST_CA": 2, "TMATRIC_GE": 152, "Zona": 2 }, "geometry": { "type": "Point", "coordinates": [ -8245149.705199999734759, 508365.789200000464916 ] } },
{ "type": "Feature", "properties": { "NOMBRE_EST": "COLEGIO ALTAMIRA SUR ORIENTAL (IED)", "NOMBRE_SED": "ALTAMIRA SUR ORIENTAL", "ORDEN_DE_S": "A", "DIRECCION": "CL 42 A SUR # 12 A - 27 ESTE", "DISCAPACID": "FISICA-INTELECTUAL-MENTAL/PSICOSOCIAL", "TALENTOS_O": "CAPACIDADES EXCEPCIONALES", "GRUPOS_ETN": "AFRODESCENDIENTES-INDIGENAS-NEGRITUDES", "SECTOR": 2, "NATU_JUR": 9, "CALENDARIO": 1, "GENERO": 5, "COD_LOCA": "04", "ESPECIALID": 1, "CLASE_TIPO": 1, "BILINGUE": 5, "FECHA": "2025-04-30", "DANE12_EST": "111001014168", "DANE12_SED": "111001014168", "DA_HIPOACU": 1, "DA_SORDERA": 0, "DA_LENGUAS": 0, "DA_UCASTEL": 0, "DISCAP_FIS": 0, "DISCAP_FLE": 0, "DISCAP_PCE": 0, "DI_DCOGNIT": 5, "DI_SDOWN": 0, "DIS_MULTIP": 3, "DIS_PSICOS": 1, "DV_BAJAVIS": 0, "DIS_CEGUER": 0, "T_ESPECTRO": 0, "T_VOZ_Y_HA": 0, "SISTEMICA": 0, "SORDOCEGUE": 0, "OTRA": 0, "TOT_EST_MA": 10, "AFRODESCEN": 6, "INDIGENAS": 3, "NEGRITUDES": 4, "PALENQUERO": 0, "RAIZALES": 0, "ROM": 0, "TOT_EST_ET": 13, "CAPACID_EX": 0, "DOBLE_EXCE": 0, "TE_ACTFISI": 1, "TE_ARTES": 0, "TE_CNATUR": 0, "TE_CSOCIAL": 0, "TE_LDSOCIA": 0, "TE_TECNOLO": 1, "TOT_EST_CA": 2, "TMATRIC_GE": 637, "Zona": 1 }, "geometry": { "type": "Point", "coordinates": [ -8247103.362199999392033, 506533.2516999989748 ] } },
{ "type": "Feature", "properties": { "NOMBRE_EST": "COLEGIO ALTAMIRA SUR ORIENTAL (IED)", "NOMBRE_SED": "NUEVA GLORIA", "ORDEN_DE_S": "B", "DIRECCION": "DG 47 SUR # 12 A - 23 ESTE", "DISCAPACID": "AUDITIVA-FISICA-INTELECTUAL-MULTIPLE", "TALENTOS_O": "TALENTO EXCEPCIONAL EN ARTES Y LETRAS-TALENTO EXCEPCIONAL EN LIDERAZGO SOCIAL Y EMPRENDIMIENTO", "GRUPOS_ETN": "AFRODESCENDIENTES-NEGRITUDES", "SECTOR": 2, "NATU_JUR": 9, "CALENDARIO": 1, "GENERO": 5, "COD_LOCA": "04", "ESPECIALID": 13, "CLASE_TIPO": 1, "BILINGUE": 5, "FECHA": "2025-04-30", "DANE12_EST": "111001014168", "DANE12_SED": "111001014192", "DA_HIPOACU": 0, "DA_SORDERA": 0, "DA_LENGUAS": 0, "DA_UCASTEL": 0, "DISCAP_FIS": 0, "DISCAP_FLE": 0, "DISCAP_PCE": 0, "DI_DCOGNIT": 2, "DI_SDOWN": 0, "DIS_MULTIP": 2, "DIS_PSICOS": 0, "DV_BAJAVIS": 0, "DIS_CEGUER": 0, "T_ESPECTRO": 0, "T_VOZ_Y_HA": 0, "SISTEMICA": 0, "SORDOCEGUE": 0, "OTRA": 0, "TOT_EST_MA": 4, "AFRODESCEN": 2, "INDIGENAS": 0, "NEGRITUDES": 0, "PALENQUERO": 0, "RAIZALES": 0, "ROM": 0, "TOT_EST_ET": 2, "CAPACID_EX": 0, "DOBLE_EXCE": 0, "TE_ACTFISI": 3, "TE_ARTES": 1, "TE_CNATUR": 0, "TE_CSOCIAL": 1, "TE_LDSOCIA": 2, "TE_TECNOLO": 0, "TOT_EST_CA": 7, "TMATRIC_GE": 481, "Zona": 1 }, "geometry": { "type": "Point", "coordinates": [ -8247244.737999999895692, 505868.8136 ] } },
{ "type": "Feature", "properties": { "NOMBRE_EST": "COLEGIO ALTAMIRA SUR ORIENTAL (IED)", "NOMBRE_SED": "REPUBLICA DE ISRAEL", "ORDEN_DE_S": "C", "DIRECCION": "CL 44 SUR # 09 - 13 ESTE", "DISCAPACID": "AUDITIVA-FISICA-INTELECTUAL-MENTAL/PSICOSOCIAL", "TALENTOS_O": "TALENTO EXCEPCIONAL EN LIDERAZGO SOCIAL Y EMPRENDIMIENTO", "GRUPOS_ETN": "AFRODESCENDIENTES-INDIGENAS", "SECTOR": 2, "NATU_JUR": 9, "CALENDARIO": 1, "GENERO": 5, "COD_LOCA": "04", "ESPECIALID": 13, "CLASE_TIPO": 1, "BILINGUE": 5, "FECHA": "2025-04-30", "DANE12_EST": "111001014168", "DANE12_SED": "111001012378", "DA_HIPOACU": 0, "DA_SORDERA": 0, "DA_LENGUAS": 0, "DA_UCASTEL": 0, "DISCAP_FIS": 1, "DISCAP_FLE": 0, "DISCAP_PCE": 0, "DI_DCOGNIT": 6, "DI_SDOWN": 0, "DIS_MULTIP": 2, "DIS_PSICOS": 0, "DV_BAJAVIS": 0, "DIS_CEGUER": 0, "T_ESPECTRO": 0, "T_VOZ_Y_HA": 0, "SISTEMICA": 0, "SORDOCEGUE": 0, "OTRA": 0, "TOT_EST_MA": 9, "AFRODESCEN": 3, "INDIGENAS": 2, "NEGRITUDES": 1, "PALENQUERO": 0, "RAIZALES": 0, "ROM": 0, "TOT_EST_ET": 6, "CAPACID_EX": 1, "DOBLE_EXCE": 0, "TE_ACTFISI": 2, "TE_ARTES": 0, "TE_CNATUR": 0, "TE_CSOCIAL": 0, "TE_LDSOCIA": 2, "TE_TECNOLO": 0, "TOT_EST_CA": 5, "TMATRIC_GE": 335, "Zona": 1 }, "geometry": { "type": "Point", "coordinates": [ -8247613.20549999922514, 506365.745799999684095 ] } },
{ "type": "Feature", "properties": { "NOMBRE_EST": "COLEGIO TECNICO SAN CRISTOBAL SUR (IED)", "NOMBRE_SED": "SAN CRISTOBAL SUR", "ORDEN_DE_S": "A", "DIRECCION": "KR 10 D ESTE # 17 B - 46 SUR", "DISCAPACID": "AUDITIVA-FISICA-INTELECTUAL-MENTAL/PSICOSOCIAL-MULTIPLE", "TALENTOS_O": "TALENTO EXCEPCIONAL EN ACTIVIDAD FISICA, EJERCICIO Y DEPORTE-TALENTO EXCEPCIONAL EN ARTES Y LETRAS-TALENTO EXCEPCIONAL EN CIENCIAS SOCIALES O HUMANAS-TALENTO EXCEPCIONAL EN TECNOLOGIA", "GRUPOS_ETN": "AFRODESCENDIENTES-INDIGENAS", "SECTOR": 2, "NATU_JUR": 9, "CALENDARIO": 1, "GENERO": 5, "COD_LOCA": "04", "ESPECIALID": 7, "CLASE_TIPO": 1, "BILINGUE": 5, "FECHA": "2025-04-30", "DANE12_EST": "111001014176", "DANE12_SED": "111001014176", "DA_HIPOACU": 0, "DA_SORDERA": 0, "DA_LENGUAS": 0, "DA_UCASTEL": 0, "DISCAP_FIS": 2, "DISCAP_FLE": 0, "DISCAP_PCE": 0, "DI_DCOGNIT": 24, "DI_SDOWN": 0, "DIS_MULTIP": 1, "DIS_PSICOS": 2, "DV_BAJAVIS": 1, "DIS_CEGUER": 0, "T_ESPECTRO": 0, "T_VOZ_Y_HA": 0, "SISTEMICA": 0, "SORDOCEGUE": 0, "OTRA": 0, "TOT_EST_MA": 30, "AFRODESCEN": 2, "INDIGENAS": 7, "NEGRITUDES": 1, "PALENQUERO": 0, "RAIZALES": 0, "ROM": 0, "TOT_EST_ET": 10, "CAPACID_EX": 0, "DOBLE_EXCE": 0, "TE_ACTFISI": 8, "TE_ARTES": 1, "TE_CNATUR": 0, "TE_CSOCIAL": 1, "TE_LDSOCIA": 0, "TE_TECNOLO": 1, "TOT_EST_CA": 11, "TMATRIC_GE": 1222, "Zona": 1 }, "geometry": { "type": "Point", "coordinates": [ -8246486.652200000360608, 509235.728700000792742 ] } },
{ "type": "Feature", "properties": { "NOMBRE_EST": "COLEGIO TECNICO SAN CRISTOBAL SUR (IED)", "NOMBRE_SED": "JOSE A MORALES", "ORDEN_DE_S": "B", "DIRECCION": "CL 19 SUR # 10 C - 44 ESTE", "DISCAPACID": "AUDITIVA-INTELECTUAL", "TALENTOS_O": null, "GRUPOS_ETN": "AFRODESCENDIENTES-NEGRITUDES", "SECTOR": 2, "NATU_JUR": 9, "CALENDARIO": 1, "GENERO": 5, "COD_LOCA": "04", "ESPECIALID": 13, "CLASE_TIPO": 1, "BILINGUE": 5, "FECHA": "2025-04-30", "DANE12_EST": "111001014176", "DANE12_SED": "111001012220", "DA_HIPOACU": 1, "DA_SORDERA": 0, "DA_LENGUAS": 0, "DA_UCASTEL": 0, "DISCAP_FIS": 0, "DISCAP_FLE": 0, "DISCAP_PCE": 0, "DI_DCOGNIT": 11, "DI_SDOWN": 0, "DIS_MULTIP": 4, "DIS_PSICOS": 1, "DV_BAJAVIS": 0, "DIS_CEGUER": 0, "T_ESPECTRO": 0, "T_VOZ_Y_HA": 0, "SISTEMICA": 0, "SORDOCEGUE": 0, "OTRA": 0, "TOT_EST_MA": 17, "AFRODESCEN": 2, "INDIGENAS": 3, "NEGRITUDES": 1, "PALENQUERO": 0, "RAIZALES": 0, "ROM": 0, "TOT_EST_ET": 6, "CAPACID_EX": 0, "DOBLE_EXCE": 0, "TE_ACTFISI": 1, "TE_ARTES": 1, "TE_CNATUR": 0, "TE_CSOCIAL": 0, "TE_LDSOCIA": 1, "TE_TECNOLO": 0, "TOT_EST_CA": 3, "TMATRIC_GE": 595, "Zona": 1 }, "geometry": { "type": "Point", "coordinates": [ -8246644.7259, 509186.591899998486042 ] } },
{ "type": "Feature", "properties": { "NOMBRE_EST": "COLEGIO TECNICO SAN CRISTOBAL SUR (IED)", "NOMBRE_SED": "JARDIN INFANTIL NACIONAL POPULAR No 2", "ORDEN_DE_S": "C", "DIRECCION": "CL 15 A SUR # 6 - 25 ESTE", "DISCAPACID": "MULTIPLE", "TALENTOS_O": "TALENTO EXCEPCIONAL EN ACTIVIDAD FISICA, EJERCICIO Y DEPORTE-TALENTO EXCEPCIONAL EN ARTES Y LETRAS-TALENTO EXCEPCIONAL EN LIDERAZGO SOCIAL Y EMPRENDIMIENTO", "GRUPOS_ETN": "AFRODESCENDIENTES-NEGRITUDES", "SECTOR": 2, "NATU_JUR": 9, "CALENDARIO": 1, "GENERO": 5, "COD_LOCA": "04", "ESPECIALID": 13, "CLASE_TIPO": 1, "BILINGUE": 5, "FECHA": "2025-04-30", "DANE12_EST": "111001014176", "DANE12_SED": "111001000213", "DA_HIPOACU": 0, "DA_SORDERA": 0, "DA_LENGUAS": 0, "DA_UCASTEL": 0, "DISCAP_FIS": 0, "DISCAP_FLE": 0, "DISCAP_PCE": 0, "DI_DCOGNIT": 0, "DI_SDOWN": 0, "DIS_MULTIP": 3, "DIS_PSICOS": 0, "DV_BAJAVIS": 0, "DIS_CEGUER": 0, "T_ESPECTRO": 0, "T_VOZ_Y_HA": 0, "SISTEMICA": 0, "SORDOCEGUE": 0, "OTRA": 0, "TOT_EST_MA": 3, "AFRODESCEN": 3, "INDIGENAS": 0, "NEGRITUDES": 1, "PALENQUERO": 0, "RAIZALES": 0, "ROM": 0, "TOT_EST_ET": 4, "CAPACID_EX": 0, "DOBLE_EXCE": 0, "TE_ACTFISI": 3, "TE_ARTES": 2, "TE_CNATUR": 0, "TE_CSOCIAL": 0, "TE_LDSOCIA": 2, "TE_TECNOLO": 0, "TOT_EST_CA": 7, "TMATRIC_GE": 262, "Zona": 1 }, "geometry": { "type": "Point", "coordinates": [ -8246819.497500000521541, 509471.362199999392033 ] } },
{ "type": "Feature", "properties": { "NOMBRE_EST": "COLEGIO JOSE ACEVEDO Y GOMEZ (IED)", "NOMBRE_SED": "JOSE ACEVEDO Y GOMEZ", "ORDEN_DE_S": "A", "DIRECCION": "KR 9 B ESTE # 28 - 81 SUR", "DISCAPACID": "FISICA-INTELECTUAL-MENTAL/PSICOSOCIAL-MULTIPLE-VISUAL", "TALENTOS_O": "TALENTO EXCEPCIONAL EN TECNOLOGIA", "GRUPOS_ETN": "AFRODESCENDIENTES-NEGRITUDES", "SECTOR": 2, "NATU_JUR": 9, "CALENDARIO": 1, "GENERO": 5, "COD_LOCA": "04", "ESPECIALID": 1, "CLASE_TIPO": 1, "BILINGUE": 5, "FECHA": "2025-04-30", "DANE12_EST": "111001014451", "DANE12_SED": "111001014451", "DA_HIPOACU": 0, "DA_SORDERA": 0, "DA_LENGUAS": 0, "DA_UCASTEL": 0, "DISCAP_FIS": 2, "DISCAP_FLE": 0, "DISCAP_PCE": 0, "DI_DCOGNIT": 5, "DI_SDOWN": 0, "DIS_MULTIP": 3, "DIS_PSICOS": 0, "DV_BAJAVIS": 1, "DIS_CEGUER": 0, "T_ESPECTRO": 0, "T_VOZ_Y_HA": 0, "SISTEMICA": 0, "SORDOCEGUE": 0, "OTRA": 0, "TOT_EST_MA": 11, "AFRODESCEN": 5, "INDIGENAS": 3, "NEGRITUDES": 1, "PALENQUERO": 0, "RAIZALES": 0, "ROM": 0, "TOT_EST_ET": 9, "CAPACID_EX": 1, "DOBLE_EXCE": 0, "TE_ACTFISI": 0, "TE_ARTES": 0, "TE_CNATUR": 0, "TE_CSOCIAL": 0, "TE_LDSOCIA": 0, "TE_TECNOLO": 0, "TOT_EST_CA": 1, "TMATRIC_GE": 266, "Zona": 1 }, "geometry": { "type": "Point", "coordinates": [ -8246957.533700000494719, 508419.392400000244379 ] } },
{ "type": "Feature", "properties": { "NOMBRE_EST": "COLEGIO JOSE ACEVEDO Y GOMEZ (IED)", "NOMBRE_SED": "RAMAJAL", "ORDEN_DE_S": "B", "DIRECCION": "CL 30 A SUR # 9 A - 78 ESTE", "DISCAPACID": "FISICA-INTELECTUAL", "TALENTOS_O": "CAPACIDADES EXCEPCIONALES-TALENTO EXCEPCIONAL EN ACTIVIDAD FISICA, EJERCICIO Y DEPORTE", "GRUPOS_ETN": "AFRODESCENDIENTES-NEGRITUDES", "SECTOR": 2, "NATU_JUR": 9, "CALENDARIO": 1, "GENERO": 5, "COD_LOCA": "04", "ESPECIALID": 13, "CLASE_TIPO": 1, "BILINGUE": 5, "FECHA": "2025-04-30", "DANE12_EST": "111001014451", "DANE12_SED": "111001012211", "DA_HIPOACU": 0, "DA_SORDERA": 0, "DA_LENGUAS": 0, "DA_UCASTEL": 0, "DISCAP_FIS": 3, "DISCAP_FLE": 0, "DISCAP_PCE": 0, "DI_DCOGNIT": 6, "DI_SDOWN": 0, "DIS_MULTIP": 0, "DIS_PSICOS": 0, "DV_BAJAVIS": 0, "DIS_CEGUER": 0, "T_ESPECTRO": 0, "T_VOZ_Y_HA": 0, "SISTEMICA": 0, "SORDOCEGUE": 0, "OTRA": 0, "TOT_EST_MA": 9, "AFRODESCEN": 7, "INDIGENAS": 2, "NEGRITUDES": 1, "PALENQUERO": 0, "RAIZALES": 0, "ROM": 0, "TOT_EST_ET": 10, "CAPACID_EX": 0, "DOBLE_EXCE": 0, "TE_ACTFISI": 1, "TE_ARTES": 0, "TE_CNATUR": 0, "TE_CSOCIAL": 0, "TE_LDSOCIA": 0, "TE_TECNOLO": 0, "TOT_EST_CA": 1, "TMATRIC_GE": 329, "Zona": 1 }, "geometry": { "type": "Point", "coordinates": [ -8246866.251700000837445, 508101.1239 ] } },
{ "type": "Feature", "properties": { "NOMBRE_EST": "COLEGIO MONTEBELLO (IED)", "NOMBRE_SED": "MONTEBELLO", "ORDEN_DE_S": "A", "DIRECCION": "CL 26 SUR # 2 - 44 ESTE  --  CL 24 A SUR # 1 A - 95 ESTE", "DISCAPACID": "FISICA-INTELECTUAL-MENTAL/PSICOSOCIAL-MULTIPLE-VISUAL", "TALENTOS_O": "TALENTO EXCEPCIONAL EN ACTIVIDAD FISICA, EJERCICIO Y DEPORTE-TALENTO EXCEPCIONAL EN ARTES Y LETRAS-TALENTO EXCEPCIONAL EN CIENCIAS NATURALES O BASICAS-TALENTO EXCEPCIONAL EN TECNOLOGIA", "GRUPOS_ETN": "AFRODESCENDIENTES-INDIGENAS-NEGRITUDES", "SECTOR": 2, "NATU_JUR": 9, "CALENDARIO": 1, "GENERO": 5, "COD_LOCA": "04", "ESPECIALID": 1, "CLASE_TIPO": 1, "BILINGUE": 5, "FECHA": "2025-04-30", "DANE12_EST": "111001015903", "DANE12_SED": "111001015903", "DA_HIPOACU": 0, "DA_SORDERA": 0, "DA_LENGUAS": 0, "DA_UCASTEL": 0, "DISCAP_FIS": 1, "DISCAP_FLE": 0, "DISCAP_PCE": 0, "DI_DCOGNIT": 21, "DI_SDOWN": 0, "DIS_MULTIP": 0, "DIS_PSICOS": 2, "DV_BAJAVIS": 0, "DIS_CEGUER": 0, "T_ESPECTRO": 0, "T_VOZ_Y_HA": 0, "SISTEMICA": 0, "SORDOCEGUE": 0, "OTRA": 0, "TOT_EST_MA": 24, "AFRODESCEN": 17, "INDIGENAS": 4, "NEGRITUDES": 13, "PALENQUERO": 0, "RAIZALES": 0, "ROM": 0, "TOT_EST_ET": 34, "CAPACID_EX": 1, "DOBLE_EXCE": 0, "TE_ACTFISI": 2, "TE_ARTES": 0, "TE_CNATUR": 1, "TE_CSOCIAL": 0, "TE_LDSOCIA": 1, "TE_TECNOLO": 4, "TOT_EST_CA": 9, "TMATRIC_GE": 1198, "Zona": 1 }, "geometry": { "type": "Point", "coordinates": [ -8247440.660299999639392, 508910.756599999964237 ] } },
{ "type": "Feature", "properties": { "NOMBRE_EST": "COLEGIO MONTEBELLO (IED)", "NOMBRE_SED": "JOSE MARIA CORDOBA", "ORDEN_DE_S": "B", "DIRECCION": "CL 28 SUR # 1 A - 37 ESTE", "DISCAPACID": "INTELECTUAL-MENTAL/PSICOSOCIAL-MULTIPLE", "TALENTOS_O": "TALENTO EXCEPCIONAL EN ACTIVIDAD FISICA, EJERCICIO Y DEPORTE-TALENTO EXCEPCIONAL EN ARTES Y LETRAS-TALENTO EXCEPCIONAL EN TECNOLOGIA", "GRUPOS_ETN": "AFRODESCENDIENTES-INDIGENAS", "SECTOR": 2, "NATU_JUR": 9, "CALENDARIO": 1, "GENERO": 5, "COD_LOCA": "04", "ESPECIALID": 13, "CLASE_TIPO": 1, "BILINGUE": 5, "FECHA": "2025-04-30", "DANE12_EST": "111001015903", "DANE12_SED": "111001015938", "DA_HIPOACU": 0, "DA_SORDERA": 0, "DA_LENGUAS": 0, "DA_UCASTEL": 0, "DISCAP_FIS": 0, "DISCAP_FLE": 0, "DISCAP_PCE": 0, "DI_DCOGNIT": 1, "DI_SDOWN": 0, "DIS_MULTIP": 0, "DIS_PSICOS": 0, "DV_BAJAVIS": 0, "DIS_CEGUER": 0, "T_ESPECTRO": 0, "T_VOZ_Y_HA": 0, "SISTEMICA": 0, "SORDOCEGUE": 0, "OTRA": 0, "TOT_EST_MA": 1, "AFRODESCEN": 1, "INDIGENAS": 3, "NEGRITUDES": 0, "PALENQUERO": 0, "RAIZALES": 0, "ROM": 0, "TOT_EST_ET": 4, "CAPACID_EX": 0, "DOBLE_EXCE": 0, "TE_ACTFISI": 5, "TE_ARTES": 0, "TE_CNATUR": 0, "TE_CSOCIAL": 0, "TE_LDSOCIA": 0, "TE_TECNOLO": 0, "TOT_EST_CA": 5, "TMATRIC_GE": 201, "Zona": 1 }, "geometry": { "type": "Point", "coordinates": [ -8247618.771500000730157, 508574.618500001728535 ] } },
{ "type": "Feature", "properties": { "NOMBRE_EST": "COLEGIO LOS ALPES (IED)", "NOMBRE_SED": "LOS ALPES", "ORDEN_DE_S": "A", "DIRECCION": "KR 12 ESTE # 33 A - 80 SUR", "DISCAPACID": "AUDITIVA-FISICA-INTELECTUAL-MENTAL/PSICOSOCIAL-MULTIPLE-VISUAL", "TALENTOS_O": "CAPACIDADES EXCEPCIONALES-TALENTO EXCEPCIONAL EN ACTIVIDAD FISICA, EJERCICIO Y DEPORTE-TALENTO EXCEPCIONAL EN CIENCIAS NATURALES O BASICAS", "GRUPOS_ETN": "AFRODESCENDIENTES-INDIGENAS-NEGRITUDES", "SECTOR": 2, "NATU_JUR": 9, "CALENDARIO": 1, "GENERO": 5, "COD_LOCA": "04", "ESPECIALID": 3, "CLASE_TIPO": 1, "BILINGUE": 5, "FECHA": "2025-04-30", "DANE12_EST": "111001015911", "DANE12_SED": "111001015911", "DA_HIPOACU": 3, "DA_SORDERA": 0, "DA_LENGUAS": 0, "DA_UCASTEL": 0, "DISCAP_FIS": 17, "DISCAP_FLE": 0, "DISCAP_PCE": 0, "DI_DCOGNIT": 118, "DI_SDOWN": 0, "DIS_MULTIP": 32, "DIS_PSICOS": 4, "DV_BAJAVIS": 3, "DIS_CEGUER": 0, "T_ESPECTRO": 0, "T_VOZ_Y_HA": 0, "SISTEMICA": 0, "SORDOCEGUE": 0, "OTRA": 0, "TOT_EST_MA": 177, "AFRODESCEN": 37, "INDIGENAS": 45, "NEGRITUDES": 23, "PALENQUERO": 0, "RAIZALES": 1, "ROM": 0, "TOT_EST_ET": 106, "CAPACID_EX": 1, "DOBLE_EXCE": 0, "TE_ACTFISI": 8, "TE_ARTES": 1, "TE_CNATUR": 1, "TE_CSOCIAL": 1, "TE_LDSOCIA": 1, "TE_TECNOLO": 0, "TOT_EST_CA": 13, "TMATRIC_GE": 2595, "Zona": 1 }, "geometry": { "type": "Point", "coordinates": [ -8247075.532400000840425, 507338.401599999517202 ] } },
{ "type": "Feature", "properties": { "NOMBRE_EST": "COLEGIO LOS ALPES (IED)", "NOMBRE_SED": "BELLAVISTA", "ORDEN_DE_S": "B", "DIRECCION": "KR 9 BIS A ESTE # 38 - 90 SUR", "DISCAPACID": "FISICA-INTELECTUAL-MULTIPLE-SORDOCEGUERA", "TALENTOS_O": "TALENTO EXCEPCIONAL EN ACTIVIDAD FISICA, EJERCICIO Y DEPORTE-TALENTO EXCEPCIONAL EN TECNOLOGIA", "GRUPOS_ETN": "AFRODESCENDIENTES", "SECTOR": 2, "NATU_JUR": 9, "CALENDARIO": 1, "GENERO": 5, "COD_LOCA": "04", "ESPECIALID": 13, "CLASE_TIPO": 1, "BILINGUE": 5, "FECHA": "2025-04-30", "DANE12_EST": "111001015911", "DANE12_SED": "111001015920", "DA_HIPOACU": 0, "DA_SORDERA": 0, "DA_LENGUAS": 0, "DA_UCASTEL": 0, "DISCAP_FIS": 0, "DISCAP_FLE": 0, "DISCAP_PCE": 0, "DI_DCOGNIT": 7, "DI_SDOWN": 0, "DIS_MULTIP": 3, "DIS_PSICOS": 0, "DV_BAJAVIS": 0, "DIS_CEGUER": 0, "T_ESPECTRO": 0, "T_VOZ_Y_HA": 0, "SISTEMICA": 0, "SORDOCEGUE": 0, "OTRA": 0, "TOT_EST_MA": 10, "AFRODESCEN": 3, "INDIGENAS": 10, "NEGRITUDES": 0, "PALENQUERO": 0, "RAIZALES": 0, "ROM": 0, "TOT_EST_ET": 13, "CAPACID_EX": 0, "DOBLE_EXCE": 0, "TE_ACTFISI": 0, "TE_ARTES": 0, "TE_CNATUR": 0, "TE_CSOCIAL": 0, "TE_LDSOCIA": 0, "TE_TECNOLO": 0, "TOT_EST_CA": 0, "TMATRIC_GE": 294, "Zona": 1 }, "geometry": { "type": "Point", "coordinates": [ -8247410.604000000283122, 507073.739799998700619 ] } },
{ "type": "Feature", "properties": { "NOMBRE_EST": "COLEGIO LA BELLEZA LOS LIBERTADORES (IED)", "NOMBRE_SED": "LA BELLEZA", "ORDEN_DE_S": "A", "DIRECCION": "CL 64 SUR # 10 A - 39 ESTE", "DISCAPACID": "INTELECTUAL-MENTAL/PSICOSOCIAL-SORDOCEGUERA", "TALENTOS_O": "CAPACIDADES EXCEPCIONALES-TALENTO EXCEPCIONAL EN ACTIVIDAD FISICA, EJERCICIO Y DEPORTE-TALENTO EXCEPCIONAL EN ARTES Y LETRAS", "GRUPOS_ETN": "AFRODESCENDIENTES-INDIGENAS-NEGRITUDES", "SECTOR": 2, "NATU_JUR": 9, "CALENDARIO": 1, "GENERO": 5, "COD_LOCA": "04", "ESPECIALID": 1, "CLASE_TIPO": 1, "BILINGUE": 5, "FECHA": "2025-04-30", "DANE12_EST": "111001016004", "DANE12_SED": "111001016004", "DA_HIPOACU": 0, "DA_SORDERA": 0, "DA_LENGUAS": 0, "DA_UCASTEL": 0, "DISCAP_FIS": 2, "DISCAP_FLE": 0, "DISCAP_PCE": 0, "DI_DCOGNIT": 22, "DI_SDOWN": 0, "DIS_MULTIP": 2, "DIS_PSICOS": 0, "DV_BAJAVIS": 0, "DIS_CEGUER": 0, "T_ESPECTRO": 0, "T_VOZ_Y_HA": 0, "SISTEMICA": 0, "SORDOCEGUE": 0, "OTRA": 0, "TOT_EST_MA": 26, "AFRODESCEN": 1, "INDIGENAS": 3, "NEGRITUDES": 1, "PALENQUERO": 0, "RAIZALES": 0, "ROM": 0, "TOT_EST_ET": 5, "CAPACID_EX": 2, "DOBLE_EXCE": 0, "TE_ACTFISI": 1, "TE_ARTES": 2, "TE_CNATUR": 1, "TE_CSOCIAL": 0, "TE_LDSOCIA": 0, "TE_TECNOLO": 0, "TOT_EST_CA": 6, "TMATRIC_GE": 554, "Zona": 1 }, "geometry": { "type": "Point", "coordinates": [ -8247904.862600000575185, 504852.624800000339746 ] } },
{ "type": "Feature", "properties": { "NOMBRE_EST": "COLEGIO LA BELLEZA LOS LIBERTADORES (IED)", "NOMBRE_SED": "LOS LIBERTADORES", "ORDEN_DE_S": "B", "DIRECCION": "KR 11 C ESTE # 57 A - 12 SUR", "DISCAPACID": "AUDITIVA-FISICA-INTELECTUAL", "TALENTOS_O": "TALENTO EXCEPCIONAL EN ARTES Y LETRAS", "GRUPOS_ETN": "AFRODESCENDIENTES-INDIGENAS", "SECTOR": 2, "NATU_JUR": 9, "CALENDARIO": 1, "GENERO": 5, "COD_LOCA": "04", "ESPECIALID": 13, "CLASE_TIPO": 1, "BILINGUE": 5, "FECHA": "2025-04-30", "DANE12_EST": "111001016004", "DANE12_SED": "111001016012", "DA_HIPOACU": 1, "DA_SORDERA": 0, "DA_LENGUAS": 0, "DA_UCASTEL": 0, "DISCAP_FIS": 0, "DISCAP_FLE": 0, "DISCAP_PCE": 0, "DI_DCOGNIT": 4, "DI_SDOWN": 0, "DIS_MULTIP": 2, "DIS_PSICOS": 0, "DV_BAJAVIS": 0, "DIS_CEGUER": 0, "T_ESPECTRO": 0, "T_VOZ_Y_HA": 0, "SISTEMICA": 0, "SORDOCEGUE": 0, "OTRA": 0, "TOT_EST_MA": 7, "AFRODESCEN": 8, "INDIGENAS": 8, "NEGRITUDES": 0, "PALENQUERO": 0, "RAIZALES": 0, "ROM": 0, "TOT_EST_ET": 16, "CAPACID_EX": 1, "DOBLE_EXCE": 0, "TE_ACTFISI": 0, "TE_ARTES": 1, "TE_CNATUR": 0, "TE_CSOCIAL": 0, "TE_LDSOCIA": 0, "TE_TECNOLO": 0, "TOT_EST_CA": 2, "TMATRIC_GE": 412, "Zona": 1 }, "geometry": { "type": "Point", "coordinates": [ -8247635.469399999827147, 505126.212799999862909 ] } },
{ "type": "Feature", "properties": { "NOMBRE_EST": "COLEGIO JOSE MARIA CARBONELL (IED)", "NOMBRE_SED": "JOSE MARIA CARBONELL", "ORDEN_DE_S": "A", "DIRECCION": "KR 4 # 0 - 43", "DISCAPACID": "FISICA-INTELECTUAL-MULTIPLE", "TALENTOS_O": "TALENTO EXCEPCIONAL EN ARTES Y LETRAS-TALENTO EXCEPCIONAL EN CIENCIAS NATURALES O BASICAS", "GRUPOS_ETN": "AFRODESCENDIENTES-INDIGENAS-NEGRITUDES", "SECTOR": 2, "NATU_JUR": 9, "CALENDARIO": 1, "GENERO": 5, "COD_LOCA": "04", "ESPECIALID": 1, "CLASE_TIPO": 1, "BILINGUE": 5, "FECHA": "2025-04-30", "DANE12_EST": "111001018252", "DANE12_SED": "111001018252", "DA_HIPOACU": 0, "DA_SORDERA": 0, "DA_LENGUAS": 0, "DA_UCASTEL": 0, "DISCAP_FIS": 2, "DISCAP_FLE": 0, "DISCAP_PCE": 0, "DI_DCOGNIT": 6, "DI_SDOWN": 0, "DIS_MULTIP": 11, "DIS_PSICOS": 0, "DV_BAJAVIS": 0, "DIS_CEGUER": 0, "T_ESPECTRO": 0, "T_VOZ_Y_HA": 0, "SISTEMICA": 0, "SORDOCEGUE": 0, "OTRA": 0, "TOT_EST_MA": 19, "AFRODESCEN": 7, "INDIGENAS": 4, "NEGRITUDES": 1, "PALENQUERO": 2, "RAIZALES": 0, "ROM": 0, "TOT_EST_ET": 14, "CAPACID_EX": 0, "DOBLE_EXCE": 0, "TE_ACTFISI": 0, "TE_ARTES": 2, "TE_CNATUR": 2, "TE_CSOCIAL": 0, "TE_LDSOCIA": 0, "TE_TECNOLO": 0, "TOT_EST_CA": 4, "TMATRIC_GE": 818, "Zona": 1 }, "geometry": { "type": "Point", "coordinates": [ -8248878.908099999651313, 508078.78940000012517 ] } },
{ "type": "Feature", "properties": { "NOMBRE_EST": "COLEGIO ATENAS (IED)", "NOMBRE_SED": "ATENAS", "ORDEN_DE_S": "A", "DIRECCION": "CL 36 H SUR # 2 - 15 ESTE  --  KR 1 # 36 H - 12 SUR MJ", "DISCAPACID": "INTELECTUAL-MENTAL/PSICOSOCIAL-MULTIPLE", "TALENTOS_O": null, "GRUPOS_ETN": "AFRODESCENDIENTES-INDIGENAS-NEGRITUDES", "SECTOR": 2, "NATU_JUR": 9, "CALENDARIO": 1, "GENERO": 5, "COD_LOCA": "04", "ESPECIALID": 1, "CLASE_TIPO": 1, "BILINGUE": 5, "FECHA": "2025-04-30", "DANE12_EST": "111001018309", "DANE12_SED": "111001018309", "DA_HIPOACU": 0, "DA_SORDERA": 0, "DA_LENGUAS": 0, "DA_UCASTEL": 0, "DISCAP_FIS": 4, "DISCAP_FLE": 0, "DISCAP_PCE": 0, "DI_DCOGNIT": 21, "DI_SDOWN": 0, "DIS_MULTIP": 1, "DIS_PSICOS": 0, "DV_BAJAVIS": 1, "DIS_CEGUER": 0, "T_ESPECTRO": 0, "T_VOZ_Y_HA": 0, "SISTEMICA": 0, "SORDOCEGUE": 0, "OTRA": 0, "TOT_EST_MA": 27, "AFRODESCEN": 15, "INDIGENAS": 11, "NEGRITUDES": 4, "PALENQUERO": 0, "RAIZALES": 0, "ROM": 0, "TOT_EST_ET": 30, "CAPACID_EX": 0, "DOBLE_EXCE": 0, "TE_ACTFISI": 2, "TE_ARTES": 3, "TE_CNATUR": 0, "TE_CSOCIAL": 0, "TE_LDSOCIA": 0, "TE_TECNOLO": 0, "TOT_EST_CA": 5, "TMATRIC_GE": 822, "Zona": 1 }, "geometry": { "type": "Point", "coordinates": [ -8248077.407800000160933, 507801.841099999845028 ] } },
{ "type": "Feature", "properties": { "NOMBRE_EST": "COLEGIO JOSE JOAQUIN CASTRO MARTINEZ (IED)", "NOMBRE_SED": "JOSE JOAQUIN CASTRO MARTINEZ", "ORDEN_DE_S": "A", "DIRECCION": "CL 31 D BIS SUR # 2 - 24 ESTE", "DISCAPACID": "AUDITIVA-FISICA-INTELECTUAL-MULTIPLE-SORDOCEGUERA-VISUAL", "TALENTOS_O": "CAPACIDADES EXCEPCIONALES-TALENTO EXCEPCIONAL EN ACTIVIDAD FISICA, EJERCICIO Y DEPORTE", "GRUPOS_ETN": "AFRODESCENDIENTES-INDIGENAS-NEGRITUDES", "SECTOR": 2, "NATU_JUR": 9, "CALENDARIO": 1, "GENERO": 5, "COD_LOCA": "04", "ESPECIALID": 1, "CLASE_TIPO": 1, "BILINGUE": 5, "FECHA": "2025-04-30", "DANE12_EST": "111001018325", "DANE12_SED": "111001018325", "DA_HIPOACU": 1, "DA_SORDERA": 0, "DA_LENGUAS": 0, "DA_UCASTEL": 0, "DISCAP_FIS": 1, "DISCAP_FLE": 0, "DISCAP_PCE": 0, "DI_DCOGNIT": 10, "DI_SDOWN": 0, "DIS_MULTIP": 4, "DIS_PSICOS": 0, "DV_BAJAVIS": 1, "DIS_CEGUER": 0, "T_ESPECTRO": 0, "T_VOZ_Y_HA": 0, "SISTEMICA": 0, "SORDOCEGUE": 0, "OTRA": 0, "TOT_EST_MA": 17, "AFRODESCEN": 7, "INDIGENAS": 40, "NEGRITUDES": 5, "PALENQUERO": 0, "RAIZALES": 0, "ROM": 0, "TOT_EST_ET": 52, "CAPACID_EX": 1, "DOBLE_EXCE": 0, "TE_ACTFISI": 0, "TE_ARTES": 0, "TE_CNATUR": 0, "TE_CSOCIAL": 0, "TE_LDSOCIA": 0, "TE_TECNOLO": 0, "TOT_EST_CA": 1, "TMATRIC_GE": 644, "Zona": 1 }, "geometry": { "type": "Point", "coordinates": [ -8247983.899399999529123, 508127.925400000065565 ] } },
{ "type": "Feature", "properties": { "NOMBRE_EST": "COLEGIO JOSE JOAQUIN CASTRO MARTINEZ (IED)", "NOMBRE_SED": "SAN VICENTE SURORIENTAL", "ORDEN_DE_S": "B", "DIRECCION": "TV 6 C ESTE # 33 - 30 SUR  --  TV 6 ESTE # 33 - 30 SUR", "DISCAPACID": "FISICA-INTELECTUAL-MENTAL/PSICOSOCIAL-MULTIPLE", "TALENTOS_O": "TALENTO EXCEPCIONAL EN ACTIVIDAD FISICA, EJERCICIO Y DEPORTE-TALENTO EXCEPCIONAL EN ARTES Y LETRAS-TALENTO EXCEPCIONAL EN TECNOLOGIA", "GRUPOS_ETN": "AFRODESCENDIENTES-INDIGENAS-NEGRITUDES", "SECTOR": 2, "NATU_JUR": 9, "CALENDARIO": 1, "GENERO": 5, "COD_LOCA": "04", "ESPECIALID": 13, "CLASE_TIPO": 1, "BILINGUE": 5, "FECHA": "2025-04-30", "DANE12_EST": "111001018325", "DANE12_SED": "111001020451", "DA_HIPOACU": 0, "DA_SORDERA": 0, "DA_LENGUAS": 0, "DA_UCASTEL": 0, "DISCAP_FIS": 1, "DISCAP_FLE": 0, "DISCAP_PCE": 0, "DI_DCOGNIT": 3, "DI_SDOWN": 0, "DIS_MULTIP": 1, "DIS_PSICOS": 0, "DV_BAJAVIS": 0, "DIS_CEGUER": 0, "T_ESPECTRO": 0, "T_VOZ_Y_HA": 0, "SISTEMICA": 0, "SORDOCEGUE": 0, "OTRA": 0, "TOT_EST_MA": 5, "AFRODESCEN": 1, "INDIGENAS": 7, "NEGRITUDES": 0, "PALENQUERO": 0, "RAIZALES": 0, "ROM": 0, "TOT_EST_ET": 8, "CAPACID_EX": 0, "DOBLE_EXCE": 0, "TE_ACTFISI": 1, "TE_ARTES": 1, "TE_CNATUR": 0, "TE_CSOCIAL": 0, "TE_LDSOCIA": 0, "TE_TECNOLO": 0, "TOT_EST_CA": 2, "TMATRIC_GE": 295, "Zona": 1 }, "geometry": { "type": "Point", "coordinates": [ -8247487.4145, 507663.367400001734495 ] } },
{ "type": "Feature", "properties": { "NOMBRE_EST": "COLEGIO EL RODEO (IED)", "NOMBRE_SED": "EL RODEO", "ORDEN_DE_S": "A", "DIRECCION": "CL 40 A SUR # 2 - 56 ESTE", "DISCAPACID": "INTELECTUAL-MENTAL/PSICOSOCIAL-VISUAL", "TALENTOS_O": "TALENTO EXCEPCIONAL EN ACTIVIDAD FISICA, EJERCICIO Y DEPORTE-TALENTO EXCEPCIONAL EN ARTES Y LETRAS", "GRUPOS_ETN": "AFRODESCENDIENTES-INDIGENAS-NEGRITUDES", "SECTOR": 2, "NATU_JUR": 9, "CALENDARIO": 1, "GENERO": 5, "COD_LOCA": "04", "ESPECIALID": 1, "CLASE_TIPO": 1, "BILINGUE": 5, "FECHA": "2025-04-30", "DANE12_EST": "111001018333", "DANE12_SED": "111001018333", "DA_HIPOACU": 2, "DA_SORDERA": 0, "DA_LENGUAS": 0, "DA_UCASTEL": 0, "DISCAP_FIS": 0, "DISCAP_FLE": 0, "DISCAP_PCE": 0, "DI_DCOGNIT": 11, "DI_SDOWN": 0, "DIS_MULTIP": 3, "DIS_PSICOS": 9, "DV_BAJAVIS": 2, "DIS_CEGUER": 0, "T_ESPECTRO": 0, "T_VOZ_Y_HA": 0, "SISTEMICA": 0, "SORDOCEGUE": 0, "OTRA": 0, "TOT_EST_MA": 27, "AFRODESCEN": 10, "INDIGENAS": 3, "NEGRITUDES": 7, "PALENQUERO": 0, "RAIZALES": 1, "ROM": 0, "TOT_EST_ET": 21, "CAPACID_EX": 0, "DOBLE_EXCE": 0, "TE_ACTFISI": 14, "TE_ARTES": 7, "TE_CNATUR": 0, "TE_CSOCIAL": 1, "TE_LDSOCIA": 0, "TE_TECNOLO": 0, "TOT_EST_CA": 22, "TMATRIC_GE": 1180, "Zona": 1 }, "geometry": { "type": "Point", "coordinates": [ -8248244.387000000104308, 507183.17790000140667 ] } },
{ "type": "Feature", "properties": { "NOMBRE_EST": "COLEGIO EL RODEO (IED)", "NOMBRE_SED": "LA GLORIA", "ORDEN_DE_S": "B", "DIRECCION": "CL 44 SUR # 6 - 74 ESTE", "DISCAPACID": "INTELECTUAL-MULTIPLE", "TALENTOS_O": "TALENTO EXCEPCIONAL EN ACTIVIDAD FISICA, EJERCICIO Y DEPORTE-TALENTO EXCEPCIONAL EN ARTES Y LETRAS", "GRUPOS_ETN": "AFRODESCENDIENTES-INDIGENAS-NEGRITUDES", "SECTOR": 2, "NATU_JUR": 9, "CALENDARIO": 1, "GENERO": 5, "COD_LOCA": "04", "ESPECIALID": 13, "CLASE_TIPO": 1, "BILINGUE": 5, "FECHA": "2025-04-30", "DANE12_EST": "111001018333", "DANE12_SED": "111001016284", "DA_HIPOACU": 1, "DA_SORDERA": 0, "DA_LENGUAS": 0, "DA_UCASTEL": 0, "DISCAP_FIS": 0, "DISCAP_FLE": 0, "DISCAP_PCE": 0, "DI_DCOGNIT": 4, "DI_SDOWN": 0, "DIS_MULTIP": 3, "DIS_PSICOS": 0, "DV_BAJAVIS": 0, "DIS_CEGUER": 0, "T_ESPECTRO": 0, "T_VOZ_Y_HA": 0, "SISTEMICA": 0, "SORDOCEGUE": 0, "OTRA": 0, "TOT_EST_MA": 8, "AFRODESCEN": 3, "INDIGENAS": 1, "NEGRITUDES": 2, "PALENQUERO": 0, "RAIZALES": 0, "ROM": 0, "TOT_EST_ET": 6, "CAPACID_EX": 0, "DOBLE_EXCE": 0, "TE_ACTFISI": 4, "TE_ARTES": 2, "TE_CNATUR": 0, "TE_CSOCIAL": 0, "TE_LDSOCIA": 0, "TE_TECNOLO": 0, "TOT_EST_CA": 6, "TMATRIC_GE": 341, "Zona": 1 }, "geometry": { "type": "Point", "coordinates": [ -8247951.616699999198318, 506586.85359999909997 ] } },
{ "type": "Feature", "properties": { "NOMBRE_EST": "COLEGIO FRANCISCO JAVIER MATIZ (IED)", "NOMBRE_SED": "FRANCISCO JAVIER MATIZ", "ORDEN_DE_S": "A", "DIRECCION": "KR 2 A # 29 A - 29 SUR", "DISCAPACID": "AUDITIVA-FISICA-INTELECTUAL-MENTAL/PSICOSOCIAL-MULTIPLE", "TALENTOS_O": "TALENTO EXCEPCIONAL EN ACTIVIDAD FISICA, EJERCICIO Y DEPORTE-TALENTO EXCEPCIONAL EN ARTES Y LETRAS", "GRUPOS_ETN": "AFRODESCENDIENTES-INDIGENAS-NEGRITUDES", "SECTOR": 2, "NATU_JUR": 9, "CALENDARIO": 1, "GENERO": 5, "COD_LOCA": "04", "ESPECIALID": 1, "CLASE_TIPO": 1, "BILINGUE": 5, "FECHA": "2025-04-30", "DANE12_EST": "111001018341", "DANE12_SED": "111001018341", "DA_HIPOACU": 1, "DA_SORDERA": 0, "DA_LENGUAS": 0, "DA_UCASTEL": 0, "DISCAP_FIS": 2, "DISCAP_FLE": 0, "DISCAP_PCE": 0, "DI_DCOGNIT": 13, "DI_SDOWN": 0, "DIS_MULTIP": 1, "DIS_PSICOS": 1, "DV_BAJAVIS": 0, "DIS_CEGUER": 0, "T_ESPECTRO": 0, "T_VOZ_Y_HA": 0, "SISTEMICA": 0, "SORDOCEGUE": 0, "OTRA": 0, "TOT_EST_MA": 18, "AFRODESCEN": 4, "INDIGENAS": 2, "NEGRITUDES": 3, "PALENQUERO": 0, "RAIZALES": 0, "ROM": 0, "TOT_EST_ET": 9, "CAPACID_EX": 0, "DOBLE_EXCE": 0, "TE_ACTFISI": 2, "TE_ARTES": 3, "TE_CNATUR": 0, "TE_CSOCIAL": 0, "TE_LDSOCIA": 0, "TE_TECNOLO": 0, "TOT_EST_CA": 5, "TMATRIC_GE": 552, "Zona": 1 }, "geometry": { "type": "Point", "coordinates": [ -8248039.559100000187755, 508735.428599998354912 ] } },
{ "type": "Feature", "properties": { "NOMBRE_EST": "COLEGIO FRANCISCO JAVIER MATIZ (IED)", "NOMBRE_SED": "SURAMERICA", "ORDEN_DE_S": "B", "DIRECCION": "KR 3 B # 30 A - 42 SUR  --  KRA 3 D # 30 A - 42 SUR", "DISCAPACID": "AUDITIVA-INTELECTUAL-MENTAL/PSICOSOCIAL-MULTIPLE-VISUAL", "TALENTOS_O": "TALENTO EXCEPCIONAL EN CIENCIAS SOCIALES O HUMANAS", "GRUPOS_ETN": "INDIGENAS-NEGRITUDES", "SECTOR": 2, "NATU_JUR": 9, "CALENDARIO": 1, "GENERO": 5, "COD_LOCA": "04", "ESPECIALID": 13, "CLASE_TIPO": 1, "BILINGUE": 5, "FECHA": "2025-04-30", "DANE12_EST": "111001018341", "DANE12_SED": "111001018414", "DA_HIPOACU": 3, "DA_SORDERA": 0, "DA_LENGUAS": 0, "DA_UCASTEL": 0, "DISCAP_FIS": 0, "DISCAP_FLE": 0, "DISCAP_PCE": 0, "DI_DCOGNIT": 5, "DI_SDOWN": 0, "DIS_MULTIP": 6, "DIS_PSICOS": 0, "DV_BAJAVIS": 1, "DIS_CEGUER": 0, "T_ESPECTRO": 0, "T_VOZ_Y_HA": 0, "SISTEMICA": 0, "SORDOCEGUE": 0, "OTRA": 0, "TOT_EST_MA": 15, "AFRODESCEN": 6, "INDIGENAS": 3, "NEGRITUDES": 0, "PALENQUERO": 0, "RAIZALES": 0, "ROM": 0, "TOT_EST_ET": 9, "CAPACID_EX": 1, "DOBLE_EXCE": 0, "TE_ACTFISI": 4, "TE_ARTES": 1, "TE_CNATUR": 0, "TE_CSOCIAL": 0, "TE_LDSOCIA": 0, "TE_TECNOLO": 0, "TOT_EST_CA": 6, "TMATRIC_GE": 568, "Zona": 1 }, "geometry": { "type": "Point", "coordinates": [ -8248205.425200000405312, 508828.117899999022484 ] } },
{ "type": "Feature", "properties": { "NOMBRE_EST": "COLEGIO LA VICTORIA (IED)", "NOMBRE_SED": "LA VICTORIA", "ORDEN_DE_S": "A", "DIRECCION": "KR 3 B ESTE # 38 - 25 SUR", "DISCAPACID": "AUDITIVA-INTELECTUAL-MENTAL/PSICOSOCIAL-MULTIPLE", "TALENTOS_O": "CAPACIDADES EXCEPCIONALES-TALENTO EXCEPCIONAL EN ACTIVIDAD FISICA, EJERCICIO Y DEPORTE-TALENTO EXCEPCIONAL EN CIENCIAS SOCIALES O HUMANAS", "GRUPOS_ETN": "AFRODESCENDIENTES-INDIGENAS-NEGRITUDES", "SECTOR": 2, "NATU_JUR": 9, "CALENDARIO": 1, "GENERO": 5, "COD_LOCA": "04", "ESPECIALID": 1, "CLASE_TIPO": 1, "BILINGUE": 5, "FECHA": "2025-04-30", "DANE12_EST": "111001018368", "DANE12_SED": "111001018368", "DA_HIPOACU": 1, "DA_SORDERA": 0, "DA_LENGUAS": 0, "DA_UCASTEL": 0, "DISCAP_FIS": 0, "DISCAP_FLE": 0, "DISCAP_PCE": 0, "DI_DCOGNIT": 41, "DI_SDOWN": 0, "DIS_MULTIP": 10, "DIS_PSICOS": 5, "DV_BAJAVIS": 1, "DIS_CEGUER": 0, "T_ESPECTRO": 0, "T_VOZ_Y_HA": 0, "SISTEMICA": 0, "SORDOCEGUE": 0, "OTRA": 0, "TOT_EST_MA": 58, "AFRODESCEN": 16, "INDIGENAS": 4, "NEGRITUDES": 14, "PALENQUERO": 0, "RAIZALES": 0, "ROM": 0, "TOT_EST_ET": 34, "CAPACID_EX": 0, "DOBLE_EXCE": 0, "TE_ACTFISI": 3, "TE_ARTES": 1, "TE_CNATUR": 1, "TE_CSOCIAL": 0, "TE_LDSOCIA": 0, "TE_TECNOLO": 0, "TOT_EST_CA": 5, "TMATRIC_GE": 948, "Zona": 1 }, "geometry": { "type": "Point", "coordinates": [ -8248042.898700000718236, 507289.265999998897314 ] } },
{ "type": "Feature", "properties": { "NOMBRE_EST": "COLEGIO LA VICTORIA (IED)", "NOMBRE_SED": "SANTAFEREÑA I", "ORDEN_DE_S": "B", "DIRECCION": "KR 3 A ESTE # 37 A - 59 SUR", "DISCAPACID": "FISICA-INTELECTUAL-MENTAL/PSICOSOCIAL-MULTIPLE", "TALENTOS_O": "TALENTO EXCEPCIONAL EN ACTIVIDAD FISICA, EJERCICIO Y DEPORTE", "GRUPOS_ETN": "AFRODESCENDIENTES-INDIGENAS-NEGRITUDES", "SECTOR": 2, "NATU_JUR": 9, "CALENDARIO": 1, "GENERO": 5, "COD_LOCA": "04", "ESPECIALID": 13, "CLASE_TIPO": 1, "BILINGUE": 5, "FECHA": "2025-04-30", "DANE12_EST": "111001018368", "DANE12_SED": "111001018406", "DA_HIPOACU": 1, "DA_SORDERA": 0, "DA_LENGUAS": 0, "DA_UCASTEL": 0, "DISCAP_FIS": 3, "DISCAP_FLE": 0, "DISCAP_PCE": 0, "DI_DCOGNIT": 21, "DI_SDOWN": 0, "DIS_MULTIP": 7, "DIS_PSICOS": 0, "DV_BAJAVIS": 0, "DIS_CEGUER": 0, "T_ESPECTRO": 0, "T_VOZ_Y_HA": 0, "SISTEMICA": 0, "SORDOCEGUE": 0, "OTRA": 0, "TOT_EST_MA": 32, "AFRODESCEN": 5, "INDIGENAS": 5, "NEGRITUDES": 1, "PALENQUERO": 0, "RAIZALES": 0, "ROM": 0, "TOT_EST_ET": 11, "CAPACID_EX": 0, "DOBLE_EXCE": 0, "TE_ACTFISI": 3, "TE_ARTES": 1, "TE_CNATUR": 0, "TE_CSOCIAL": 0, "TE_LDSOCIA": 0, "TE_TECNOLO": 1, "TOT_EST_CA": 5, "TMATRIC_GE": 758, "Zona": 1 }, "geometry": { "type": "Point", "coordinates": [ -8248078.520999999716878, 507511.493200000375509 ] } },
{ "type": "Feature", "properties": { "NOMBRE_EST": "COLEGIO SAN ISIDRO SUR ORIENTAL (IED)", "NOMBRE_SED": "SAN ISIDRO SUR ORIENTAL", "ORDEN_DE_S": "A", "DIRECCION": "CL 34 SUR # 7 A - 88", "DISCAPACID": "AUDITIVA-INTELECTUAL-MENTAL/PSICOSOCIAL", "TALENTOS_O": "TALENTO EXCEPCIONAL EN ACTIVIDAD FISICA, EJERCICIO Y DEPORTE", "GRUPOS_ETN": "AFRODESCENDIENTES-INDIGENAS-NEGRITUDES", "SECTOR": 2, "NATU_JUR": 9, "CALENDARIO": 1, "GENERO": 5, "COD_LOCA": "04", "ESPECIALID": 1, "CLASE_TIPO": 1, "BILINGUE": 5, "FECHA": "2025-04-30", "DANE12_EST": "111001018384", "DANE12_SED": "111001018384", "DA_HIPOACU": 0, "DA_SORDERA": 0, "DA_LENGUAS": 0, "DA_UCASTEL": 0, "DISCAP_FIS": 0, "DISCAP_FLE": 0, "DISCAP_PCE": 0, "DI_DCOGNIT": 5, "DI_SDOWN": 0, "DIS_MULTIP": 2, "DIS_PSICOS": 2, "DV_BAJAVIS": 0, "DIS_CEGUER": 0, "T_ESPECTRO": 0, "T_VOZ_Y_HA": 0, "SISTEMICA": 0, "SORDOCEGUE": 0, "OTRA": 0, "TOT_EST_MA": 9, "AFRODESCEN": 5, "INDIGENAS": 1, "NEGRITUDES": 3, "PALENQUERO": 0, "RAIZALES": 0, "ROM": 0, "TOT_EST_ET": 9, "CAPACID_EX": 0, "DOBLE_EXCE": 0, "TE_ACTFISI": 3, "TE_ARTES": 0, "TE_CNATUR": 2, "TE_CSOCIAL": 0, "TE_LDSOCIA": 0, "TE_TECNOLO": 0, "TOT_EST_CA": 5, "TMATRIC_GE": 806, "Zona": 1 }, "geometry": { "type": "Point", "coordinates": [ -8248896.719200000166893, 508778.981300000101328 ] } },
{ "type": "Feature", "properties": { "NOMBRE_EST": "COLEGIO SAN ISIDRO SUR ORIENTAL (IED)", "NOMBRE_SED": "OMAR TORRIJOS", "ORDEN_DE_S": "B", "DIRECCION": "KR 7 A # 35 A - 12 SUR", "DISCAPACID": "INTELECTUAL", "TALENTOS_O": "CAPACIDADES EXCEPCIONALES-TALENTO EXCEPCIONAL EN LIDERAZGO SOCIAL Y EMPRENDIMIENTO", "GRUPOS_ETN": "INDIGENAS-NEGRITUDES", "SECTOR": 2, "NATU_JUR": 9, "CALENDARIO": 1, "GENERO": 5, "COD_LOCA": "04", "ESPECIALID": 13, "CLASE_TIPO": 1, "BILINGUE": 5, "FECHA": "2025-04-30", "DANE12_EST": "111001018384", "DANE12_SED": "111001035548", "DA_HIPOACU": 0, "DA_SORDERA": 0, "DA_LENGUAS": 0, "DA_UCASTEL": 0, "DISCAP_FIS": 0, "DISCAP_FLE": 0, "DISCAP_PCE": 0, "DI_DCOGNIT": 4, "DI_SDOWN": 0, "DIS_MULTIP": 1, "DIS_PSICOS": 0, "DV_BAJAVIS": 0, "DIS_CEGUER": 0, "T_ESPECTRO": 0, "T_VOZ_Y_HA": 0, "SISTEMICA": 0, "SORDOCEGUE": 0, "OTRA": 0, "TOT_EST_MA": 5, "AFRODESCEN": 3, "INDIGENAS": 4, "NEGRITUDES": 0, "PALENQUERO": 0, "RAIZALES": 0, "ROM": 0, "TOT_EST_ET": 7, "CAPACID_EX": 2, "DOBLE_EXCE": 0, "TE_ACTFISI": 0, "TE_ARTES": 1, "TE_CNATUR": 0, "TE_CSOCIAL": 0, "TE_LDSOCIA": 0, "TE_TECNOLO": 0, "TOT_EST_CA": 3, "TMATRIC_GE": 377, "Zona": 1 }, "geometry": { "type": "Point", "coordinates": [ -8248994.680400000885129, 508604.770300000905991 ] } },
{ "type": "Feature", "properties": { "NOMBRE_EST": "COLEGIO ENTRE NUBES SUR ORIENTAL (IED)", "NOMBRE_SED": "ANIBAL FERNANDEZ DE SOTO", "ORDEN_DE_S": "A", "DIRECCION": "CL 43 B SUR # 1 D - 03 ESTE", "DISCAPACID": "AUDITIVA-FISICA-INTELECTUAL-MENTAL/PSICOSOCIAL-MULTIPLE-SORDOCEGUERA-VISUAL", "TALENTOS_O": "TALENTO EXCEPCIONAL EN ACTIVIDAD FISICA, EJERCICIO Y DEPORTE-TALENTO EXCEPCIONAL EN ARTES Y LETRAS-TALENTO EXCEPCIONAL EN TECNOLOGIA", "GRUPOS_ETN": "AFRODESCENDIENTES-NEGRITUDES", "SECTOR": 2, "NATU_JUR": 9, "CALENDARIO": 1, "GENERO": 5, "COD_LOCA": "04", "ESPECIALID": 1, "CLASE_TIPO": 1, "BILINGUE": 5, "FECHA": "2025-04-30", "DANE12_EST": "111001020443", "DANE12_SED": "111001020443", "DA_HIPOACU": 3, "DA_SORDERA": 0, "DA_LENGUAS": 0, "DA_UCASTEL": 0, "DISCAP_FIS": 2, "DISCAP_FLE": 0, "DISCAP_PCE": 0, "DI_DCOGNIT": 25, "DI_SDOWN": 0, "DIS_MULTIP": 4, "DIS_PSICOS": 0, "DV_BAJAVIS": 0, "DIS_CEGUER": 0, "T_ESPECTRO": 0, "T_VOZ_Y_HA": 0, "SISTEMICA": 0, "SORDOCEGUE": 0, "OTRA": 0, "TOT_EST_MA": 34, "AFRODESCEN": 9, "INDIGENAS": 2, "NEGRITUDES": 10, "PALENQUERO": 0, "RAIZALES": 0, "ROM": 0, "TOT_EST_ET": 21, "CAPACID_EX": 0, "DOBLE_EXCE": 0, "TE_ACTFISI": 0, "TE_ARTES": 0, "TE_CNATUR": 0, "TE_CSOCIAL": 0, "TE_LDSOCIA": 0, "TE_TECNOLO": 1, "TOT_EST_CA": 1, "TMATRIC_GE": 461, "Zona": 1 }, "geometry": { "type": "Point", "coordinates": [ -8248497.0822, 506816.895799998193979 ] } },
{ "type": "Feature", "properties": { "NOMBRE_EST": "COLEGIO ENTRE NUBES SUR ORIENTAL (IED)", "NOMBRE_SED": "LA PENINSULA", "ORDEN_DE_S": "B", "DIRECCION": "CL 48 A SUR # 0 - 50 ESTE  --  CL 48 B SUR # 1 - 39 ESTE", "DISCAPACID": "FISICA-INTELECTUAL-MENTAL/PSICOSOCIAL-MULTIPLE", "TALENTOS_O": "TALENTO EXCEPCIONAL EN ACTIVIDAD FISICA, EJERCICIO Y DEPORTE-TALENTO EXCEPCIONAL EN ARTES Y LETRAS-TALENTO EXCEPCIONAL EN CIENCIAS SOCIALES O HUMANAS", "GRUPOS_ETN": "AFRODESCENDIENTES-INDIGENAS", "SECTOR": 2, "NATU_JUR": 9, "CALENDARIO": 1, "GENERO": 5, "COD_LOCA": "04", "ESPECIALID": 13, "CLASE_TIPO": 1, "BILINGUE": 5, "FECHA": "2025-04-30", "DANE12_EST": "111001020443", "DANE12_SED": "111001029106", "DA_HIPOACU": 0, "DA_SORDERA": 0, "DA_LENGUAS": 0, "DA_UCASTEL": 0, "DISCAP_FIS": 0, "DISCAP_FLE": 0, "DISCAP_PCE": 0, "DI_DCOGNIT": 4, "DI_SDOWN": 0, "DIS_MULTIP": 4, "DIS_PSICOS": 0, "DV_BAJAVIS": 0, "DIS_CEGUER": 0, "T_ESPECTRO": 0, "T_VOZ_Y_HA": 0, "SISTEMICA": 0, "SORDOCEGUE": 0, "OTRA": 0, "TOT_EST_MA": 8, "AFRODESCEN": 3, "INDIGENAS": 0, "NEGRITUDES": 0, "PALENQUERO": 0, "RAIZALES": 0, "ROM": 0, "TOT_EST_ET": 3, "CAPACID_EX": 0, "DOBLE_EXCE": 0, "TE_ACTFISI": 1, "TE_ARTES": 2, "TE_CNATUR": 0, "TE_CSOCIAL": 0, "TE_LDSOCIA": 0, "TE_TECNOLO": 0, "TOT_EST_CA": 3, "TMATRIC_GE": 253, "Zona": 1 }, "geometry": { "type": "Point", "coordinates": [ -8248875.568499999120831, 506620.354899998754263 ] } },
{ "type": "Feature", "properties": { "NOMBRE_EST": "COLEGIO ENTRE NUBES SUR ORIENTAL (IED)", "NOMBRE_SED": "CANADA GÜIRA", "ORDEN_DE_S": "C", "DIRECCION": "CL 48 SUR # 2 - 99/27 ESTE", "DISCAPACID": "AUDITIVA-FISICA-INTELECTUAL-MENTAL/PSICOSOCIAL-MULTIPLE", "TALENTOS_O": "TALENTO EXCEPCIONAL EN TECNOLOGIA", "GRUPOS_ETN": "AFRODESCENDIENTES-INDIGENAS-NEGRITUDES", "SECTOR": 2, "NATU_JUR": 9, "CALENDARIO": 1, "GENERO": 5, "COD_LOCA": "04", "ESPECIALID": 13, "CLASE_TIPO": 1, "BILINGUE": 5, "FECHA": "2025-04-30", "DANE12_EST": "111001020443", "DANE12_SED": "111001032468", "DA_HIPOACU": 2, "DA_SORDERA": 0, "DA_LENGUAS": 0, "DA_UCASTEL": 0, "DISCAP_FIS": 2, "DISCAP_FLE": 0, "DISCAP_PCE": 0, "DI_DCOGNIT": 8, "DI_SDOWN": 0, "DIS_MULTIP": 4, "DIS_PSICOS": 2, "DV_BAJAVIS": 0, "DIS_CEGUER": 0, "T_ESPECTRO": 0, "T_VOZ_Y_HA": 0, "SISTEMICA": 0, "SORDOCEGUE": 0, "OTRA": 0, "TOT_EST_MA": 18, "AFRODESCEN": 4, "INDIGENAS": 2, "NEGRITUDES": 3, "PALENQUERO": 0, "RAIZALES": 0, "ROM": 0, "TOT_EST_ET": 9, "CAPACID_EX": 0, "DOBLE_EXCE": 0, "TE_ACTFISI": 0, "TE_ARTES": 0, "TE_CNATUR": 0, "TE_CSOCIAL": 0, "TE_LDSOCIA": 0, "TE_TECNOLO": 0, "TOT_EST_CA": 0, "TMATRIC_GE": 286, "Zona": 1 }, "geometry": { "type": "Point", "coordinates": [ -8248630.6656, 506402.596999999135733 ] } },
{ "type": "Feature", "properties": { "NOMBRE_EST": "COLEGIO ENTRE NUBES SUR ORIENTAL (IED)", "NOMBRE_SED": "SANTA RITA SUR ORIENTAL", "ORDEN_DE_S": "D", "DIRECCION": "TV 5 ESTE # 48 - 00 SUR", "DISCAPACID": null, "TALENTOS_O": null, "GRUPOS_ETN": null, "SECTOR": 2, "NATU_JUR": 9, "CALENDARIO": 1, "GENERO": 5, "COD_LOCA": "04", "ESPECIALID": 13, "CLASE_TIPO": 1, "BILINGUE": 5, "FECHA": "2025-04-30", "DANE12_EST": "111001020443", "DANE12_SED": "111001041548", "DA_HIPOACU": 0, "DA_SORDERA": 0, "DA_LENGUAS": 0, "DA_UCASTEL": 0, "DISCAP_FIS": 0, "DISCAP_FLE": 0, "DISCAP_PCE": 0, "DI_DCOGNIT": 3, "DI_SDOWN": 0, "DIS_MULTIP": 1, "DIS_PSICOS": 0, "DV_BAJAVIS": 0, "DIS_CEGUER": 0, "T_ESPECTRO": 0, "T_VOZ_Y_HA": 0, "SISTEMICA": 0, "SORDOCEGUE": 0, "OTRA": 0, "TOT_EST_MA": 4, "AFRODESCEN": 3, "INDIGENAS": 0, "NEGRITUDES": 0, "PALENQUERO": 0, "RAIZALES": 0, "ROM": 0, "TOT_EST_ET": 3, "CAPACID_EX": 0, "DOBLE_EXCE": 0, "TE_ACTFISI": 2, "TE_ARTES": 2, "TE_CNATUR": 0, "TE_CSOCIAL": 0, "TE_LDSOCIA": 0, "TE_TECNOLO": 0, "TOT_EST_CA": 4, "TMATRIC_GE": 139, "Zona": 1 }, "geometry": { "type": "Point", "coordinates": [ -8248076.294600000604987, 506054.185699999332428 ] } },
{ "type": "Feature", "properties": { "NOMBRE_EST": "COLEGIO MORALBA SURORIENTAL (IED)", "NOMBRE_SED": "MORALBA SURORIENTAL", "ORDEN_DE_S": "A", "DIRECCION": "CL 43 SUR TV 16 ESTE -- KR 16 A ESTE # 42 C - 80 SUR", "DISCAPACID": "INTELECTUAL-MENTAL/PSICOSOCIAL-MULTIPLE", "TALENTOS_O": null, "GRUPOS_ETN": "AFRODESCENDIENTES-INDIGENAS", "SECTOR": 2, "NATU_JUR": 9, "CALENDARIO": 1, "GENERO": 5, "COD_LOCA": "04", "ESPECIALID": 1, "CLASE_TIPO": 1, "BILINGUE": 5, "FECHA": "2025-04-30", "DANE12_EST": "111001024686", "DANE12_SED": "111001024686", "DA_HIPOACU": 0, "DA_SORDERA": 0, "DA_LENGUAS": 0, "DA_UCASTEL": 0, "DISCAP_FIS": 1, "DISCAP_FLE": 0, "DISCAP_PCE": 0, "DI_DCOGNIT": 9, "DI_SDOWN": 0, "DIS_MULTIP": 2, "DIS_PSICOS": 1, "DV_BAJAVIS": 0, "DIS_CEGUER": 0, "T_ESPECTRO": 0, "T_VOZ_Y_HA": 0, "SISTEMICA": 0, "SORDOCEGUE": 0, "OTRA": 0, "TOT_EST_MA": 13, "AFRODESCEN": 48, "INDIGENAS": 6, "NEGRITUDES": 1, "PALENQUERO": 0, "RAIZALES": 0, "ROM": 0, "TOT_EST_ET": 55, "CAPACID_EX": 1, "DOBLE_EXCE": 0, "TE_ACTFISI": 0, "TE_ARTES": 0, "TE_CNATUR": 0, "TE_CSOCIAL": 0, "TE_LDSOCIA": 0, "TE_TECNOLO": 0, "TOT_EST_CA": 1, "TMATRIC_GE": 774, "Zona": 1 }, "geometry": { "type": "Point", "coordinates": [ -8246609.103700000792742, 506088.803399998694658 ] } },
{ "type": "Feature", "properties": { "NOMBRE_EST": "COLEGIO MORALBA SURORIENTAL (IED)", "NOMBRE_SED": "EL QUINDIO", "ORDEN_DE_S": "B", "DIRECCION": "CL 46 G SUR # 16 A - 05 ESTE", "DISCAPACID": "INTELECTUAL", "TALENTOS_O": null, "GRUPOS_ETN": "AFRODESCENDIENTES-INDIGENAS-ROM", "SECTOR": 2, "NATU_JUR": 9, "CALENDARIO": 1, "GENERO": 5, "COD_LOCA": "04", "ESPECIALID": 13, "CLASE_TIPO": 1, "BILINGUE": 5, "FECHA": "2025-04-30", "DANE12_EST": "111001024686", "DANE12_SED": "111001012289", "DA_HIPOACU": 0, "DA_SORDERA": 0, "DA_LENGUAS": 0, "DA_UCASTEL": 0, "DISCAP_FIS": 0, "DISCAP_FLE": 0, "DISCAP_PCE": 0, "DI_DCOGNIT": 3, "DI_SDOWN": 0, "DIS_MULTIP": 0, "DIS_PSICOS": 0, "DV_BAJAVIS": 0, "DIS_CEGUER": 0, "T_ESPECTRO": 0, "T_VOZ_Y_HA": 0, "SISTEMICA": 0, "SORDOCEGUE": 0, "OTRA": 0, "TOT_EST_MA": 3, "AFRODESCEN": 15, "INDIGENAS": 2, "NEGRITUDES": 0, "PALENQUERO": 0, "RAIZALES": 0, "ROM": 0, "TOT_EST_ET": 17, "CAPACID_EX": 0, "DOBLE_EXCE": 0, "TE_ACTFISI": 1, "TE_ARTES": 1, "TE_CNATUR": 0, "TE_CSOCIAL": 0, "TE_LDSOCIA": 0, "TE_TECNOLO": 0, "TOT_EST_CA": 2, "TMATRIC_GE": 286, "Zona": 1 }, "geometry": { "type": "Point", "coordinates": [ -8246859.572499999776483, 505652.174499999731779 ] } },
{ "type": "Feature", "properties": { "NOMBRE_EST": "COLEGIO MORALBA SURORIENTAL (IED)", "NOMBRE_SED": "FUNDACION EL CONSUELO", "ORDEN_DE_S": "C", "DIRECCION": "KR 15 ESTE # 46 - 60 SUR", "DISCAPACID": "INTELECTUAL", "TALENTOS_O": null, "GRUPOS_ETN": "AFRODESCENDIENTES", "SECTOR": 2, "NATU_JUR": 9, "CALENDARIO": 1, "GENERO": 5, "COD_LOCA": "04", "ESPECIALID": 13, "CLASE_TIPO": 1, "BILINGUE": 5, "FECHA": "2025-04-30", "DANE12_EST": "111001024686", "DANE12_SED": "111001012319", "DA_HIPOACU": 1, "DA_SORDERA": 0, "DA_LENGUAS": 0, "DA_UCASTEL": 0, "DISCAP_FIS": 0, "DISCAP_FLE": 0, "DISCAP_PCE": 0, "DI_DCOGNIT": 0, "DI_SDOWN": 0, "DIS_MULTIP": 0, "DIS_PSICOS": 0, "DV_BAJAVIS": 0, "DIS_CEGUER": 0, "T_ESPECTRO": 0, "T_VOZ_Y_HA": 0, "SISTEMICA": 0, "SORDOCEGUE": 0, "OTRA": 0, "TOT_EST_MA": 1, "AFRODESCEN": 0, "INDIGENAS": 0, "NEGRITUDES": 0, "PALENQUERO": 0, "RAIZALES": 0, "ROM": 0, "TOT_EST_ET": 0, "CAPACID_EX": 0, "DOBLE_EXCE": 0, "TE_ACTFISI": 1, "TE_ARTES": 0, "TE_CNATUR": 0, "TE_CSOCIAL": 0, "TE_LDSOCIA": 0, "TE_TECNOLO": 0, "TOT_EST_CA": 1, "TMATRIC_GE": 126, "Zona": 1 }, "geometry": { "type": "Point", "coordinates": [ -8246840.648199999704957, 505983.833599999547005 ] } },
{ "type": "Feature", "properties": { "NOMBRE_EST": "COLEGIO FLORENTINO GONZALEZ (IED)", "NOMBRE_SED": "FLORENTINO GONZALEZ", "ORDEN_DE_S": "A", "DIRECCION": "KR 5 A # 30 A - 45 SUR", "DISCAPACID": "AUDITIVA-FISICA-INTELECTUAL-MULTIPLE-SORDOCEGUERA", "TALENTOS_O": "CAPACIDADES EXCEPCIONALES-TALENTO EXCEPCIONAL EN ACTIVIDAD FISICA, EJERCICIO Y DEPORTE-TALENTO EXCEPCIONAL EN ARTES Y LETRAS-TALENTO EXCEPCIONAL EN CIENCIAS NATURALES O BASICAS-TALENTO EXCEPCIONAL EN CIENCIAS SOCIALES O HUMANAS-TALENTO EXCEPCIONAL EN LID", "GRUPOS_ETN": "AFRODESCENDIENTES-INDIGENAS-NEGRITUDES", "SECTOR": 2, "NATU_JUR": 9, "CALENDARIO": 1, "GENERO": 5, "COD_LOCA": "04", "ESPECIALID": 1, "CLASE_TIPO": 1, "BILINGUE": 5, "FECHA": "2025-04-30", "DANE12_EST": "111001027324", "DANE12_SED": "111001027324", "DA_HIPOACU": 2, "DA_SORDERA": 0, "DA_LENGUAS": 0, "DA_UCASTEL": 0, "DISCAP_FIS": 2, "DISCAP_FLE": 0, "DISCAP_PCE": 0, "DI_DCOGNIT": 20, "DI_SDOWN": 0, "DIS_MULTIP": 9, "DIS_PSICOS": 2, "DV_BAJAVIS": 1, "DIS_CEGUER": 0, "T_ESPECTRO": 0, "T_VOZ_Y_HA": 0, "SISTEMICA": 0, "SORDOCEGUE": 0, "OTRA": 0, "TOT_EST_MA": 36, "AFRODESCEN": 4, "INDIGENAS": 11, "NEGRITUDES": 3, "PALENQUERO": 0, "RAIZALES": 0, "ROM": 0, "TOT_EST_ET": 18, "CAPACID_EX": 4, "DOBLE_EXCE": 0, "TE_ACTFISI": 20, "TE_ARTES": 40, "TE_CNATUR": 16, "TE_CSOCIAL": 2, "TE_LDSOCIA": 0, "TE_TECNOLO": 2, "TOT_EST_CA": 84, "TMATRIC_GE": 1293, "Zona": 1 }, "geometry": { "type": "Point", "coordinates": [ -8248367.95160000026226, 508954.309500001370907 ] } },
{ "type": "Feature", "properties": { "NOMBRE_EST": "COLEGIO MANUELITA SAENZ (IED)", "NOMBRE_SED": "MANUELITA SAENZ", "ORDEN_DE_S": "A", "DIRECCION": "KR 3 ESTE # 18 A - 34 SUR", "DISCAPACID": "AUDITIVA-FISICA-INTELECTUAL-MENTAL/PSICOSOCIAL-MULTIPLE-SORDOCEGUERA-VISUAL", "TALENTOS_O": "CAPACIDADES EXCEPCIONALES-TALENTO EXCEPCIONAL EN ACTIVIDAD FISICA, EJERCICIO Y DEPORTE-TALENTO EXCEPCIONAL EN CIENCIAS SOCIALES O HUMANAS", "GRUPOS_ETN": "AFRODESCENDIENTES-INDIGENAS-NEGRITUDES-RAIZALES", "SECTOR": 2, "NATU_JUR": 9, "CALENDARIO": 1, "GENERO": 5, "COD_LOCA": "04", "ESPECIALID": 1, "CLASE_TIPO": 1, "BILINGUE": 5, "FECHA": "2025-04-30", "DANE12_EST": "111001030066", "DANE12_SED": "111001030066", "DA_HIPOACU": 6, "DA_SORDERA": 0, "DA_LENGUAS": 0, "DA_UCASTEL": 0, "DISCAP_FIS": 9, "DISCAP_FLE": 0, "DISCAP_PCE": 0, "DI_DCOGNIT": 71, "DI_SDOWN": 0, "DIS_MULTIP": 27, "DIS_PSICOS": 5, "DV_BAJAVIS": 2, "DIS_CEGUER": 0, "T_ESPECTRO": 0, "T_VOZ_Y_HA": 0, "SISTEMICA": 0, "SORDOCEGUE": 0, "OTRA": 0, "TOT_EST_MA": 120, "AFRODESCEN": 18, "INDIGENAS": 7, "NEGRITUDES": 4, "PALENQUERO": 0, "RAIZALES": 2, "ROM": 0, "TOT_EST_ET": 31, "CAPACID_EX": 1, "DOBLE_EXCE": 0, "TE_ACTFISI": 12, "TE_ARTES": 2, "TE_CNATUR": 0, "TE_CSOCIAL": 1, "TE_LDSOCIA": 1, "TE_TECNOLO": 0, "TOT_EST_CA": 17, "TMATRIC_GE": 2757, "Zona": 1 }, "geometry": { "type": "Point", "coordinates": [ -8247146.776799999177456, 509415.52479999884963 ] } },
{ "type": "Feature", "properties": { "NOMBRE_EST": "COLEGIO ALEMANIA UNIFICADA (IED)", "NOMBRE_SED": "GUACAMAYAS", "ORDEN_DE_S": "A", "DIRECCION": "CL 37 SUR # 1 F - 00 ESTE", "DISCAPACID": "FISICA-INTELECTUAL-MENTAL/PSICOSOCIAL-MULTIPLE", "TALENTOS_O": null, "GRUPOS_ETN": "AFRODESCENDIENTES-INDIGENAS-NEGRITUDES", "SECTOR": 2, "NATU_JUR": 9, "CALENDARIO": 1, "GENERO": 5, "COD_LOCA": "04", "ESPECIALID": 1, "CLASE_TIPO": 1, "BILINGUE": 5, "FECHA": "2025-04-30", "DANE12_EST": "111001030864", "DANE12_SED": "111001030864", "DA_HIPOACU": 0, "DA_SORDERA": 0, "DA_LENGUAS": 0, "DA_UCASTEL": 0, "DISCAP_FIS": 0, "DISCAP_FLE": 0, "DISCAP_PCE": 0, "DI_DCOGNIT": 15, "DI_SDOWN": 0, "DIS_MULTIP": 2, "DIS_PSICOS": 2, "DV_BAJAVIS": 1, "DIS_CEGUER": 0, "T_ESPECTRO": 0, "T_VOZ_Y_HA": 0, "SISTEMICA": 0, "SORDOCEGUE": 0, "OTRA": 0, "TOT_EST_MA": 20, "AFRODESCEN": 13, "INDIGENAS": 5, "NEGRITUDES": 4, "PALENQUERO": 0, "RAIZALES": 0, "ROM": 0, "TOT_EST_ET": 22, "CAPACID_EX": 0, "DOBLE_EXCE": 0, "TE_ACTFISI": 1, "TE_ARTES": 0, "TE_CNATUR": 0, "TE_CSOCIAL": 0, "TE_LDSOCIA": 0, "TE_TECNOLO": 0, "TOT_EST_CA": 1, "TMATRIC_GE": 519, "Zona": 1 }, "geometry": { "type": "Point", "coordinates": [ -8248225.4627, 507693.518899999558926 ] } },
{ "type": "Feature", "properties": { "NOMBRE_EST": "COLEGIO ALEMANIA UNIFICADA (IED)", "NOMBRE_SED": "ALEMANIA UNIFICADA", "ORDEN_DE_S": "B", "DIRECCION": "CL 38 SUR # 2 N - 09", "DISCAPACID": "FISICA-INTELECTUAL-MENTAL/PSICOSOCIAL-MULTIPLE-SORDOCEGUERA", "TALENTOS_O": "TALENTO EXCEPCIONAL EN ACTIVIDAD FISICA, EJERCICIO Y DEPORTE", "GRUPOS_ETN": "AFRODESCENDIENTES-INDIGENAS-NEGRITUDES", "SECTOR": 2, "NATU_JUR": 9, "CALENDARIO": 1, "GENERO": 5, "COD_LOCA": "04", "ESPECIALID": 13, "CLASE_TIPO": 1, "BILINGUE": 5, "FECHA": "2025-04-30", "DANE12_EST": "111001030864", "DANE12_SED": "111001029629", "DA_HIPOACU": 0, "DA_SORDERA": 0, "DA_LENGUAS": 0, "DA_UCASTEL": 0, "DISCAP_FIS": 1, "DISCAP_FLE": 0, "DISCAP_PCE": 0, "DI_DCOGNIT": 6, "DI_SDOWN": 0, "DIS_MULTIP": 1, "DIS_PSICOS": 0, "DV_BAJAVIS": 1, "DIS_CEGUER": 0, "T_ESPECTRO": 0, "T_VOZ_Y_HA": 0, "SISTEMICA": 0, "SORDOCEGUE": 0, "OTRA": 0, "TOT_EST_MA": 9, "AFRODESCEN": 3, "INDIGENAS": 0, "NEGRITUDES": 1, "PALENQUERO": 0, "RAIZALES": 0, "ROM": 0, "TOT_EST_ET": 4, "CAPACID_EX": 1, "DOBLE_EXCE": 0, "TE_ACTFISI": 1, "TE_ARTES": 0, "TE_CNATUR": 0, "TE_CSOCIAL": 0, "TE_LDSOCIA": 0, "TE_TECNOLO": 0, "TOT_EST_CA": 2, "TMATRIC_GE": 338, "Zona": 1 }, "geometry": { "type": "Point", "coordinates": [ -8248797.644899999722838, 507959.299499999731779 ] } },
{ "type": "Feature", "properties": { "NOMBRE_EST": "COLEGIO TECNICO TOMAS RUEDA VARGAS (IED)", "NOMBRE_SED": "TOMAS RUEDA VARGAS", "ORDEN_DE_S": "A", "DIRECCION": "KR 5 ESTE # 25 - 51 SUR", "DISCAPACID": "INTELECTUAL-MENTAL/PSICOSOCIAL-SORDOCEGUERA-VISUAL", "TALENTOS_O": "TALENTO EXCEPCIONAL EN ACTIVIDAD FISICA, EJERCICIO Y DEPORTE", "GRUPOS_ETN": "AFRODESCENDIENTES-INDIGENAS-NEGRITUDES", "SECTOR": 2, "NATU_JUR": 9, "CALENDARIO": 1, "GENERO": 5, "COD_LOCA": "04", "ESPECIALID": 14, "CLASE_TIPO": 1, "BILINGUE": 5, "FECHA": "2025-04-30", "DANE12_EST": "111001032280", "DANE12_SED": "111001032280", "DA_HIPOACU": 0, "DA_SORDERA": 0, "DA_LENGUAS": 0, "DA_UCASTEL": 0, "DISCAP_FIS": 0, "DISCAP_FLE": 0, "DISCAP_PCE": 0, "DI_DCOGNIT": 14, "DI_SDOWN": 0, "DIS_MULTIP": 2, "DIS_PSICOS": 3, "DV_BAJAVIS": 1, "DIS_CEGUER": 0, "T_ESPECTRO": 0, "T_VOZ_Y_HA": 0, "SISTEMICA": 0, "SORDOCEGUE": 0, "OTRA": 0, "TOT_EST_MA": 20, "AFRODESCEN": 5, "INDIGENAS": 3, "NEGRITUDES": 3, "PALENQUERO": 0, "RAIZALES": 0, "ROM": 0, "TOT_EST_ET": 11, "CAPACID_EX": 0, "DOBLE_EXCE": 0, "TE_ACTFISI": 3, "TE_ARTES": 2, "TE_CNATUR": 0, "TE_CSOCIAL": 0, "TE_LDSOCIA": 0, "TE_TECNOLO": 0, "TOT_EST_CA": 5, "TMATRIC_GE": 747, "Zona": 1 }, "geometry": { "type": "Point", "coordinates": [ -8247334.9068, 508730.961599998176098 ] } },
{ "type": "Feature", "properties": { "NOMBRE_EST": "COLEGIO TECNICO TOMAS RUEDA VARGAS (IED)", "NOMBRE_SED": "SANTA INES SURORIENTAL", "ORDEN_DE_S": "B", "DIRECCION": "KR 5 ESTE # 29 A - 25/14 SUR", "DISCAPACID": "FISICA", "TALENTOS_O": "TALENTO EXCEPCIONAL EN ACTIVIDAD FISICA, EJERCICIO Y DEPORTE-TALENTO EXCEPCIONAL EN ARTES Y LETRAS-TALENTO EXCEPCIONAL EN CIENCIAS SOCIALES O HUMANAS-TALENTO EXCEPCIONAL EN LIDERAZGO SOCIAL Y EMPRENDIMIENTO", "GRUPOS_ETN": "AFRODESCENDIENTES-INDIGENAS", "SECTOR": 2, "NATU_JUR": 9, "CALENDARIO": 1, "GENERO": 5, "COD_LOCA": "04", "ESPECIALID": 13, "CLASE_TIPO": 1, "BILINGUE": 5, "FECHA": "2025-04-30", "DANE12_EST": "111001032280", "DANE12_SED": "111001014419", "DA_HIPOACU": 1, "DA_SORDERA": 0, "DA_LENGUAS": 0, "DA_UCASTEL": 0, "DISCAP_FIS": 0, "DISCAP_FLE": 0, "DISCAP_PCE": 0, "DI_DCOGNIT": 0, "DI_SDOWN": 0, "DIS_MULTIP": 0, "DIS_PSICOS": 1, "DV_BAJAVIS": 1, "DIS_CEGUER": 0, "T_ESPECTRO": 0, "T_VOZ_Y_HA": 0, "SISTEMICA": 0, "SORDOCEGUE": 0, "OTRA": 0, "TOT_EST_MA": 3, "AFRODESCEN": 3, "INDIGENAS": 1, "NEGRITUDES": 1, "PALENQUERO": 0, "RAIZALES": 0, "ROM": 0, "TOT_EST_ET": 5, "CAPACID_EX": 0, "DOBLE_EXCE": 0, "TE_ACTFISI": 3, "TE_ARTES": 1, "TE_CNATUR": 0, "TE_CSOCIAL": 0, "TE_LDSOCIA": 2, "TE_TECNOLO": 0, "TOT_EST_CA": 6, "TMATRIC_GE": 268, "Zona": 1 }, "geometry": { "type": "Point", "coordinates": [ -8247472.942900000140071, 508327.820300001651049 ] } },
{ "type": "Feature", "properties": { "NOMBRE_EST": "COLEGIO TECNICO TOMAS RUEDA VARGAS (IED)", "NOMBRE_SED": "REPUBLICA DEL CANADA I", "ORDEN_DE_S": "C", "DIRECCION": "KR 7 ESTE # 28 B - 20 SUR", "DISCAPACID": "AUDITIVA-INTELECTUAL-MENTAL/PSICOSOCIAL-MULTIPLE", "TALENTOS_O": null, "GRUPOS_ETN": "AFRODESCENDIENTES-INDIGENAS", "SECTOR": 2, "NATU_JUR": 9, "CALENDARIO": 1, "GENERO": 5, "COD_LOCA": "04", "ESPECIALID": 13, "CLASE_TIPO": 1, "BILINGUE": 5, "FECHA": "2025-04-30", "DANE12_EST": "111001032280", "DANE12_SED": "111001012416", "DA_HIPOACU": 1, "DA_SORDERA": 0, "DA_LENGUAS": 0, "DA_UCASTEL": 0, "DISCAP_FIS": 0, "DISCAP_FLE": 0, "DISCAP_PCE": 0, "DI_DCOGNIT": 10, "DI_SDOWN": 0, "DIS_MULTIP": 5, "DIS_PSICOS": 0, "DV_BAJAVIS": 0, "DIS_CEGUER": 0, "T_ESPECTRO": 0, "T_VOZ_Y_HA": 0, "SISTEMICA": 0, "SORDOCEGUE": 0, "OTRA": 0, "TOT_EST_MA": 16, "AFRODESCEN": 3, "INDIGENAS": 1, "NEGRITUDES": 1, "PALENQUERO": 0, "RAIZALES": 0, "ROM": 0, "TOT_EST_ET": 5, "CAPACID_EX": 0, "DOBLE_EXCE": 0, "TE_ACTFISI": 1, "TE_ARTES": 1, "TE_CNATUR": 0, "TE_CSOCIAL": 0, "TE_LDSOCIA": 0, "TE_TECNOLO": 0, "TOT_EST_CA": 2, "TMATRIC_GE": 343, "Zona": 1 }, "geometry": { "type": "Point", "coordinates": [ -8247271.454700000584126, 508323.353300001472235 ] } },
{ "type": "Feature", "properties": { "NOMBRE_EST": "COLEGIO REPUBLICA DEL ECUADOR (IED)", "NOMBRE_SED": "REPUBLICA DEL ECUADOR", "ORDEN_DE_S": "A", "DIRECCION": "KR 1 A # 6 C - 50 SUR", "DISCAPACID": "FISICA-INTELECTUAL-MENTAL/PSICOSOCIAL-MULTIPLE-VISUAL", "TALENTOS_O": "TALENTO EXCEPCIONAL EN ACTIVIDAD FISICA, EJERCICIO Y DEPORTE-TALENTO EXCEPCIONAL EN ARTES Y LETRAS-TALENTO EXCEPCIONAL EN LIDERAZGO SOCIAL Y EMPRENDIMIENTO", "GRUPOS_ETN": "AFRODESCENDIENTES-INDIGENAS-PALENQUEROS", "SECTOR": 2, "NATU_JUR": 9, "CALENDARIO": 1, "GENERO": 5, "COD_LOCA": "04", "ESPECIALID": 1, "CLASE_TIPO": 1, "BILINGUE": 5, "FECHA": "2025-04-30", "DANE12_EST": "111001032433", "DANE12_SED": "111001032433", "DA_HIPOACU": 0, "DA_SORDERA": 0, "DA_LENGUAS": 0, "DA_UCASTEL": 0, "DISCAP_FIS": 1, "DISCAP_FLE": 0, "DISCAP_PCE": 0, "DI_DCOGNIT": 4, "DI_SDOWN": 0, "DIS_MULTIP": 5, "DIS_PSICOS": 1, "DV_BAJAVIS": 3, "DIS_CEGUER": 0, "T_ESPECTRO": 0, "T_VOZ_Y_HA": 0, "SISTEMICA": 0, "SORDOCEGUE": 0, "OTRA": 0, "TOT_EST_MA": 14, "AFRODESCEN": 2, "INDIGENAS": 6, "NEGRITUDES": 1, "PALENQUERO": 0, "RAIZALES": 0, "ROM": 0, "TOT_EST_ET": 9, "CAPACID_EX": 0, "DOBLE_EXCE": 0, "TE_ACTFISI": 1, "TE_ARTES": 2, "TE_CNATUR": 0, "TE_CSOCIAL": 0, "TE_LDSOCIA": 1, "TE_TECNOLO": 0, "TOT_EST_CA": 4, "TMATRIC_GE": 900, "Zona": 1 }, "geometry": { "type": "Point", "coordinates": [ -8246579.047399999573827, 510043.139299999922514 ] } },
{ "type": "Feature", "properties": { "NOMBRE_EST": "COLEGIO JUAN REY (IED)", "NOMBRE_SED": "JUAN REY", "ORDEN_DE_S": "A", "DIRECCION": "CL 70 SUR # 13 B - 27 ESTE", "DISCAPACID": "INTELECTUAL-MENTAL/PSICOSOCIAL-MULTIPLE-SORDOCEGUERA", "TALENTOS_O": "TALENTO EXCEPCIONAL EN ARTES Y LETRAS-TALENTO EXCEPCIONAL EN LIDERAZGO SOCIAL Y EMPRENDIMIENTO", "GRUPOS_ETN": "AFRODESCENDIENTES-NEGRITUDES", "SECTOR": 2, "NATU_JUR": 9, "CALENDARIO": 1, "GENERO": 5, "COD_LOCA": "04", "ESPECIALID": 1, "CLASE_TIPO": 1, "BILINGUE": 5, "FECHA": "2025-04-30", "DANE12_EST": "111001034011", "DANE12_SED": "111001034011", "DA_HIPOACU": 1, "DA_SORDERA": 0, "DA_LENGUAS": 0, "DA_UCASTEL": 0, "DISCAP_FIS": 0, "DISCAP_FLE": 0, "DISCAP_PCE": 0, "DI_DCOGNIT": 6, "DI_SDOWN": 0, "DIS_MULTIP": 1, "DIS_PSICOS": 0, "DV_BAJAVIS": 0, "DIS_CEGUER": 0, "T_ESPECTRO": 0, "T_VOZ_Y_HA": 0, "SISTEMICA": 0, "SORDOCEGUE": 0, "OTRA": 0, "TOT_EST_MA": 8, "AFRODESCEN": 5, "INDIGENAS": 3, "NEGRITUDES": 1, "PALENQUERO": 0, "RAIZALES": 0, "ROM": 0, "TOT_EST_ET": 9, "CAPACID_EX": 0, "DOBLE_EXCE": 0, "TE_ACTFISI": 1, "TE_ARTES": 1, "TE_CNATUR": 0, "TE_CSOCIAL": 0, "TE_LDSOCIA": 0, "TE_TECNOLO": 0, "TOT_EST_CA": 2, "TMATRIC_GE": 554, "Zona": 1 }, "geometry": { "type": "Point", "coordinates": [ -8247648.8277000002563, 503972.682599999010563 ] } },
{ "type": "Feature", "properties": { "NOMBRE_EST": "COLEGIO JUAN REY (IED)", "NOMBRE_SED": "CIUDAD DE LONDRES", "ORDEN_DE_S": "B", "DIRECCION": "CL 71 BIS SUR # 17 - 30 ESTE  --  CL 71 SUR # 17 - 04 ESTE", "DISCAPACID": "INTELECTUAL", "TALENTOS_O": null, "GRUPOS_ETN": "INDIGENAS", "SECTOR": 2, "NATU_JUR": 9, "CALENDARIO": 1, "GENERO": 5, "COD_LOCA": "04", "ESPECIALID": 13, "CLASE_TIPO": 1, "BILINGUE": 5, "FECHA": "2025-04-30", "DANE12_EST": "111001034011", "DANE12_SED": "111001016276", "DA_HIPOACU": 0, "DA_SORDERA": 0, "DA_LENGUAS": 0, "DA_UCASTEL": 0, "DISCAP_FIS": 0, "DISCAP_FLE": 0, "DISCAP_PCE": 0, "DI_DCOGNIT": 2, "DI_SDOWN": 0, "DIS_MULTIP": 1, "DIS_PSICOS": 0, "DV_BAJAVIS": 0, "DIS_CEGUER": 0, "T_ESPECTRO": 0, "T_VOZ_Y_HA": 0, "SISTEMICA": 0, "SORDOCEGUE": 0, "OTRA": 0, "TOT_EST_MA": 3, "AFRODESCEN": 1, "INDIGENAS": 1, "NEGRITUDES": 0, "PALENQUERO": 0, "RAIZALES": 0, "ROM": 0, "TOT_EST_ET": 2, "CAPACID_EX": 0, "DOBLE_EXCE": 0, "TE_ACTFISI": 0, "TE_ARTES": 0, "TE_CNATUR": 0, "TE_CSOCIAL": 0, "TE_LDSOCIA": 0, "TE_TECNOLO": 0, "TOT_EST_CA": 0, "TMATRIC_GE": 266, "Zona": 1 }, "geometry": { "type": "Point", "coordinates": [ -8247418.39640000090003, 503666.71510000154376 ] } },
{ "type": "Feature", "properties": { "NOMBRE_EST": "COLEGIO TECNICO JOSE FELIX RESTREPO (IED)", "NOMBRE_SED": "JOSE FELIX RESTREPO", "ORDEN_DE_S": "A", "DIRECCION": "KR 6 # 18 B - 04 SUR", "DISCAPACID": "AUDITIVA-FISICA-INTELECTUAL-MENTAL/PSICOSOCIAL-MULTIPLE-SORDOCEGUERA-VISUAL", "TALENTOS_O": "TALENTO EXCEPCIONAL EN ARTES Y LETRAS-TALENTO EXCEPCIONAL EN CIENCIAS SOCIALES O HUMANAS", "GRUPOS_ETN": "AFRODESCENDIENTES-INDIGENAS-NEGRITUDES", "SECTOR": 2, "NATU_JUR": 9, "CALENDARIO": 1, "GENERO": 5, "COD_LOCA": "04", "ESPECIALID": 7, "CLASE_TIPO": 1, "BILINGUE": 5, "FECHA": "2025-04-30", "DANE12_EST": "111001035530", "DANE12_SED": "111001035530", "DA_HIPOACU": 3, "DA_SORDERA": 0, "DA_LENGUAS": 0, "DA_UCASTEL": 0, "DISCAP_FIS": 11, "DISCAP_FLE": 0, "DISCAP_PCE": 0, "DI_DCOGNIT": 47, "DI_SDOWN": 0, "DIS_MULTIP": 42, "DIS_PSICOS": 2, "DV_BAJAVIS": 16, "DIS_CEGUER": 0, "T_ESPECTRO": 0, "T_VOZ_Y_HA": 0, "SISTEMICA": 0, "SORDOCEGUE": 0, "OTRA": 0, "TOT_EST_MA": 121, "AFRODESCEN": 22, "INDIGENAS": 10, "NEGRITUDES": 7, "PALENQUERO": 1, "RAIZALES": 1, "ROM": 0, "TOT_EST_ET": 41, "CAPACID_EX": 0, "DOBLE_EXCE": 0, "TE_ACTFISI": 2, "TE_ARTES": 2, "TE_CNATUR": 0, "TE_CSOCIAL": 2, "TE_LDSOCIA": 1, "TE_TECNOLO": 1, "TOT_EST_CA": 8, "TMATRIC_GE": 2524, "Zona": 1 }, "geometry": { "type": "Point", "coordinates": [ -8247655.506899999454618, 509784.052299998700619 ] } },
{ "type": "Feature", "properties": { "NOMBRE_EST": "COLEGIO TECNICO JOSE FELIX RESTREPO (IED)", "NOMBRE_SED": "SANTA ANA SUR", "ORDEN_DE_S": "B", "DIRECCION": "CL 10 A SUR # 3 - 61", "DISCAPACID": "FISICA-INTELECTUAL-MULTIPLE-VISUAL", "TALENTOS_O": "TALENTO EXCEPCIONAL EN ACTIVIDAD FISICA, EJERCICIO Y DEPORTE-TALENTO EXCEPCIONAL EN ARTES Y LETRAS-TALENTO EXCEPCIONAL EN TECNOLOGIA", "GRUPOS_ETN": "AFRODESCENDIENTES-INDIGENAS-PALENQUEROS", "SECTOR": 2, "NATU_JUR": 9, "CALENDARIO": 1, "GENERO": 5, "COD_LOCA": "04", "ESPECIALID": 7, "CLASE_TIPO": 1, "BILINGUE": 5, "FECHA": "2025-04-30", "DANE12_EST": "111001035530", "DANE12_SED": "111001013226", "DA_HIPOACU": 0, "DA_SORDERA": 0, "DA_LENGUAS": 0, "DA_UCASTEL": 0, "DISCAP_FIS": 0, "DISCAP_FLE": 0, "DISCAP_PCE": 0, "DI_DCOGNIT": 7, "DI_SDOWN": 0, "DIS_MULTIP": 11, "DIS_PSICOS": 0, "DV_BAJAVIS": 2, "DIS_CEGUER": 0, "T_ESPECTRO": 0, "T_VOZ_Y_HA": 0, "SISTEMICA": 0, "SORDOCEGUE": 0, "OTRA": 0, "TOT_EST_MA": 20, "AFRODESCEN": 0, "INDIGENAS": 3, "NEGRITUDES": 0, "PALENQUERO": 3, "RAIZALES": 0, "ROM": 0, "TOT_EST_ET": 6, "CAPACID_EX": 0, "DOBLE_EXCE": 0, "TE_ACTFISI": 5, "TE_ARTES": 3, "TE_CNATUR": 0, "TE_CSOCIAL": 1, "TE_LDSOCIA": 0, "TE_TECNOLO": 0, "TOT_EST_CA": 9, "TMATRIC_GE": 619, "Zona": 1 }, "geometry": { "type": "Point", "coordinates": [ -8246999.835100000724196, 510064.357700001448393 ] } },
{ "type": "Feature", "properties": { "NOMBRE_EST": "COLEGIO TECNICO JOSE FELIX RESTREPO (IED)", "NOMBRE_SED": "JUAN XXIII", "ORDEN_DE_S": "C", "DIRECCION": "KR 6 ESTE # 11 - 49 SUR  --  CL 11 SUR # 4 - 79 ESTE", "DISCAPACID": "AUDITIVA-FISICA-INTELECTUAL-MENTAL/PSICOSOCIAL-MULTIPLE-VISUAL", "TALENTOS_O": null, "GRUPOS_ETN": "AFRODESCENDIENTES-INDIGENAS-NEGRITUDES-PALENQUEROS", "SECTOR": 2, "NATU_JUR": 9, "CALENDARIO": 1, "GENERO": 5, "COD_LOCA": "04", "ESPECIALID": 7, "CLASE_TIPO": 1, "BILINGUE": 5, "FECHA": "2025-04-30", "DANE12_EST": "111001035530", "DANE12_SED": "111001012025", "DA_HIPOACU": 0, "DA_SORDERA": 0, "DA_LENGUAS": 0, "DA_UCASTEL": 0, "DISCAP_FIS": 0, "DISCAP_FLE": 0, "DISCAP_PCE": 0, "DI_DCOGNIT": 11, "DI_SDOWN": 0, "DIS_MULTIP": 3, "DIS_PSICOS": 0, "DV_BAJAVIS": 2, "DIS_CEGUER": 0, "T_ESPECTRO": 0, "T_VOZ_Y_HA": 0, "SISTEMICA": 0, "SORDOCEGUE": 0, "OTRA": 0, "TOT_EST_MA": 16, "AFRODESCEN": 1, "INDIGENAS": 0, "NEGRITUDES": 1, "PALENQUERO": 0, "RAIZALES": 0, "ROM": 0, "TOT_EST_ET": 2, "CAPACID_EX": 0, "DOBLE_EXCE": 0, "TE_ACTFISI": 0, "TE_ARTES": 0, "TE_CNATUR": 0, "TE_CSOCIAL": 0, "TE_LDSOCIA": 0, "TE_TECNOLO": 1, "TOT_EST_CA": 1, "TMATRIC_GE": 321, "Zona": 1 }, "geometry": { "type": "Point", "coordinates": [ -8246486.652200000360608, 509581.920299999415874 ] } },
{ "type": "Feature", "properties": { "NOMBRE_EST": "COLEGIO TECNICO JOSE FELIX RESTREPO (IED)", "NOMBRE_SED": "CARLOS ALBAN HOLGUIN", "ORDEN_DE_S": "D", "DIRECCION": "CL 18 SUR # 4 - 90", "DISCAPACID": "FISICA-INTELECTUAL-MENTAL/PSICOSOCIAL-MULTIPLE-VISUAL", "TALENTOS_O": "CAPACIDADES EXCEPCIONALES-TALENTO EXCEPCIONAL EN ACTIVIDAD FISICA, EJERCICIO Y DEPORTE", "GRUPOS_ETN": "AFRODESCENDIENTES-INDIGENAS-NEGRITUDES", "SECTOR": 2, "NATU_JUR": 9, "CALENDARIO": 1, "GENERO": 5, "COD_LOCA": "04", "ESPECIALID": 7, "CLASE_TIPO": 1, "BILINGUE": 5, "FECHA": "2025-04-30", "DANE12_EST": "111001035530", "DANE12_SED": "111001107841", "DA_HIPOACU": 1, "DA_SORDERA": 0, "DA_LENGUAS": 0, "DA_UCASTEL": 0, "DISCAP_FIS": 0, "DISCAP_FLE": 0, "DISCAP_PCE": 0, "DI_DCOGNIT": 14, "DI_SDOWN": 0, "DIS_MULTIP": 8, "DIS_PSICOS": 0, "DV_BAJAVIS": 0, "DIS_CEGUER": 0, "T_ESPECTRO": 0, "T_VOZ_Y_HA": 0, "SISTEMICA": 0, "SORDOCEGUE": 0, "OTRA": 0, "TOT_EST_MA": 23, "AFRODESCEN": 0, "INDIGENAS": 2, "NEGRITUDES": 1, "PALENQUERO": 1, "RAIZALES": 0, "ROM": 0, "TOT_EST_ET": 4, "CAPACID_EX": 0, "DOBLE_EXCE": 0, "TE_ACTFISI": 0, "TE_ARTES": 0, "TE_CNATUR": 0, "TE_CSOCIAL": 0, "TE_LDSOCIA": 1, "TE_TECNOLO": 0, "TOT_EST_CA": 1, "TMATRIC_GE": 362, "Zona": 1 }, "geometry": { "type": "Point", "coordinates": [ -8247395.019300000742078, 509822.021899998188019 ] } },
{ "type": "Feature", "properties": { "NOMBRE_EST": "COLEGIO JUAN EVANGELISTA GOMEZ (IED)", "NOMBRE_SED": "JUAN EVANGELISTA GOMEZ", "ORDEN_DE_S": "A", "DIRECCION": "DG 39 SUR # 2 - 00 ESTE", "DISCAPACID": "AUDITIVA-FISICA-INTELECTUAL-MENTAL/PSICOSOCIAL-MULTIPLE-SORDOCEGUERA", "TALENTOS_O": "CAPACIDADES EXCEPCIONALES-TALENTO EXCEPCIONAL EN ACTIVIDAD FISICA, EJERCICIO Y DEPORTE-TALENTO EXCEPCIONAL EN ARTES Y LETRAS-TALENTO EXCEPCIONAL EN TECNOLOGIA", "GRUPOS_ETN": "AFRODESCENDIENTES-INDIGENAS-NEGRITUDES-RAIZALES", "SECTOR": 2, "NATU_JUR": 9, "CALENDARIO": 1, "GENERO": 5, "COD_LOCA": "04", "ESPECIALID": 1, "CLASE_TIPO": 1, "BILINGUE": 5, "FECHA": "2025-04-30", "DANE12_EST": "111001035602", "DANE12_SED": "111001035602", "DA_HIPOACU": 0, "DA_SORDERA": 0, "DA_LENGUAS": 0, "DA_UCASTEL": 0, "DISCAP_FIS": 5, "DISCAP_FLE": 0, "DISCAP_PCE": 0, "DI_DCOGNIT": 54, "DI_SDOWN": 0, "DIS_MULTIP": 7, "DIS_PSICOS": 3, "DV_BAJAVIS": 0, "DIS_CEGUER": 0, "T_ESPECTRO": 0, "T_VOZ_Y_HA": 0, "SISTEMICA": 0, "SORDOCEGUE": 0, "OTRA": 0, "TOT_EST_MA": 69, "AFRODESCEN": 22, "INDIGENAS": 18, "NEGRITUDES": 17, "PALENQUERO": 0, "RAIZALES": 0, "ROM": 0, "TOT_EST_ET": 57, "CAPACID_EX": 2, "DOBLE_EXCE": 0, "TE_ACTFISI": 7, "TE_ARTES": 5, "TE_CNATUR": 0, "TE_CSOCIAL": 0, "TE_LDSOCIA": 1, "TE_TECNOLO": 0, "TOT_EST_CA": 15, "TMATRIC_GE": 2298, "Zona": 1 }, "geometry": { "type": "Point", "coordinates": [ -8248287.801599999889731, 507266.931699998676777 ] } },
{ "type": "Feature", "properties": { "NOMBRE_EST": "COLEGIO NUEVA DELHI (IED)", "NOMBRE_SED": "NUEVA DELHI", "ORDEN_DE_S": "A", "DIRECCION": "CL 62 A SUR # 14 I - 33 ESTE", "DISCAPACID": "INTELECTUAL-MENTAL/PSICOSOCIAL-MULTIPLE", "TALENTOS_O": "TALENTO EXCEPCIONAL EN ACTIVIDAD FISICA, EJERCICIO Y DEPORTE-TALENTO EXCEPCIONAL EN LIDERAZGO SOCIAL Y EMPRENDIMIENTO", "GRUPOS_ETN": "AFRODESCENDIENTES-INDIGENAS-NEGRITUDES", "SECTOR": 2, "NATU_JUR": 9, "CALENDARIO": 1, "GENERO": 5, "COD_LOCA": "04", "ESPECIALID": 1, "CLASE_TIPO": 1, "BILINGUE": 5, "FECHA": "2025-04-30", "DANE12_EST": "111001046621", "DANE12_SED": "111001046621", "DA_HIPOACU": 0, "DA_SORDERA": 0, "DA_LENGUAS": 0, "DA_UCASTEL": 0, "DISCAP_FIS": 0, "DISCAP_FLE": 0, "DISCAP_PCE": 0, "DI_DCOGNIT": 18, "DI_SDOWN": 0, "DIS_MULTIP": 5, "DIS_PSICOS": 1, "DV_BAJAVIS": 1, "DIS_CEGUER": 0, "T_ESPECTRO": 0, "T_VOZ_Y_HA": 0, "SISTEMICA": 0, "SORDOCEGUE": 0, "OTRA": 0, "TOT_EST_MA": 25, "AFRODESCEN": 7, "INDIGENAS": 5, "NEGRITUDES": 4, "PALENQUERO": 0, "RAIZALES": 0, "ROM": 0, "TOT_EST_ET": 16, "CAPACID_EX": 0, "DOBLE_EXCE": 0, "TE_ACTFISI": 1, "TE_ARTES": 0, "TE_CNATUR": 0, "TE_CSOCIAL": 0, "TE_LDSOCIA": 1, "TE_TECNOLO": 0, "TOT_EST_CA": 2, "TMATRIC_GE": 913, "Zona": 1 }, "geometry": { "type": "Point", "coordinates": [ -8247223.587300000712276, 504617.004799999296665 ] } },
{ "type": "Feature", "properties": { "NOMBRE_EST": "COLEGIO RAFAEL NUÑEZ (IED)", "NOMBRE_SED": "RAFAEL NUÑEZ", "ORDEN_DE_S": "A", "DIRECCION": "KR 9 A # 18 - 74 SUR", "DISCAPACID": "AUDITIVA-FISICA-INTELECTUAL-MENTAL/PSICOSOCIAL-MULTIPLE", "TALENTOS_O": "TALENTO EXCEPCIONAL EN ACTIVIDAD FISICA, EJERCICIO Y DEPORTE-TALENTO EXCEPCIONAL EN TECNOLOGIA", "GRUPOS_ETN": "INDIGENAS-NEGRITUDES", "SECTOR": 2, "NATU_JUR": 9, "CALENDARIO": 1, "GENERO": 5, "COD_LOCA": "04", "ESPECIALID": 1, "CLASE_TIPO": 1, "BILINGUE": 5, "FECHA": "2025-04-30", "DANE12_EST": "111001086789", "DANE12_SED": "111001086789", "DA_HIPOACU": 2, "DA_SORDERA": 0, "DA_LENGUAS": 0, "DA_UCASTEL": 0, "DISCAP_FIS": 6, "DISCAP_FLE": 0, "DISCAP_PCE": 0, "DI_DCOGNIT": 30, "DI_SDOWN": 0, "DIS_MULTIP": 5, "DIS_PSICOS": 4, "DV_BAJAVIS": 2, "DIS_CEGUER": 0, "T_ESPECTRO": 0, "T_VOZ_Y_HA": 0, "SISTEMICA": 0, "SORDOCEGUE": 0, "OTRA": 0, "TOT_EST_MA": 49, "AFRODESCEN": 1, "INDIGENAS": 5, "NEGRITUDES": 1, "PALENQUERO": 1, "RAIZALES": 1, "ROM": 0, "TOT_EST_ET": 9, "CAPACID_EX": 0, "DOBLE_EXCE": 0, "TE_ACTFISI": 2, "TE_ARTES": 1, "TE_CNATUR": 0, "TE_CSOCIAL": 0, "TE_LDSOCIA": 0, "TE_TECNOLO": 0, "TOT_EST_CA": 3, "TMATRIC_GE": 459, "Zona": 1 }, "geometry": { "type": "Point", "coordinates": [ -8248018.408399999141693, 509969.433400001376867 ] } },
{ "type": "Feature", "properties": { "NOMBRE_EST": "COLEGIO RAFAEL NUÑEZ (IED)", "NOMBRE_SED": "ANDRES ROSILLO Y MERUELO", "ORDEN_DE_S": "B", "DIRECCION": "KR 9 A # 22 B - 30 SUR", "DISCAPACID": "AUDITIVA-FISICA-INTELECTUAL-MENTAL/PSICOSOCIAL-MULTIPLE", "TALENTOS_O": null, "GRUPOS_ETN": "AFRODESCENDIENTES-INDIGENAS", "SECTOR": 2, "NATU_JUR": 9, "CALENDARIO": 1, "GENERO": 5, "COD_LOCA": "04", "ESPECIALID": 1, "CLASE_TIPO": 1, "BILINGUE": 5, "FECHA": "2025-04-30", "DANE12_EST": "111001086789", "DANE12_SED": "111001015873", "DA_HIPOACU": 1, "DA_SORDERA": 0, "DA_LENGUAS": 0, "DA_UCASTEL": 0, "DISCAP_FIS": 2, "DISCAP_FLE": 0, "DISCAP_PCE": 0, "DI_DCOGNIT": 1, "DI_SDOWN": 0, "DIS_MULTIP": 17, "DIS_PSICOS": 1, "DV_BAJAVIS": 0, "DIS_CEGUER": 0, "T_ESPECTRO": 0, "T_VOZ_Y_HA": 0, "SISTEMICA": 0, "SORDOCEGUE": 0, "OTRA": 0, "TOT_EST_MA": 22, "AFRODESCEN": 2, "INDIGENAS": 6, "NEGRITUDES": 0, "PALENQUERO": 0, "RAIZALES": 0, "ROM": 0, "TOT_EST_ET": 8, "CAPACID_EX": 0, "DOBLE_EXCE": 0, "TE_ACTFISI": 1, "TE_ARTES": 1, "TE_CNATUR": 1, "TE_CSOCIAL": 0, "TE_LDSOCIA": 0, "TE_TECNOLO": 0, "TOT_EST_CA": 3, "TMATRIC_GE": 365, "Zona": 1 }, "geometry": { "type": "Point", "coordinates": [ -8248262.198100000619888, 509717.047200001776218 ] } },
{ "type": "Feature", "properties": { "NOMBRE_EST": "COLEGIO NUEVA ROMA (IED)", "NOMBRE_SED": "COLEGIO NUEVA ROMA (IED) - SEDE PRINCIPAL", "ORDEN_DE_S": "A", "DIRECCION": "CL 48 SUR # 4 A - 39 ESTE", "DISCAPACID": "AUDITIVA-FISICA-INTELECTUAL-MENTAL/PSICOSOCIAL-MULTIPLE", "TALENTOS_O": "TALENTO EXCEPCIONAL EN LIDERAZGO SOCIAL Y EMPRENDIMIENTO-TALENTO EXCEPCIONAL EN TECNOLOGIA", "GRUPOS_ETN": "AFRODESCENDIENTES-NEGRITUDES", "SECTOR": 2, "NATU_JUR": 9, "CALENDARIO": 1, "GENERO": 5, "COD_LOCA": "04", "ESPECIALID": 1, "CLASE_TIPO": 2, "BILINGUE": 5, "FECHA": "2025-04-30", "DANE12_EST": "111001098817", "DANE12_SED": "111001098817", "DA_HIPOACU": 4, "DA_SORDERA": 0, "DA_LENGUAS": 0, "DA_UCASTEL": 0, "DISCAP_FIS": 4, "DISCAP_FLE": 0, "DISCAP_PCE": 0, "DI_DCOGNIT": 14, "DI_SDOWN": 0, "DIS_MULTIP": 7, "DIS_PSICOS": 0, "DV_BAJAVIS": 0, "DIS_CEGUER": 0, "T_ESPECTRO": 0, "T_VOZ_Y_HA": 0, "SISTEMICA": 0, "SORDOCEGUE": 0, "OTRA": 0, "TOT_EST_MA": 29, "AFRODESCEN": 2, "INDIGENAS": 1, "NEGRITUDES": 0, "PALENQUERO": 0, "RAIZALES": 0, "ROM": 0, "TOT_EST_ET": 3, "CAPACID_EX": 0, "DOBLE_EXCE": 0, "TE_ACTFISI": 3, "TE_ARTES": 0, "TE_CNATUR": 0, "TE_CSOCIAL": 0, "TE_LDSOCIA": 1, "TE_TECNOLO": 0, "TOT_EST_CA": 4, "TMATRIC_GE": 1154, "Zona": 1 }, "geometry": { "type": "Point", "coordinates": [ -8248303.386299999430776, 506083.219900000840425 ] } },
{ "type": "Feature", "properties": { "NOMBRE_EST": "COLEGIO SAN VICENTE (IED)", "NOMBRE_SED": "COLEGIO SAN VICENTE (IED) - SEDE PRINCIPAL", "ORDEN_DE_S": "A", "DIRECCION": "KR 6 ESTE # 33 - 30 SUR", "DISCAPACID": "AUDITIVA-FISICA-INTELECTUAL-MENTAL/PSICOSOCIAL-MULTIPLE", "TALENTOS_O": "TALENTO EXCEPCIONAL EN ACTIVIDAD FISICA, EJERCICIO Y DEPORTE-TALENTO EXCEPCIONAL EN ARTES Y LETRAS", "GRUPOS_ETN": "AFRODESCENDIENTES-INDIGENAS", "SECTOR": 2, "NATU_JUR": 9, "CALENDARIO": 1, "GENERO": 5, "COD_LOCA": "04", "ESPECIALID": 1, "CLASE_TIPO": 2, "BILINGUE": 5, "FECHA": "2025-04-30", "DANE12_EST": "111001098825", "DANE12_SED": "111001098825", "DA_HIPOACU": 2, "DA_SORDERA": 0, "DA_LENGUAS": 0, "DA_UCASTEL": 0, "DISCAP_FIS": 4, "DISCAP_FLE": 0, "DISCAP_PCE": 0, "DI_DCOGNIT": 9, "DI_SDOWN": 0, "DIS_MULTIP": 7, "DIS_PSICOS": 1, "DV_BAJAVIS": 1, "DIS_CEGUER": 0, "T_ESPECTRO": 0, "T_VOZ_Y_HA": 0, "SISTEMICA": 0, "SORDOCEGUE": 0, "OTRA": 0, "TOT_EST_MA": 24, "AFRODESCEN": 3, "INDIGENAS": 1, "NEGRITUDES": 0, "PALENQUERO": 0, "RAIZALES": 0, "ROM": 0, "TOT_EST_ET": 4, "CAPACID_EX": 0, "DOBLE_EXCE": 0, "TE_ACTFISI": 2, "TE_ARTES": 1, "TE_CNATUR": 0, "TE_CSOCIAL": 1, "TE_LDSOCIA": 1, "TE_TECNOLO": 0, "TOT_EST_CA": 5, "TMATRIC_GE": 1251, "Zona": 1 }, "geometry": { "type": "Point", "coordinates": [ -8247472.942900000140071, 507622.048599999397993 ] } },
{ "type": "Feature", "properties": { "NOMBRE_EST": "COLEGIO TECNICO ALDEMAR ROJAS PLAZAS (IED)", "NOMBRE_SED": "ALDEMAR ROJAS PLAZAS", "ORDEN_DE_S": "A", "DIRECCION": "KR 10 # 13 - 52 SUR", "DISCAPACID": "INTELECTUAL-MENTAL/PSICOSOCIAL-MULTIPLE-VISUAL", "TALENTOS_O": "CAPACIDADES EXCEPCIONALES-TALENTO EXCEPCIONAL EN ARTES Y LETRAS-TALENTO EXCEPCIONAL EN CIENCIAS NATURALES O BASICAS-TALENTO EXCEPCIONAL EN TECNOLOGIA", "GRUPOS_ETN": "NEGRITUDES", "SECTOR": 2, "NATU_JUR": 9, "CALENDARIO": 1, "GENERO": 5, "COD_LOCA": "04", "ESPECIALID": 14, "CLASE_TIPO": 1, "BILINGUE": 5, "FECHA": "2025-04-30", "DANE12_EST": "111001102016", "DANE12_SED": "111001102016", "DA_HIPOACU": 0, "DA_SORDERA": 0, "DA_LENGUAS": 0, "DA_UCASTEL": 0, "DISCAP_FIS": 0, "DISCAP_FLE": 0, "DISCAP_PCE": 0, "DI_DCOGNIT": 11, "DI_SDOWN": 0, "DIS_MULTIP": 1, "DIS_PSICOS": 6, "DV_BAJAVIS": 0, "DIS_CEGUER": 0, "T_ESPECTRO": 0, "T_VOZ_Y_HA": 0, "SISTEMICA": 0, "SORDOCEGUE": 0, "OTRA": 0, "TOT_EST_MA": 18, "AFRODESCEN": 1, "INDIGENAS": 6, "NEGRITUDES": 3, "PALENQUERO": 0, "RAIZALES": 0, "ROM": 0, "TOT_EST_ET": 10, "CAPACID_EX": 0, "DOBLE_EXCE": 0, "TE_ACTFISI": 3, "TE_ARTES": 1, "TE_CNATUR": 0, "TE_CSOCIAL": 0, "TE_LDSOCIA": 2, "TE_TECNOLO": 0, "TOT_EST_CA": 6, "TMATRIC_GE": 624, "Zona": 1 }, "geometry": { "type": "Point", "coordinates": [ -8247759.034, 510440.70549999922514 ] } },
{ "type": "Feature", "properties": { "NOMBRE_EST": "COLEGIO GLORIA VALENCIA DE CASTAÑO (IED)", "NOMBRE_SED": "COLEGIO GLORIA VALENCIA DE CASTAÑO (IED)", "ORDEN_DE_S": "A", "DIRECCION": "KR 15 ESTE # 63 - 30 SUR", "DISCAPACID": "AUDITIVA-FISICA-INTELECTUAL-MULTIPLE", "TALENTOS_O": "TALENTO EXCEPCIONAL EN ARTES Y LETRAS", "GRUPOS_ETN": "AFRODESCENDIENTES-INDIGENAS-NEGRITUDES", "SECTOR": 2, "NATU_JUR": 9, "CALENDARIO": 1, "GENERO": 5, "COD_LOCA": "04", "ESPECIALID": 1, "CLASE_TIPO": 1, "BILINGUE": 5, "FECHA": "2025-04-30", "DANE12_EST": "111001801047", "DANE12_SED": "111001801047", "DA_HIPOACU": 3, "DA_SORDERA": 0, "DA_LENGUAS": 0, "DA_UCASTEL": 0, "DISCAP_FIS": 5, "DISCAP_FLE": 0, "DISCAP_PCE": 0, "DI_DCOGNIT": 9, "DI_SDOWN": 0, "DIS_MULTIP": 6, "DIS_PSICOS": 1, "DV_BAJAVIS": 0, "DIS_CEGUER": 0, "T_ESPECTRO": 0, "T_VOZ_Y_HA": 0, "SISTEMICA": 0, "SORDOCEGUE": 0, "OTRA": 0, "TOT_EST_MA": 24, "AFRODESCEN": 3, "INDIGENAS": 0, "NEGRITUDES": 1, "PALENQUERO": 0, "RAIZALES": 0, "ROM": 0, "TOT_EST_ET": 4, "CAPACID_EX": 0, "DOBLE_EXCE": 0, "TE_ACTFISI": 1, "TE_ARTES": 4, "TE_CNATUR": 1, "TE_CSOCIAL": 1, "TE_LDSOCIA": 2, "TE_TECNOLO": 0, "TOT_EST_CA": 9, "TMATRIC_GE": 941, "Zona": 1 }, "geometry": { "type": "Point", "coordinates": [ -8247331.567199999466538, 505007.844000000506639 ] } },
{ "type": "Feature", "properties": { "NOMBRE_EST": "COLEGIO SANTA LIBRADA (IED)", "NOMBRE_SED": "SANTA LIBRADA", "ORDEN_DE_S": "A", "DIRECCION": "CL 75 A SUR # 1 B - 45 ESTE", "DISCAPACID": "FISICA-INTELECTUAL-MENTAL/PSICOSOCIAL-MULTIPLE", "TALENTOS_O": "CAPACIDADES EXCEPCIONALES-TALENTO EXCEPCIONAL EN ACTIVIDAD FISICA, EJERCICIO Y DEPORTE-TALENTO EXCEPCIONAL EN ARTES Y LETRAS", "GRUPOS_ETN": "AFRODESCENDIENTES-INDIGENAS", "SECTOR": 2, "NATU_JUR": 9, "CALENDARIO": 1, "GENERO": 5, "COD_LOCA": "05", "ESPECIALID": 1, "CLASE_TIPO": 1, "BILINGUE": 5, "FECHA": "2025-04-30", "DANE12_EST": "111001013820", "DANE12_SED": "111001013820", "DA_HIPOACU": 0, "DA_SORDERA": 0, "DA_LENGUAS": 0, "DA_UCASTEL": 0, "DISCAP_FIS": 4, "DISCAP_FLE": 0, "DISCAP_PCE": 0, "DI_DCOGNIT": 29, "DI_SDOWN": 0, "DIS_MULTIP": 12, "DIS_PSICOS": 4, "DV_BAJAVIS": 1, "DIS_CEGUER": 0, "T_ESPECTRO": 0, "T_VOZ_Y_HA": 0, "SISTEMICA": 0, "SORDOCEGUE": 0, "OTRA": 0, "TOT_EST_MA": 50, "AFRODESCEN": 6, "INDIGENAS": 8, "NEGRITUDES": 0, "PALENQUERO": 0, "RAIZALES": 0, "ROM": 0, "TOT_EST_ET": 14, "CAPACID_EX": 3, "DOBLE_EXCE": 0, "TE_ACTFISI": 5, "TE_ARTES": 3, "TE_CNATUR": 1, "TE_CSOCIAL": 1, "TE_LDSOCIA": 0, "TE_TECNOLO": 0, "TOT_EST_CA": 13, "TMATRIC_GE": 1517, "Zona": 1 }, "geometry": { "type": "Point", "coordinates": [ -8250278.1941, 503050.316899999976158 ] } },
{ "type": "Feature", "properties": { "NOMBRE_EST": "COLEGIO SANTA MARTHA (IED)", "NOMBRE_SED": "SANTA MARTHA", "ORDEN_DE_S": "A", "DIRECCION": "CL 69 D SUR # 8 B - 63", "DISCAPACID": "AUDITIVA-FISICA-INTELECTUAL-MENTAL/PSICOSOCIAL-MULTIPLE-VISUAL", "TALENTOS_O": "TALENTO EXCEPCIONAL EN ACTIVIDAD FISICA, EJERCICIO Y DEPORTE-TALENTO EXCEPCIONAL EN ARTES Y LETRAS-TALENTO EXCEPCIONAL EN LIDERAZGO SOCIAL Y EMPRENDIMIENTO-TALENTO EXCEPCIONAL EN TECNOLOGIA", "GRUPOS_ETN": "INDIGENAS-NEGRITUDES", "SECTOR": 2, "NATU_JUR": 9, "CALENDARIO": 1, "GENERO": 5, "COD_LOCA": "05", "ESPECIALID": 1, "CLASE_TIPO": 1, "BILINGUE": 5, "FECHA": "2025-04-30", "DANE12_EST": "111001013935", "DANE12_SED": "111001013935", "DA_HIPOACU": 0, "DA_SORDERA": 0, "DA_LENGUAS": 0, "DA_UCASTEL": 0, "DISCAP_FIS": 2, "DISCAP_FLE": 0, "DISCAP_PCE": 0, "DI_DCOGNIT": 32, "DI_SDOWN": 0, "DIS_MULTIP": 1, "DIS_PSICOS": 3, "DV_BAJAVIS": 0, "DIS_CEGUER": 0, "T_ESPECTRO": 0, "T_VOZ_Y_HA": 0, "SISTEMICA": 0, "SORDOCEGUE": 0, "OTRA": 0, "TOT_EST_MA": 38, "AFRODESCEN": 0, "INDIGENAS": 5, "NEGRITUDES": 1, "PALENQUERO": 0, "RAIZALES": 0, "ROM": 0, "TOT_EST_ET": 6, "CAPACID_EX": 0, "DOBLE_EXCE": 0, "TE_ACTFISI": 5, "TE_ARTES": 1, "TE_CNATUR": 0, "TE_CSOCIAL": 0, "TE_LDSOCIA": 2, "TE_TECNOLO": 1, "TOT_EST_CA": 9, "TMATRIC_GE": 974, "Zona": 1 }, "geometry": { "type": "Point", "coordinates": [ -8250514.191400000825524, 504279.767900001257658 ] } },
{ "type": "Feature", "properties": { "NOMBRE_EST": "COLEGIO ORLANDO FALS BORDA (IED)", "NOMBRE_SED": "ORLANDO FALS BORDA", "ORDEN_DE_S": "A", "DIRECCION": "KR 12 # 72 - 60 SUR", "DISCAPACID": "AUDITIVA-FISICA-INTELECTUAL-MULTIPLE", "TALENTOS_O": "CAPACIDADES EXCEPCIONALES-TALENTO EXCEPCIONAL EN ARTES Y LETRAS", "GRUPOS_ETN": "AFRODESCENDIENTES-INDIGENAS-NEGRITUDES", "SECTOR": 2, "NATU_JUR": 9, "CALENDARIO": 1, "GENERO": 5, "COD_LOCA": "05", "ESPECIALID": 1, "CLASE_TIPO": 1, "BILINGUE": 5, "FECHA": "2025-04-30", "DANE12_EST": "111001016039", "DANE12_SED": "111001016039", "DA_HIPOACU": 2, "DA_SORDERA": 0, "DA_LENGUAS": 0, "DA_UCASTEL": 0, "DISCAP_FIS": 12, "DISCAP_FLE": 0, "DISCAP_PCE": 0, "DI_DCOGNIT": 36, "DI_SDOWN": 0, "DIS_MULTIP": 23, "DIS_PSICOS": 1, "DV_BAJAVIS": 0, "DIS_CEGUER": 0, "T_ESPECTRO": 0, "T_VOZ_Y_HA": 0, "SISTEMICA": 0, "SORDOCEGUE": 0, "OTRA": 0, "TOT_EST_MA": 74, "AFRODESCEN": 13, "INDIGENAS": 7, "NEGRITUDES": 8, "PALENQUERO": 0, "RAIZALES": 0, "ROM": 0, "TOT_EST_ET": 28, "CAPACID_EX": 2, "DOBLE_EXCE": 0, "TE_ACTFISI": 4, "TE_ARTES": 1, "TE_CNATUR": 0, "TE_CSOCIAL": 0, "TE_LDSOCIA": 0, "TE_TECNOLO": 0, "TOT_EST_CA": 7, "TMATRIC_GE": 1466, "Zona": 1 }, "geometry": { "type": "Point", "coordinates": [ -8251126.448599999770522, 503559.515099998563528 ] } },
{ "type": "Feature", "properties": { "NOMBRE_EST": "COLEGIO NUEVA ESPERANZA (IED)", "NOMBRE_SED": "NUEVA ESPERANZA", "ORDEN_DE_S": "A", "DIRECCION": "KR 14 ESTE # 76 - 79 SUR", "DISCAPACID": "FISICA-INTELECTUAL-MENTAL/PSICOSOCIAL-MULTIPLE-VISUAL", "TALENTOS_O": "CAPACIDADES EXCEPCIONALES-TALENTO EXCEPCIONAL EN ACTIVIDAD FISICA, EJERCICIO Y DEPORTE-TALENTO EXCEPCIONAL EN ARTES Y LETRAS", "GRUPOS_ETN": "AFRODESCENDIENTES-INDIGENAS-NEGRITUDES", "SECTOR": 2, "NATU_JUR": 9, "CALENDARIO": 1, "GENERO": 5, "COD_LOCA": "05", "ESPECIALID": 1, "CLASE_TIPO": 1, "BILINGUE": 5, "FECHA": "2025-04-30", "DANE12_EST": "111001024643", "DANE12_SED": "111001024643", "DA_HIPOACU": 0, "DA_SORDERA": 0, "DA_LENGUAS": 0, "DA_UCASTEL": 0, "DISCAP_FIS": 2, "DISCAP_FLE": 0, "DISCAP_PCE": 0, "DI_DCOGNIT": 7, "DI_SDOWN": 0, "DIS_MULTIP": 6, "DIS_PSICOS": 0, "DV_BAJAVIS": 1, "DIS_CEGUER": 0, "T_ESPECTRO": 0, "T_VOZ_Y_HA": 0, "SISTEMICA": 0, "SORDOCEGUE": 0, "OTRA": 0, "TOT_EST_MA": 16, "AFRODESCEN": 1, "INDIGENAS": 2, "NEGRITUDES": 3, "PALENQUERO": 0, "RAIZALES": 0, "ROM": 0, "TOT_EST_ET": 6, "CAPACID_EX": 0, "DOBLE_EXCE": 0, "TE_ACTFISI": 3, "TE_ARTES": 1, "TE_CNATUR": 0, "TE_CSOCIAL": 0, "TE_LDSOCIA": 0, "TE_TECNOLO": 1, "TOT_EST_CA": 5, "TMATRIC_GE": 619, "Zona": 1 }, "geometry": { "type": "Point", "coordinates": [ -8247775.731899999082088, 502954.284299999475479 ] } },
{ "type": "Feature", "properties": { "NOMBRE_EST": "COLEGIO NUEVA ESPERANZA (IED)", "NOMBRE_SED": "SEDE B", "ORDEN_DE_S": "B", "DIRECCION": "KR 14 B ESTE # 76 - 59 SUR", "DISCAPACID": "FISICA-INTELECTUAL-MENTAL/PSICOSOCIAL-MULTIPLE-VISUAL", "TALENTOS_O": "CAPACIDADES EXCEPCIONALES-TALENTO EXCEPCIONAL EN ACTIVIDAD FISICA, EJERCICIO Y DEPORTE-TALENTO EXCEPCIONAL EN ARTES Y LETRAS-TALENTO EXCEPCIONAL EN TECNOLOGIA", "GRUPOS_ETN": "AFRODESCENDIENTES-INDIGENAS-NEGRITUDES", "SECTOR": 2, "NATU_JUR": 9, "CALENDARIO": 1, "GENERO": 5, "COD_LOCA": "05", "ESPECIALID": 1, "CLASE_TIPO": 1, "BILINGUE": 5, "FECHA": "2025-04-30", "DANE12_EST": "111001024643", "DANE12_SED": "111001110442", "DA_HIPOACU": 0, "DA_SORDERA": 0, "DA_LENGUAS": 0, "DA_UCASTEL": 0, "DISCAP_FIS": 1, "DISCAP_FLE": 0, "DISCAP_PCE": 0, "DI_DCOGNIT": 7, "DI_SDOWN": 0, "DIS_MULTIP": 6, "DIS_PSICOS": 0, "DV_BAJAVIS": 0, "DIS_CEGUER": 0, "T_ESPECTRO": 0, "T_VOZ_Y_HA": 0, "SISTEMICA": 0, "SORDOCEGUE": 0, "OTRA": 0, "TOT_EST_MA": 14, "AFRODESCEN": 3, "INDIGENAS": 2, "NEGRITUDES": 5, "PALENQUERO": 0, "RAIZALES": 0, "ROM": 0, "TOT_EST_ET": 10, "CAPACID_EX": 0, "DOBLE_EXCE": 0, "TE_ACTFISI": 0, "TE_ARTES": 0, "TE_CNATUR": 0, "TE_CSOCIAL": 0, "TE_LDSOCIA": 1, "TE_TECNOLO": 1, "TOT_EST_CA": 2, "TMATRIC_GE": 509, "Zona": 1 }, "geometry": { "type": "Point", "coordinates": [ -8247686.676400000229478, 502975.500799998641014 ] } },
{ "type": "Feature", "properties": { "NOMBRE_EST": "COLEGIO ESTANISLAO ZULETA (IED)", "NOMBRE_SED": "ESTANISLAO ZULETA", "ORDEN_DE_S": "A", "DIRECCION": "KR 7 C ESTE # 92 - 48 SUR", "DISCAPACID": "AUDITIVA-FISICA-INTELECTUAL-MENTAL/PSICOSOCIAL-MULTIPLE", "TALENTOS_O": "CAPACIDADES EXCEPCIONALES-TALENTO EXCEPCIONAL EN ARTES Y LETRAS", "GRUPOS_ETN": "AFRODESCENDIENTES-INDIGENAS-NEGRITUDES", "SECTOR": 2, "NATU_JUR": 9, "CALENDARIO": 1, "GENERO": 5, "COD_LOCA": "05", "ESPECIALID": 1, "CLASE_TIPO": 1, "BILINGUE": 5, "FECHA": "2025-04-30", "DANE12_EST": "111001030872", "DANE12_SED": "111001030872", "DA_HIPOACU": 0, "DA_SORDERA": 0, "DA_LENGUAS": 0, "DA_UCASTEL": 0, "DISCAP_FIS": 0, "DISCAP_FLE": 0, "DISCAP_PCE": 0, "DI_DCOGNIT": 17, "DI_SDOWN": 0, "DIS_MULTIP": 5, "DIS_PSICOS": 0, "DV_BAJAVIS": 0, "DIS_CEGUER": 0, "T_ESPECTRO": 0, "T_VOZ_Y_HA": 0, "SISTEMICA": 0, "SORDOCEGUE": 0, "OTRA": 0, "TOT_EST_MA": 22, "AFRODESCEN": 7, "INDIGENAS": 7, "NEGRITUDES": 5, "PALENQUERO": 0, "RAIZALES": 0, "ROM": 0, "TOT_EST_ET": 19, "CAPACID_EX": 1, "DOBLE_EXCE": 0, "TE_ACTFISI": 0, "TE_ARTES": 3, "TE_CNATUR": 0, "TE_CSOCIAL": 0, "TE_LDSOCIA": 0, "TE_TECNOLO": 0, "TOT_EST_CA": 4, "TMATRIC_GE": 947, "Zona": 1 }, "geometry": { "type": "Point", "coordinates": [ -8248831.040699999779463, 501286.014699999243021 ] } },
{ "type": "Feature", "properties": { "NOMBRE_EST": "COLEGIO ESTANISLAO ZULETA (IED)", "NOMBRE_SED": "LA ALBORADA", "ORDEN_DE_S": "B", "DIRECCION": "KR 5 H ESTE # 93 - 18 SUR", "DISCAPACID": "INTELECTUAL-MENTAL/PSICOSOCIAL-MULTIPLE-VISUAL", "TALENTOS_O": "TALENTO EXCEPCIONAL EN TECNOLOGIA", "GRUPOS_ETN": "AFRODESCENDIENTES-INDIGENAS-NEGRITUDES", "SECTOR": 2, "NATU_JUR": 9, "CALENDARIO": 1, "GENERO": 5, "COD_LOCA": "05", "ESPECIALID": 13, "CLASE_TIPO": 1, "BILINGUE": 5, "FECHA": "2025-04-30", "DANE12_EST": "111001030872", "DANE12_SED": "111001075591", "DA_HIPOACU": 1, "DA_SORDERA": 0, "DA_LENGUAS": 0, "DA_UCASTEL": 0, "DISCAP_FIS": 2, "DISCAP_FLE": 0, "DISCAP_PCE": 0, "DI_DCOGNIT": 13, "DI_SDOWN": 0, "DIS_MULTIP": 5, "DIS_PSICOS": 0, "DV_BAJAVIS": 1, "DIS_CEGUER": 0, "T_ESPECTRO": 0, "T_VOZ_Y_HA": 0, "SISTEMICA": 0, "SORDOCEGUE": 0, "OTRA": 0, "TOT_EST_MA": 22, "AFRODESCEN": 9, "INDIGENAS": 5, "NEGRITUDES": 2, "PALENQUERO": 0, "RAIZALES": 0, "ROM": 0, "TOT_EST_ET": 16, "CAPACID_EX": 0, "DOBLE_EXCE": 0, "TE_ACTFISI": 4, "TE_ARTES": 2, "TE_CNATUR": 0, "TE_CSOCIAL": 0, "TE_LDSOCIA": 0, "TE_TECNOLO": 0, "TOT_EST_CA": 6, "TMATRIC_GE": 970, "Zona": 1 }, "geometry": { "type": "Point", "coordinates": [ -8249259.620799999684095, 501146.435499999672174 ] } },
{ "type": "Feature", "properties": { "NOMBRE_EST": "COLEGIO PROVINCIA DE QUEBEC (IED)", "NOMBRE_SED": "PROVINCIA DE QUEBEC", "ORDEN_DE_S": "A", "DIRECCION": "CL 74 C SUR # 14 - 40 ESTE", "DISCAPACID": "AUDITIVA-INTELECTUAL-MENTAL/PSICOSOCIAL-VISUAL", "TALENTOS_O": "CAPACIDADES EXCEPCIONALES-TALENTO EXCEPCIONAL EN ARTES Y LETRAS-TALENTO EXCEPCIONAL EN CIENCIAS NATURALES O BASICAS", "GRUPOS_ETN": "AFRODESCENDIENTES-INDIGENAS-NEGRITUDES", "SECTOR": 2, "NATU_JUR": 9, "CALENDARIO": 1, "GENERO": 5, "COD_LOCA": "05", "ESPECIALID": 1, "CLASE_TIPO": 1, "BILINGUE": 5, "FECHA": "2025-04-30", "DANE12_EST": "111001041556", "DANE12_SED": "111001041556", "DA_HIPOACU": 1, "DA_SORDERA": 0, "DA_LENGUAS": 0, "DA_UCASTEL": 0, "DISCAP_FIS": 1, "DISCAP_FLE": 0, "DISCAP_PCE": 0, "DI_DCOGNIT": 15, "DI_SDOWN": 0, "DIS_MULTIP": 3, "DIS_PSICOS": 6, "DV_BAJAVIS": 2, "DIS_CEGUER": 0, "T_ESPECTRO": 0, "T_VOZ_Y_HA": 0, "SISTEMICA": 0, "SORDOCEGUE": 0, "OTRA": 0, "TOT_EST_MA": 28, "AFRODESCEN": 3, "INDIGENAS": 8, "NEGRITUDES": 1, "PALENQUERO": 0, "RAIZALES": 0, "ROM": 0, "TOT_EST_ET": 12, "CAPACID_EX": 1, "DOBLE_EXCE": 0, "TE_ACTFISI": 2, "TE_ARTES": 1, "TE_CNATUR": 0, "TE_CSOCIAL": 0, "TE_LDSOCIA": 0, "TE_TECNOLO": 1, "TOT_EST_CA": 5, "TMATRIC_GE": 1082, "Zona": 1 }, "geometry": { "type": "Point", "coordinates": [ -8247775.731899999082088, 503234.565900001674891 ] } },
{ "type": "Feature", "properties": { "NOMBRE_EST": "COLEGIO LOS COMUNEROS - OSWALDO GUAYASAMIN (IED)", "NOMBRE_SED": "LOS COMUNEROS", "ORDEN_DE_S": "A", "DIRECCION": "KR 4 G ESTE # 94 A - 23 SUR", "DISCAPACID": "FISICA-INTELECTUAL-MENTAL/PSICOSOCIAL-MULTIPLE", "TALENTOS_O": "CAPACIDADES EXCEPCIONALES-TALENTO EXCEPCIONAL EN ACTIVIDAD FISICA, EJERCICIO Y DEPORTE-TALENTO EXCEPCIONAL EN ARTES Y LETRAS", "GRUPOS_ETN": "AFRODESCENDIENTES-INDIGENAS-NEGRITUDES", "SECTOR": 2, "NATU_JUR": 9, "CALENDARIO": 1, "GENERO": 5, "COD_LOCA": "05", "ESPECIALID": 13, "CLASE_TIPO": 1, "BILINGUE": 5, "FECHA": "2025-04-30", "DANE12_EST": "111001044270", "DANE12_SED": "111001044270", "DA_HIPOACU": 2, "DA_SORDERA": 0, "DA_LENGUAS": 0, "DA_UCASTEL": 0, "DISCAP_FIS": 4, "DISCAP_FLE": 0, "DISCAP_PCE": 0, "DI_DCOGNIT": 30, "DI_SDOWN": 0, "DIS_MULTIP": 3, "DIS_PSICOS": 0, "DV_BAJAVIS": 1, "DIS_CEGUER": 0, "T_ESPECTRO": 0, "T_VOZ_Y_HA": 0, "SISTEMICA": 0, "SORDOCEGUE": 0, "OTRA": 0, "TOT_EST_MA": 40, "AFRODESCEN": 16, "INDIGENAS": 6, "NEGRITUDES": 4, "PALENQUERO": 0, "RAIZALES": 0, "ROM": 0, "TOT_EST_ET": 26, "CAPACID_EX": 1, "DOBLE_EXCE": 0, "TE_ACTFISI": 2, "TE_ARTES": 1, "TE_CNATUR": 0, "TE_CSOCIAL": 1, "TE_LDSOCIA": 0, "TE_TECNOLO": 0, "TOT_EST_CA": 5, "TMATRIC_GE": 1017, "Zona": 1 }, "geometry": { "type": "Point", "coordinates": [ -8249744.9737, 501288.247999999672174 ] } },
{ "type": "Feature", "properties": { "NOMBRE_EST": "COLEGIO LOS COMUNEROS - OSWALDO GUAYASAMIN (IED)", "NOMBRE_SED": "EL VIRREY ULTIMA ETAPA", "ORDEN_DE_S": "B", "DIRECCION": "CL 95 C SUR # 4 A - 10 ESTE", "DISCAPACID": "FISICA-INTELECTUAL-MENTAL/PSICOSOCIAL", "TALENTOS_O": "CAPACIDADES EXCEPCIONALES-TALENTO EXCEPCIONAL EN ACTIVIDAD FISICA, EJERCICIO Y DEPORTE", "GRUPOS_ETN": "AFRODESCENDIENTES-INDIGENAS-NEGRITUDES", "SECTOR": 2, "NATU_JUR": 9, "CALENDARIO": 1, "GENERO": 5, "COD_LOCA": "05", "ESPECIALID": 1, "CLASE_TIPO": 1, "BILINGUE": 5, "FECHA": "2025-04-30", "DANE12_EST": "111001044270", "DANE12_SED": "111001096580", "DA_HIPOACU": 2, "DA_SORDERA": 0, "DA_LENGUAS": 0, "DA_UCASTEL": 0, "DISCAP_FIS": 3, "DISCAP_FLE": 0, "DISCAP_PCE": 0, "DI_DCOGNIT": 31, "DI_SDOWN": 0, "DIS_MULTIP": 1, "DIS_PSICOS": 4, "DV_BAJAVIS": 1, "DIS_CEGUER": 0, "T_ESPECTRO": 0, "T_VOZ_Y_HA": 0, "SISTEMICA": 0, "SORDOCEGUE": 0, "OTRA": 0, "TOT_EST_MA": 42, "AFRODESCEN": 20, "INDIGENAS": 13, "NEGRITUDES": 27, "PALENQUERO": 0, "RAIZALES": 0, "ROM": 0, "TOT_EST_ET": 60, "CAPACID_EX": 0, "DOBLE_EXCE": 0, "TE_ACTFISI": 1, "TE_ARTES": 1, "TE_CNATUR": 0, "TE_CSOCIAL": 0, "TE_LDSOCIA": 0, "TE_TECNOLO": 0, "TOT_EST_CA": 2, "TMATRIC_GE": 878, "Zona": 1 }, "geometry": { "type": "Point", "coordinates": [ -8249976.518300000578165, 501289.364599999040365 ] } },
{ "type": "Feature", "properties": { "NOMBRE_EST": "COLEGIO LA AURORA (IED)", "NOMBRE_SED": "LA AURORA", "ORDEN_DE_S": "A", "DIRECCION": "TV 3 B # 70 A - 16 SUR", "DISCAPACID": "AUDITIVA-INTELECTUAL-MENTAL/PSICOSOCIAL-MULTIPLE-SORDOCEGUERA-VISUAL", "TALENTOS_O": "CAPACIDADES EXCEPCIONALES-TALENTO EXCEPCIONAL EN ACTIVIDAD FISICA, EJERCICIO Y DEPORTE-TALENTO EXCEPCIONAL EN ARTES Y LETRAS-TALENTO EXCEPCIONAL EN LIDERAZGO SOCIAL Y EMPRENDIMIENTO-TALENTO EXCEPCIONAL EN TECNOLOGIA", "GRUPOS_ETN": "AFRODESCENDIENTES-INDIGENAS-NEGRITUDES", "SECTOR": 2, "NATU_JUR": 9, "CALENDARIO": 1, "GENERO": 5, "COD_LOCA": "05", "ESPECIALID": 1, "CLASE_TIPO": 1, "BILINGUE": 5, "FECHA": "2025-04-30", "DANE12_EST": "111001045705", "DANE12_SED": "111001045705", "DA_HIPOACU": 2, "DA_SORDERA": 0, "DA_LENGUAS": 0, "DA_UCASTEL": 0, "DISCAP_FIS": 1, "DISCAP_FLE": 0, "DISCAP_PCE": 0, "DI_DCOGNIT": 16, "DI_SDOWN": 0, "DIS_MULTIP": 5, "DIS_PSICOS": 2, "DV_BAJAVIS": 1, "DIS_CEGUER": 0, "T_ESPECTRO": 0, "T_VOZ_Y_HA": 0, "SISTEMICA": 0, "SORDOCEGUE": 0, "OTRA": 0, "TOT_EST_MA": 27, "AFRODESCEN": 4, "INDIGENAS": 4, "NEGRITUDES": 3, "PALENQUERO": 0, "RAIZALES": 0, "ROM": 0, "TOT_EST_ET": 11, "CAPACID_EX": 3, "DOBLE_EXCE": 0, "TE_ACTFISI": 5, "TE_ARTES": 5, "TE_CNATUR": 0, "TE_CSOCIAL": 0, "TE_LDSOCIA": 2, "TE_TECNOLO": 1, "TOT_EST_CA": 16, "TMATRIC_GE": 1490, "Zona": 1 }, "geometry": { "type": "Point", "coordinates": [ -8251257.805600000545382, 504057.549699999392033 ] } },
{ "type": "Feature", "properties": { "NOMBRE_EST": "COLEGIO NUEVO SAN ANDRES DE LOS ALTOS (IED)", "NOMBRE_SED": "NUEVO SAN ANDRES DE LOS ALTOS", "ORDEN_DE_S": "A", "DIRECCION": "CL 69 SUR # 2 B - 15", "DISCAPACID": "AUDITIVA-INTELECTUAL-MENTAL/PSICOSOCIAL", "TALENTOS_O": "CAPACIDADES EXCEPCIONALES-TALENTO EXCEPCIONAL EN ACTIVIDAD FISICA, EJERCICIO Y DEPORTE-TALENTO EXCEPCIONAL EN ARTES Y LETRAS-TALENTO EXCEPCIONAL EN TECNOLOGIA", "GRUPOS_ETN": "AFRODESCENDIENTES-INDIGENAS-NEGRITUDES", "SECTOR": 2, "NATU_JUR": 9, "CALENDARIO": 1, "GENERO": 5, "COD_LOCA": "05", "ESPECIALID": 1, "CLASE_TIPO": 1, "BILINGUE": 5, "FECHA": "2025-04-30", "DANE12_EST": "111001046485", "DANE12_SED": "111001046485", "DA_HIPOACU": 2, "DA_SORDERA": 0, "DA_LENGUAS": 0, "DA_UCASTEL": 0, "DISCAP_FIS": 0, "DISCAP_FLE": 0, "DISCAP_PCE": 0, "DI_DCOGNIT": 19, "DI_SDOWN": 0, "DIS_MULTIP": 0, "DIS_PSICOS": 0, "DV_BAJAVIS": 2, "DIS_CEGUER": 0, "T_ESPECTRO": 0, "T_VOZ_Y_HA": 0, "SISTEMICA": 0, "SORDOCEGUE": 0, "OTRA": 0, "TOT_EST_MA": 23, "AFRODESCEN": 7, "INDIGENAS": 8, "NEGRITUDES": 3, "PALENQUERO": 0, "RAIZALES": 0, "ROM": 0, "TOT_EST_ET": 18, "CAPACID_EX": 1, "DOBLE_EXCE": 0, "TE_ACTFISI": 3, "TE_ARTES": 2, "TE_CNATUR": 0, "TE_CSOCIAL": 0, "TE_LDSOCIA": 0, "TE_TECNOLO": 2, "TOT_EST_CA": 8, "TMATRIC_GE": 1229, "Zona": 1 }, "geometry": { "type": "Point", "coordinates": [ -8251005.110400000587106, 504282.001299999654293 ] } },
{ "type": "Feature", "properties": { "NOMBRE_EST": "COLEGIO ATABANZHA (IED)", "NOMBRE_SED": "ATABANZHA", "ORDEN_DE_S": "A", "DIRECCION": "CL 92 SUR # 2 - 43", "DISCAPACID": "AUDITIVA-FISICA-INTELECTUAL-MENTAL/PSICOSOCIAL-MULTIPLE", "TALENTOS_O": "CAPACIDADES EXCEPCIONALES-TALENTO EXCEPCIONAL EN ARTES Y LETRAS", "GRUPOS_ETN": "AFRODESCENDIENTES-INDIGENAS-NEGRITUDES", "SECTOR": 2, "NATU_JUR": 9, "CALENDARIO": 1, "GENERO": 5, "COD_LOCA": "05", "ESPECIALID": 1, "CLASE_TIPO": 1, "BILINGUE": 5, "FECHA": "2025-04-30", "DANE12_EST": "111001046931", "DANE12_SED": "111001046931", "DA_HIPOACU": 0, "DA_SORDERA": 0, "DA_LENGUAS": 0, "DA_UCASTEL": 0, "DISCAP_FIS": 1, "DISCAP_FLE": 0, "DISCAP_PCE": 0, "DI_DCOGNIT": 32, "DI_SDOWN": 0, "DIS_MULTIP": 23, "DIS_PSICOS": 3, "DV_BAJAVIS": 0, "DIS_CEGUER": 0, "T_ESPECTRO": 0, "T_VOZ_Y_HA": 0, "SISTEMICA": 0, "SORDOCEGUE": 0, "OTRA": 0, "TOT_EST_MA": 59, "AFRODESCEN": 4, "INDIGENAS": 2, "NEGRITUDES": 1, "PALENQUERO": 0, "RAIZALES": 0, "ROM": 0, "TOT_EST_ET": 7, "CAPACID_EX": 2, "DOBLE_EXCE": 0, "TE_ACTFISI": 1, "TE_ARTES": 1, "TE_CNATUR": 0, "TE_CSOCIAL": 0, "TE_LDSOCIA": 1, "TE_TECNOLO": 0, "TOT_EST_CA": 5, "TMATRIC_GE": 1167, "Zona": 1 }, "geometry": { "type": "Point", "coordinates": [ -8250641.095599999651313, 502216.176899999380112 ] } },
{ "type": "Feature", "properties": { "NOMBRE_EST": "COLEGIO USMINIA (IED)", "NOMBRE_SED": "USMINIA", "ORDEN_DE_S": "A", "DIRECCION": "KR 9 A  # 103 A  - 17 SUR", "DISCAPACID": "INTELECTUAL", "TALENTOS_O": "TALENTO EXCEPCIONAL EN CIENCIAS SOCIALES O HUMANAS", "GRUPOS_ETN": "AFRODESCENDIENTES-INDIGENAS", "SECTOR": 2, "NATU_JUR": 9, "CALENDARIO": 1, "GENERO": 5, "COD_LOCA": "05", "ESPECIALID": 1, "CLASE_TIPO": 1, "BILINGUE": 5, "FECHA": "2025-04-30", "DANE12_EST": "111001065234", "DANE12_SED": "111001065234", "DA_HIPOACU": 0, "DA_SORDERA": 0, "DA_LENGUAS": 0, "DA_UCASTEL": 0, "DISCAP_FIS": 1, "DISCAP_FLE": 0, "DISCAP_PCE": 0, "DI_DCOGNIT": 4, "DI_SDOWN": 0, "DIS_MULTIP": 3, "DIS_PSICOS": 1, "DV_BAJAVIS": 0, "DIS_CEGUER": 0, "T_ESPECTRO": 0, "T_VOZ_Y_HA": 0, "SISTEMICA": 0, "SORDOCEGUE": 0, "OTRA": 0, "TOT_EST_MA": 9, "AFRODESCEN": 2, "INDIGENAS": 3, "NEGRITUDES": 1, "PALENQUERO": 0, "RAIZALES": 0, "ROM": 0, "TOT_EST_ET": 6, "CAPACID_EX": 0, "DOBLE_EXCE": 0, "TE_ACTFISI": 1, "TE_ARTES": 0, "TE_CNATUR": 0, "TE_CSOCIAL": 1, "TE_LDSOCIA": 0, "TE_TECNOLO": 0, "TOT_EST_CA": 2, "TMATRIC_GE": 348, "Zona": 1 }, "geometry": { "type": "Point", "coordinates": [ -8250692.3026, 500899.660000000149012 ] } },
{ "type": "Feature", "properties": { "NOMBRE_EST": "COLEGIO USMINIA (IED)", "NOMBRE_SED": "LORENZO ALCANTUZ", "ORDEN_DE_S": "B", "DIRECCION": "CL 102 A SUR # 3 A - 29 ESTE", "DISCAPACID": "FISICA-INTELECTUAL-MENTAL/PSICOSOCIAL-MULTIPLE", "TALENTOS_O": null, "GRUPOS_ETN": "AFRODESCENDIENTES-INDIGENAS-NEGRITUDES", "SECTOR": 2, "NATU_JUR": 9, "CALENDARIO": 1, "GENERO": 5, "COD_LOCA": "05", "ESPECIALID": 1, "CLASE_TIPO": 1, "BILINGUE": 5, "FECHA": "2025-04-30", "DANE12_EST": "111001065234", "DANE12_SED": "111001046914", "DA_HIPOACU": 0, "DA_SORDERA": 0, "DA_LENGUAS": 0, "DA_UCASTEL": 0, "DISCAP_FIS": 1, "DISCAP_FLE": 0, "DISCAP_PCE": 0, "DI_DCOGNIT": 25, "DI_SDOWN": 0, "DIS_MULTIP": 12, "DIS_PSICOS": 0, "DV_BAJAVIS": 0, "DIS_CEGUER": 0, "T_ESPECTRO": 0, "T_VOZ_Y_HA": 0, "SISTEMICA": 0, "SORDOCEGUE": 0, "OTRA": 0, "TOT_EST_MA": 38, "AFRODESCEN": 4, "INDIGENAS": 2, "NEGRITUDES": 1, "PALENQUERO": 0, "RAIZALES": 0, "ROM": 0, "TOT_EST_ET": 7, "CAPACID_EX": 0, "DOBLE_EXCE": 0, "TE_ACTFISI": 2, "TE_ARTES": 0, "TE_CNATUR": 0, "TE_CSOCIAL": 0, "TE_LDSOCIA": 0, "TE_TECNOLO": 0, "TOT_EST_CA": 2, "TMATRIC_GE": 536, "Zona": 1 }, "geometry": { "type": "Point", "coordinates": [ -8250401.75870000012219, 500929.809000000357628 ] } },
{ "type": "Feature", "properties": { "NOMBRE_EST": "COLEGIO USMINIA (IED)", "NOMBRE_SED": "ANTONIO JOSE DE SUCRE", "ORDEN_DE_S": "C", "DIRECCION": "CL 106 A SUR # 3 C - 12 ESTE", "DISCAPACID": "INTELECTUAL", "TALENTOS_O": "TALENTO EXCEPCIONAL EN ACTIVIDAD FISICA, EJERCICIO Y DEPORTE-TALENTO EXCEPCIONAL EN CIENCIAS SOCIALES O HUMANAS", "GRUPOS_ETN": "INDIGENAS-NEGRITUDES", "SECTOR": 2, "NATU_JUR": 9, "CALENDARIO": 1, "GENERO": 5, "COD_LOCA": "05", "ESPECIALID": 1, "CLASE_TIPO": 1, "BILINGUE": 5, "FECHA": "2025-04-30", "DANE12_EST": "111001065234", "DANE12_SED": "111001047902", "DA_HIPOACU": 0, "DA_SORDERA": 0, "DA_LENGUAS": 0, "DA_UCASTEL": 0, "DISCAP_FIS": 0, "DISCAP_FLE": 0, "DISCAP_PCE": 0, "DI_DCOGNIT": 0, "DI_SDOWN": 0, "DIS_MULTIP": 0, "DIS_PSICOS": 0, "DV_BAJAVIS": 0, "DIS_CEGUER": 0, "T_ESPECTRO": 0, "T_VOZ_Y_HA": 0, "SISTEMICA": 0, "SORDOCEGUE": 0, "OTRA": 0, "TOT_EST_MA": 0, "AFRODESCEN": 0, "INDIGENAS": 0, "NEGRITUDES": 0, "PALENQUERO": 0, "RAIZALES": 0, "ROM": 0, "TOT_EST_ET": 0, "CAPACID_EX": 0, "DOBLE_EXCE": 0, "TE_ACTFISI": 0, "TE_ARTES": 0, "TE_CNATUR": 0, "TE_CSOCIAL": 0, "TE_LDSOCIA": 0, "TE_TECNOLO": 0, "TOT_EST_CA": 0, "TMATRIC_GE": 176, "Zona": 1 }, "geometry": { "type": "Point", "coordinates": [ -8250350.551799999549985, 500719.88289999961853 ] } },
{ "type": "Feature", "properties": { "NOMBRE_EST": "COLEGIO OFELIA URIBE DE ACOSTA (IED)", "NOMBRE_SED": "OFELIA URIBE DE ACOSTA", "ORDEN_DE_S": "A", "DIRECCION": "TV 1 ESTE # 85 - 10 SUR", "DISCAPACID": "AUDITIVA-FISICA-INTELECTUAL-MENTAL/PSICOSOCIAL-MULTIPLE-VISUAL", "TALENTOS_O": "CAPACIDADES EXCEPCIONALES-TALENTO EXCEPCIONAL EN ARTES Y LETRAS", "GRUPOS_ETN": "AFRODESCENDIENTES-INDIGENAS-NEGRITUDES", "SECTOR": 2, "NATU_JUR": 9, "CALENDARIO": 1, "GENERO": 5, "COD_LOCA": "05", "ESPECIALID": 1, "CLASE_TIPO": 1, "BILINGUE": 5, "FECHA": "2025-04-30", "DANE12_EST": "111001077895", "DANE12_SED": "111001077895", "DA_HIPOACU": 4, "DA_SORDERA": 0, "DA_LENGUAS": 0, "DA_UCASTEL": 0, "DISCAP_FIS": 3, "DISCAP_FLE": 0, "DISCAP_PCE": 0, "DI_DCOGNIT": 51, "DI_SDOWN": 0, "DIS_MULTIP": 11, "DIS_PSICOS": 1, "DV_BAJAVIS": 1, "DIS_CEGUER": 0, "T_ESPECTRO": 0, "T_VOZ_Y_HA": 0, "SISTEMICA": 0, "SORDOCEGUE": 0, "OTRA": 0, "TOT_EST_MA": 72, "AFRODESCEN": 18, "INDIGENAS": 40, "NEGRITUDES": 9, "PALENQUERO": 0, "RAIZALES": 1, "ROM": 0, "TOT_EST_ET": 68, "CAPACID_EX": 1, "DOBLE_EXCE": 0, "TE_ACTFISI": 2, "TE_ARTES": 2, "TE_CNATUR": 0, "TE_CSOCIAL": 0, "TE_LDSOCIA": 1, "TE_TECNOLO": 0, "TOT_EST_CA": 6, "TMATRIC_GE": 1921, "Zona": 1 }, "geometry": { "type": "Point", "coordinates": [ -8249186.149900000542402, 502236.276500001549721 ] } },
{ "type": "Feature", "properties": { "NOMBRE_EST": "COLEGIO OFELIA URIBE DE ACOSTA (IED)", "NOMBRE_SED": "ANTIGUA", "ORDEN_DE_S": "B", "DIRECCION": "CL 87 D SUR # 6 A - 55 ESTE", "DISCAPACID": "AUDITIVA-FISICA-INTELECTUAL", "TALENTOS_O": "TALENTO EXCEPCIONAL EN TECNOLOGIA", "GRUPOS_ETN": "AFRODESCENDIENTES-INDIGENAS-NEGRITUDES", "SECTOR": 2, "NATU_JUR": 9, "CALENDARIO": 1, "GENERO": 5, "COD_LOCA": "05", "ESPECIALID": 13, "CLASE_TIPO": 1, "BILINGUE": 5, "FECHA": "2025-04-30", "DANE12_EST": "111001077895", "DANE12_SED": "111001106933", "DA_HIPOACU": 1, "DA_SORDERA": 0, "DA_LENGUAS": 0, "DA_UCASTEL": 0, "DISCAP_FIS": 2, "DISCAP_FLE": 0, "DISCAP_PCE": 0, "DI_DCOGNIT": 2, "DI_SDOWN": 0, "DIS_MULTIP": 3, "DIS_PSICOS": 0, "DV_BAJAVIS": 0, "DIS_CEGUER": 0, "T_ESPECTRO": 0, "T_VOZ_Y_HA": 0, "SISTEMICA": 0, "SORDOCEGUE": 0, "OTRA": 0, "TOT_EST_MA": 8, "AFRODESCEN": 4, "INDIGENAS": 5, "NEGRITUDES": 0, "PALENQUERO": 0, "RAIZALES": 0, "ROM": 0, "TOT_EST_ET": 9, "CAPACID_EX": 0, "DOBLE_EXCE": 0, "TE_ACTFISI": 2, "TE_ARTES": 0, "TE_CNATUR": 0, "TE_CSOCIAL": 0, "TE_LDSOCIA": 2, "TE_TECNOLO": 1, "TOT_EST_CA": 5, "TMATRIC_GE": 555, "Zona": 1 }, "geometry": { "type": "Point", "coordinates": [ -8249052.566500000655651, 501967.164799999445677 ] } },
{ "type": "Feature", "properties": { "NOMBRE_EST": "COLEGIO BRASILIA - USME (IED)", "NOMBRE_SED": "BRASILIA - USME", "ORDEN_DE_S": "A", "DIRECCION": "KR 1 BIS B ESTE # 73 B - 97 SUR", "DISCAPACID": "AUDITIVA-FISICA-INTELECTUAL-MULTIPLE-VISUAL", "TALENTOS_O": "TALENTO EXCEPCIONAL EN TECNOLOGIA", "GRUPOS_ETN": "AFRODESCENDIENTES-INDIGENAS-NEGRITUDES", "SECTOR": 2, "NATU_JUR": 9, "CALENDARIO": 1, "GENERO": 5, "COD_LOCA": "05", "ESPECIALID": 1, "CLASE_TIPO": 1, "BILINGUE": 5, "FECHA": "2025-04-30", "DANE12_EST": "111001077917", "DANE12_SED": "111001077917", "DA_HIPOACU": 4, "DA_SORDERA": 0, "DA_LENGUAS": 0, "DA_UCASTEL": 0, "DISCAP_FIS": 3, "DISCAP_FLE": 0, "DISCAP_PCE": 0, "DI_DCOGNIT": 40, "DI_SDOWN": 0, "DIS_MULTIP": 11, "DIS_PSICOS": 1, "DV_BAJAVIS": 2, "DIS_CEGUER": 0, "T_ESPECTRO": 0, "T_VOZ_Y_HA": 0, "SISTEMICA": 0, "SORDOCEGUE": 0, "OTRA": 0, "TOT_EST_MA": 61, "AFRODESCEN": 7, "INDIGENAS": 2, "NEGRITUDES": 6, "PALENQUERO": 0, "RAIZALES": 0, "ROM": 0, "TOT_EST_ET": 15, "CAPACID_EX": 0, "DOBLE_EXCE": 0, "TE_ACTFISI": 4, "TE_ARTES": 2, "TE_CNATUR": 1, "TE_CSOCIAL": 0, "TE_LDSOCIA": 0, "TE_TECNOLO": 0, "TOT_EST_CA": 7, "TMATRIC_GE": 1183, "Zona": 1 }, "geometry": { "type": "Point", "coordinates": [ -8250419.569900000467896, 503455.665199998766184 ] } },
{ "type": "Feature", "properties": { "NOMBRE_EST": "COLEGIO EL VIRREY JOSE SOLIS (IED)", "NOMBRE_SED": "EL VIRREY JOSE SOLIS", "ORDEN_DE_S": "A", "DIRECCION": "KR 2 B ESTE # 92 - 41 SUR", "DISCAPACID": "AUDITIVA-FISICA-INTELECTUAL-MENTAL/PSICOSOCIAL-MULTIPLE-VISUAL", "TALENTOS_O": "TALENTO EXCEPCIONAL EN ACTIVIDAD FISICA, EJERCICIO Y DEPORTE-TALENTO EXCEPCIONAL EN ARTES Y LETRAS-TALENTO EXCEPCIONAL EN LIDERAZGO SOCIAL Y EMPRENDIMIENTO", "GRUPOS_ETN": "AFRODESCENDIENTES-INDIGENAS-NEGRITUDES", "SECTOR": 2, "NATU_JUR": 9, "CALENDARIO": 1, "GENERO": 5, "COD_LOCA": "05", "ESPECIALID": 1, "CLASE_TIPO": 1, "BILINGUE": 5, "FECHA": "2025-04-30", "DANE12_EST": "111001078638", "DANE12_SED": "111001078638", "DA_HIPOACU": 1, "DA_SORDERA": 0, "DA_LENGUAS": 0, "DA_UCASTEL": 0, "DISCAP_FIS": 2, "DISCAP_FLE": 0, "DISCAP_PCE": 0, "DI_DCOGNIT": 26, "DI_SDOWN": 0, "DIS_MULTIP": 4, "DIS_PSICOS": 2, "DV_BAJAVIS": 1, "DIS_CEGUER": 0, "T_ESPECTRO": 0, "T_VOZ_Y_HA": 0, "SISTEMICA": 0, "SORDOCEGUE": 0, "OTRA": 0, "TOT_EST_MA": 36, "AFRODESCEN": 4, "INDIGENAS": 15, "NEGRITUDES": 2, "PALENQUERO": 0, "RAIZALES": 0, "ROM": 0, "TOT_EST_ET": 21, "CAPACID_EX": 0, "DOBLE_EXCE": 0, "TE_ACTFISI": 3, "TE_ARTES": 6, "TE_CNATUR": 0, "TE_CSOCIAL": 0, "TE_LDSOCIA": 1, "TE_TECNOLO": 0, "TOT_EST_CA": 10, "TMATRIC_GE": 1226, "Zona": 1 }, "geometry": { "type": "Point", "coordinates": [ -8250071.139799999073148, 501765.052499998360872 ] } },
{ "type": "Feature", "properties": { "NOMBRE_EST": "COLEGIO MIGUEL DE CERVANTES SAAVEDRA (IED)", "NOMBRE_SED": "MIGUEL DE CERVANTES SAAVEDRA", "ORDEN_DE_S": "A", "DIRECCION": "KR 1 A # 76 BIS - 15 SUR", "DISCAPACID": "AUDITIVA-FISICA-INTELECTUAL-MENTAL/PSICOSOCIAL-MULTIPLE-VISUAL", "TALENTOS_O": "TALENTO EXCEPCIONAL EN ACTIVIDAD FISICA, EJERCICIO Y DEPORTE-TALENTO EXCEPCIONAL EN ARTES Y LETRAS-TALENTO EXCEPCIONAL EN CIENCIAS NATURALES O BASICAS-TALENTO EXCEPCIONAL EN LIDERAZGO SOCIAL Y EMPRENDIMIENTO", "GRUPOS_ETN": "AFRODESCENDIENTES-INDIGENAS-NEGRITUDES", "SECTOR": 2, "NATU_JUR": 9, "CALENDARIO": 1, "GENERO": 5, "COD_LOCA": "05", "ESPECIALID": 1, "CLASE_TIPO": 1, "BILINGUE": 5, "FECHA": "2025-04-30", "DANE12_EST": "111001083011", "DANE12_SED": "111001083011", "DA_HIPOACU": 2, "DA_SORDERA": 0, "DA_LENGUAS": 0, "DA_UCASTEL": 0, "DISCAP_FIS": 3, "DISCAP_FLE": 0, "DISCAP_PCE": 0, "DI_DCOGNIT": 64, "DI_SDOWN": 0, "DIS_MULTIP": 9, "DIS_PSICOS": 3, "DV_BAJAVIS": 1, "DIS_CEGUER": 0, "T_ESPECTRO": 0, "T_VOZ_Y_HA": 0, "SISTEMICA": 0, "SORDOCEGUE": 0, "OTRA": 0, "TOT_EST_MA": 82, "AFRODESCEN": 7, "INDIGENAS": 16, "NEGRITUDES": 3, "PALENQUERO": 0, "RAIZALES": 0, "ROM": 0, "TOT_EST_ET": 26, "CAPACID_EX": 2, "DOBLE_EXCE": 0, "TE_ACTFISI": 1, "TE_ARTES": 1, "TE_CNATUR": 0, "TE_CSOCIAL": 1, "TE_LDSOCIA": 1, "TE_TECNOLO": 0, "TOT_EST_CA": 6, "TMATRIC_GE": 2261, "Zona": 1 }, "geometry": { "type": "Point", "coordinates": [ -8249421.034, 502829.218699999153614 ] } },
{ "type": "Feature", "properties": { "NOMBRE_EST": "COLEGIO MIGUEL DE CERVANTES SAAVEDRA (IED)", "NOMBRE_SED": "MARICHUELA", "ORDEN_DE_S": "B", "DIRECCION": "CL 76 B SUR # 1 A - 28 ESTE", "DISCAPACID": "FISICA-INTELECTUAL-MULTIPLE", "TALENTOS_O": "CAPACIDADES EXCEPCIONALES-TALENTO EXCEPCIONAL EN LIDERAZGO SOCIAL Y EMPRENDIMIENTO", "GRUPOS_ETN": "INDIGENAS", "SECTOR": 2, "NATU_JUR": 9, "CALENDARIO": 1, "GENERO": 5, "COD_LOCA": "05", "ESPECIALID": 13, "CLASE_TIPO": 1, "BILINGUE": 5, "FECHA": "2025-04-30", "DANE12_EST": "111001083011", "DANE12_SED": "111001104086", "DA_HIPOACU": 0, "DA_SORDERA": 0, "DA_LENGUAS": 0, "DA_UCASTEL": 0, "DISCAP_FIS": 3, "DISCAP_FLE": 0, "DISCAP_PCE": 0, "DI_DCOGNIT": 2, "DI_SDOWN": 0, "DIS_MULTIP": 1, "DIS_PSICOS": 0, "DV_BAJAVIS": 0, "DIS_CEGUER": 0, "T_ESPECTRO": 0, "T_VOZ_Y_HA": 0, "SISTEMICA": 0, "SORDOCEGUE": 0, "OTRA": 0, "TOT_EST_MA": 6, "AFRODESCEN": 1, "INDIGENAS": 6, "NEGRITUDES": 0, "PALENQUERO": 0, "RAIZALES": 0, "ROM": 0, "TOT_EST_ET": 7, "CAPACID_EX": 0, "DOBLE_EXCE": 0, "TE_ACTFISI": 0, "TE_ARTES": 0, "TE_CNATUR": 1, "TE_CSOCIAL": 0, "TE_LDSOCIA": 1, "TE_TECNOLO": 0, "TOT_EST_CA": 2, "TMATRIC_GE": 322, "Zona": 1 }, "geometry": { "type": "Point", "coordinates": [ -8250352.778200000524521, 502780.085900001227856 ] } },
{ "type": "Feature", "properties": { "NOMBRE_EST": "COLEGIO CHUNIZA (IED)", "NOMBRE_SED": "CHUNIZA", "ORDEN_DE_S": "A", "DIRECCION": "KR 1 G ESTE # 84 A - 42 SUR", "DISCAPACID": "AUDITIVA-FISICA-INTELECTUAL-MENTAL/PSICOSOCIAL-MULTIPLE", "TALENTOS_O": "TALENTO EXCEPCIONAL EN ACTIVIDAD FISICA, EJERCICIO Y DEPORTE-TALENTO EXCEPCIONAL EN ARTES Y LETRAS-TALENTO EXCEPCIONAL EN LIDERAZGO SOCIAL Y EMPRENDIMIENTO-TALENTO EXCEPCIONAL EN TECNOLOGIA", "GRUPOS_ETN": "AFRODESCENDIENTES-INDIGENAS-NEGRITUDES", "SECTOR": 2, "NATU_JUR": 9, "CALENDARIO": 1, "GENERO": 5, "COD_LOCA": "05", "ESPECIALID": 1, "CLASE_TIPO": 1, "BILINGUE": 5, "FECHA": "2025-04-30", "DANE12_EST": "111001086614", "DANE12_SED": "111001086614", "DA_HIPOACU": 5, "DA_SORDERA": 0, "DA_LENGUAS": 0, "DA_UCASTEL": 0, "DISCAP_FIS": 4, "DISCAP_FLE": 0, "DISCAP_PCE": 0, "DI_DCOGNIT": 42, "DI_SDOWN": 0, "DIS_MULTIP": 20, "DIS_PSICOS": 0, "DV_BAJAVIS": 1, "DIS_CEGUER": 0, "T_ESPECTRO": 0, "T_VOZ_Y_HA": 0, "SISTEMICA": 0, "SORDOCEGUE": 0, "OTRA": 0, "TOT_EST_MA": 72, "AFRODESCEN": 11, "INDIGENAS": 10, "NEGRITUDES": 2, "PALENQUERO": 0, "RAIZALES": 0, "ROM": 0, "TOT_EST_ET": 23, "CAPACID_EX": 0, "DOBLE_EXCE": 0, "TE_ACTFISI": 6, "TE_ARTES": 1, "TE_CNATUR": 0, "TE_CSOCIAL": 0, "TE_LDSOCIA": 2, "TE_TECNOLO": 0, "TOT_EST_CA": 9, "TMATRIC_GE": 2029, "Zona": 1 }, "geometry": { "type": "Point", "coordinates": [ -8249987.6502, 502163.694499999284744 ] } },
{ "type": "Feature", "properties": { "NOMBRE_EST": "COLEGIO FERNANDO GONZALEZ OCHOA (IED)", "NOMBRE_SED": "FERNANDO GONZALEZ OCHOA", "ORDEN_DE_S": "A", "DIRECCION": "KR 4 # 89 - 43 SUR", "DISCAPACID": "AUDITIVA-FISICA-INTELECTUAL-MENTAL/PSICOSOCIAL-MULTIPLE-VISUAL", "TALENTOS_O": "CAPACIDADES EXCEPCIONALES-TALENTO EXCEPCIONAL EN ACTIVIDAD FISICA, EJERCICIO Y DEPORTE-TALENTO EXCEPCIONAL EN ARTES Y LETRAS-TALENTO EXCEPCIONAL EN CIENCIAS NATURALES O BASICAS-TALENTO EXCEPCIONAL EN CIENCIAS SOCIALES O HUMANAS", "GRUPOS_ETN": "AFRODESCENDIENTES-INDIGENAS-NEGRITUDES", "SECTOR": 2, "NATU_JUR": 9, "CALENDARIO": 1, "GENERO": 5, "COD_LOCA": "05", "ESPECIALID": 1, "CLASE_TIPO": 1, "BILINGUE": 5, "FECHA": "2025-04-30", "DANE12_EST": "111001094439", "DANE12_SED": "111001094439", "DA_HIPOACU": 3, "DA_SORDERA": 0, "DA_LENGUAS": 0, "DA_UCASTEL": 0, "DISCAP_FIS": 5, "DISCAP_FLE": 0, "DISCAP_PCE": 0, "DI_DCOGNIT": 40, "DI_SDOWN": 0, "DIS_MULTIP": 17, "DIS_PSICOS": 4, "DV_BAJAVIS": 3, "DIS_CEGUER": 0, "T_ESPECTRO": 0, "T_VOZ_Y_HA": 0, "SISTEMICA": 0, "SORDOCEGUE": 0, "OTRA": 0, "TOT_EST_MA": 72, "AFRODESCEN": 14, "INDIGENAS": 12, "NEGRITUDES": 2, "PALENQUERO": 0, "RAIZALES": 0, "ROM": 0, "TOT_EST_ET": 28, "CAPACID_EX": 1, "DOBLE_EXCE": 0, "TE_ACTFISI": 4, "TE_ARTES": 3, "TE_CNATUR": 1, "TE_CSOCIAL": 2, "TE_LDSOCIA": 1, "TE_TECNOLO": 0, "TOT_EST_CA": 12, "TMATRIC_GE": 2113, "Zona": 1 }, "geometry": { "type": "Point", "coordinates": [ -8249554.61739999987185, 501767.285799998790026 ] } },
{ "type": "Feature", "properties": { "NOMBRE_EST": "COLEGIO SAN CAYETANO (IED)", "NOMBRE_SED": "SAN CAYETANO", "ORDEN_DE_S": "A", "DIRECCION": "CL 74 A SUR # 17 - 49 ESTE", "DISCAPACID": "AUDITIVA-FISICA-INTELECTUAL-MULTIPLE-SORDOCEGUERA", "TALENTOS_O": "CAPACIDADES EXCEPCIONALES-TALENTO EXCEPCIONAL EN ACTIVIDAD FISICA, EJERCICIO Y DEPORTE-TALENTO EXCEPCIONAL EN ARTES Y LETRAS-TALENTO EXCEPCIONAL EN LIDERAZGO SOCIAL Y EMPRENDIMIENTO", "GRUPOS_ETN": "AFRODESCENDIENTES-INDIGENAS-NEGRITUDES", "SECTOR": 2, "NATU_JUR": 9, "CALENDARIO": 1, "GENERO": 5, "COD_LOCA": "05", "ESPECIALID": 1, "CLASE_TIPO": 1, "BILINGUE": 5, "FECHA": "2025-04-30", "DANE12_EST": "111001098833", "DANE12_SED": "111001098833", "DA_HIPOACU": 3, "DA_SORDERA": 0, "DA_LENGUAS": 0, "DA_UCASTEL": 0, "DISCAP_FIS": 3, "DISCAP_FLE": 0, "DISCAP_PCE": 0, "DI_DCOGNIT": 30, "DI_SDOWN": 0, "DIS_MULTIP": 10, "DIS_PSICOS": 0, "DV_BAJAVIS": 0, "DIS_CEGUER": 0, "T_ESPECTRO": 0, "T_VOZ_Y_HA": 0, "SISTEMICA": 0, "SORDOCEGUE": 0, "OTRA": 0, "TOT_EST_MA": 46, "AFRODESCEN": 13, "INDIGENAS": 9, "NEGRITUDES": 4, "PALENQUERO": 0, "RAIZALES": 0, "ROM": 0, "TOT_EST_ET": 26, "CAPACID_EX": 3, "DOBLE_EXCE": 0, "TE_ACTFISI": 3, "TE_ARTES": 1, "TE_CNATUR": 0, "TE_CSOCIAL": 1, "TE_LDSOCIA": 1, "TE_TECNOLO": 0, "TOT_EST_CA": 9, "TMATRIC_GE": 1898, "Zona": 2 }, "geometry": { "type": "Point", "coordinates": [ -8247383.887299999594688, 503362.982099998742342 ] } },
{ "type": "Feature", "properties": { "NOMBRE_EST": "COLEGIO SAN JOSE DE USME (IED)", "NOMBRE_SED": "COLEGIO SAN JOSE DE USME (IED) - SEDE PRINCIPAL", "ORDEN_DE_S": "A", "DIRECCION": "CL 97 SUR # 14 B - 05", "DISCAPACID": "AUDITIVA-INTELECTUAL-MENTAL/PSICOSOCIAL", "TALENTOS_O": "CAPACIDADES EXCEPCIONALES-TALENTO EXCEPCIONAL EN ACTIVIDAD FISICA, EJERCICIO Y DEPORTE-TALENTO EXCEPCIONAL EN ARTES Y LETRAS", "GRUPOS_ETN": "INDIGENAS", "SECTOR": 2, "NATU_JUR": 9, "CALENDARIO": 1, "GENERO": 5, "COD_LOCA": "05", "ESPECIALID": 1, "CLASE_TIPO": 2, "BILINGUE": 5, "FECHA": "2025-04-30", "DANE12_EST": "111001098841", "DANE12_SED": "111001098841", "DA_HIPOACU": 5, "DA_SORDERA": 0, "DA_LENGUAS": 0, "DA_UCASTEL": 0, "DISCAP_FIS": 0, "DISCAP_FLE": 0, "DISCAP_PCE": 0, "DI_DCOGNIT": 6, "DI_SDOWN": 0, "DIS_MULTIP": 3, "DIS_PSICOS": 0, "DV_BAJAVIS": 0, "DIS_CEGUER": 0, "T_ESPECTRO": 0, "T_VOZ_Y_HA": 0, "SISTEMICA": 0, "SORDOCEGUE": 0, "OTRA": 0, "TOT_EST_MA": 14, "AFRODESCEN": 0, "INDIGENAS": 7, "NEGRITUDES": 0, "PALENQUERO": 0, "RAIZALES": 0, "ROM": 0, "TOT_EST_ET": 7, "CAPACID_EX": 1, "DOBLE_EXCE": 0, "TE_ACTFISI": 3, "TE_ARTES": 1, "TE_CNATUR": 0, "TE_CSOCIAL": 0, "TE_LDSOCIA": 0, "TE_TECNOLO": 0, "TOT_EST_CA": 5, "TMATRIC_GE": 1108, "Zona": 1 }, "geometry": { "type": "Point", "coordinates": [ -8250814.754000000655651, 501648.921900000423193 ] } },
{ "type": "Feature", "properties": { "NOMBRE_EST": "COLEGIO CHUNIZA FAMACO (IED)", "NOMBRE_SED": "COLEGIO CHUNIZA FAMACO (IED) - SEDE PRINCIPAL", "ORDEN_DE_S": "A", "DIRECCION": "AC 91 SUR # 4 - 22 ESTE", "DISCAPACID": "INTELECTUAL-MULTIPLE", "TALENTOS_O": "CAPACIDADES EXCEPCIONALES-TALENTO EXCEPCIONAL EN CIENCIAS SOCIALES O HUMANAS", "GRUPOS_ETN": "INDIGENAS-NEGRITUDES", "SECTOR": 2, "NATU_JUR": 9, "CALENDARIO": 1, "GENERO": 5, "COD_LOCA": "05", "ESPECIALID": 1, "CLASE_TIPO": 2, "BILINGUE": 5, "FECHA": "2025-04-30", "DANE12_EST": "111001098850", "DANE12_SED": "111001098850", "DA_HIPOACU": 0, "DA_SORDERA": 0, "DA_LENGUAS": 0, "DA_UCASTEL": 0, "DISCAP_FIS": 0, "DISCAP_FLE": 0, "DISCAP_PCE": 0, "DI_DCOGNIT": 11, "DI_SDOWN": 0, "DIS_MULTIP": 6, "DIS_PSICOS": 0, "DV_BAJAVIS": 0, "DIS_CEGUER": 0, "T_ESPECTRO": 0, "T_VOZ_Y_HA": 0, "SISTEMICA": 0, "SORDOCEGUE": 0, "OTRA": 0, "TOT_EST_MA": 17, "AFRODESCEN": 0, "INDIGENAS": 12, "NEGRITUDES": 0, "PALENQUERO": 0, "RAIZALES": 0, "ROM": 0, "TOT_EST_ET": 12, "CAPACID_EX": 0, "DOBLE_EXCE": 0, "TE_ACTFISI": 0, "TE_ARTES": 0, "TE_CNATUR": 1, "TE_CSOCIAL": 0, "TE_LDSOCIA": 0, "TE_TECNOLO": 0, "TOT_EST_CA": 1, "TMATRIC_GE": 1113, "Zona": 1 }, "geometry": { "type": "Point", "coordinates": [ -8249247.375600000843406, 501120.752999998629093 ] } },
{ "type": "Feature", "properties": { "NOMBRE_EST": "COLEGIO LUIS EDUARDO MORA OSEJO (IED)", "NOMBRE_SED": "LUIS EDUARDO MORA OSEJO", "ORDEN_DE_S": "A", "DIRECCION": "CL 95 SUR # 3 - 00 ESTE", "DISCAPACID": "FISICA-INTELECTUAL-MULTIPLE", "TALENTOS_O": "CAPACIDADES EXCEPCIONALES-TALENTO EXCEPCIONAL EN CIENCIAS SOCIALES O HUMANAS-TALENTO EXCEPCIONAL EN TECNOLOGIA", "GRUPOS_ETN": "AFRODESCENDIENTES-INDIGENAS-NEGRITUDES", "SECTOR": 2, "NATU_JUR": 9, "CALENDARIO": 1, "GENERO": 5, "COD_LOCA": "05", "ESPECIALID": 1, "CLASE_TIPO": 1, "BILINGUE": 5, "FECHA": "2025-04-30", "DANE12_EST": "111001098868", "DANE12_SED": "111001098868", "DA_HIPOACU": 1, "DA_SORDERA": 0, "DA_LENGUAS": 0, "DA_UCASTEL": 0, "DISCAP_FIS": 2, "DISCAP_FLE": 0, "DISCAP_PCE": 0, "DI_DCOGNIT": 17, "DI_SDOWN": 0, "DIS_MULTIP": 5, "DIS_PSICOS": 0, "DV_BAJAVIS": 0, "DIS_CEGUER": 0, "T_ESPECTRO": 0, "T_VOZ_Y_HA": 0, "SISTEMICA": 0, "SORDOCEGUE": 0, "OTRA": 0, "TOT_EST_MA": 25, "AFRODESCEN": 8, "INDIGENAS": 2, "NEGRITUDES": 1, "PALENQUERO": 0, "RAIZALES": 0, "ROM": 0, "TOT_EST_ET": 11, "CAPACID_EX": 1, "DOBLE_EXCE": 0, "TE_ACTFISI": 0, "TE_ARTES": 0, "TE_CNATUR": 0, "TE_CSOCIAL": 0, "TE_LDSOCIA": 0, "TE_TECNOLO": 1, "TOT_EST_CA": 2, "TMATRIC_GE": 747, "Zona": 1 }, "geometry": { "type": "Point", "coordinates": [ -8250139.044700000435114, 501505.99210000038147 ] } },
{ "type": "Feature", "properties": { "NOMBRE_EST": "COLEGIO MIRAVALLE (IED)", "NOMBRE_SED": "COLEGIO MIRAVALLE (IED) - SEDE PRINCIPAL", "ORDEN_DE_S": "A", "DIRECCION": "DG 76 SUR # 3 B - 30", "DISCAPACID": "AUDITIVA-FISICA-INTELECTUAL-MENTAL/PSICOSOCIAL-SORDOCEGUERA", "TALENTOS_O": "TALENTO EXCEPCIONAL EN ACTIVIDAD FISICA, EJERCICIO Y DEPORTE-TALENTO EXCEPCIONAL EN ARTES Y LETRAS-TALENTO EXCEPCIONAL EN LIDERAZGO SOCIAL Y EMPRENDIMIENTO", "GRUPOS_ETN": "AFRODESCENDIENTES-INDIGENAS-NEGRITUDES", "SECTOR": 2, "NATU_JUR": 9, "CALENDARIO": 1, "GENERO": 5, "COD_LOCA": "05", "ESPECIALID": 1, "CLASE_TIPO": 2, "BILINGUE": 5, "FECHA": "2025-04-30", "DANE12_EST": "111001100081", "DANE12_SED": "111001100081", "DA_HIPOACU": 2, "DA_SORDERA": 0, "DA_LENGUAS": 0, "DA_UCASTEL": 0, "DISCAP_FIS": 3, "DISCAP_FLE": 0, "DISCAP_PCE": 0, "DI_DCOGNIT": 5, "DI_SDOWN": 0, "DIS_MULTIP": 1, "DIS_PSICOS": 0, "DV_BAJAVIS": 1, "DIS_CEGUER": 0, "T_ESPECTRO": 0, "T_VOZ_Y_HA": 0, "SISTEMICA": 0, "SORDOCEGUE": 0, "OTRA": 0, "TOT_EST_MA": 12, "AFRODESCEN": 3, "INDIGENAS": 4, "NEGRITUDES": 0, "PALENQUERO": 0, "RAIZALES": 1, "ROM": 0, "TOT_EST_ET": 8, "CAPACID_EX": 0, "DOBLE_EXCE": 0, "TE_ACTFISI": 9, "TE_ARTES": 6, "TE_CNATUR": 0, "TE_CSOCIAL": 0, "TE_LDSOCIA": 4, "TE_TECNOLO": 2, "TOT_EST_CA": 21, "TMATRIC_GE": 1228, "Zona": 1 }, "geometry": { "type": "Point", "coordinates": [ -8250960.582599999383092, 502883.934900000691414 ] } },
{ "type": "Feature", "properties": { "NOMBRE_EST": "COLEGIO JUAN LUIS LONDOÑO (IED)", "NOMBRE_SED": "COLEGIO JUAN LUIS LONDOÑO (IED) - SEDE PRINCIPAL", "ORDEN_DE_S": "A", "DIRECCION": "KR 1 C ESTE # 66 A - 20 SUR", "DISCAPACID": "AUDITIVA-INTELECTUAL-MENTAL/PSICOSOCIAL-MULTIPLE-VISUAL", "TALENTOS_O": "TALENTO EXCEPCIONAL EN ACTIVIDAD FISICA, EJERCICIO Y DEPORTE-TALENTO EXCEPCIONAL EN ARTES Y LETRAS-TALENTO EXCEPCIONAL EN LIDERAZGO SOCIAL Y EMPRENDIMIENTO-TALENTO EXCEPCIONAL EN TECNOLOGIA", "GRUPOS_ETN": "AFRODESCENDIENTES-INDIGENAS-NEGRITUDES", "SECTOR": 2, "NATU_JUR": 9, "CALENDARIO": 1, "GENERO": 5, "COD_LOCA": "05", "ESPECIALID": 1, "CLASE_TIPO": 2, "BILINGUE": 5, "FECHA": "2025-04-30", "DANE12_EST": "111001102008", "DANE12_SED": "111001102008", "DA_HIPOACU": 1, "DA_SORDERA": 0, "DA_LENGUAS": 0, "DA_UCASTEL": 0, "DISCAP_FIS": 1, "DISCAP_FLE": 0, "DISCAP_PCE": 0, "DI_DCOGNIT": 20, "DI_SDOWN": 0, "DIS_MULTIP": 16, "DIS_PSICOS": 2, "DV_BAJAVIS": 1, "DIS_CEGUER": 0, "T_ESPECTRO": 0, "T_VOZ_Y_HA": 0, "SISTEMICA": 0, "SORDOCEGUE": 0, "OTRA": 0, "TOT_EST_MA": 41, "AFRODESCEN": 2, "INDIGENAS": 8, "NEGRITUDES": 2, "PALENQUERO": 0, "RAIZALES": 0, "ROM": 0, "TOT_EST_ET": 12, "CAPACID_EX": 0, "DOBLE_EXCE": 0, "TE_ACTFISI": 0, "TE_ARTES": 0, "TE_CNATUR": 0, "TE_CSOCIAL": 0, "TE_LDSOCIA": 0, "TE_TECNOLO": 0, "TOT_EST_CA": 0, "TMATRIC_GE": 1410, "Zona": 1 }, "geometry": { "type": "Point", "coordinates": [ -8250451.85249999910593, 505046.927999999374151 ] } },
{ "type": "Feature", "properties": { "NOMBRE_EST": "COLEGIO EDUARDO UMAÑA MENDOZA (IED)", "NOMBRE_SED": "EDUARDO UMAÑA MENDOZA", "ORDEN_DE_S": "A", "DIRECCION": "CL 111 A BIS SUR # 4 A - 41 ESTE", "DISCAPACID": "AUDITIVA-FISICA-INTELECTUAL-MULTIPLE-VISUAL", "TALENTOS_O": "TALENTO EXCEPCIONAL EN ACTIVIDAD FISICA, EJERCICIO Y DEPORTE-TALENTO EXCEPCIONAL EN ARTES Y LETRAS", "GRUPOS_ETN": "AFRODESCENDIENTES-INDIGENAS-NEGRITUDES", "SECTOR": 2, "NATU_JUR": 9, "CALENDARIO": 1, "GENERO": 5, "COD_LOCA": "05", "ESPECIALID": 1, "CLASE_TIPO": 1, "BILINGUE": 5, "FECHA": "2025-04-30", "DANE12_EST": "111001104337", "DANE12_SED": "111001104337", "DA_HIPOACU": 2, "DA_SORDERA": 0, "DA_LENGUAS": 0, "DA_UCASTEL": 0, "DISCAP_FIS": 2, "DISCAP_FLE": 0, "DISCAP_PCE": 0, "DI_DCOGNIT": 25, "DI_SDOWN": 0, "DIS_MULTIP": 6, "DIS_PSICOS": 0, "DV_BAJAVIS": 1, "DIS_CEGUER": 0, "T_ESPECTRO": 0, "T_VOZ_Y_HA": 0, "SISTEMICA": 0, "SORDOCEGUE": 0, "OTRA": 0, "TOT_EST_MA": 36, "AFRODESCEN": 23, "INDIGENAS": 16, "NEGRITUDES": 16, "PALENQUERO": 0, "RAIZALES": 0, "ROM": 0, "TOT_EST_ET": 55, "CAPACID_EX": 2, "DOBLE_EXCE": 0, "TE_ACTFISI": 1, "TE_ARTES": 2, "TE_CNATUR": 0, "TE_CSOCIAL": 0, "TE_LDSOCIA": 0, "TE_TECNOLO": 0, "TOT_EST_CA": 5, "TMATRIC_GE": 1704, "Zona": 1 }, "geometry": { "type": "Point", "coordinates": [ -8250270.401699999347329, 500350.280099999159575 ] } },
{ "type": "Feature", "properties": { "NOMBRE_EST": "COLEGIO DIEGO MONTAÑA CUELLAR (IED)", "NOMBRE_SED": "EL UVAL", "ORDEN_DE_S": "A", "DIRECCION": "TV 6 B # 100 C - 55 SUR", "DISCAPACID": "AUDITIVA-FISICA-INTELECTUAL-MENTAL/PSICOSOCIAL-MULTIPLE-VISUAL", "TALENTOS_O": "CAPACIDADES EXCEPCIONALES-TALENTO EXCEPCIONAL EN ACTIVIDAD FISICA, EJERCICIO Y DEPORTE-TALENTO EXCEPCIONAL EN ARTES Y LETRAS", "GRUPOS_ETN": "AFRODESCENDIENTES-INDIGENAS-NEGRITUDES", "SECTOR": 2, "NATU_JUR": 9, "CALENDARIO": 1, "GENERO": 5, "COD_LOCA": "05", "ESPECIALID": 1, "CLASE_TIPO": 1, "BILINGUE": 5, "FECHA": "2025-04-30", "DANE12_EST": "111001104345", "DANE12_SED": "111001104345", "DA_HIPOACU": 1, "DA_SORDERA": 0, "DA_LENGUAS": 0, "DA_UCASTEL": 0, "DISCAP_FIS": 2, "DISCAP_FLE": 0, "DISCAP_PCE": 0, "DI_DCOGNIT": 34, "DI_SDOWN": 0, "DIS_MULTIP": 6, "DIS_PSICOS": 3, "DV_BAJAVIS": 3, "DIS_CEGUER": 0, "T_ESPECTRO": 0, "T_VOZ_Y_HA": 0, "SISTEMICA": 0, "SORDOCEGUE": 0, "OTRA": 0, "TOT_EST_MA": 49, "AFRODESCEN": 16, "INDIGENAS": 18, "NEGRITUDES": 6, "PALENQUERO": 0, "RAIZALES": 1, "ROM": 0, "TOT_EST_ET": 41, "CAPACID_EX": 2, "DOBLE_EXCE": 0, "TE_ACTFISI": 4, "TE_ARTES": 0, "TE_CNATUR": 0, "TE_CSOCIAL": 0, "TE_LDSOCIA": 1, "TE_TECNOLO": 0, "TOT_EST_CA": 7, "TMATRIC_GE": 1445, "Zona": 1 }, "geometry": { "type": "Point", "coordinates": [ -8250455.192099999636412, 501090.603900000452995 ] } },
{ "type": "Feature", "properties": { "NOMBRE_EST": "COLEGIO DIEGO MONTAÑA CUELLAR (IED)", "NOMBRE_SED": "DIEGO MONTAÑA CUELLAR", "ORDEN_DE_S": "B", "DIRECCION": "KR 14 # 95 A - 20 SUR", "DISCAPACID": "AUDITIVA-FISICA-INTELECTUAL-MENTAL/PSICOSOCIAL-MULTIPLE", "TALENTOS_O": "CAPACIDADES EXCEPCIONALES", "GRUPOS_ETN": "AFRODESCENDIENTES-INDIGENAS-NEGRITUDES", "SECTOR": 2, "NATU_JUR": 9, "CALENDARIO": 1, "GENERO": 5, "COD_LOCA": "05", "ESPECIALID": 1, "CLASE_TIPO": 1, "BILINGUE": 5, "FECHA": "2025-04-30", "DANE12_EST": "111001104345", "DANE12_SED": "111001076201", "DA_HIPOACU": 1, "DA_SORDERA": 0, "DA_LENGUAS": 0, "DA_UCASTEL": 0, "DISCAP_FIS": 2, "DISCAP_FLE": 0, "DISCAP_PCE": 0, "DI_DCOGNIT": 26, "DI_SDOWN": 0, "DIS_MULTIP": 4, "DIS_PSICOS": 1, "DV_BAJAVIS": 0, "DIS_CEGUER": 0, "T_ESPECTRO": 0, "T_VOZ_Y_HA": 0, "SISTEMICA": 0, "SORDOCEGUE": 0, "OTRA": 0, "TOT_EST_MA": 34, "AFRODESCEN": 8, "INDIGENAS": 9, "NEGRITUDES": 4, "PALENQUERO": 0, "RAIZALES": 0, "ROM": 0, "TOT_EST_ET": 21, "CAPACID_EX": 2, "DOBLE_EXCE": 0, "TE_ACTFISI": 0, "TE_ARTES": 1, "TE_CNATUR": 0, "TE_CSOCIAL": 0, "TE_LDSOCIA": 0, "TE_TECNOLO": 0, "TOT_EST_CA": 3, "TMATRIC_GE": 956, "Zona": 1 }, "geometry": { "type": "Point", "coordinates": [ -8250642.208799999207258, 501624.355799999088049 ] } },
{ "type": "Feature", "properties": { "NOMBRE_EST": "COLEGIO DIEGO MONTAÑA CUELLAR (IED)", "NOMBRE_SED": "SERRANIAS", "ORDEN_DE_S": "C", "DIRECCION": "DG 99 SUR # 9 - 20", "DISCAPACID": "INTELECTUAL", "TALENTOS_O": "TALENTO EXCEPCIONAL EN ACTIVIDAD FISICA, EJERCICIO Y DEPORTE-TALENTO EXCEPCIONAL EN ARTES Y LETRAS-TALENTO EXCEPCIONAL EN LIDERAZGO SOCIAL Y EMPRENDIMIENTO", "GRUPOS_ETN": "AFRODESCENDIENTES-NEGRITUDES", "SECTOR": 2, "NATU_JUR": 9, "CALENDARIO": 1, "GENERO": 5, "COD_LOCA": "05", "ESPECIALID": 13, "CLASE_TIPO": 1, "BILINGUE": 5, "FECHA": "2025-04-30", "DANE12_EST": "111001104345", "DANE12_SED": "111001107751", "DA_HIPOACU": 0, "DA_SORDERA": 0, "DA_LENGUAS": 0, "DA_UCASTEL": 0, "DISCAP_FIS": 0, "DISCAP_FLE": 0, "DISCAP_PCE": 0, "DI_DCOGNIT": 3, "DI_SDOWN": 0, "DIS_MULTIP": 2, "DIS_PSICOS": 0, "DV_BAJAVIS": 0, "DIS_CEGUER": 0, "T_ESPECTRO": 0, "T_VOZ_Y_HA": 0, "SISTEMICA": 0, "SORDOCEGUE": 0, "OTRA": 0, "TOT_EST_MA": 5, "AFRODESCEN": 3, "INDIGENAS": 1, "NEGRITUDES": 1, "PALENQUERO": 0, "RAIZALES": 0, "ROM": 0, "TOT_EST_ET": 5, "CAPACID_EX": 0, "DOBLE_EXCE": 0, "TE_ACTFISI": 4, "TE_ARTES": 2, "TE_CNATUR": 0, "TE_CSOCIAL": 0, "TE_LDSOCIA": 2, "TE_TECNOLO": 0, "TOT_EST_CA": 8, "TMATRIC_GE": 337, "Zona": 1 }, "geometry": { "type": "Point", "coordinates": [ -8250514.191400000825524, 501472.493000000715256 ] } },
{ "type": "Feature", "properties": { "NOMBRE_EST": "COLEGIO CIUDAD DE VILLAVICENCIO (IED)", "NOMBRE_SED": "CIUDAD DE VILLAVICENCIO", "ORDEN_DE_S": "A", "DIRECCION": "KR 6 H ESTE # 114 - 88 SUR", "DISCAPACID": "AUDITIVA-INTELECTUAL-MENTAL/PSICOSOCIAL-MULTIPLE-VISUAL", "TALENTOS_O": "TALENTO EXCEPCIONAL EN ACTIVIDAD FISICA, EJERCICIO Y DEPORTE-TALENTO EXCEPCIONAL EN CIENCIAS SOCIALES O HUMANAS", "GRUPOS_ETN": "AFRODESCENDIENTES-INDIGENAS-NEGRITUDES", "SECTOR": 2, "NATU_JUR": 9, "CALENDARIO": 1, "GENERO": 5, "COD_LOCA": "05", "ESPECIALID": 1, "CLASE_TIPO": 1, "BILINGUE": 5, "FECHA": "2025-04-30", "DANE12_EST": "111001104353", "DANE12_SED": "111001104353", "DA_HIPOACU": 3, "DA_SORDERA": 0, "DA_LENGUAS": 0, "DA_UCASTEL": 0, "DISCAP_FIS": 0, "DISCAP_FLE": 0, "DISCAP_PCE": 0, "DI_DCOGNIT": 20, "DI_SDOWN": 0, "DIS_MULTIP": 5, "DIS_PSICOS": 6, "DV_BAJAVIS": 2, "DIS_CEGUER": 0, "T_ESPECTRO": 0, "T_VOZ_Y_HA": 0, "SISTEMICA": 0, "SORDOCEGUE": 0, "OTRA": 0, "TOT_EST_MA": 36, "AFRODESCEN": 6, "INDIGENAS": 23, "NEGRITUDES": 10, "PALENQUERO": 0, "RAIZALES": 0, "ROM": 0, "TOT_EST_ET": 39, "CAPACID_EX": 0, "DOBLE_EXCE": 0, "TE_ACTFISI": 1, "TE_ARTES": 1, "TE_CNATUR": 0, "TE_CSOCIAL": 1, "TE_LDSOCIA": 0, "TE_TECNOLO": 0, "TOT_EST_CA": 3, "TMATRIC_GE": 1119, "Zona": 1 }, "geometry": { "type": "Point", "coordinates": [ -8249269.639499999582767, 499829.936000000685453 ] } },
{ "type": "Feature", "properties": { "NOMBRE_EST": "COLEGIO CIUDAD DE VILLAVICENCIO (IED)", "NOMBRE_SED": "PUERTA AL LLANO", "ORDEN_DE_S": "B", "DIRECCION": "CL 108 SUR # 7 F ESTE - 15", "DISCAPACID": "AUDITIVA-INTELECTUAL-MENTAL/PSICOSOCIAL-MULTIPLE-VISUAL", "TALENTOS_O": "TALENTO EXCEPCIONAL EN ACTIVIDAD FISICA, EJERCICIO Y DEPORTE-TALENTO EXCEPCIONAL EN CIENCIAS NATURALES O BASICAS", "GRUPOS_ETN": "AFRODESCENDIENTES-INDIGENAS-NEGRITUDES", "SECTOR": 2, "NATU_JUR": 9, "CALENDARIO": 1, "GENERO": 5, "COD_LOCA": "05", "ESPECIALID": 13, "CLASE_TIPO": 1, "BILINGUE": 5, "FECHA": "2025-04-30", "DANE12_EST": "111001104353", "DANE12_SED": "211001094832", "DA_HIPOACU": 0, "DA_SORDERA": 0, "DA_LENGUAS": 0, "DA_UCASTEL": 0, "DISCAP_FIS": 1, "DISCAP_FLE": 0, "DISCAP_PCE": 0, "DI_DCOGNIT": 10, "DI_SDOWN": 0, "DIS_MULTIP": 6, "DIS_PSICOS": 0, "DV_BAJAVIS": 0, "DIS_CEGUER": 0, "T_ESPECTRO": 0, "T_VOZ_Y_HA": 0, "SISTEMICA": 0, "SORDOCEGUE": 0, "OTRA": 0, "TOT_EST_MA": 17, "AFRODESCEN": 10, "INDIGENAS": 12, "NEGRITUDES": 2, "PALENQUERO": 0, "RAIZALES": 0, "ROM": 0, "TOT_EST_ET": 24, "CAPACID_EX": 0, "DOBLE_EXCE": 0, "TE_ACTFISI": 4, "TE_ARTES": 3, "TE_CNATUR": 1, "TE_CSOCIAL": 0, "TE_LDSOCIA": 1, "TE_TECNOLO": 1, "TOT_EST_CA": 10, "TMATRIC_GE": 874, "Zona": 1 }, "geometry": { "type": "Point", "coordinates": [ -8248865.549799999222159, 500027.576999999582767 ] } },
{ "type": "Feature", "properties": { "NOMBRE_EST": "COLEGIO CIUDAD DE VILLAVICENCIO (IED)", "NOMBRE_SED": "VILLA HERMOSA", "ORDEN_DE_S": "C", "DIRECCION": "CL 97 SUR # 6 F - 08 ESTE  --  CL 97 F SUR # 6 F - 08 ESTE", "DISCAPACID": "AUDITIVA-INTELECTUAL", "TALENTOS_O": "TALENTO EXCEPCIONAL EN ACTIVIDAD FISICA, EJERCICIO Y DEPORTE-TALENTO EXCEPCIONAL EN ARTES Y LETRAS", "GRUPOS_ETN": "AFRODESCENDIENTES-INDIGENAS-NEGRITUDES", "SECTOR": 2, "NATU_JUR": 9, "CALENDARIO": 1, "GENERO": 5, "COD_LOCA": "05", "ESPECIALID": 13, "CLASE_TIPO": 1, "BILINGUE": 5, "FECHA": "2025-04-30", "DANE12_EST": "111001104353", "DANE12_SED": "211001094875", "DA_HIPOACU": 0, "DA_SORDERA": 0, "DA_LENGUAS": 0, "DA_UCASTEL": 0, "DISCAP_FIS": 0, "DISCAP_FLE": 0, "DISCAP_PCE": 0, "DI_DCOGNIT": 1, "DI_SDOWN": 0, "DIS_MULTIP": 2, "DIS_PSICOS": 0, "DV_BAJAVIS": 1, "DIS_CEGUER": 0, "T_ESPECTRO": 0, "T_VOZ_Y_HA": 0, "SISTEMICA": 0, "SORDOCEGUE": 0, "OTRA": 0, "TOT_EST_MA": 4, "AFRODESCEN": 3, "INDIGENAS": 5, "NEGRITUDES": 1, "PALENQUERO": 0, "RAIZALES": 0, "ROM": 0, "TOT_EST_ET": 9, "CAPACID_EX": 0, "DOBLE_EXCE": 0, "TE_ACTFISI": 4, "TE_ARTES": 3, "TE_CNATUR": 0, "TE_CSOCIAL": 0, "TE_LDSOCIA": 1, "TE_TECNOLO": 0, "TOT_EST_CA": 8, "TMATRIC_GE": 362, "Zona": 1 }, "geometry": { "type": "Point", "coordinates": [ -8249032.528999999165535, 500780.180700000375509 ] } },
{ "type": "Feature", "properties": { "NOMBRE_EST": "COLEGIO PAULO FREIRE (IED)", "NOMBRE_SED": "PAULO FREIRE", "ORDEN_DE_S": "A", "DIRECCION": "KR 11 # 65 C - 50 SUR", "DISCAPACID": "AUDITIVA-FISICA-INTELECTUAL-MENTAL/PSICOSOCIAL-MULTIPLE-SORDOCEGUERA-VISUAL", "TALENTOS_O": "TALENTO EXCEPCIONAL EN ACTIVIDAD FISICA, EJERCICIO Y DEPORTE-TALENTO EXCEPCIONAL EN ARTES Y LETRAS-TALENTO EXCEPCIONAL EN CIENCIAS NATURALES O BASICAS-TALENTO EXCEPCIONAL EN CIENCIAS SOCIALES O HUMANAS-TALENTO EXCEPCIONAL EN LIDERAZGO SOCIAL Y EMPRENDIMI", "GRUPOS_ETN": "AFRODESCENDIENTES-INDIGENAS-NEGRITUDES", "SECTOR": 2, "NATU_JUR": 9, "CALENDARIO": 1, "GENERO": 5, "COD_LOCA": "05", "ESPECIALID": 19, "CLASE_TIPO": 1, "BILINGUE": 5, "FECHA": "2025-04-30", "DANE12_EST": "111001107760", "DANE12_SED": "111001107760", "DA_HIPOACU": 4, "DA_SORDERA": 0, "DA_LENGUAS": 0, "DA_UCASTEL": 0, "DISCAP_FIS": 6, "DISCAP_FLE": 0, "DISCAP_PCE": 0, "DI_DCOGNIT": 36, "DI_SDOWN": 0, "DIS_MULTIP": 11, "DIS_PSICOS": 2, "DV_BAJAVIS": 2, "DIS_CEGUER": 0, "T_ESPECTRO": 0, "T_VOZ_Y_HA": 0, "SISTEMICA": 0, "SORDOCEGUE": 0, "OTRA": 0, "TOT_EST_MA": 63, "AFRODESCEN": 13, "INDIGENAS": 8, "NEGRITUDES": 5, "PALENQUERO": 0, "RAIZALES": 0, "ROM": 0, "TOT_EST_ET": 26, "CAPACID_EX": 1, "DOBLE_EXCE": 0, "TE_ACTFISI": 16, "TE_ARTES": 11, "TE_CNATUR": 0, "TE_CSOCIAL": 2, "TE_LDSOCIA": 3, "TE_TECNOLO": 3, "TOT_EST_CA": 36, "TMATRIC_GE": 3006, "Zona": 1 }, "geometry": { "type": "Point", "coordinates": [ -8250569.851199999451637, 505092.712200000882149 ] } },
{ "type": "Feature", "properties": { "NOMBRE_EST": "COLEGIO JOSE EUSTASIO RIVERA (IED)", "NOMBRE_SED": "COLEGIO JOSE EUSTASIO RIVERA (IED) - SEDE PRINCIPAL", "ORDEN_DE_S": "A", "DIRECCION": "KR 14 B # 136 - 22 SUR", "DISCAPACID": "FISICA-INTELECTUAL-MULTIPLE", "TALENTOS_O": "TALENTO EXCEPCIONAL EN ACTIVIDAD FISICA, EJERCICIO Y DEPORTE-TALENTO EXCEPCIONAL EN LIDERAZGO SOCIAL Y EMPRENDIMIENTO-TALENTO EXCEPCIONAL EN TECNOLOGIA", "GRUPOS_ETN": "AFRODESCENDIENTES-INDIGENAS-RAIZALES", "SECTOR": 2, "NATU_JUR": 9, "CALENDARIO": 1, "GENERO": 5, "COD_LOCA": "05", "ESPECIALID": 1, "CLASE_TIPO": 2, "BILINGUE": 5, "FECHA": "2025-04-30", "DANE12_EST": "111001800562", "DANE12_SED": "111001800562", "DA_HIPOACU": 0, "DA_SORDERA": 0, "DA_LENGUAS": 0, "DA_UCASTEL": 0, "DISCAP_FIS": 1, "DISCAP_FLE": 0, "DISCAP_PCE": 0, "DI_DCOGNIT": 9, "DI_SDOWN": 0, "DIS_MULTIP": 2, "DIS_PSICOS": 0, "DV_BAJAVIS": 0, "DIS_CEGUER": 0, "T_ESPECTRO": 0, "T_VOZ_Y_HA": 0, "SISTEMICA": 0, "SORDOCEGUE": 0, "OTRA": 0, "TOT_EST_MA": 12, "AFRODESCEN": 3, "INDIGENAS": 7, "NEGRITUDES": 0, "PALENQUERO": 0, "RAIZALES": 2, "ROM": 0, "TOT_EST_ET": 12, "CAPACID_EX": 0, "DOBLE_EXCE": 0, "TE_ACTFISI": 0, "TE_ARTES": 1, "TE_CNATUR": 0, "TE_CSOCIAL": 0, "TE_LDSOCIA": 2, "TE_TECNOLO": 1, "TOT_EST_CA": 4, "TMATRIC_GE": 677, "Zona": 1 }, "geometry": { "type": "Point", "coordinates": [ -8251345.747999999672174, 498657.498799998313189 ] } },
{ "type": "Feature", "properties": { "NOMBRE_EST": "COLEGIO CIUDAD CHENGDU (IED)", "NOMBRE_SED": "COLEGIO CIUDAD CHENGDU (IED) - SEDE PRINCIPAL", "ORDEN_DE_S": "A", "DIRECCION": "CL 79 SUR # 8 - 50 ESTE", "DISCAPACID": "FISICA-INTELECTUAL-MENTAL/PSICOSOCIAL", "TALENTOS_O": "TALENTO EXCEPCIONAL EN ACTIVIDAD FISICA, EJERCICIO Y DEPORTE-TALENTO EXCEPCIONAL EN ARTES Y LETRAS-TALENTO EXCEPCIONAL EN CIENCIAS NATURALES O BASICAS", "GRUPOS_ETN": "AFRODESCENDIENTES-INDIGENAS-NEGRITUDES", "SECTOR": 2, "NATU_JUR": 9, "CALENDARIO": 1, "GENERO": 5, "COD_LOCA": "05", "ESPECIALID": 1, "CLASE_TIPO": 2, "BILINGUE": 5, "FECHA": "2025-04-30", "DANE12_EST": "111001800660", "DANE12_SED": "111001800660", "DA_HIPOACU": 0, "DA_SORDERA": 0, "DA_LENGUAS": 0, "DA_UCASTEL": 0, "DISCAP_FIS": 1, "DISCAP_FLE": 0, "DISCAP_PCE": 0, "DI_DCOGNIT": 9, "DI_SDOWN": 0, "DIS_MULTIP": 1, "DIS_PSICOS": 1, "DV_BAJAVIS": 0, "DIS_CEGUER": 0, "T_ESPECTRO": 0, "T_VOZ_Y_HA": 0, "SISTEMICA": 0, "SORDOCEGUE": 0, "OTRA": 0, "TOT_EST_MA": 12, "AFRODESCEN": 11, "INDIGENAS": 4, "NEGRITUDES": 5, "PALENQUERO": 0, "RAIZALES": 0, "ROM": 0, "TOT_EST_ET": 20, "CAPACID_EX": 0, "DOBLE_EXCE": 0, "TE_ACTFISI": 5, "TE_ARTES": 1, "TE_CNATUR": 0, "TE_CSOCIAL": 0, "TE_LDSOCIA": 0, "TE_TECNOLO": 0, "TOT_EST_CA": 6, "TMATRIC_GE": 523, "Zona": 1 }, "geometry": { "type": "Point", "coordinates": [ -8248707.476099999621511, 502704.153299998492002 ] } },
{ "type": "Feature", "properties": { "NOMBRE_EST": "COLEGIO FRANCISCO ANTONIO ZEA DE USME (IED)", "NOMBRE_SED": "USME", "ORDEN_DE_S": "A", "DIRECCION": "TV 2 A # 135 - 78 SUR", "DISCAPACID": "AUDITIVA-INTELECTUAL-MENTAL/PSICOSOCIAL-MULTIPLE-SORDOCEGUERA", "TALENTOS_O": "CAPACIDADES EXCEPCIONALES-TALENTO EXCEPCIONAL EN ARTES Y LETRAS", "GRUPOS_ETN": "AFRODESCENDIENTES-INDIGENAS-NEGRITUDES", "SECTOR": 2, "NATU_JUR": 9, "CALENDARIO": 1, "GENERO": 5, "COD_LOCA": "05", "ESPECIALID": 1, "CLASE_TIPO": 1, "BILINGUE": 5, "FECHA": "2025-04-30", "DANE12_EST": "111850000740", "DANE12_SED": "111850000740", "DA_HIPOACU": 1, "DA_SORDERA": 0, "DA_LENGUAS": 0, "DA_UCASTEL": 0, "DISCAP_FIS": 1, "DISCAP_FLE": 0, "DISCAP_PCE": 0, "DI_DCOGNIT": 27, "DI_SDOWN": 0, "DIS_MULTIP": 1, "DIS_PSICOS": 3, "DV_BAJAVIS": 0, "DIS_CEGUER": 0, "T_ESPECTRO": 0, "T_VOZ_Y_HA": 0, "SISTEMICA": 0, "SORDOCEGUE": 0, "OTRA": 0, "TOT_EST_MA": 33, "AFRODESCEN": 8, "INDIGENAS": 2, "NEGRITUDES": 5, "PALENQUERO": 0, "RAIZALES": 0, "ROM": 0, "TOT_EST_ET": 15, "CAPACID_EX": 0, "DOBLE_EXCE": 0, "TE_ACTFISI": 1, "TE_ARTES": 1, "TE_CNATUR": 0, "TE_CSOCIAL": 0, "TE_LDSOCIA": 0, "TE_TECNOLO": 0, "TOT_EST_CA": 2, "TMATRIC_GE": 883, "Zona": 1 }, "geometry": { "type": "Point", "coordinates": [ -8251128.675000000745058, 498589.386300001293421 ] } },
{ "type": "Feature", "properties": { "NOMBRE_EST": "COLEGIO FRANCISCO ANTONIO ZEA DE USME (IED)", "NOMBRE_SED": "FRANCISCO ANTONIO ZEA", "ORDEN_DE_S": "B", "DIRECCION": "KR 13 # 137 D - 40 SUR", "DISCAPACID": "FISICA-INTELECTUAL-MULTIPLE", "TALENTOS_O": "TALENTO EXCEPCIONAL EN ARTES Y LETRAS", "GRUPOS_ETN": "AFRODESCENDIENTES-INDIGENAS-NEGRITUDES", "SECTOR": 2, "NATU_JUR": 9, "CALENDARIO": 1, "GENERO": 5, "COD_LOCA": "05", "ESPECIALID": 13, "CLASE_TIPO": 1, "BILINGUE": 5, "FECHA": "2025-04-30", "DANE12_EST": "111850000740", "DANE12_SED": "111850000065", "DA_HIPOACU": 0, "DA_SORDERA": 0, "DA_LENGUAS": 0, "DA_UCASTEL": 0, "DISCAP_FIS": 2, "DISCAP_FLE": 0, "DISCAP_PCE": 0, "DI_DCOGNIT": 13, "DI_SDOWN": 0, "DIS_MULTIP": 2, "DIS_PSICOS": 0, "DV_BAJAVIS": 1, "DIS_CEGUER": 0, "T_ESPECTRO": 0, "T_VOZ_Y_HA": 0, "SISTEMICA": 0, "SORDOCEGUE": 0, "OTRA": 0, "TOT_EST_MA": 18, "AFRODESCEN": 4, "INDIGENAS": 3, "NEGRITUDES": 1, "PALENQUERO": 0, "RAIZALES": 0, "ROM": 0, "TOT_EST_ET": 8, "CAPACID_EX": 0, "DOBLE_EXCE": 0, "TE_ACTFISI": 1, "TE_ARTES": 1, "TE_CNATUR": 0, "TE_CSOCIAL": 0, "TE_LDSOCIA": 0, "TE_TECNOLO": 0, "TOT_EST_CA": 2, "TMATRIC_GE": 742, "Zona": 3 }, "geometry": { "type": "Point", "coordinates": [ -8251578.405799999833107, 498056.770799998193979 ] } },
{ "type": "Feature", "properties": { "NOMBRE_EST": "COLEGIO FRANCISCO ANTONIO ZEA DE USME (IED)", "NOMBRE_SED": "MARIA AUXILIADORA", "ORDEN_DE_S": "C", "DIRECCION": "CL 137 C SUR # 3 - 19", "DISCAPACID": "AUDITIVA-INTELECTUAL-MENTAL/PSICOSOCIAL", "TALENTOS_O": "TALENTO EXCEPCIONAL EN ARTES Y LETRAS", "GRUPOS_ETN": "AFRODESCENDIENTES-INDIGENAS-NEGRITUDES", "SECTOR": 2, "NATU_JUR": 9, "CALENDARIO": 1, "GENERO": 5, "COD_LOCA": "05", "ESPECIALID": 13, "CLASE_TIPO": 1, "BILINGUE": 5, "FECHA": "2025-04-30", "DANE12_EST": "111850000740", "DANE12_SED": "111850000081", "DA_HIPOACU": 0, "DA_SORDERA": 0, "DA_LENGUAS": 0, "DA_UCASTEL": 0, "DISCAP_FIS": 0, "DISCAP_FLE": 0, "DISCAP_PCE": 0, "DI_DCOGNIT": 2, "DI_SDOWN": 0, "DIS_MULTIP": 0, "DIS_PSICOS": 0, "DV_BAJAVIS": 0, "DIS_CEGUER": 0, "T_ESPECTRO": 0, "T_VOZ_Y_HA": 0, "SISTEMICA": 0, "SORDOCEGUE": 0, "OTRA": 0, "TOT_EST_MA": 2, "AFRODESCEN": 0, "INDIGENAS": 0, "NEGRITUDES": 0, "PALENQUERO": 0, "RAIZALES": 0, "ROM": 0, "TOT_EST_ET": 0, "CAPACID_EX": 0, "DOBLE_EXCE": 0, "TE_ACTFISI": 0, "TE_ARTES": 0, "TE_CNATUR": 0, "TE_CSOCIAL": 0, "TE_LDSOCIA": 0, "TE_TECNOLO": 0, "TOT_EST_CA": 0, "TMATRIC_GE": 129, "Zona": 1 }, "geometry": { "type": "Point", "coordinates": [ -8251655.216199999675155, 498211.977000001817942 ] } },
{ "type": "Feature", "properties": { "NOMBRE_EST": "COLEGIO FRANCISCO ANTONIO ZEA DE USME (IED)", "NOMBRE_SED": "SEDE D", "ORDEN_DE_S": "D", "DIRECCION": "KR 14 B # 136 - 22 SUR", "DISCAPACID": "FISICA-MULTIPLE", "TALENTOS_O": "TALENTO EXCEPCIONAL EN ACTIVIDAD FISICA, EJERCICIO Y DEPORTE-TALENTO EXCEPCIONAL EN ARTES Y LETRAS", "GRUPOS_ETN": "AFRODESCENDIENTES", "SECTOR": 2, "NATU_JUR": 9, "CALENDARIO": 1, "GENERO": 5, "COD_LOCA": "05", "ESPECIALID": 13, "CLASE_TIPO": 1, "BILINGUE": 5, "FECHA": "2025-04-30", "DANE12_EST": "111850000740", "DANE12_SED": "111001110027", "DA_HIPOACU": 0, "DA_SORDERA": 0, "DA_LENGUAS": 0, "DA_UCASTEL": 0, "DISCAP_FIS": 1, "DISCAP_FLE": 0, "DISCAP_PCE": 0, "DI_DCOGNIT": 0, "DI_SDOWN": 0, "DIS_MULTIP": 1, "DIS_PSICOS": 0, "DV_BAJAVIS": 0, "DIS_CEGUER": 0, "T_ESPECTRO": 0, "T_VOZ_Y_HA": 0, "SISTEMICA": 0, "SORDOCEGUE": 0, "OTRA": 0, "TOT_EST_MA": 2, "AFRODESCEN": 0, "INDIGENAS": 1, "NEGRITUDES": 0, "PALENQUERO": 0, "RAIZALES": 0, "ROM": 0, "TOT_EST_ET": 1, "CAPACID_EX": 0, "DOBLE_EXCE": 0, "TE_ACTFISI": 1, "TE_ARTES": 0, "TE_CNATUR": 0, "TE_CSOCIAL": 0, "TE_LDSOCIA": 0, "TE_TECNOLO": 0, "TOT_EST_CA": 1, "TMATRIC_GE": 371, "Zona": 1 }, "geometry": { "type": "Point", "coordinates": [ -8251345.747999999672174, 498657.498799998313189 ] } },
{ "type": "Feature", "properties": { "NOMBRE_EST": "COLEGIO EL CORTIJO - VIANEY (IED)", "NOMBRE_SED": "EL CORTIJO", "ORDEN_DE_S": "A", "DIRECCION": "KR 2 A # 74 B BIS - 00 SUR", "DISCAPACID": "AUDITIVA-INTELECTUAL-MULTIPLE", "TALENTOS_O": "TALENTO EXCEPCIONAL EN ACTIVIDAD FISICA, EJERCICIO Y DEPORTE-TALENTO EXCEPCIONAL EN CIENCIAS NATURALES O BASICAS", "GRUPOS_ETN": "AFRODESCENDIENTES-NEGRITUDES", "SECTOR": 2, "NATU_JUR": 9, "CALENDARIO": 1, "GENERO": 5, "COD_LOCA": "05", "ESPECIALID": 1, "CLASE_TIPO": 1, "BILINGUE": 5, "FECHA": "2025-04-30", "DANE12_EST": "111850001380", "DANE12_SED": "111850001380", "DA_HIPOACU": 1, "DA_SORDERA": 0, "DA_LENGUAS": 0, "DA_UCASTEL": 0, "DISCAP_FIS": 1, "DISCAP_FLE": 0, "DISCAP_PCE": 0, "DI_DCOGNIT": 16, "DI_SDOWN": 0, "DIS_MULTIP": 2, "DIS_PSICOS": 1, "DV_BAJAVIS": 0, "DIS_CEGUER": 0, "T_ESPECTRO": 0, "T_VOZ_Y_HA": 0, "SISTEMICA": 0, "SORDOCEGUE": 0, "OTRA": 0, "TOT_EST_MA": 21, "AFRODESCEN": 5, "INDIGENAS": 1, "NEGRITUDES": 1, "PALENQUERO": 0, "RAIZALES": 0, "ROM": 0, "TOT_EST_ET": 7, "CAPACID_EX": 0, "DOBLE_EXCE": 0, "TE_ACTFISI": 1, "TE_ARTES": 2, "TE_CNATUR": 0, "TE_CSOCIAL": 0, "TE_LDSOCIA": 0, "TE_TECNOLO": 0, "TOT_EST_CA": 3, "TMATRIC_GE": 477, "Zona": 1 }, "geometry": { "type": "Point", "coordinates": [ -8249520.10840000025928, 503400.948600001633167 ] } },
{ "type": "Feature", "properties": { "NOMBRE_EST": "COLEGIO EL CORTIJO - VIANEY (IED)", "NOMBRE_SED": "VIANEY", "ORDEN_DE_S": "B", "DIRECCION": "CL 73 B SUR # 1 D - 06", "DISCAPACID": "FISICA-INTELECTUAL-MENTAL/PSICOSOCIAL-MULTIPLE-VISUAL", "TALENTOS_O": "TALENTO EXCEPCIONAL EN ACTIVIDAD FISICA, EJERCICIO Y DEPORTE-TALENTO EXCEPCIONAL EN ARTES Y LETRAS-TALENTO EXCEPCIONAL EN LIDERAZGO SOCIAL Y EMPRENDIMIENTO", "GRUPOS_ETN": "AFRODESCENDIENTES-INDIGENAS", "SECTOR": 2, "NATU_JUR": 9, "CALENDARIO": 1, "GENERO": 5, "COD_LOCA": "05", "ESPECIALID": 13, "CLASE_TIPO": 1, "BILINGUE": 5, "FECHA": "2025-04-30", "DANE12_EST": "111850001380", "DANE12_SED": "111001034762", "DA_HIPOACU": 0, "DA_SORDERA": 0, "DA_LENGUAS": 0, "DA_UCASTEL": 0, "DISCAP_FIS": 0, "DISCAP_FLE": 0, "DISCAP_PCE": 0, "DI_DCOGNIT": 0, "DI_SDOWN": 0, "DIS_MULTIP": 2, "DIS_PSICOS": 0, "DV_BAJAVIS": 0, "DIS_CEGUER": 0, "T_ESPECTRO": 0, "T_VOZ_Y_HA": 0, "SISTEMICA": 0, "SORDOCEGUE": 0, "OTRA": 0, "TOT_EST_MA": 2, "AFRODESCEN": 2, "INDIGENAS": 3, "NEGRITUDES": 0, "PALENQUERO": 0, "RAIZALES": 0, "ROM": 0, "TOT_EST_ET": 5, "CAPACID_EX": 1, "DOBLE_EXCE": 0, "TE_ACTFISI": 2, "TE_ARTES": 1, "TE_CNATUR": 0, "TE_CSOCIAL": 0, "TE_LDSOCIA": 1, "TE_TECNOLO": 0, "TOT_EST_CA": 5, "TMATRIC_GE": 301, "Zona": 1 }, "geometry": { "type": "Point", "coordinates": [ -8250880.432499999180436, 503438.915199998766184 ] } },
{ "type": "Feature", "properties": { "NOMBRE_EST": "COLEGIO ALMIRANTE PADILLA (IED)", "NOMBRE_SED": "ALMIRANTE PADILLA", "ORDEN_DE_S": "A", "DIRECCION": "CL 76 A SUR # 1 D - 59 ESTE", "DISCAPACID": "AUDITIVA-FISICA-INTELECTUAL-MENTAL/PSICOSOCIAL-MULTIPLE-SORDOCEGUERA-VISUAL", "TALENTOS_O": "TALENTO EXCEPCIONAL EN ACTIVIDAD FISICA, EJERCICIO Y DEPORTE-TALENTO EXCEPCIONAL EN ARTES Y LETRAS", "GRUPOS_ETN": "AFRODESCENDIENTES-INDIGENAS-NEGRITUDES", "SECTOR": 2, "NATU_JUR": 9, "CALENDARIO": 1, "GENERO": 5, "COD_LOCA": "05", "ESPECIALID": 1, "CLASE_TIPO": 1, "BILINGUE": 5, "FECHA": "2025-04-30", "DANE12_EST": "111850001428", "DANE12_SED": "111850001428", "DA_HIPOACU": 1, "DA_SORDERA": 0, "DA_LENGUAS": 0, "DA_UCASTEL": 0, "DISCAP_FIS": 7, "DISCAP_FLE": 0, "DISCAP_PCE": 0, "DI_DCOGNIT": 53, "DI_SDOWN": 0, "DIS_MULTIP": 8, "DIS_PSICOS": 9, "DV_BAJAVIS": 1, "DIS_CEGUER": 0, "T_ESPECTRO": 0, "T_VOZ_Y_HA": 0, "SISTEMICA": 0, "SORDOCEGUE": 0, "OTRA": 0, "TOT_EST_MA": 79, "AFRODESCEN": 26, "INDIGENAS": 20, "NEGRITUDES": 26, "PALENQUERO": 0, "RAIZALES": 0, "ROM": 0, "TOT_EST_ET": 72, "CAPACID_EX": 0, "DOBLE_EXCE": 0, "TE_ACTFISI": 5, "TE_ARTES": 2, "TE_CNATUR": 1, "TE_CSOCIAL": 0, "TE_LDSOCIA": 2, "TE_TECNOLO": 0, "TOT_EST_CA": 10, "TMATRIC_GE": 2145, "Zona": 1 }, "geometry": { "type": "Point", "coordinates": [ -8250101.196100000292063, 502825.86879999935627 ] } },
{ "type": "Feature", "properties": { "NOMBRE_EST": "COLEGIO ALMIRANTE PADILLA (IED)", "NOMBRE_SED": "VILLA NELLY", "ORDEN_DE_S": "B", "DIRECCION": "TV 1 B ESTE # 76 A - 36 SUR", "DISCAPACID": "INTELECTUAL-MULTIPLE", "TALENTOS_O": "TALENTO EXCEPCIONAL EN ACTIVIDAD FISICA, EJERCICIO Y DEPORTE", "GRUPOS_ETN": "INDIGENAS-NEGRITUDES", "SECTOR": 2, "NATU_JUR": 9, "CALENDARIO": 1, "GENERO": 5, "COD_LOCA": "05", "ESPECIALID": 13, "CLASE_TIPO": 1, "BILINGUE": 5, "FECHA": "2025-04-30", "DANE12_EST": "111850001428", "DANE12_SED": "111001106798", "DA_HIPOACU": 0, "DA_SORDERA": 0, "DA_LENGUAS": 0, "DA_UCASTEL": 0, "DISCAP_FIS": 0, "DISCAP_FLE": 0, "DISCAP_PCE": 0, "DI_DCOGNIT": 1, "DI_SDOWN": 0, "DIS_MULTIP": 1, "DIS_PSICOS": 0, "DV_BAJAVIS": 1, "DIS_CEGUER": 0, "T_ESPECTRO": 0, "T_VOZ_Y_HA": 0, "SISTEMICA": 0, "SORDOCEGUE": 0, "OTRA": 0, "TOT_EST_MA": 3, "AFRODESCEN": 1, "INDIGENAS": 0, "NEGRITUDES": 0, "PALENQUERO": 0, "RAIZALES": 0, "ROM": 0, "TOT_EST_ET": 1, "CAPACID_EX": 1, "DOBLE_EXCE": 0, "TE_ACTFISI": 0, "TE_ARTES": 0, "TE_CNATUR": 0, "TE_CSOCIAL": 0, "TE_LDSOCIA": 0, "TE_TECNOLO": 0, "TOT_EST_CA": 1, "TMATRIC_GE": 173, "Zona": 1 }, "geometry": { "type": "Point", "coordinates": [ -8250241.458699999377131, 502856.018500000238419 ] } },
{ "type": "Feature", "properties": { "NOMBRE_EST": "COLEGIO ALMIRANTE PADILLA (IED)", "NOMBRE_SED": "ALMIRANTE PADILLA PRIMARIA", "ORDEN_DE_S": "C", "DIRECCION": "CL 76 B SUR # 1 A - 73 ESTE", "DISCAPACID": "INTELECTUAL", "TALENTOS_O": null, "GRUPOS_ETN": "AFRODESCENDIENTES-INDIGENAS-NEGRITUDES", "SECTOR": 2, "NATU_JUR": 9, "CALENDARIO": 1, "GENERO": 5, "COD_LOCA": "05", "ESPECIALID": 13, "CLASE_TIPO": 1, "BILINGUE": 5, "FECHA": "2025-04-30", "DANE12_EST": "111850001428", "DANE12_SED": "111001106801", "DA_HIPOACU": 0, "DA_SORDERA": 0, "DA_LENGUAS": 0, "DA_UCASTEL": 0, "DISCAP_FIS": 0, "DISCAP_FLE": 0, "DISCAP_PCE": 0, "DI_DCOGNIT": 5, "DI_SDOWN": 0, "DIS_MULTIP": 0, "DIS_PSICOS": 0, "DV_BAJAVIS": 0, "DIS_CEGUER": 0, "T_ESPECTRO": 0, "T_VOZ_Y_HA": 0, "SISTEMICA": 0, "SORDOCEGUE": 0, "OTRA": 0, "TOT_EST_MA": 5, "AFRODESCEN": 9, "INDIGENAS": 3, "NEGRITUDES": 2, "PALENQUERO": 0, "RAIZALES": 0, "ROM": 0, "TOT_EST_ET": 14, "CAPACID_EX": 0, "DOBLE_EXCE": 0, "TE_ACTFISI": 1, "TE_ARTES": 0, "TE_CNATUR": 0, "TE_CSOCIAL": 0, "TE_LDSOCIA": 0, "TE_TECNOLO": 0, "TOT_EST_CA": 1, "TMATRIC_GE": 296, "Zona": 1 }, "geometry": { "type": "Point", "coordinates": [ -8250278.1941, 502757.75279999896884 ] } },
{ "type": "Feature", "properties": { "NOMBRE_EST": "COLEGIO LOS TEJARES (IED)", "NOMBRE_SED": "LOS TEJARES", "ORDEN_DE_S": "A", "DIRECCION": "CL 79 SUR # 3 - 48 ESTE", "DISCAPACID": "AUDITIVA-INTELECTUAL-MULTIPLE", "TALENTOS_O": "TALENTO EXCEPCIONAL EN ARTES Y LETRAS", "GRUPOS_ETN": "AFRODESCENDIENTES-INDIGENAS-NEGRITUDES", "SECTOR": 2, "NATU_JUR": 9, "CALENDARIO": 1, "GENERO": 5, "COD_LOCA": "05", "ESPECIALID": 1, "CLASE_TIPO": 1, "BILINGUE": 5, "FECHA": "2025-04-30", "DANE12_EST": "111850001461", "DANE12_SED": "111850001461", "DA_HIPOACU": 3, "DA_SORDERA": 0, "DA_LENGUAS": 0, "DA_UCASTEL": 0, "DISCAP_FIS": 0, "DISCAP_FLE": 0, "DISCAP_PCE": 0, "DI_DCOGNIT": 56, "DI_SDOWN": 0, "DIS_MULTIP": 7, "DIS_PSICOS": 0, "DV_BAJAVIS": 0, "DIS_CEGUER": 0, "T_ESPECTRO": 0, "T_VOZ_Y_HA": 0, "SISTEMICA": 0, "SORDOCEGUE": 0, "OTRA": 0, "TOT_EST_MA": 66, "AFRODESCEN": 13, "INDIGENAS": 2, "NEGRITUDES": 6, "PALENQUERO": 0, "RAIZALES": 0, "ROM": 0, "TOT_EST_ET": 21, "CAPACID_EX": 0, "DOBLE_EXCE": 0, "TE_ACTFISI": 0, "TE_ARTES": 1, "TE_CNATUR": 0, "TE_CSOCIAL": 0, "TE_LDSOCIA": 0, "TE_TECNOLO": 0, "TOT_EST_CA": 1, "TMATRIC_GE": 795, "Zona": 1 }, "geometry": { "type": "Point", "coordinates": [ -8249136.056099999696016, 502661.720499999821186 ] } },
{ "type": "Feature", "properties": { "NOMBRE_EST": "COLEGIO LOS TEJARES (IED)", "NOMBRE_SED": "EL CURUBO", "ORDEN_DE_S": "B", "DIRECCION": "CL 79 SUR # 5 F - 50 ESTE", "DISCAPACID": "INTELECTUAL", "TALENTOS_O": "TALENTO EXCEPCIONAL EN LIDERAZGO SOCIAL Y EMPRENDIMIENTO", "GRUPOS_ETN": "AFRODESCENDIENTES-INDIGENAS-NEGRITUDES", "SECTOR": 2, "NATU_JUR": 9, "CALENDARIO": 1, "GENERO": 5, "COD_LOCA": "05", "ESPECIALID": 13, "CLASE_TIPO": 1, "BILINGUE": 5, "FECHA": "2025-04-30", "DANE12_EST": "111850001461", "DANE12_SED": "111001096601", "DA_HIPOACU": 0, "DA_SORDERA": 0, "DA_LENGUAS": 0, "DA_UCASTEL": 0, "DISCAP_FIS": 0, "DISCAP_FLE": 0, "DISCAP_PCE": 0, "DI_DCOGNIT": 6, "DI_SDOWN": 0, "DIS_MULTIP": 3, "DIS_PSICOS": 0, "DV_BAJAVIS": 0, "DIS_CEGUER": 0, "T_ESPECTRO": 0, "T_VOZ_Y_HA": 0, "SISTEMICA": 0, "SORDOCEGUE": 0, "OTRA": 0, "TOT_EST_MA": 9, "AFRODESCEN": 2, "INDIGENAS": 1, "NEGRITUDES": 0, "PALENQUERO": 0, "RAIZALES": 0, "ROM": 0, "TOT_EST_ET": 3, "CAPACID_EX": 0, "DOBLE_EXCE": 0, "TE_ACTFISI": 0, "TE_ARTES": 0, "TE_CNATUR": 0, "TE_CSOCIAL": 0, "TE_LDSOCIA": 0, "TE_TECNOLO": 0, "TOT_EST_CA": 0, "TMATRIC_GE": 134, "Zona": 1 }, "geometry": { "type": "Point", "coordinates": [ -8249138.282500000670552, 502669.537099998444319 ] } },
{ "type": "Feature", "properties": { "NOMBRE_EST": "COLEGIO FEDERICO GARCIA LORCA (IED)", "NOMBRE_SED": "FEDERICO GARCIA LORCA", "ORDEN_DE_S": "A", "DIRECCION": "KR 5 # 83 - 3 SUR", "DISCAPACID": "AUDITIVA-FISICA-INTELECTUAL-MULTIPLE-SORDOCEGUERA", "TALENTOS_O": "CAPACIDADES EXCEPCIONALES-TALENTO EXCEPCIONAL EN ACTIVIDAD FISICA, EJERCICIO Y DEPORTE-TALENTO EXCEPCIONAL EN LIDERAZGO SOCIAL Y EMPRENDIMIENTO", "GRUPOS_ETN": "AFRODESCENDIENTES-INDIGENAS-NEGRITUDES", "SECTOR": 2, "NATU_JUR": 9, "CALENDARIO": 1, "GENERO": 5, "COD_LOCA": "05", "ESPECIALID": 1, "CLASE_TIPO": 1, "BILINGUE": 5, "FECHA": "2025-04-30", "DANE12_EST": "111850001576", "DANE12_SED": "111850001576", "DA_HIPOACU": 25, "DA_SORDERA": 0, "DA_LENGUAS": 0, "DA_UCASTEL": 0, "DISCAP_FIS": 2, "DISCAP_FLE": 0, "DISCAP_PCE": 0, "DI_DCOGNIT": 21, "DI_SDOWN": 0, "DIS_MULTIP": 15, "DIS_PSICOS": 1, "DV_BAJAVIS": 0, "DIS_CEGUER": 0, "T_ESPECTRO": 0, "T_VOZ_Y_HA": 0, "SISTEMICA": 0, "SORDOCEGUE": 0, "OTRA": 0, "TOT_EST_MA": 64, "AFRODESCEN": 11, "INDIGENAS": 9, "NEGRITUDES": 8, "PALENQUERO": 0, "RAIZALES": 0, "ROM": 0, "TOT_EST_ET": 28, "CAPACID_EX": 1, "DOBLE_EXCE": 0, "TE_ACTFISI": 0, "TE_ARTES": 1, "TE_CNATUR": 0, "TE_CSOCIAL": 0, "TE_LDSOCIA": 0, "TE_TECNOLO": 0, "TOT_EST_CA": 2, "TMATRIC_GE": 1053, "Zona": 1 }, "geometry": { "type": "Point", "coordinates": [ -8249565.749399999156594, 502254.142900001257658 ] } },
{ "type": "Feature", "properties": { "NOMBRE_EST": "COLEGIO FEDERICO GARCIA LORCA (IED)", "NOMBRE_SED": "BETANIA", "ORDEN_DE_S": "B", "DIRECCION": "CL 80 A SUR # 5 - 15", "DISCAPACID": "AUDITIVA-FISICA-INTELECTUAL-MULTIPLE", "TALENTOS_O": "TALENTO EXCEPCIONAL EN ACTIVIDAD FISICA, EJERCICIO Y DEPORTE-TALENTO EXCEPCIONAL EN TECNOLOGIA", "GRUPOS_ETN": "AFRODESCENDIENTES-INDIGENAS-NEGRITUDES", "SECTOR": 2, "NATU_JUR": 9, "CALENDARIO": 1, "GENERO": 5, "COD_LOCA": "05", "ESPECIALID": 13, "CLASE_TIPO": 1, "BILINGUE": 5, "FECHA": "2025-04-30", "DANE12_EST": "111850001576", "DANE12_SED": "211850000159", "DA_HIPOACU": 13, "DA_SORDERA": 0, "DA_LENGUAS": 0, "DA_UCASTEL": 0, "DISCAP_FIS": 4, "DISCAP_FLE": 0, "DISCAP_PCE": 0, "DI_DCOGNIT": 26, "DI_SDOWN": 0, "DIS_MULTIP": 11, "DIS_PSICOS": 0, "DV_BAJAVIS": 0, "DIS_CEGUER": 0, "T_ESPECTRO": 0, "T_VOZ_Y_HA": 0, "SISTEMICA": 0, "SORDOCEGUE": 0, "OTRA": 0, "TOT_EST_MA": 54, "AFRODESCEN": 9, "INDIGENAS": 10, "NEGRITUDES": 6, "PALENQUERO": 0, "RAIZALES": 0, "ROM": 0, "TOT_EST_ET": 25, "CAPACID_EX": 0, "DOBLE_EXCE": 0, "TE_ACTFISI": 0, "TE_ARTES": 1, "TE_CNATUR": 0, "TE_CSOCIAL": 0, "TE_LDSOCIA": 1, "TE_TECNOLO": 1, "TOT_EST_CA": 3, "TMATRIC_GE": 963, "Zona": 1 }, "geometry": { "type": "Point", "coordinates": [ -8249660.370899999514222, 502493.105999998748302 ] } },
{ "type": "Feature", "properties": { "NOMBRE_EST": "COLEGIO GABRIEL GARCIA MARQUEZ (IED)", "NOMBRE_SED": "GABRIEL GARCIA MARQUEZ", "ORDEN_DE_S": "A", "DIRECCION": "CL 83 SUR # 13 - 33 ESTE", "DISCAPACID": "FISICA-INTELECTUAL-MENTAL/PSICOSOCIAL-MULTIPLE-VISUAL", "TALENTOS_O": "CAPACIDADES EXCEPCIONALES-TALENTO EXCEPCIONAL EN ARTES Y LETRAS-TALENTO EXCEPCIONAL EN CIENCIAS SOCIALES O HUMANAS", "GRUPOS_ETN": "AFRODESCENDIENTES-INDIGENAS-NEGRITUDES", "SECTOR": 2, "NATU_JUR": 9, "CALENDARIO": 1, "GENERO": 5, "COD_LOCA": "05", "ESPECIALID": 1, "CLASE_TIPO": 1, "BILINGUE": 5, "FECHA": "2025-04-30", "DANE12_EST": "211001032501", "DANE12_SED": "211001032501", "DA_HIPOACU": 1, "DA_SORDERA": 0, "DA_LENGUAS": 0, "DA_UCASTEL": 0, "DISCAP_FIS": 1, "DISCAP_FLE": 0, "DISCAP_PCE": 0, "DI_DCOGNIT": 41, "DI_SDOWN": 0, "DIS_MULTIP": 6, "DIS_PSICOS": 6, "DV_BAJAVIS": 2, "DIS_CEGUER": 0, "T_ESPECTRO": 0, "T_VOZ_Y_HA": 0, "SISTEMICA": 0, "SORDOCEGUE": 0, "OTRA": 0, "TOT_EST_MA": 57, "AFRODESCEN": 5, "INDIGENAS": 18, "NEGRITUDES": 5, "PALENQUERO": 0, "RAIZALES": 0, "ROM": 0, "TOT_EST_ET": 28, "CAPACID_EX": 3, "DOBLE_EXCE": 0, "TE_ACTFISI": 2, "TE_ARTES": 2, "TE_CNATUR": 0, "TE_CSOCIAL": 1, "TE_LDSOCIA": 1, "TE_TECNOLO": 0, "TOT_EST_CA": 9, "TMATRIC_GE": 1184, "Zona": 1 }, "geometry": { "type": "Point", "coordinates": [ -8247772.392400000244379, 502011.830600000917912 ] } },
{ "type": "Feature", "properties": { "NOMBRE_EST": "COLEGIO RURAL LA UNION USME (CED)", "NOMBRE_SED": "RURAL LA UNION USME", "ORDEN_DE_S": "A", "DIRECCION": "KM 22 VIA USME SAN JUAN DE SUMAPAZ", "DISCAPACID": null, "TALENTOS_O": null, "GRUPOS_ETN": null, "SECTOR": 2, "NATU_JUR": 9, "CALENDARIO": 1, "GENERO": 5, "COD_LOCA": "05", "ESPECIALID": 13, "CLASE_TIPO": 1, "BILINGUE": 5, "FECHA": "2025-04-30", "DANE12_EST": "211850000043", "DANE12_SED": "211850000043", "DA_HIPOACU": 0, "DA_SORDERA": 0, "DA_LENGUAS": 0, "DA_UCASTEL": 0, "DISCAP_FIS": 0, "DISCAP_FLE": 0, "DISCAP_PCE": 0, "DI_DCOGNIT": 0, "DI_SDOWN": 0, "DIS_MULTIP": 0, "DIS_PSICOS": 0, "DV_BAJAVIS": 0, "DIS_CEGUER": 0, "T_ESPECTRO": 0, "T_VOZ_Y_HA": 0, "SISTEMICA": 0, "SORDOCEGUE": 0, "OTRA": 0, "TOT_EST_MA": 0, "AFRODESCEN": 0, "INDIGENAS": 0, "NEGRITUDES": 0, "PALENQUERO": 0, "RAIZALES": 0, "ROM": 0, "TOT_EST_ET": 0, "CAPACID_EX": 0, "DOBLE_EXCE": 0, "TE_ACTFISI": 0, "TE_ARTES": 0, "TE_CNATUR": 0, "TE_CSOCIAL": 0, "TE_LDSOCIA": 0, "TE_TECNOLO": 0, "TOT_EST_CA": 0, "TMATRIC_GE": 11, "Zona": 2 }, "geometry": { "type": "Point", "coordinates": [ -8258076.124399999156594, 483964.365800000727177 ] } },
{ "type": "Feature", "properties": { "NOMBRE_EST": "COLEGIO GRAN YOMASA (IED)", "NOMBRE_SED": "GRAN YOMASA", "ORDEN_DE_S": "A", "DIRECCION": "CL 81 C SUR # 2 BIS - 00 ESTE", "DISCAPACID": "AUDITIVA-FISICA-INTELECTUAL-MENTAL/PSICOSOCIAL-MULTIPLE-SORDOCEGUERA-VISUAL", "TALENTOS_O": "CAPACIDADES EXCEPCIONALES-TALENTO EXCEPCIONAL EN ACTIVIDAD FISICA, EJERCICIO Y DEPORTE-TALENTO EXCEPCIONAL EN ARTES Y LETRAS", "GRUPOS_ETN": "AFRODESCENDIENTES-INDIGENAS-NEGRITUDES", "SECTOR": 2, "NATU_JUR": 9, "CALENDARIO": 1, "GENERO": 5, "COD_LOCA": "05", "ESPECIALID": 1, "CLASE_TIPO": 1, "BILINGUE": 5, "FECHA": "2025-04-30", "DANE12_EST": "211850000051", "DANE12_SED": "211850000051", "DA_HIPOACU": 2, "DA_SORDERA": 0, "DA_LENGUAS": 0, "DA_UCASTEL": 0, "DISCAP_FIS": 5, "DISCAP_FLE": 0, "DISCAP_PCE": 0, "DI_DCOGNIT": 51, "DI_SDOWN": 0, "DIS_MULTIP": 26, "DIS_PSICOS": 6, "DV_BAJAVIS": 15, "DIS_CEGUER": 0, "T_ESPECTRO": 0, "T_VOZ_Y_HA": 0, "SISTEMICA": 0, "SORDOCEGUE": 0, "OTRA": 0, "TOT_EST_MA": 105, "AFRODESCEN": 17, "INDIGENAS": 10, "NEGRITUDES": 7, "PALENQUERO": 0, "RAIZALES": 0, "ROM": 0, "TOT_EST_ET": 34, "CAPACID_EX": 3, "DOBLE_EXCE": 0, "TE_ACTFISI": 8, "TE_ARTES": 5, "TE_CNATUR": 0, "TE_CSOCIAL": 2, "TE_LDSOCIA": 1, "TE_TECNOLO": 0, "TOT_EST_CA": 19, "TMATRIC_GE": 1620, "Zona": 1 }, "geometry": { "type": "Point", "coordinates": [ -8249840.708499999716878, 502364.691100001335144 ] } },
{ "type": "Feature", "properties": { "NOMBRE_EST": "COLEGIO RURAL OLARTE (CED)", "NOMBRE_SED": "RURAL OLARTE", "ORDEN_DE_S": "A", "DIRECCION": "KM 3.5 VIA USME SAN JUAN DE SUMAPAZ", "DISCAPACID": "INTELECTUAL", "TALENTOS_O": null, "GRUPOS_ETN": "INDIGENAS", "SECTOR": 2, "NATU_JUR": 9, "CALENDARIO": 1, "GENERO": 5, "COD_LOCA": "05", "ESPECIALID": 13, "CLASE_TIPO": 1, "BILINGUE": 5, "FECHA": "2025-04-30", "DANE12_EST": "211850000108", "DANE12_SED": "211850000108", "DA_HIPOACU": 0, "DA_SORDERA": 0, "DA_LENGUAS": 0, "DA_UCASTEL": 0, "DISCAP_FIS": 0, "DISCAP_FLE": 0, "DISCAP_PCE": 0, "DI_DCOGNIT": 5, "DI_SDOWN": 0, "DIS_MULTIP": 0, "DIS_PSICOS": 0, "DV_BAJAVIS": 0, "DIS_CEGUER": 0, "T_ESPECTRO": 0, "T_VOZ_Y_HA": 0, "SISTEMICA": 0, "SORDOCEGUE": 0, "OTRA": 0, "TOT_EST_MA": 5, "AFRODESCEN": 1, "INDIGENAS": 0, "NEGRITUDES": 0, "PALENQUERO": 0, "RAIZALES": 0, "ROM": 0, "TOT_EST_ET": 1, "CAPACID_EX": 0, "DOBLE_EXCE": 0, "TE_ACTFISI": 2, "TE_ARTES": 0, "TE_CNATUR": 0, "TE_CSOCIAL": 0, "TE_LDSOCIA": 1, "TE_TECNOLO": 0, "TOT_EST_CA": 3, "TMATRIC_GE": 180, "Zona": 2 }, "geometry": { "type": "Point", "coordinates": [ -8252639.280500000342727, 494890.180900000035763 ] } },
{ "type": "Feature", "properties": { "NOMBRE_EST": "COLEGIO RURAL LOS ANDES (CED)", "NOMBRE_SED": "RURAL LOS ANDES", "ORDEN_DE_S": "A", "DIRECCION": "KM 15 VIA USME SAN JUAN DE SUMAPAZ", "DISCAPACID": null, "TALENTOS_O": null, "GRUPOS_ETN": null, "SECTOR": 2, "NATU_JUR": 9, "CALENDARIO": 1, "GENERO": 5, "COD_LOCA": "05", "ESPECIALID": 13, "CLASE_TIPO": 1, "BILINGUE": 5, "FECHA": "2025-04-30", "DANE12_EST": "211850000698", "DANE12_SED": "211850000698", "DA_HIPOACU": 0, "DA_SORDERA": 0, "DA_LENGUAS": 0, "DA_UCASTEL": 0, "DISCAP_FIS": 0, "DISCAP_FLE": 0, "DISCAP_PCE": 0, "DI_DCOGNIT": 0, "DI_SDOWN": 0, "DIS_MULTIP": 0, "DIS_PSICOS": 0, "DV_BAJAVIS": 0, "DIS_CEGUER": 0, "T_ESPECTRO": 0, "T_VOZ_Y_HA": 0, "SISTEMICA": 0, "SORDOCEGUE": 0, "OTRA": 0, "TOT_EST_MA": 0, "AFRODESCEN": 0, "INDIGENAS": 0, "NEGRITUDES": 0, "PALENQUERO": 0, "RAIZALES": 0, "ROM": 0, "TOT_EST_ET": 0, "CAPACID_EX": 0, "DOBLE_EXCE": 0, "TE_ACTFISI": 0, "TE_ARTES": 0, "TE_CNATUR": 0, "TE_CSOCIAL": 0, "TE_LDSOCIA": 0, "TE_TECNOLO": 0, "TOT_EST_CA": 0, "TMATRIC_GE": 7, "Zona": 2 }, "geometry": { "type": "Point", "coordinates": [ -8256080.165999999269843, 485118.732500001788139 ] } },
{ "type": "Feature", "properties": { "NOMBRE_EST": "COLEGIO RURAL LOS ARRAYANES (CED)", "NOMBRE_SED": "RURAL LOS ARRAYANES", "ORDEN_DE_S": "A", "DIRECCION": "KM 14 VIA SAN JUAN DE SUMAPAZ", "DISCAPACID": "INTELECTUAL", "TALENTOS_O": "TALENTO EXCEPCIONAL EN ARTES Y LETRAS", "GRUPOS_ETN": null, "SECTOR": 2, "NATU_JUR": 9, "CALENDARIO": 1, "GENERO": 5, "COD_LOCA": "05", "ESPECIALID": 13, "CLASE_TIPO": 1, "BILINGUE": 5, "FECHA": "2025-04-30", "DANE12_EST": "211850000710", "DANE12_SED": "211850000710", "DA_HIPOACU": 0, "DA_SORDERA": 0, "DA_LENGUAS": 0, "DA_UCASTEL": 0, "DISCAP_FIS": 0, "DISCAP_FLE": 0, "DISCAP_PCE": 0, "DI_DCOGNIT": 0, "DI_SDOWN": 0, "DIS_MULTIP": 0, "DIS_PSICOS": 0, "DV_BAJAVIS": 0, "DIS_CEGUER": 0, "T_ESPECTRO": 0, "T_VOZ_Y_HA": 0, "SISTEMICA": 0, "SORDOCEGUE": 0, "OTRA": 0, "TOT_EST_MA": 0, "AFRODESCEN": 0, "INDIGENAS": 0, "NEGRITUDES": 0, "PALENQUERO": 0, "RAIZALES": 0, "ROM": 0, "TOT_EST_ET": 0, "CAPACID_EX": 0, "DOBLE_EXCE": 0, "TE_ACTFISI": 0, "TE_ARTES": 0, "TE_CNATUR": 0, "TE_CSOCIAL": 0, "TE_LDSOCIA": 1, "TE_TECNOLO": 0, "TOT_EST_CA": 1, "TMATRIC_GE": 23, "Zona": 2 }, "geometry": { "type": "Point", "coordinates": [ -8253273.801599999889731, 486169.286899998784065 ] } },
{ "type": "Feature", "properties": { "NOMBRE_EST": "COLEGIO RURAL LA ARGENTINA (CED)", "NOMBRE_SED": "RURAL LA ARGENTINA", "ORDEN_DE_S": "A", "DIRECCION": "KM 12 VIA USME SAN JUAN DE SUMAPAZ", "DISCAPACID": "-INTELECTUAL-", "TALENTOS_O": "-TALENTO EXCEPCIONAL EN ARTES O LETRAS-", "GRUPOS_ETN": null, "SECTOR": 2, "NATU_JUR": 9, "CALENDARIO": 1, "GENERO": 5, "COD_LOCA": "05", "ESPECIALID": 13, "CLASE_TIPO": 1, "BILINGUE": 5, "FECHA": "2025-04-30", "DANE12_EST": "211850000736", "DANE12_SED": "211850000736", "DA_HIPOACU": 0, "DA_SORDERA": 0, "DA_LENGUAS": 0, "DA_UCASTEL": 0, "DISCAP_FIS": 0, "DISCAP_FLE": 0, "DISCAP_PCE": 0, "DI_DCOGNIT": 0, "DI_SDOWN": 0, "DIS_MULTIP": 0, "DIS_PSICOS": 0, "DV_BAJAVIS": 0, "DIS_CEGUER": 0, "T_ESPECTRO": 0, "T_VOZ_Y_HA": 0, "SISTEMICA": 0, "SORDOCEGUE": 0, "OTRA": 0, "TOT_EST_MA": 0, "AFRODESCEN": 0, "INDIGENAS": 0, "NEGRITUDES": 0, "PALENQUERO": 0, "RAIZALES": 0, "ROM": 0, "TOT_EST_ET": 0, "CAPACID_EX": 0, "DOBLE_EXCE": 0, "TE_ACTFISI": 0, "TE_ARTES": 0, "TE_CNATUR": 0, "TE_CSOCIAL": 0, "TE_LDSOCIA": 0, "TE_TECNOLO": 1, "TOT_EST_CA": 1, "TMATRIC_GE": 51, "Zona": 2 }, "geometry": { "type": "Point", "coordinates": [ -8254162.131100000813603, 488720.369199998676777 ] } },
{ "type": "Feature", "properties": { "NOMBRE_EST": "COLEGIO TENERIFE - GRANADA SUR (IED)", "NOMBRE_SED": "TENERIFE", "ORDEN_DE_S": "A", "DIRECCION": "KR 2 # 91 - 14 SUR", "DISCAPACID": "INTELECTUAL-MENTAL/PSICOSOCIAL-MULTIPLE-VISUAL", "TALENTOS_O": "CAPACIDADES EXCEPCIONALES-TALENTO EXCEPCIONAL EN ACTIVIDAD FISICA, EJERCICIO Y DEPORTE-TALENTO EXCEPCIONAL EN ARTES Y LETRAS-TALENTO EXCEPCIONAL EN LIDERAZGO SOCIAL Y EMPRENDIMIENTO", "GRUPOS_ETN": "AFRODESCENDIENTES-INDIGENAS-NEGRITUDES", "SECTOR": 2, "NATU_JUR": 9, "CALENDARIO": 1, "GENERO": 5, "COD_LOCA": "05", "ESPECIALID": 1, "CLASE_TIPO": 1, "BILINGUE": 5, "FECHA": "2025-04-30", "DANE12_EST": "211850000787", "DANE12_SED": "211850000787", "DA_HIPOACU": 0, "DA_SORDERA": 0, "DA_LENGUAS": 0, "DA_UCASTEL": 0, "DISCAP_FIS": 0, "DISCAP_FLE": 0, "DISCAP_PCE": 0, "DI_DCOGNIT": 15, "DI_SDOWN": 0, "DIS_MULTIP": 6, "DIS_PSICOS": 3, "DV_BAJAVIS": 2, "DIS_CEGUER": 0, "T_ESPECTRO": 0, "T_VOZ_Y_HA": 0, "SISTEMICA": 0, "SORDOCEGUE": 0, "OTRA": 0, "TOT_EST_MA": 26, "AFRODESCEN": 6, "INDIGENAS": 6, "NEGRITUDES": 3, "PALENQUERO": 0, "RAIZALES": 0, "ROM": 0, "TOT_EST_ET": 15, "CAPACID_EX": 2, "DOBLE_EXCE": 0, "TE_ACTFISI": 13, "TE_ARTES": 15, "TE_CNATUR": 0, "TE_CSOCIAL": 0, "TE_LDSOCIA": 1, "TE_TECNOLO": 1, "TOT_EST_CA": 32, "TMATRIC_GE": 913, "Zona": 1 }, "geometry": { "type": "Point", "coordinates": [ -8249643.673000000417233, 501301.647599998861551 ] } },
{ "type": "Feature", "properties": { "NOMBRE_EST": "COLEGIO TENERIFE - GRANADA SUR (IED)", "NOMBRE_SED": "GRANADA SUR", "ORDEN_DE_S": "B", "DIRECCION": "CL 73 C SUR # 14 W - 03", "DISCAPACID": "FISICA-INTELECTUAL", "TALENTOS_O": "CAPACIDADES EXCEPCIONALES", "GRUPOS_ETN": "NEGRITUDES", "SECTOR": 2, "NATU_JUR": 9, "CALENDARIO": 1, "GENERO": 5, "COD_LOCA": "05", "ESPECIALID": 13, "CLASE_TIPO": 1, "BILINGUE": 5, "FECHA": "2025-04-30", "DANE12_EST": "211850000787", "DANE12_SED": "111001096571", "DA_HIPOACU": 1, "DA_SORDERA": 0, "DA_LENGUAS": 0, "DA_UCASTEL": 0, "DISCAP_FIS": 0, "DISCAP_FLE": 0, "DISCAP_PCE": 0, "DI_DCOGNIT": 0, "DI_SDOWN": 0, "DIS_MULTIP": 1, "DIS_PSICOS": 0, "DV_BAJAVIS": 0, "DIS_CEGUER": 0, "T_ESPECTRO": 0, "T_VOZ_Y_HA": 0, "SISTEMICA": 0, "SORDOCEGUE": 0, "OTRA": 0, "TOT_EST_MA": 2, "AFRODESCEN": 2, "INDIGENAS": 0, "NEGRITUDES": 0, "PALENQUERO": 0, "RAIZALES": 0, "ROM": 0, "TOT_EST_ET": 2, "CAPACID_EX": 0, "DOBLE_EXCE": 0, "TE_ACTFISI": 0, "TE_ARTES": 0, "TE_CNATUR": 0, "TE_CSOCIAL": 0, "TE_LDSOCIA": 0, "TE_TECNOLO": 0, "TOT_EST_CA": 0, "TMATRIC_GE": 120, "Zona": 1 }, "geometry": { "type": "Point", "coordinates": [ -8251305.673000000417233, 503321.665500000119209 ] } },
{ "type": "Feature", "properties": { "NOMBRE_EST": "COLEGIO RURAL CHIZACA (CED)", "NOMBRE_SED": "RURAL CHIZACA", "ORDEN_DE_S": "A", "DIRECCION": "KM 24 VIA SAN JUAN DE SUMAPAZ", "DISCAPACID": null, "TALENTOS_O": null, "GRUPOS_ETN": null, "SECTOR": 2, "NATU_JUR": 9, "CALENDARIO": 1, "GENERO": 5, "COD_LOCA": "05", "ESPECIALID": 13, "CLASE_TIPO": 1, "BILINGUE": 5, "FECHA": "2025-04-30", "DANE12_EST": "211850000841", "DANE12_SED": "211850000841", "DA_HIPOACU": 0, "DA_SORDERA": 0, "DA_LENGUAS": 0, "DA_UCASTEL": 0, "DISCAP_FIS": 0, "DISCAP_FLE": 0, "DISCAP_PCE": 0, "DI_DCOGNIT": 0, "DI_SDOWN": 0, "DIS_MULTIP": 0, "DIS_PSICOS": 0, "DV_BAJAVIS": 0, "DIS_CEGUER": 0, "T_ESPECTRO": 0, "T_VOZ_Y_HA": 0, "SISTEMICA": 0, "SORDOCEGUE": 0, "OTRA": 0, "TOT_EST_MA": 0, "AFRODESCEN": 0, "INDIGENAS": 0, "NEGRITUDES": 0, "PALENQUERO": 0, "RAIZALES": 0, "ROM": 0, "TOT_EST_ET": 0, "CAPACID_EX": 0, "DOBLE_EXCE": 0, "TE_ACTFISI": 0, "TE_ARTES": 0, "TE_CNATUR": 0, "TE_CSOCIAL": 0, "TE_LDSOCIA": 0, "TE_TECNOLO": 0, "TOT_EST_CA": 0, "TMATRIC_GE": 4, "Zona": 2 }, "geometry": { "type": "Point", "coordinates": [ -8260268.005200000479817, 483528.970499999821186 ] } },
{ "type": "Feature", "properties": { "NOMBRE_EST": "COLEGIO RURAL EL CURUBITAL (CED)", "NOMBRE_SED": "RURAL EL CURUBITAL", "ORDEN_DE_S": "A", "DIRECCION": "KM 15 VIA USME SAN JUAN DE SUMAPAZ", "DISCAPACID": "INTELECTUAL", "TALENTOS_O": null, "GRUPOS_ETN": null, "SECTOR": 2, "NATU_JUR": 9, "CALENDARIO": 1, "GENERO": 5, "COD_LOCA": "05", "ESPECIALID": 13, "CLASE_TIPO": 1, "BILINGUE": 5, "FECHA": "2025-04-30", "DANE12_EST": "211850000868", "DANE12_SED": "211850000868", "DA_HIPOACU": 0, "DA_SORDERA": 0, "DA_LENGUAS": 0, "DA_UCASTEL": 0, "DISCAP_FIS": 0, "DISCAP_FLE": 0, "DISCAP_PCE": 0, "DI_DCOGNIT": 4, "DI_SDOWN": 0, "DIS_MULTIP": 0, "DIS_PSICOS": 0, "DV_BAJAVIS": 0, "DIS_CEGUER": 0, "T_ESPECTRO": 0, "T_VOZ_Y_HA": 0, "SISTEMICA": 0, "SORDOCEGUE": 0, "OTRA": 0, "TOT_EST_MA": 4, "AFRODESCEN": 0, "INDIGENAS": 1, "NEGRITUDES": 0, "PALENQUERO": 0, "RAIZALES": 0, "ROM": 0, "TOT_EST_ET": 1, "CAPACID_EX": 0, "DOBLE_EXCE": 0, "TE_ACTFISI": 0, "TE_ARTES": 0, "TE_CNATUR": 0, "TE_CSOCIAL": 0, "TE_LDSOCIA": 0, "TE_TECNOLO": 0, "TOT_EST_CA": 0, "TMATRIC_GE": 24, "Zona": 2 }, "geometry": { "type": "Point", "coordinates": [ -8252853.013900000602007, 484643.140399999916553 ] } },
{ "type": "Feature", "properties": { "NOMBRE_EST": "COLEGIO EL DESTINO (IED)", "NOMBRE_SED": "RURAL EL DESTINO", "ORDEN_DE_S": "A", "DIRECCION": "KM 8 VIA SAN JUAN DE SUMAPAZ", "DISCAPACID": "INTELECTUAL-VISUAL", "TALENTOS_O": null, "GRUPOS_ETN": "NEGRITUDES", "SECTOR": 2, "NATU_JUR": 9, "CALENDARIO": 1, "GENERO": 5, "COD_LOCA": "05", "ESPECIALID": 8, "CLASE_TIPO": 1, "BILINGUE": 5, "FECHA": "2025-04-30", "DANE12_EST": "211850000876", "DANE12_SED": "211850000876", "DA_HIPOACU": 0, "DA_SORDERA": 0, "DA_LENGUAS": 0, "DA_UCASTEL": 0, "DISCAP_FIS": 0, "DISCAP_FLE": 0, "DISCAP_PCE": 0, "DI_DCOGNIT": 19, "DI_SDOWN": 0, "DIS_MULTIP": 1, "DIS_PSICOS": 0, "DV_BAJAVIS": 2, "DIS_CEGUER": 0, "T_ESPECTRO": 0, "T_VOZ_Y_HA": 0, "SISTEMICA": 0, "SORDOCEGUE": 0, "OTRA": 0, "TOT_EST_MA": 22, "AFRODESCEN": 0, "INDIGENAS": 0, "NEGRITUDES": 0, "PALENQUERO": 0, "RAIZALES": 0, "ROM": 0, "TOT_EST_ET": 0, "CAPACID_EX": 0, "DOBLE_EXCE": 0, "TE_ACTFISI": 0, "TE_ARTES": 0, "TE_CNATUR": 0, "TE_CSOCIAL": 0, "TE_LDSOCIA": 0, "TE_TECNOLO": 0, "TOT_EST_CA": 0, "TMATRIC_GE": 547, "Zona": 2 }, "geometry": { "type": "Point", "coordinates": [ -8253050.0494, 491193.374699998646975 ] } },
{ "type": "Feature", "properties": { "NOMBRE_EST": "COLEGIO RURAL EL HATO (CED)", "NOMBRE_SED": "RURAL EL HATO", "ORDEN_DE_S": "A", "DIRECCION": "KM 14 VIA USME SAN JUAN DE SUMAPAZ", "DISCAPACID": "-INTELECTUAL-", "TALENTOS_O": null, "GRUPOS_ETN": null, "SECTOR": 2, "NATU_JUR": 9, "CALENDARIO": 1, "GENERO": 5, "COD_LOCA": "05", "ESPECIALID": 13, "CLASE_TIPO": 1, "BILINGUE": 5, "FECHA": "2025-04-30", "DANE12_EST": "211850000884", "DANE12_SED": "211850000884", "DA_HIPOACU": 0, "DA_SORDERA": 0, "DA_LENGUAS": 0, "DA_UCASTEL": 0, "DISCAP_FIS": 0, "DISCAP_FLE": 0, "DISCAP_PCE": 0, "DI_DCOGNIT": 0, "DI_SDOWN": 0, "DIS_MULTIP": 1, "DIS_PSICOS": 0, "DV_BAJAVIS": 0, "DIS_CEGUER": 0, "T_ESPECTRO": 0, "T_VOZ_Y_HA": 0, "SISTEMICA": 0, "SORDOCEGUE": 0, "OTRA": 0, "TOT_EST_MA": 1, "AFRODESCEN": 0, "INDIGENAS": 0, "NEGRITUDES": 0, "PALENQUERO": 0, "RAIZALES": 0, "ROM": 0, "TOT_EST_ET": 0, "CAPACID_EX": 0, "DOBLE_EXCE": 0, "TE_ACTFISI": 0, "TE_ARTES": 0, "TE_CNATUR": 0, "TE_CSOCIAL": 0, "TE_LDSOCIA": 0, "TE_TECNOLO": 0, "TOT_EST_CA": 0, "TMATRIC_GE": 39, "Zona": 2 }, "geometry": { "type": "Point", "coordinates": [ -8255896.488800000399351, 488773.959499999880791 ] } },
{ "type": "Feature", "properties": { "NOMBRE_EST": "COLEGIO BRAZUELOS (IED)", "NOMBRE_SED": "BRAZUELOS", "ORDEN_DE_S": "A", "DIRECCION": "CL 104 SUR # 14 - 90", "DISCAPACID": "FISICA-INTELECTUAL-MULTIPLE", "TALENTOS_O": null, "GRUPOS_ETN": "AFRODESCENDIENTES-INDIGENAS-NEGRITUDES", "SECTOR": 2, "NATU_JUR": 9, "CALENDARIO": 1, "GENERO": 5, "COD_LOCA": "05", "ESPECIALID": 13, "CLASE_TIPO": 1, "BILINGUE": 5, "FECHA": "2025-04-30", "DANE12_EST": "211850000931", "DANE12_SED": "211850000931", "DA_HIPOACU": 0, "DA_SORDERA": 0, "DA_LENGUAS": 0, "DA_UCASTEL": 0, "DISCAP_FIS": 1, "DISCAP_FLE": 0, "DISCAP_PCE": 0, "DI_DCOGNIT": 11, "DI_SDOWN": 0, "DIS_MULTIP": 4, "DIS_PSICOS": 0, "DV_BAJAVIS": 0, "DIS_CEGUER": 0, "T_ESPECTRO": 0, "T_VOZ_Y_HA": 0, "SISTEMICA": 0, "SORDOCEGUE": 0, "OTRA": 0, "TOT_EST_MA": 16, "AFRODESCEN": 14, "INDIGENAS": 10, "NEGRITUDES": 1, "PALENQUERO": 0, "RAIZALES": 0, "ROM": 0, "TOT_EST_ET": 25, "CAPACID_EX": 0, "DOBLE_EXCE": 0, "TE_ACTFISI": 0, "TE_ARTES": 0, "TE_CNATUR": 0, "TE_CSOCIAL": 0, "TE_LDSOCIA": 0, "TE_TECNOLO": 0, "TOT_EST_CA": 0, "TMATRIC_GE": 725, "Zona": 1 }, "geometry": { "type": "Point", "coordinates": [ -8250987.2993, 500888.493700001388788 ] } },
{ "type": "Feature", "properties": { "NOMBRE_EST": "COLEGIO EL UVAL (IED)", "NOMBRE_SED": "RURAL EL UVAL", "ORDEN_DE_S": "A", "DIRECCION": "KM 8 AUTO AL LLANO", "DISCAPACID": "FISICA-INTELECTUAL-MULTIPLE-VISUAL", "TALENTOS_O": "CAPACIDADES EXCEPCIONALES-TALENTO EXCEPCIONAL EN ACTIVIDAD FISICA, EJERCICIO Y DEPORTE-TALENTO EXCEPCIONAL EN LIDERAZGO SOCIAL Y EMPRENDIMIENTO", "GRUPOS_ETN": "INDIGENAS", "SECTOR": 2, "NATU_JUR": 9, "CALENDARIO": 1, "GENERO": 5, "COD_LOCA": "05", "ESPECIALID": 1, "CLASE_TIPO": 1, "BILINGUE": 5, "FECHA": "2025-04-30", "DANE12_EST": "211850000981", "DANE12_SED": "211850000981", "DA_HIPOACU": 0, "DA_SORDERA": 0, "DA_LENGUAS": 0, "DA_UCASTEL": 0, "DISCAP_FIS": 2, "DISCAP_FLE": 0, "DISCAP_PCE": 0, "DI_DCOGNIT": 31, "DI_SDOWN": 0, "DIS_MULTIP": 2, "DIS_PSICOS": 4, "DV_BAJAVIS": 1, "DIS_CEGUER": 0, "T_ESPECTRO": 0, "T_VOZ_Y_HA": 0, "SISTEMICA": 0, "SORDOCEGUE": 0, "OTRA": 0, "TOT_EST_MA": 41, "AFRODESCEN": 2, "INDIGENAS": 7, "NEGRITUDES": 0, "PALENQUERO": 0, "RAIZALES": 0, "ROM": 0, "TOT_EST_ET": 9, "CAPACID_EX": 0, "DOBLE_EXCE": 0, "TE_ACTFISI": 5, "TE_ARTES": 3, "TE_CNATUR": 0, "TE_CSOCIAL": 0, "TE_LDSOCIA": 0, "TE_TECNOLO": 0, "TOT_EST_CA": 8, "TMATRIC_GE": 705, "Zona": 2 }, "geometry": { "type": "Point", "coordinates": [ -8249358.69510000012815, 498951.164799999445677 ] } },
{ "type": "Feature", "properties": { "NOMBRE_EST": "COLEGIO RURAL LA MAYORIA (CED)", "NOMBRE_SED": "RURAL LA MAYORIA", "ORDEN_DE_S": "A", "DIRECCION": "KM 19 VIA SAN JUAN SUMAPAZ", "DISCAPACID": null, "TALENTOS_O": null, "GRUPOS_ETN": null, "SECTOR": 2, "NATU_JUR": 9, "CALENDARIO": 1, "GENERO": 5, "COD_LOCA": "05", "ESPECIALID": 13, "CLASE_TIPO": 1, "BILINGUE": 5, "FECHA": "2025-04-30", "DANE12_EST": "211850001007", "DANE12_SED": "211850001007", "DA_HIPOACU": 0, "DA_SORDERA": 0, "DA_LENGUAS": 0, "DA_UCASTEL": 0, "DISCAP_FIS": 0, "DISCAP_FLE": 0, "DISCAP_PCE": 0, "DI_DCOGNIT": 0, "DI_SDOWN": 0, "DIS_MULTIP": 0, "DIS_PSICOS": 1, "DV_BAJAVIS": 0, "DIS_CEGUER": 0, "T_ESPECTRO": 0, "T_VOZ_Y_HA": 0, "SISTEMICA": 0, "SORDOCEGUE": 0, "OTRA": 0, "TOT_EST_MA": 1, "AFRODESCEN": 0, "INDIGENAS": 0, "NEGRITUDES": 0, "PALENQUERO": 0, "RAIZALES": 0, "ROM": 0, "TOT_EST_ET": 0, "CAPACID_EX": 0, "DOBLE_EXCE": 0, "TE_ACTFISI": 0, "TE_ARTES": 0, "TE_CNATUR": 0, "TE_CSOCIAL": 0, "TE_LDSOCIA": 0, "TE_TECNOLO": 0, "TOT_EST_CA": 0, "TMATRIC_GE": 32, "Zona": 2 }, "geometry": { "type": "Point", "coordinates": [ -8258551.458699999377131, 487003.264499999582767 ] } },
{ "type": "Feature", "properties": { "NOMBRE_EST": "COLEGIO RURAL LAS MERCEDES (CED)", "NOMBRE_SED": "RURAL LAS MERCEDES", "ORDEN_DE_S": "A", "DIRECCION": "KM 17 VIA USME SAN JUAN SUMAPAZ", "DISCAPACID": null, "TALENTOS_O": null, "GRUPOS_ETN": null, "SECTOR": 2, "NATU_JUR": 9, "CALENDARIO": 1, "GENERO": 5, "COD_LOCA": "05", "ESPECIALID": 13, "CLASE_TIPO": 1, "BILINGUE": 5, "FECHA": "2025-04-30", "DANE12_EST": "211850001074", "DANE12_SED": "211850001074", "DA_HIPOACU": 0, "DA_SORDERA": 0, "DA_LENGUAS": 0, "DA_UCASTEL": 0, "DISCAP_FIS": 0, "DISCAP_FLE": 0, "DISCAP_PCE": 0, "DI_DCOGNIT": 0, "DI_SDOWN": 0, "DIS_MULTIP": 0, "DIS_PSICOS": 0, "DV_BAJAVIS": 0, "DIS_CEGUER": 0, "T_ESPECTRO": 0, "T_VOZ_Y_HA": 0, "SISTEMICA": 0, "SORDOCEGUE": 0, "OTRA": 0, "TOT_EST_MA": 0, "AFRODESCEN": 0, "INDIGENAS": 0, "NEGRITUDES": 0, "PALENQUERO": 0, "RAIZALES": 0, "ROM": 0, "TOT_EST_ET": 0, "CAPACID_EX": 0, "DOBLE_EXCE": 0, "TE_ACTFISI": 0, "TE_ARTES": 0, "TE_CNATUR": 0, "TE_CSOCIAL": 0, "TE_LDSOCIA": 0, "TE_TECNOLO": 0, "TOT_EST_CA": 0, "TMATRIC_GE": 18, "Zona": 2 }, "geometry": { "type": "Point", "coordinates": [ -8257259.03940000012517, 489422.628299999982119 ] } },
{ "type": "Feature", "properties": { "NOMBRE_EST": "COLEGIO FABIO LOZANO SIMONELLI (IED)", "NOMBRE_SED": "FABIO LOZANO SIMONELLI", "ORDEN_DE_S": "A", "DIRECCION": "KR 4 ESTE # 65 - 31 SUR", "DISCAPACID": "AUDITIVA-FISICA-INTELECTUAL-MENTAL/PSICOSOCIAL-MULTIPLE-SORDOCEGUERA", "TALENTOS_O": "CAPACIDADES EXCEPCIONALES-TALENTO EXCEPCIONAL EN ACTIVIDAD FISICA, EJERCICIO Y DEPORTE-TALENTO EXCEPCIONAL EN CIENCIAS NATURALES O BASICAS", "GRUPOS_ETN": "AFRODESCENDIENTES-INDIGENAS-NEGRITUDES", "SECTOR": 2, "NATU_JUR": 9, "CALENDARIO": 1, "GENERO": 5, "COD_LOCA": "05", "ESPECIALID": 1, "CLASE_TIPO": 1, "BILINGUE": 5, "FECHA": "2025-04-30", "DANE12_EST": "211850001481", "DANE12_SED": "211850001481", "DA_HIPOACU": 3, "DA_SORDERA": 0, "DA_LENGUAS": 0, "DA_UCASTEL": 0, "DISCAP_FIS": 4, "DISCAP_FLE": 0, "DISCAP_PCE": 0, "DI_DCOGNIT": 28, "DI_SDOWN": 0, "DIS_MULTIP": 4, "DIS_PSICOS": 5, "DV_BAJAVIS": 0, "DIS_CEGUER": 0, "T_ESPECTRO": 0, "T_VOZ_Y_HA": 0, "SISTEMICA": 0, "SORDOCEGUE": 0, "OTRA": 0, "TOT_EST_MA": 44, "AFRODESCEN": 10, "INDIGENAS": 8, "NEGRITUDES": 7, "PALENQUERO": 0, "RAIZALES": 0, "ROM": 0, "TOT_EST_ET": 25, "CAPACID_EX": 0, "DOBLE_EXCE": 0, "TE_ACTFISI": 9, "TE_ARTES": 2, "TE_CNATUR": 0, "TE_CSOCIAL": 0, "TE_LDSOCIA": 0, "TE_TECNOLO": 0, "TOT_EST_CA": 11, "TMATRIC_GE": 1789, "Zona": 1 }, "geometry": { "type": "Point", "coordinates": [ -8249809.539000000804663, 505155.246700000017881 ] } },
{ "type": "Feature", "properties": { "NOMBRE_EST": "COLEGIO FABIO LOZANO SIMONELLI (IED)", "NOMBRE_SED": "DANUBIO AZUL", "ORDEN_DE_S": "B", "DIRECCION": "CL 56 A SUR # 1 - 36 ESTE", "DISCAPACID": "FISICA-INTELECTUAL-MULTIPLE", "TALENTOS_O": "TALENTO EXCEPCIONAL EN ACTIVIDAD FISICA, EJERCICIO Y DEPORTE-TALENTO EXCEPCIONAL EN ARTES Y LETRAS", "GRUPOS_ETN": "AFRODESCENDIENTES-NEGRITUDES", "SECTOR": 2, "NATU_JUR": 9, "CALENDARIO": 1, "GENERO": 5, "COD_LOCA": "05", "ESPECIALID": 13, "CLASE_TIPO": 1, "BILINGUE": 5, "FECHA": "2025-04-30", "DANE12_EST": "211850001481", "DANE12_SED": "111001008168", "DA_HIPOACU": 1, "DA_SORDERA": 0, "DA_LENGUAS": 0, "DA_UCASTEL": 0, "DISCAP_FIS": 1, "DISCAP_FLE": 0, "DISCAP_PCE": 0, "DI_DCOGNIT": 3, "DI_SDOWN": 0, "DIS_MULTIP": 2, "DIS_PSICOS": 0, "DV_BAJAVIS": 0, "DIS_CEGUER": 0, "T_ESPECTRO": 0, "T_VOZ_Y_HA": 0, "SISTEMICA": 0, "SORDOCEGUE": 0, "OTRA": 0, "TOT_EST_MA": 7, "AFRODESCEN": 3, "INDIGENAS": 1, "NEGRITUDES": 1, "PALENQUERO": 0, "RAIZALES": 0, "ROM": 0, "TOT_EST_ET": 5, "CAPACID_EX": 0, "DOBLE_EXCE": 0, "TE_ACTFISI": 4, "TE_ARTES": 3, "TE_CNATUR": 0, "TE_CSOCIAL": 0, "TE_LDSOCIA": 1, "TE_TECNOLO": 0, "TOT_EST_CA": 8, "TMATRIC_GE": 539, "Zona": 1 }, "geometry": { "type": "Point", "coordinates": [ -8250458.531700000166893, 505686.791999999433756 ] } },
{ "type": "Feature", "properties": { "NOMBRE_EST": "COLEGIO FABIO LOZANO SIMONELLI (IED)", "NOMBRE_SED": "FISCALA ALTA", "ORDEN_DE_S": "C", "DIRECCION": "TV 5 F ESTE # 63 - 48 SUR", "DISCAPACID": "INTELECTUAL-MULTIPLE", "TALENTOS_O": "TALENTO EXCEPCIONAL EN ACTIVIDAD FISICA, EJERCICIO Y DEPORTE-TALENTO EXCEPCIONAL EN ARTES Y LETRAS-TALENTO EXCEPCIONAL EN CIENCIAS NATURALES O BASICAS", "GRUPOS_ETN": "AFRODESCENDIENTES-INDIGENAS-NEGRITUDES", "SECTOR": 2, "NATU_JUR": 9, "CALENDARIO": 1, "GENERO": 5, "COD_LOCA": "05", "ESPECIALID": 13, "CLASE_TIPO": 1, "BILINGUE": 5, "FECHA": "2025-04-30", "DANE12_EST": "211850001481", "DANE12_SED": "211850001431", "DA_HIPOACU": 0, "DA_SORDERA": 0, "DA_LENGUAS": 0, "DA_UCASTEL": 0, "DISCAP_FIS": 0, "DISCAP_FLE": 0, "DISCAP_PCE": 0, "DI_DCOGNIT": 3, "DI_SDOWN": 0, "DIS_MULTIP": 3, "DIS_PSICOS": 0, "DV_BAJAVIS": 0, "DIS_CEGUER": 0, "T_ESPECTRO": 0, "T_VOZ_Y_HA": 0, "SISTEMICA": 0, "SORDOCEGUE": 0, "OTRA": 0, "TOT_EST_MA": 6, "AFRODESCEN": 4, "INDIGENAS": 2, "NEGRITUDES": 0, "PALENQUERO": 0, "RAIZALES": 0, "ROM": 0, "TOT_EST_ET": 6, "CAPACID_EX": 0, "DOBLE_EXCE": 0, "TE_ACTFISI": 5, "TE_ARTES": 0, "TE_CNATUR": 1, "TE_CSOCIAL": 0, "TE_LDSOCIA": 0, "TE_TECNOLO": 0, "TOT_EST_CA": 6, "TMATRIC_GE": 376, "Zona": 1 }, "geometry": { "type": "Point", "coordinates": [ -8249222.885299999266863, 505159.713500000536442 ] } },
{ "type": "Feature", "properties": { "NOMBRE_EST": "COLEGIO CENTRO INTEGRAL JOSE MARIA CORDOBA (IED)", "NOMBRE_SED": "JOSE MARIA CORDOBA", "ORDEN_DE_S": "A", "DIRECCION": "DG 48 B SUR # 24 B - 73", "DISCAPACID": "FISICA-INTELECTUAL-MENTAL/PSICOSOCIAL-MULTIPLE-SORDOCEGUERA-VISUAL", "TALENTOS_O": "CAPACIDADES EXCEPCIONALES-TALENTO EXCEPCIONAL EN ACTIVIDAD FISICA, EJERCICIO Y DEPORTE-TALENTO EXCEPCIONAL EN ARTES Y LETRAS-TALENTO EXCEPCIONAL EN LIDERAZGO SOCIAL Y EMPRENDIMIENTO", "GRUPOS_ETN": "AFRODESCENDIENTES-INDIGENAS-NEGRITUDES-PALENQUEROS-RAIZALES", "SECTOR": 2, "NATU_JUR": 9, "CALENDARIO": 1, "GENERO": 5, "COD_LOCA": "06", "ESPECIALID": 1, "CLASE_TIPO": 1, "BILINGUE": 5, "FECHA": "2025-04-30", "DANE12_EST": "111001009652", "DANE12_SED": "111001009652", "DA_HIPOACU": 0, "DA_SORDERA": 0, "DA_LENGUAS": 0, "DA_UCASTEL": 0, "DISCAP_FIS": 2, "DISCAP_FLE": 0, "DISCAP_PCE": 0, "DI_DCOGNIT": 53, "DI_SDOWN": 0, "DIS_MULTIP": 34, "DIS_PSICOS": 9, "DV_BAJAVIS": 16, "DIS_CEGUER": 0, "T_ESPECTRO": 0, "T_VOZ_Y_HA": 0, "SISTEMICA": 0, "SORDOCEGUE": 0, "OTRA": 0, "TOT_EST_MA": 114, "AFRODESCEN": 16, "INDIGENAS": 7, "NEGRITUDES": 4, "PALENQUERO": 1, "RAIZALES": 0, "ROM": 0, "TOT_EST_ET": 28, "CAPACID_EX": 0, "DOBLE_EXCE": 0, "TE_ACTFISI": 4, "TE_ARTES": 2, "TE_CNATUR": 1, "TE_CSOCIAL": 0, "TE_LDSOCIA": 2, "TE_TECNOLO": 1, "TOT_EST_CA": 10, "TMATRIC_GE": 2500, "Zona": 1 }, "geometry": { "type": "Point", "coordinates": [ -8252260.794199999421835, 510231.871300000697374 ] } },
{ "type": "Feature", "properties": { "NOMBRE_EST": "COLEGIO VENECIA (IED)", "NOMBRE_SED": "VENECIA", "ORDEN_DE_S": "A", "DIRECCION": "KR 55 # 49 - 25 SUR", "DISCAPACID": "AUDITIVA-FISICA-INTELECTUAL-MENTAL/PSICOSOCIAL-MULTIPLE-SORDOCEGUERA-VISUAL", "TALENTOS_O": "CAPACIDADES EXCEPCIONALES-TALENTO EXCEPCIONAL EN ACTIVIDAD FISICA, EJERCICIO Y DEPORTE-TALENTO EXCEPCIONAL EN ARTES Y LETRAS-TALENTO EXCEPCIONAL EN CIENCIAS NATURALES O BASICAS-TALENTO EXCEPCIONAL EN LIDERAZGO SOCIAL Y EMPRENDIMIENTO-TALENTO EXCEPCIONAL", "GRUPOS_ETN": "AFRODESCENDIENTES-INDIGENAS-NEGRITUDES", "SECTOR": 2, "NATU_JUR": 9, "CALENDARIO": 1, "GENERO": 5, "COD_LOCA": "06", "ESPECIALID": 1, "CLASE_TIPO": 1, "BILINGUE": 5, "FECHA": "2025-04-30", "DANE12_EST": "111001010251", "DANE12_SED": "111001010251", "DA_HIPOACU": 0, "DA_SORDERA": 0, "DA_LENGUAS": 0, "DA_UCASTEL": 0, "DISCAP_FIS": 4, "DISCAP_FLE": 0, "DISCAP_PCE": 0, "DI_DCOGNIT": 41, "DI_SDOWN": 0, "DIS_MULTIP": 19, "DIS_PSICOS": 22, "DV_BAJAVIS": 2, "DIS_CEGUER": 0, "T_ESPECTRO": 0, "T_VOZ_Y_HA": 0, "SISTEMICA": 0, "SORDOCEGUE": 0, "OTRA": 0, "TOT_EST_MA": 88, "AFRODESCEN": 31, "INDIGENAS": 17, "NEGRITUDES": 9, "PALENQUERO": 0, "RAIZALES": 1, "ROM": 0, "TOT_EST_ET": 58, "CAPACID_EX": 4, "DOBLE_EXCE": 0, "TE_ACTFISI": 20, "TE_ARTES": 6, "TE_CNATUR": 0, "TE_CSOCIAL": 2, "TE_LDSOCIA": 4, "TE_TECNOLO": 2, "TOT_EST_CA": 38, "TMATRIC_GE": 3222, "Zona": 1 }, "geometry": { "type": "Point", "coordinates": [ -8253625.57120000012219, 511730.575599998235703 ] } },
{ "type": "Feature", "properties": { "NOMBRE_EST": "COLEGIO VENECIA (IED)", "NOMBRE_SED": "NUEVO MUZU", "ORDEN_DE_S": "B", "DIRECCION": "KR 59 # 52 A - 30 SUR", "DISCAPACID": "FISICA-INTELECTUAL-MULTIPLE-SORDOCEGUERA", "TALENTOS_O": "CAPACIDADES EXCEPCIONALES-TALENTO EXCEPCIONAL EN ACTIVIDAD FISICA, EJERCICIO Y DEPORTE-TALENTO EXCEPCIONAL EN ARTES Y LETRAS", "GRUPOS_ETN": "AFRODESCENDIENTES-INDIGENAS-NEGRITUDES", "SECTOR": 2, "NATU_JUR": 9, "CALENDARIO": 1, "GENERO": 5, "COD_LOCA": "06", "ESPECIALID": 13, "CLASE_TIPO": 1, "BILINGUE": 5, "FECHA": "2025-04-30", "DANE12_EST": "111001010251", "DANE12_SED": "111001034631", "DA_HIPOACU": 0, "DA_SORDERA": 0, "DA_LENGUAS": 0, "DA_UCASTEL": 0, "DISCAP_FIS": 4, "DISCAP_FLE": 0, "DISCAP_PCE": 0, "DI_DCOGNIT": 3, "DI_SDOWN": 0, "DIS_MULTIP": 8, "DIS_PSICOS": 0, "DV_BAJAVIS": 1, "DIS_CEGUER": 0, "T_ESPECTRO": 0, "T_VOZ_Y_HA": 0, "SISTEMICA": 0, "SORDOCEGUE": 0, "OTRA": 0, "TOT_EST_MA": 16, "AFRODESCEN": 2, "INDIGENAS": 3, "NEGRITUDES": 0, "PALENQUERO": 0, "RAIZALES": 0, "ROM": 0, "TOT_EST_ET": 5, "CAPACID_EX": 0, "DOBLE_EXCE": 0, "TE_ACTFISI": 1, "TE_ARTES": 0, "TE_CNATUR": 0, "TE_CSOCIAL": 0, "TE_LDSOCIA": 2, "TE_TECNOLO": 0, "TOT_EST_CA": 3, "TMATRIC_GE": 521, "Zona": 1 }, "geometry": { "type": "Point", "coordinates": [ -8254102.0186, 511114.115600001066923 ] } },
{ "type": "Feature", "properties": { "NOMBRE_EST": "COLEGIO INSTITUTO TECNICO INDUSTRIAL PILOTO (IED)", "NOMBRE_SED": "PILOTO", "ORDEN_DE_S": "A", "DIRECCION": "KR 35 # 51 B - 87 SUR", "DISCAPACID": "AUDITIVA-FISICA-INTELECTUAL-MENTAL/PSICOSOCIAL-MULTIPLE-VISUAL", "TALENTOS_O": "CAPACIDADES EXCEPCIONALES-TALENTO EXCEPCIONAL EN ACTIVIDAD FISICA, EJERCICIO Y DEPORTE-TALENTO EXCEPCIONAL EN ARTES Y LETRAS-TALENTO EXCEPCIONAL EN CIENCIAS NATURALES O BASICAS-TALENTO EXCEPCIONAL EN TECNOLOGIA", "GRUPOS_ETN": "AFRODESCENDIENTES-INDIGENAS-NEGRITUDES-RAIZALES", "SECTOR": 2, "NATU_JUR": 9, "CALENDARIO": 1, "GENERO": 5, "COD_LOCA": "06", "ESPECIALID": 4, "CLASE_TIPO": 1, "BILINGUE": 5, "FECHA": "2025-04-30", "DANE12_EST": "111001011011", "DANE12_SED": "111001011011", "DA_HIPOACU": 6, "DA_SORDERA": 0, "DA_LENGUAS": 0, "DA_UCASTEL": 0, "DISCAP_FIS": 10, "DISCAP_FLE": 0, "DISCAP_PCE": 0, "DI_DCOGNIT": 18, "DI_SDOWN": 0, "DIS_MULTIP": 19, "DIS_PSICOS": 7, "DV_BAJAVIS": 9, "DIS_CEGUER": 0, "T_ESPECTRO": 0, "T_VOZ_Y_HA": 0, "SISTEMICA": 0, "SORDOCEGUE": 0, "OTRA": 0, "TOT_EST_MA": 69, "AFRODESCEN": 6, "INDIGENAS": 7, "NEGRITUDES": 9, "PALENQUERO": 0, "RAIZALES": 0, "ROM": 0, "TOT_EST_ET": 22, "CAPACID_EX": 6, "DOBLE_EXCE": 0, "TE_ACTFISI": 12, "TE_ARTES": 26, "TE_CNATUR": 5, "TE_CSOCIAL": 1, "TE_LDSOCIA": 0, "TE_TECNOLO": 24, "TOT_EST_CA": 74, "TMATRIC_GE": 2332, "Zona": 1 }, "geometry": { "type": "Point", "coordinates": [ -8253001.068800000473857, 510997.971500001847744 ] } },
{ "type": "Feature", "properties": { "NOMBRE_EST": "COLEGIO INSTITUTO TECNICO INDUSTRIAL PILOTO (IED)", "NOMBRE_SED": "NUESTRA SEÑORA DE FATIMA", "ORDEN_DE_S": "B", "DIRECCION": "DG 52 A SUR # 33 - 81", "DISCAPACID": "AUDITIVA-FISICA-INTELECTUAL-MENTAL/PSICOSOCIAL-MULTIPLE-VISUAL", "TALENTOS_O": "TALENTO EXCEPCIONAL EN ACTIVIDAD FISICA, EJERCICIO Y DEPORTE-TALENTO EXCEPCIONAL EN ARTES Y LETRAS", "GRUPOS_ETN": "AFRODESCENDIENTES-INDIGENAS-NEGRITUDES", "SECTOR": 2, "NATU_JUR": 9, "CALENDARIO": 1, "GENERO": 5, "COD_LOCA": "06", "ESPECIALID": 13, "CLASE_TIPO": 1, "BILINGUE": 5, "FECHA": "2025-04-30", "DANE12_EST": "111001011011", "DANE12_SED": "111001017949", "DA_HIPOACU": 5, "DA_SORDERA": 0, "DA_LENGUAS": 0, "DA_UCASTEL": 0, "DISCAP_FIS": 1, "DISCAP_FLE": 0, "DISCAP_PCE": 0, "DI_DCOGNIT": 17, "DI_SDOWN": 0, "DIS_MULTIP": 10, "DIS_PSICOS": 1, "DV_BAJAVIS": 11, "DIS_CEGUER": 0, "T_ESPECTRO": 0, "T_VOZ_Y_HA": 0, "SISTEMICA": 0, "SORDOCEGUE": 0, "OTRA": 0, "TOT_EST_MA": 45, "AFRODESCEN": 4, "INDIGENAS": 10, "NEGRITUDES": 1, "PALENQUERO": 0, "RAIZALES": 0, "ROM": 0, "TOT_EST_ET": 15, "CAPACID_EX": 0, "DOBLE_EXCE": 0, "TE_ACTFISI": 7, "TE_ARTES": 9, "TE_CNATUR": 0, "TE_CSOCIAL": 1, "TE_LDSOCIA": 0, "TE_TECNOLO": 2, "TOT_EST_CA": 19, "TMATRIC_GE": 1030, "Zona": 1 }, "geometry": { "type": "Point", "coordinates": [ -8253060.068199999630451, 510919.797699999064207 ] } },
{ "type": "Feature", "properties": { "NOMBRE_EST": "COLEGIO INSTITUTO TECNICO INDUSTRIAL PILOTO (IED)", "NOMBRE_SED": "FATIMA COLMOTORES", "ORDEN_DE_S": "C", "DIRECCION": "CL 54 SUR # 37 A - 37", "DISCAPACID": "AUDITIVA-INTELECTUAL-MENTAL/PSICOSOCIAL-MULTIPLE-VISUAL", "TALENTOS_O": "TALENTO EXCEPCIONAL EN ACTIVIDAD FISICA, EJERCICIO Y DEPORTE-TALENTO EXCEPCIONAL EN ARTES Y LETRAS-TALENTO EXCEPCIONAL EN CIENCIAS NATURALES O BASICAS", "GRUPOS_ETN": "AFRODESCENDIENTES-INDIGENAS-NEGRITUDES", "SECTOR": 2, "NATU_JUR": 9, "CALENDARIO": 1, "GENERO": 5, "COD_LOCA": "06", "ESPECIALID": 13, "CLASE_TIPO": 1, "BILINGUE": 5, "FECHA": "2025-04-30", "DANE12_EST": "111001011011", "DANE12_SED": "111001018295", "DA_HIPOACU": 0, "DA_SORDERA": 0, "DA_LENGUAS": 0, "DA_UCASTEL": 0, "DISCAP_FIS": 2, "DISCAP_FLE": 0, "DISCAP_PCE": 0, "DI_DCOGNIT": 3, "DI_SDOWN": 0, "DIS_MULTIP": 4, "DIS_PSICOS": 0, "DV_BAJAVIS": 3, "DIS_CEGUER": 0, "T_ESPECTRO": 0, "T_VOZ_Y_HA": 0, "SISTEMICA": 0, "SORDOCEGUE": 0, "OTRA": 0, "TOT_EST_MA": 12, "AFRODESCEN": 0, "INDIGENAS": 4, "NEGRITUDES": 0, "PALENQUERO": 0, "RAIZALES": 0, "ROM": 0, "TOT_EST_ET": 4, "CAPACID_EX": 1, "DOBLE_EXCE": 0, "TE_ACTFISI": 3, "TE_ARTES": 5, "TE_CNATUR": 0, "TE_CSOCIAL": 1, "TE_LDSOCIA": 3, "TE_TECNOLO": 1, "TOT_EST_CA": 14, "TMATRIC_GE": 520, "Zona": 1 }, "geometry": { "type": "Point", "coordinates": [ -8253473.063500000163913, 511150.969099998474121 ] } },
{ "type": "Feature", "properties": { "NOMBRE_EST": "COLEGIO INSTITUTO TECNICO INDUSTRIAL PILOTO (IED)", "NOMBRE_SED": "NUESTRA SEÑORA DEL ROSARIO", "ORDEN_DE_S": "D", "DIRECCION": "CL 51 SUR # 36 - 86", "DISCAPACID": "FISICA-INTELECTUAL-MENTAL/PSICOSOCIAL-MULTIPLE", "TALENTOS_O": "TALENTO EXCEPCIONAL EN ACTIVIDAD FISICA, EJERCICIO Y DEPORTE-TALENTO EXCEPCIONAL EN ARTES Y LETRAS-TALENTO EXCEPCIONAL EN CIENCIAS SOCIALES O HUMANAS-TALENTO EXCEPCIONAL EN TECNOLOGIA", "GRUPOS_ETN": "INDIGENAS", "SECTOR": 2, "NATU_JUR": 9, "CALENDARIO": 1, "GENERO": 5, "COD_LOCA": "06", "ESPECIALID": 13, "CLASE_TIPO": 1, "BILINGUE": 5, "FECHA": "2025-04-30", "DANE12_EST": "111001011011", "DANE12_SED": "111001017965", "DA_HIPOACU": 0, "DA_SORDERA": 0, "DA_LENGUAS": 0, "DA_UCASTEL": 0, "DISCAP_FIS": 0, "DISCAP_FLE": 0, "DISCAP_PCE": 0, "DI_DCOGNIT": 0, "DI_SDOWN": 0, "DIS_MULTIP": 0, "DIS_PSICOS": 0, "DV_BAJAVIS": 0, "DIS_CEGUER": 0, "T_ESPECTRO": 0, "T_VOZ_Y_HA": 0, "SISTEMICA": 0, "SORDOCEGUE": 0, "OTRA": 0, "TOT_EST_MA": 0, "AFRODESCEN": 0, "INDIGENAS": 2, "NEGRITUDES": 0, "PALENQUERO": 0, "RAIZALES": 0, "ROM": 0, "TOT_EST_ET": 2, "CAPACID_EX": 0, "DOBLE_EXCE": 0, "TE_ACTFISI": 0, "TE_ARTES": 0, "TE_CNATUR": 0, "TE_CSOCIAL": 0, "TE_LDSOCIA": 0, "TE_TECNOLO": 0, "TOT_EST_CA": 0, "TMATRIC_GE": 280, "Zona": 1 }, "geometry": { "type": "Point", "coordinates": [ -8252972.125800000503659, 511241.427600000053644 ] } },
{ "type": "Feature", "properties": { "NOMBRE_EST": "COLEGIO RAFAEL URIBE URIBE (IED)", "NOMBRE_SED": "RAFAEL URIBE URIBE", "ORDEN_DE_S": "A", "DIRECCION": "KR 25 # 47 - 02 SUR", "DISCAPACID": "AUDITIVA-FISICA-INTELECTUAL-MENTAL/PSICOSOCIAL-MULTIPLE", "TALENTOS_O": "TALENTO EXCEPCIONAL EN ACTIVIDAD FISICA, EJERCICIO Y DEPORTE-TALENTO EXCEPCIONAL EN ARTES Y LETRAS-TALENTO EXCEPCIONAL EN LIDERAZGO SOCIAL Y EMPRENDIMIENTO-TALENTO EXCEPCIONAL EN TECNOLOGIA", "GRUPOS_ETN": "AFRODESCENDIENTES-INDIGENAS-NEGRITUDES", "SECTOR": 2, "NATU_JUR": 9, "CALENDARIO": 1, "GENERO": 5, "COD_LOCA": "06", "ESPECIALID": 3, "CLASE_TIPO": 1, "BILINGUE": 5, "FECHA": "2025-04-30", "DANE12_EST": "111001012271", "DANE12_SED": "111001012271", "DA_HIPOACU": 3, "DA_SORDERA": 0, "DA_LENGUAS": 0, "DA_UCASTEL": 0, "DISCAP_FIS": 2, "DISCAP_FLE": 0, "DISCAP_PCE": 0, "DI_DCOGNIT": 10, "DI_SDOWN": 0, "DIS_MULTIP": 7, "DIS_PSICOS": 2, "DV_BAJAVIS": 1, "DIS_CEGUER": 0, "T_ESPECTRO": 0, "T_VOZ_Y_HA": 0, "SISTEMICA": 0, "SORDOCEGUE": 0, "OTRA": 0, "TOT_EST_MA": 25, "AFRODESCEN": 5, "INDIGENAS": 10, "NEGRITUDES": 4, "PALENQUERO": 0, "RAIZALES": 0, "ROM": 0, "TOT_EST_ET": 19, "CAPACID_EX": 1, "DOBLE_EXCE": 0, "TE_ACTFISI": 13, "TE_ARTES": 2, "TE_CNATUR": 1, "TE_CSOCIAL": 0, "TE_LDSOCIA": 1, "TE_TECNOLO": 2, "TOT_EST_CA": 20, "TMATRIC_GE": 1428, "Zona": 1 }, "geometry": { "type": "Point", "coordinates": [ -8251993.627499999478459, 510389.334399998188019 ] } },
{ "type": "Feature", "properties": { "NOMBRE_EST": "COLEGIO RAFAEL URIBE URIBE (IED)", "NOMBRE_SED": "NUESTRA SEÑORA DEL CARMEN", "ORDEN_DE_S": "B", "DIRECCION": "CL 48 B SUR # 28 - 75", "DISCAPACID": "INTELECTUAL-MULTIPLE", "TALENTOS_O": "CAPACIDADES EXCEPCIONALES-TALENTO EXCEPCIONAL EN ACTIVIDAD FISICA, EJERCICIO Y DEPORTE-TALENTO EXCEPCIONAL EN ARTES Y LETRAS", "GRUPOS_ETN": "AFRODESCENDIENTES-INDIGENAS", "SECTOR": 2, "NATU_JUR": 9, "CALENDARIO": 1, "GENERO": 5, "COD_LOCA": "06", "ESPECIALID": 13, "CLASE_TIPO": 1, "BILINGUE": 5, "FECHA": "2025-04-30", "DANE12_EST": "111001012271", "DANE12_SED": "111001018261", "DA_HIPOACU": 0, "DA_SORDERA": 0, "DA_LENGUAS": 0, "DA_UCASTEL": 0, "DISCAP_FIS": 1, "DISCAP_FLE": 0, "DISCAP_PCE": 0, "DI_DCOGNIT": 0, "DI_SDOWN": 0, "DIS_MULTIP": 2, "DIS_PSICOS": 0, "DV_BAJAVIS": 0, "DIS_CEGUER": 0, "T_ESPECTRO": 0, "T_VOZ_Y_HA": 0, "SISTEMICA": 0, "SORDOCEGUE": 0, "OTRA": 0, "TOT_EST_MA": 3, "AFRODESCEN": 5, "INDIGENAS": 2, "NEGRITUDES": 0, "PALENQUERO": 0, "RAIZALES": 0, "ROM": 0, "TOT_EST_ET": 7, "CAPACID_EX": 0, "DOBLE_EXCE": 0, "TE_ACTFISI": 3, "TE_ARTES": 1, "TE_CNATUR": 0, "TE_CSOCIAL": 0, "TE_LDSOCIA": 0, "TE_TECNOLO": 0, "TOT_EST_CA": 4, "TMATRIC_GE": 330, "Zona": 1 }, "geometry": { "type": "Point", "coordinates": [ -8252346.510199999436736, 510754.516100000590086 ] } },
{ "type": "Feature", "properties": { "NOMBRE_EST": "COLEGIO MARCO FIDEL SUAREZ (IED)", "NOMBRE_SED": "MARCO FIDEL SUAREZ", "ORDEN_DE_S": "A", "DIRECCION": "DG 52 SUR # 25 - 00  --  KR 25 # 52 C - 92 SUR", "DISCAPACID": "FISICA-INTELECTUAL-MENTAL/PSICOSOCIAL-MULTIPLE", "TALENTOS_O": "CAPACIDADES EXCEPCIONALES-TALENTO EXCEPCIONAL EN ACTIVIDAD FISICA, EJERCICIO Y DEPORTE-TALENTO EXCEPCIONAL EN ARTES Y LETRAS-TALENTO EXCEPCIONAL EN LIDERAZGO SOCIAL Y EMPRENDIMIENTO-TALENTO EXCEPCIONAL EN TECNOLOGIA", "GRUPOS_ETN": "AFRODESCENDIENTES-INDIGENAS-NEGRITUDES", "SECTOR": 2, "NATU_JUR": 9, "CALENDARIO": 1, "GENERO": 5, "COD_LOCA": "06", "ESPECIALID": 1, "CLASE_TIPO": 1, "BILINGUE": 5, "FECHA": "2025-04-30", "DANE12_EST": "111001014206", "DANE12_SED": "111001014206", "DA_HIPOACU": 0, "DA_SORDERA": 0, "DA_LENGUAS": 0, "DA_UCASTEL": 0, "DISCAP_FIS": 5, "DISCAP_FLE": 0, "DISCAP_PCE": 0, "DI_DCOGNIT": 18, "DI_SDOWN": 0, "DIS_MULTIP": 1, "DIS_PSICOS": 4, "DV_BAJAVIS": 1, "DIS_CEGUER": 0, "T_ESPECTRO": 0, "T_VOZ_Y_HA": 0, "SISTEMICA": 0, "SORDOCEGUE": 0, "OTRA": 0, "TOT_EST_MA": 29, "AFRODESCEN": 13, "INDIGENAS": 17, "NEGRITUDES": 7, "PALENQUERO": 0, "RAIZALES": 0, "ROM": 0, "TOT_EST_ET": 37, "CAPACID_EX": 2, "DOBLE_EXCE": 0, "TE_ACTFISI": 49, "TE_ARTES": 20, "TE_CNATUR": 1, "TE_CSOCIAL": 0, "TE_LDSOCIA": 1, "TE_TECNOLO": 5, "TOT_EST_CA": 78, "TMATRIC_GE": 1870, "Zona": 1 }, "geometry": { "type": "Point", "coordinates": [ -8252466.735300000756979, 510321.212099999189377 ] } },
{ "type": "Feature", "properties": { "NOMBRE_EST": "COLEGIO CIUDAD DE BOGOTA (IED)", "NOMBRE_SED": "CIUDAD DE BOGOTA", "ORDEN_DE_S": "A", "DIRECCION": "KR 25 # 53 B - 32 SUR", "DISCAPACID": "AUDITIVA-FISICA-INTELECTUAL-MENTAL/PSICOSOCIAL-MULTIPLE-VISUAL", "TALENTOS_O": "TALENTO CIENTIFICO-TALENTO EXCEPCIONAL EN ACTIVIDAD FISICA, EJERCICIO Y DEPORTE-TALENTO EXCEPCIONAL EN ARTES Y LETRAS-TALENTO EXCEPCIONAL EN CIENCIAS NATURALES O BASICAS-TALENTO EXCEPCIONAL EN CIENCIAS SOCIALES O HUMANAS", "GRUPOS_ETN": "AFRODESCENDIENTES-INDIGENAS-NEGRITUDES", "SECTOR": 2, "NATU_JUR": 9, "CALENDARIO": 1, "GENERO": 5, "COD_LOCA": "06", "ESPECIALID": 1, "CLASE_TIPO": 1, "BILINGUE": 5, "FECHA": "2025-04-30", "DANE12_EST": "111001014214", "DANE12_SED": "111001014214", "DA_HIPOACU": 5, "DA_SORDERA": 0, "DA_LENGUAS": 0, "DA_UCASTEL": 0, "DISCAP_FIS": 11, "DISCAP_FLE": 0, "DISCAP_PCE": 0, "DI_DCOGNIT": 42, "DI_SDOWN": 0, "DIS_MULTIP": 20, "DIS_PSICOS": 11, "DV_BAJAVIS": 0, "DIS_CEGUER": 0, "T_ESPECTRO": 0, "T_VOZ_Y_HA": 0, "SISTEMICA": 0, "SORDOCEGUE": 0, "OTRA": 0, "TOT_EST_MA": 89, "AFRODESCEN": 16, "INDIGENAS": 5, "NEGRITUDES": 5, "PALENQUERO": 0, "RAIZALES": 0, "ROM": 0, "TOT_EST_ET": 26, "CAPACID_EX": 0, "DOBLE_EXCE": 0, "TE_ACTFISI": 2, "TE_ARTES": 4, "TE_CNATUR": 0, "TE_CSOCIAL": 0, "TE_LDSOCIA": 0, "TE_TECNOLO": 0, "TOT_EST_CA": 6, "TMATRIC_GE": 1856, "Zona": 1 }, "geometry": { "type": "Point", "coordinates": [ -8253050.0494, 510106.794399999082088 ] } },
{ "type": "Feature", "properties": { "NOMBRE_EST": "COLEGIO CIUDAD DE BOGOTA (IED)", "NOMBRE_SED": "ROCKEFELLER", "ORDEN_DE_S": "B", "DIRECCION": "KR 27 # 55 A - 18 SUR", "DISCAPACID": "AUDITIVA-FISICA-INTELECTUAL-MENTAL/PSICOSOCIAL-MULTIPLE-VISUAL", "TALENTOS_O": "TALENTO EXCEPCIONAL EN ARTES Y LETRAS-TALENTO EXCEPCIONAL EN CIENCIAS SOCIALES O HUMANAS", "GRUPOS_ETN": "AFRODESCENDIENTES-INDIGENAS", "SECTOR": 2, "NATU_JUR": 9, "CALENDARIO": 1, "GENERO": 5, "COD_LOCA": "06", "ESPECIALID": 13, "CLASE_TIPO": 1, "BILINGUE": 5, "FECHA": "2025-04-30", "DANE12_EST": "111001014214", "DANE12_SED": "111001018279", "DA_HIPOACU": 2, "DA_SORDERA": 0, "DA_LENGUAS": 0, "DA_UCASTEL": 0, "DISCAP_FIS": 6, "DISCAP_FLE": 0, "DISCAP_PCE": 0, "DI_DCOGNIT": 15, "DI_SDOWN": 0, "DIS_MULTIP": 16, "DIS_PSICOS": 0, "DV_BAJAVIS": 1, "DIS_CEGUER": 0, "T_ESPECTRO": 0, "T_VOZ_Y_HA": 0, "SISTEMICA": 0, "SORDOCEGUE": 0, "OTRA": 0, "TOT_EST_MA": 40, "AFRODESCEN": 5, "INDIGENAS": 4, "NEGRITUDES": 0, "PALENQUERO": 0, "RAIZALES": 0, "ROM": 0, "TOT_EST_ET": 9, "CAPACID_EX": 0, "DOBLE_EXCE": 0, "TE_ACTFISI": 3, "TE_ARTES": 0, "TE_CNATUR": 1, "TE_CSOCIAL": 1, "TE_LDSOCIA": 0, "TE_TECNOLO": 0, "TOT_EST_CA": 5, "TMATRIC_GE": 650, "Zona": 1 }, "geometry": { "type": "Point", "coordinates": [ -8253254.877299999818206, 510103.444099999964237 ] } },
{ "type": "Feature", "properties": { "NOMBRE_EST": "COLEGIO RUFINO JOSE CUERVO (IED)", "NOMBRE_SED": "RUFINO JOSE CUERVO", "ORDEN_DE_S": "A", "DIRECCION": "KR 12 # 52 - 20  SUR", "DISCAPACID": "AUDITIVA-FISICA-INTELECTUAL-MENTAL/PSICOSOCIAL-MULTIPLE-VISUAL", "TALENTOS_O": "TALENTO EXCEPCIONAL EN ACTIVIDAD FISICA, EJERCICIO Y DEPORTE-TALENTO EXCEPCIONAL EN ARTES Y LETRAS", "GRUPOS_ETN": "AFRODESCENDIENTES-INDIGENAS-NEGRITUDES", "SECTOR": 2, "NATU_JUR": 9, "CALENDARIO": 1, "GENERO": 5, "COD_LOCA": "06", "ESPECIALID": 12, "CLASE_TIPO": 1, "BILINGUE": 5, "FECHA": "2025-04-30", "DANE12_EST": "111001018201", "DANE12_SED": "111001018201", "DA_HIPOACU": 2, "DA_SORDERA": 0, "DA_LENGUAS": 0, "DA_UCASTEL": 0, "DISCAP_FIS": 5, "DISCAP_FLE": 0, "DISCAP_PCE": 0, "DI_DCOGNIT": 27, "DI_SDOWN": 0, "DIS_MULTIP": 6, "DIS_PSICOS": 8, "DV_BAJAVIS": 1, "DIS_CEGUER": 0, "T_ESPECTRO": 0, "T_VOZ_Y_HA": 0, "SISTEMICA": 0, "SORDOCEGUE": 0, "OTRA": 0, "TOT_EST_MA": 49, "AFRODESCEN": 11, "INDIGENAS": 6, "NEGRITUDES": 7, "PALENQUERO": 0, "RAIZALES": 0, "ROM": 0, "TOT_EST_ET": 24, "CAPACID_EX": 0, "DOBLE_EXCE": 0, "TE_ACTFISI": 2, "TE_ARTES": 1, "TE_CNATUR": 0, "TE_CSOCIAL": 1, "TE_LDSOCIA": 1, "TE_TECNOLO": 2, "TOT_EST_CA": 7, "TMATRIC_GE": 1405, "Zona": 1 }, "geometry": { "type": "Point", "coordinates": [ -8251539.443900000303984, 508161.427299998700619 ] } },
{ "type": "Feature", "properties": { "NOMBRE_EST": "COLEGIO RUFINO JOSE CUERVO (IED)", "NOMBRE_SED": "CECILIA DE LA FUENTE DE LLERAS", "ORDEN_DE_S": "B", "DIRECCION": "KR 8 # 53 A - 40 SUR", "DISCAPACID": "FISICA-INTELECTUAL-MENTAL/PSICOSOCIAL-MULTIPLE-SORDOCEGUERA", "TALENTOS_O": "TALENTO EXCEPCIONAL EN TECNOLOGIA", "GRUPOS_ETN": "AFRODESCENDIENTES-INDIGENAS-NEGRITUDES", "SECTOR": 2, "NATU_JUR": 9, "CALENDARIO": 1, "GENERO": 5, "COD_LOCA": "06", "ESPECIALID": 13, "CLASE_TIPO": 1, "BILINGUE": 5, "FECHA": "2025-04-30", "DANE12_EST": "111001018201", "DANE12_SED": "111001015318", "DA_HIPOACU": 0, "DA_SORDERA": 0, "DA_LENGUAS": 0, "DA_UCASTEL": 0, "DISCAP_FIS": 0, "DISCAP_FLE": 0, "DISCAP_PCE": 0, "DI_DCOGNIT": 3, "DI_SDOWN": 0, "DIS_MULTIP": 5, "DIS_PSICOS": 1, "DV_BAJAVIS": 1, "DIS_CEGUER": 0, "T_ESPECTRO": 0, "T_VOZ_Y_HA": 0, "SISTEMICA": 0, "SORDOCEGUE": 0, "OTRA": 0, "TOT_EST_MA": 10, "AFRODESCEN": 8, "INDIGENAS": 2, "NEGRITUDES": 1, "PALENQUERO": 0, "RAIZALES": 0, "ROM": 0, "TOT_EST_ET": 11, "CAPACID_EX": 0, "DOBLE_EXCE": 0, "TE_ACTFISI": 3, "TE_ARTES": 2, "TE_CNATUR": 0, "TE_CSOCIAL": 0, "TE_LDSOCIA": 0, "TE_TECNOLO": 1, "TOT_EST_CA": 6, "TMATRIC_GE": 477, "Zona": 1 }, "geometry": { "type": "Point", "coordinates": [ -8251437.029999999329448, 507652.200100000947714 ] } },
{ "type": "Feature", "properties": { "NOMBRE_EST": "COLEGIO RUFINO JOSE CUERVO (IED)", "NOMBRE_SED": "NUEVO TUNJUELITO", "ORDEN_DE_S": "C", "DIRECCION": "CL 58 A SUR # 12 A - 25", "DISCAPACID": "INTELECTUAL", "TALENTOS_O": "TALENTO EXCEPCIONAL EN ACTIVIDAD FISICA, EJERCICIO Y DEPORTE", "GRUPOS_ETN": "INDIGENAS-NEGRITUDES", "SECTOR": 2, "NATU_JUR": 9, "CALENDARIO": 1, "GENERO": 5, "COD_LOCA": "06", "ESPECIALID": 13, "CLASE_TIPO": 1, "BILINGUE": 5, "FECHA": "2025-04-30", "DANE12_EST": "111001018201", "DANE12_SED": "111001029084", "DA_HIPOACU": 0, "DA_SORDERA": 0, "DA_LENGUAS": 0, "DA_UCASTEL": 0, "DISCAP_FIS": 0, "DISCAP_FLE": 0, "DISCAP_PCE": 0, "DI_DCOGNIT": 4, "DI_SDOWN": 0, "DIS_MULTIP": 5, "DIS_PSICOS": 0, "DV_BAJAVIS": 0, "DIS_CEGUER": 0, "T_ESPECTRO": 0, "T_VOZ_Y_HA": 0, "SISTEMICA": 0, "SORDOCEGUE": 0, "OTRA": 0, "TOT_EST_MA": 9, "AFRODESCEN": 1, "INDIGENAS": 0, "NEGRITUDES": 1, "PALENQUERO": 0, "RAIZALES": 0, "ROM": 0, "TOT_EST_ET": 2, "CAPACID_EX": 0, "DOBLE_EXCE": 0, "TE_ACTFISI": 2, "TE_ARTES": 0, "TE_CNATUR": 1, "TE_CSOCIAL": 0, "TE_LDSOCIA": 0, "TE_TECNOLO": 0, "TOT_EST_CA": 3, "TMATRIC_GE": 273, "Zona": 1 }, "geometry": { "type": "Point", "coordinates": [ -8252035.928899999707937, 508047.521000001579523 ] } },
{ "type": "Feature", "properties": { "NOMBRE_EST": "COLEGIO RUFINO JOSE CUERVO (IED)", "NOMBRE_SED": "SEDE D", "ORDEN_DE_S": "D", "DIRECCION": "CL 58 A SUR # 12 A - 25", "DISCAPACID": "AUDITIVA-FISICA-INTELECTUAL-VISUAL", "TALENTOS_O": null, "GRUPOS_ETN": "AFRODESCENDIENTES-INDIGENAS-NEGRITUDES", "SECTOR": 2, "NATU_JUR": 9, "CALENDARIO": 1, "GENERO": 5, "COD_LOCA": "06", "ESPECIALID": 13, "CLASE_TIPO": 1, "BILINGUE": 5, "FECHA": "2025-04-30", "DANE12_EST": "111001018201", "DANE12_SED": "111001110264", "DA_HIPOACU": 0, "DA_SORDERA": 0, "DA_LENGUAS": 0, "DA_UCASTEL": 0, "DISCAP_FIS": 1, "DISCAP_FLE": 0, "DISCAP_PCE": 0, "DI_DCOGNIT": 7, "DI_SDOWN": 0, "DIS_MULTIP": 1, "DIS_PSICOS": 0, "DV_BAJAVIS": 0, "DIS_CEGUER": 0, "T_ESPECTRO": 0, "T_VOZ_Y_HA": 0, "SISTEMICA": 0, "SORDOCEGUE": 0, "OTRA": 0, "TOT_EST_MA": 9, "AFRODESCEN": 3, "INDIGENAS": 1, "NEGRITUDES": 0, "PALENQUERO": 0, "RAIZALES": 0, "ROM": 0, "TOT_EST_ET": 4, "CAPACID_EX": 0, "DOBLE_EXCE": 0, "TE_ACTFISI": 0, "TE_ARTES": 0, "TE_CNATUR": 0, "TE_CSOCIAL": 0, "TE_LDSOCIA": 0, "TE_TECNOLO": 0, "TOT_EST_CA": 0, "TMATRIC_GE": 214, "Zona": 1 }, "geometry": { "type": "Point", "coordinates": [ -8252035.928899999707937, 508047.521000001579523 ] } },
{ "type": "Feature", "properties": { "NOMBRE_EST": "COLEGIO INEM SANTIAGO PEREZ (IED)", "NOMBRE_SED": "INEM SANTIAGO PEREZ", "ORDEN_DE_S": "A", "DIRECCION": "KR 24 # 48 C  - 86 SUR", "DISCAPACID": "AUDITIVA-FISICA-INTELECTUAL-MENTAL/PSICOSOCIAL-MULTIPLE-VISUAL", "TALENTOS_O": "CAPACIDADES EXCEPCIONALES-TALENTO EXCEPCIONAL EN ACTIVIDAD FISICA, EJERCICIO Y DEPORTE-TALENTO EXCEPCIONAL EN ARTES Y LETRAS-TALENTO EXCEPCIONAL EN CIENCIAS SOCIALES O HUMANAS-TALENTO EXCEPCIONAL EN LIDERAZGO SOCIAL Y EMPRENDIMIENTO-TALENTO EXCEPCIONAL E", "GRUPOS_ETN": "AFRODESCENDIENTES-INDIGENAS-NEGRITUDES-PALENQUEROS-ROM", "SECTOR": 2, "NATU_JUR": 9, "CALENDARIO": 1, "GENERO": 5, "COD_LOCA": "06", "ESPECIALID": 16, "CLASE_TIPO": 1, "BILINGUE": 5, "FECHA": "2025-04-30", "DANE12_EST": "111001019411", "DANE12_SED": "111001019411", "DA_HIPOACU": 7, "DA_SORDERA": 0, "DA_LENGUAS": 0, "DA_UCASTEL": 0, "DISCAP_FIS": 5, "DISCAP_FLE": 0, "DISCAP_PCE": 0, "DI_DCOGNIT": 77, "DI_SDOWN": 0, "DIS_MULTIP": 34, "DIS_PSICOS": 10, "DV_BAJAVIS": 0, "DIS_CEGUER": 0, "T_ESPECTRO": 0, "T_VOZ_Y_HA": 0, "SISTEMICA": 0, "SORDOCEGUE": 0, "OTRA": 0, "TOT_EST_MA": 133, "AFRODESCEN": 8, "INDIGENAS": 14, "NEGRITUDES": 3, "PALENQUERO": 2, "RAIZALES": 0, "ROM": 0, "TOT_EST_ET": 27, "CAPACID_EX": 2, "DOBLE_EXCE": 0, "TE_ACTFISI": 9, "TE_ARTES": 4, "TE_CNATUR": 1, "TE_CSOCIAL": 0, "TE_LDSOCIA": 1, "TE_TECNOLO": 4, "TOT_EST_CA": 21, "TMATRIC_GE": 3019, "Zona": 1 }, "geometry": { "type": "Point", "coordinates": [ -8252336.491499999538064, 509952.682100001722574 ] } },
{ "type": "Feature", "properties": { "NOMBRE_EST": "COLEGIO BERNARDO JARAMILLO (IED)", "NOMBRE_SED": "BERNARDO JARAMILLO", "ORDEN_DE_S": "A", "DIRECCION": "DG 47 SUR # 19 B - 19", "DISCAPACID": "AUDITIVA-FISICA-INTELECTUAL-MENTAL/PSICOSOCIAL-MULTIPLE-VISUAL", "TALENTOS_O": "CAPACIDADES EXCEPCIONALES-TALENTO EXCEPCIONAL EN ACTIVIDAD FISICA, EJERCICIO Y DEPORTE-TALENTO EXCEPCIONAL EN ARTES Y LETRAS-TALENTO EXCEPCIONAL EN CIENCIAS SOCIALES O HUMANAS-TALENTO EXCEPCIONAL EN TECNOLOGIA", "GRUPOS_ETN": "AFRODESCENDIENTES-INDIGENAS-NEGRITUDES", "SECTOR": 2, "NATU_JUR": 9, "CALENDARIO": 1, "GENERO": 5, "COD_LOCA": "06", "ESPECIALID": 1, "CLASE_TIPO": 1, "BILINGUE": 5, "FECHA": "2025-04-30", "DANE12_EST": "111001032450", "DANE12_SED": "111001032450", "DA_HIPOACU": 3, "DA_SORDERA": 0, "DA_LENGUAS": 0, "DA_UCASTEL": 0, "DISCAP_FIS": 3, "DISCAP_FLE": 0, "DISCAP_PCE": 0, "DI_DCOGNIT": 13, "DI_SDOWN": 0, "DIS_MULTIP": 8, "DIS_PSICOS": 4, "DV_BAJAVIS": 0, "DIS_CEGUER": 0, "T_ESPECTRO": 0, "T_VOZ_Y_HA": 0, "SISTEMICA": 0, "SORDOCEGUE": 0, "OTRA": 0, "TOT_EST_MA": 31, "AFRODESCEN": 69, "INDIGENAS": 7, "NEGRITUDES": 4, "PALENQUERO": 0, "RAIZALES": 0, "ROM": 0, "TOT_EST_ET": 80, "CAPACID_EX": 5, "DOBLE_EXCE": 0, "TE_ACTFISI": 11, "TE_ARTES": 5, "TE_CNATUR": 1, "TE_CSOCIAL": 1, "TE_LDSOCIA": 1, "TE_TECNOLO": 1, "TOT_EST_CA": 25, "TMATRIC_GE": 1849, "Zona": 1 }, "geometry": { "type": "Point", "coordinates": [ -8251726.460699999704957, 509415.52479999884963 ] } },
{ "type": "Feature", "properties": { "NOMBRE_EST": "COLEGIO ISLA DEL SOL (IED)", "NOMBRE_SED": "ISLA DEL SOL", "ORDEN_DE_S": "A", "DIRECCION": "CL 67 B SUR # 63 - 15", "DISCAPACID": "AUDITIVA-FISICA-INTELECTUAL-MULTIPLE", "TALENTOS_O": "TALENTO EXCEPCIONAL EN ACTIVIDAD FISICA, EJERCICIO Y DEPORTE-TALENTO EXCEPCIONAL EN ARTES Y LETRAS-TALENTO EXCEPCIONAL EN CIENCIAS NATURALES O BASICAS-TALENTO EXCEPCIONAL EN CIENCIAS SOCIALES O HUMANAS-TALENTO EXCEPCIONAL EN TECNOLOGIA", "GRUPOS_ETN": "AFRODESCENDIENTES-INDIGENAS-NEGRITUDES", "SECTOR": 2, "NATU_JUR": 9, "CALENDARIO": 1, "GENERO": 5, "COD_LOCA": "06", "ESPECIALID": 1, "CLASE_TIPO": 1, "BILINGUE": 5, "FECHA": "2025-04-30", "DANE12_EST": "111001075736", "DANE12_SED": "111001075736", "DA_HIPOACU": 3, "DA_SORDERA": 0, "DA_LENGUAS": 0, "DA_UCASTEL": 0, "DISCAP_FIS": 1, "DISCAP_FLE": 0, "DISCAP_PCE": 0, "DI_DCOGNIT": 20, "DI_SDOWN": 0, "DIS_MULTIP": 6, "DIS_PSICOS": 1, "DV_BAJAVIS": 0, "DIS_CEGUER": 0, "T_ESPECTRO": 0, "T_VOZ_Y_HA": 0, "SISTEMICA": 0, "SORDOCEGUE": 0, "OTRA": 0, "TOT_EST_MA": 32, "AFRODESCEN": 3, "INDIGENAS": 10, "NEGRITUDES": 4, "PALENQUERO": 0, "RAIZALES": 0, "ROM": 0, "TOT_EST_ET": 17, "CAPACID_EX": 0, "DOBLE_EXCE": 0, "TE_ACTFISI": 8, "TE_ARTES": 4, "TE_CNATUR": 0, "TE_CSOCIAL": 1, "TE_LDSOCIA": 0, "TE_TECNOLO": 0, "TOT_EST_CA": 13, "TMATRIC_GE": 1085, "Zona": 1 }, "geometry": { "type": "Point", "coordinates": [ -8254615.201500000432134, 511440.21339999884367 ] } },
{ "type": "Feature", "properties": { "NOMBRE_EST": "COLEGIO SAN CARLOS (IED)", "NOMBRE_SED": "JOSE ANTONIO RICAURTE", "ORDEN_DE_S": "A", "DIRECCION": "KR 18 # 56 A - 45 SUR", "DISCAPACID": "AUDITIVA-FISICA-INTELECTUAL-MULTIPLE-SORDOCEGUERA-VISUAL", "TALENTOS_O": "CAPACIDADES EXCEPCIONALES-TALENTO EXCEPCIONAL EN ARTES Y LETRAS", "GRUPOS_ETN": "AFRODESCENDIENTES-INDIGENAS-NEGRITUDES", "SECTOR": 2, "NATU_JUR": 9, "CALENDARIO": 1, "GENERO": 5, "COD_LOCA": "06", "ESPECIALID": 1, "CLASE_TIPO": 1, "BILINGUE": 5, "FECHA": "2025-04-30", "DANE12_EST": "111001075957", "DANE12_SED": "111001075957", "DA_HIPOACU": 8, "DA_SORDERA": 0, "DA_LENGUAS": 0, "DA_UCASTEL": 0, "DISCAP_FIS": 1, "DISCAP_FLE": 0, "DISCAP_PCE": 0, "DI_DCOGNIT": 12, "DI_SDOWN": 0, "DIS_MULTIP": 5, "DIS_PSICOS": 0, "DV_BAJAVIS": 0, "DIS_CEGUER": 0, "T_ESPECTRO": 0, "T_VOZ_Y_HA": 0, "SISTEMICA": 0, "SORDOCEGUE": 0, "OTRA": 0, "TOT_EST_MA": 26, "AFRODESCEN": 12, "INDIGENAS": 3, "NEGRITUDES": 1, "PALENQUERO": 0, "RAIZALES": 0, "ROM": 0, "TOT_EST_ET": 16, "CAPACID_EX": 0, "DOBLE_EXCE": 0, "TE_ACTFISI": 2, "TE_ARTES": 1, "TE_CNATUR": 0, "TE_CSOCIAL": 0, "TE_LDSOCIA": 0, "TE_TECNOLO": 1, "TOT_EST_CA": 4, "TMATRIC_GE": 806, "Zona": 1 }, "geometry": { "type": "Point", "coordinates": [ -8252375.453299999237061, 508647.206300001591444 ] } },
{ "type": "Feature", "properties": { "NOMBRE_EST": "COLEGIO SAN CARLOS (IED)", "NOMBRE_SED": "SAN CARLOS", "ORDEN_DE_S": "B", "DIRECCION": "KR 19 # 50 - 37 SUR", "DISCAPACID": "AUDITIVA-FISICA-INTELECTUAL-MULTIPLE", "TALENTOS_O": "TALENTO EXCEPCIONAL EN ARTES Y LETRAS-TALENTO EXCEPCIONAL EN TECNOLOGIA", "GRUPOS_ETN": "AFRODESCENDIENTES-INDIGENAS-NEGRITUDES", "SECTOR": 2, "NATU_JUR": 9, "CALENDARIO": 1, "GENERO": 5, "COD_LOCA": "06", "ESPECIALID": 1, "CLASE_TIPO": 1, "BILINGUE": 5, "FECHA": "2025-04-30", "DANE12_EST": "111001075957", "DANE12_SED": "111001018066", "DA_HIPOACU": 30, "DA_SORDERA": 0, "DA_LENGUAS": 0, "DA_UCASTEL": 0, "DISCAP_FIS": 0, "DISCAP_FLE": 0, "DISCAP_PCE": 0, "DI_DCOGNIT": 6, "DI_SDOWN": 0, "DIS_MULTIP": 8, "DIS_PSICOS": 0, "DV_BAJAVIS": 0, "DIS_CEGUER": 0, "T_ESPECTRO": 0, "T_VOZ_Y_HA": 0, "SISTEMICA": 0, "SORDOCEGUE": 0, "OTRA": 0, "TOT_EST_MA": 44, "AFRODESCEN": 3, "INDIGENAS": 7, "NEGRITUDES": 0, "PALENQUERO": 0, "RAIZALES": 0, "ROM": 0, "TOT_EST_ET": 10, "CAPACID_EX": 1, "DOBLE_EXCE": 0, "TE_ACTFISI": 3, "TE_ARTES": 0, "TE_CNATUR": 0, "TE_CSOCIAL": 0, "TE_LDSOCIA": 0, "TE_TECNOLO": 0, "TOT_EST_CA": 4, "TMATRIC_GE": 1038, "Zona": 1 }, "geometry": { "type": "Point", "coordinates": [ -8251904.571900000795722, 509215.627300001680851 ] } },
{ "type": "Feature", "properties": { "NOMBRE_EST": "COLEGIO SAN BENITO ABAD (IED)", "NOMBRE_SED": "DIANA TURBAY", "ORDEN_DE_S": "A", "DIRECCION": "CL 58 SUR # 19 B - 67", "DISCAPACID": "AUDITIVA-INTELECTUAL-MENTAL/PSICOSOCIAL-VISUAL", "TALENTOS_O": null, "GRUPOS_ETN": "AFRODESCENDIENTES-INDIGENAS-NEGRITUDES", "SECTOR": 2, "NATU_JUR": 9, "CALENDARIO": 1, "GENERO": 5, "COD_LOCA": "06", "ESPECIALID": 1, "CLASE_TIPO": 1, "BILINGUE": 5, "FECHA": "2025-04-30", "DANE12_EST": "111001086631", "DANE12_SED": "111001086631", "DA_HIPOACU": 0, "DA_SORDERA": 0, "DA_LENGUAS": 0, "DA_UCASTEL": 0, "DISCAP_FIS": 0, "DISCAP_FLE": 0, "DISCAP_PCE": 0, "DI_DCOGNIT": 1, "DI_SDOWN": 0, "DIS_MULTIP": 2, "DIS_PSICOS": 0, "DV_BAJAVIS": 2, "DIS_CEGUER": 0, "T_ESPECTRO": 0, "T_VOZ_Y_HA": 0, "SISTEMICA": 0, "SORDOCEGUE": 0, "OTRA": 0, "TOT_EST_MA": 5, "AFRODESCEN": 6, "INDIGENAS": 0, "NEGRITUDES": 2, "PALENQUERO": 0, "RAIZALES": 0, "ROM": 0, "TOT_EST_ET": 8, "CAPACID_EX": 0, "DOBLE_EXCE": 0, "TE_ACTFISI": 0, "TE_ARTES": 0, "TE_CNATUR": 0, "TE_CSOCIAL": 0, "TE_LDSOCIA": 1, "TE_TECNOLO": 0, "TOT_EST_CA": 1, "TMATRIC_GE": 640, "Zona": 1 }, "geometry": { "type": "Point", "coordinates": [ -8252903.107699999585748, 508895.12220000103116 ] } },
{ "type": "Feature", "properties": { "NOMBRE_EST": "COLEGIO SAN BENITO ABAD (IED)", "NOMBRE_SED": "SAN BENITO", "ORDEN_DE_S": "B", "DIRECCION": "KR 19 # 56 A - 25 SUR", "DISCAPACID": "MULTIPLE", "TALENTOS_O": "TALENTO EXCEPCIONAL EN ACTIVIDAD FISICA, EJERCICIO Y DEPORTE", "GRUPOS_ETN": "AFRODESCENDIENTES", "SECTOR": 2, "NATU_JUR": 9, "CALENDARIO": 1, "GENERO": 5, "COD_LOCA": "06", "ESPECIALID": 13, "CLASE_TIPO": 1, "BILINGUE": 5, "FECHA": "2025-04-30", "DANE12_EST": "111001086631", "DANE12_SED": "111001025623", "DA_HIPOACU": 0, "DA_SORDERA": 0, "DA_LENGUAS": 0, "DA_UCASTEL": 0, "DISCAP_FIS": 0, "DISCAP_FLE": 0, "DISCAP_PCE": 0, "DI_DCOGNIT": 4, "DI_SDOWN": 0, "DIS_MULTIP": 3, "DIS_PSICOS": 0, "DV_BAJAVIS": 0, "DIS_CEGUER": 0, "T_ESPECTRO": 0, "T_VOZ_Y_HA": 0, "SISTEMICA": 0, "SORDOCEGUE": 0, "OTRA": 0, "TOT_EST_MA": 7, "AFRODESCEN": 0, "INDIGENAS": 0, "NEGRITUDES": 0, "PALENQUERO": 0, "RAIZALES": 0, "ROM": 0, "TOT_EST_ET": 0, "CAPACID_EX": 0, "DOBLE_EXCE": 0, "TE_ACTFISI": 2, "TE_ARTES": 1, "TE_CNATUR": 0, "TE_CSOCIAL": 0, "TE_LDSOCIA": 0, "TE_TECNOLO": 0, "TOT_EST_CA": 3, "TMATRIC_GE": 394, "Zona": 1 }, "geometry": { "type": "Point", "coordinates": [ -8252603.658299999311566, 508850.452599998563528 ] } },
{ "type": "Feature", "properties": { "NOMBRE_EST": "COLEGIO CARLOS ALBAN HOLGUIN (IED)", "NOMBRE_SED": "CARLOS ALBAN HOLGUIN", "ORDEN_DE_S": "A", "DIRECCION": "CL 72 SUR # 79 D - 33", "DISCAPACID": "AUDITIVA-FISICA-INTELECTUAL-MENTAL/PSICOSOCIAL-MULTIPLE-SORDOCEGUERA-VISUAL", "TALENTOS_O": "CAPACIDADES EXCEPCIONALES-TALENTO EXCEPCIONAL EN ACTIVIDAD FISICA, EJERCICIO Y DEPORTE-TALENTO EXCEPCIONAL EN ARTES Y LETRAS-TALENTO EXCEPCIONAL EN CIENCIAS NATURALES O BASICAS-TALENTO EXCEPCIONAL EN LIDERAZGO SOCIAL Y EMPRENDIMIENTO", "GRUPOS_ETN": "AFRODESCENDIENTES-INDIGENAS-NEGRITUDES-RAIZALES", "SECTOR": 2, "NATU_JUR": 9, "CALENDARIO": 1, "GENERO": 5, "COD_LOCA": "07", "ESPECIALID": 1, "CLASE_TIPO": 1, "BILINGUE": 5, "FECHA": "2025-04-30", "DANE12_EST": "111001002909", "DANE12_SED": "111001002909", "DA_HIPOACU": 2, "DA_SORDERA": 0, "DA_LENGUAS": 0, "DA_UCASTEL": 0, "DISCAP_FIS": 8, "DISCAP_FLE": 0, "DISCAP_PCE": 0, "DI_DCOGNIT": 48, "DI_SDOWN": 0, "DIS_MULTIP": 19, "DIS_PSICOS": 1, "DV_BAJAVIS": 13, "DIS_CEGUER": 0, "T_ESPECTRO": 0, "T_VOZ_Y_HA": 0, "SISTEMICA": 0, "SORDOCEGUE": 0, "OTRA": 0, "TOT_EST_MA": 91, "AFRODESCEN": 29, "INDIGENAS": 23, "NEGRITUDES": 5, "PALENQUERO": 0, "RAIZALES": 0, "ROM": 0, "TOT_EST_ET": 57, "CAPACID_EX": 7, "DOBLE_EXCE": 0, "TE_ACTFISI": 11, "TE_ARTES": 6, "TE_CNATUR": 1, "TE_CSOCIAL": 0, "TE_LDSOCIA": 2, "TE_TECNOLO": 4, "TOT_EST_CA": 31, "TMATRIC_GE": 3674, "Zona": 1 }, "geometry": { "type": "Point", "coordinates": [ -8259566.692399999126792, 513198.03770000115037 ] } },
{ "type": "Feature", "properties": { "NOMBRE_EST": "COLEGIO CARLOS ALBAN HOLGUIN (IED)", "NOMBRE_SED": "JOSE MARIA CARBONELL", "ORDEN_DE_S": "B", "DIRECCION": "DG 71 C BIS A SUR # 77 G - 15", "DISCAPACID": "FISICA-INTELECTUAL-MULTIPLE-SORDOCEGUERA", "TALENTOS_O": "CAPACIDADES EXCEPCIONALES-TALENTO EXCEPCIONAL EN ACTIVIDAD FISICA, EJERCICIO Y DEPORTE-TALENTO EXCEPCIONAL EN ARTES Y LETRAS", "GRUPOS_ETN": "AFRODESCENDIENTES-INDIGENAS", "SECTOR": 2, "NATU_JUR": 9, "CALENDARIO": 1, "GENERO": 5, "COD_LOCA": "07", "ESPECIALID": 13, "CLASE_TIPO": 1, "BILINGUE": 5, "FECHA": "2025-04-30", "DANE12_EST": "111001002909", "DANE12_SED": "111102000788", "DA_HIPOACU": 0, "DA_SORDERA": 0, "DA_LENGUAS": 0, "DA_UCASTEL": 0, "DISCAP_FIS": 2, "DISCAP_FLE": 0, "DISCAP_PCE": 0, "DI_DCOGNIT": 6, "DI_SDOWN": 0, "DIS_MULTIP": 3, "DIS_PSICOS": 0, "DV_BAJAVIS": 1, "DIS_CEGUER": 0, "T_ESPECTRO": 0, "T_VOZ_Y_HA": 0, "SISTEMICA": 0, "SORDOCEGUE": 0, "OTRA": 0, "TOT_EST_MA": 12, "AFRODESCEN": 1, "INDIGENAS": 2, "NEGRITUDES": 0, "PALENQUERO": 0, "RAIZALES": 0, "ROM": 0, "TOT_EST_ET": 3, "CAPACID_EX": 3, "DOBLE_EXCE": 0, "TE_ACTFISI": 3, "TE_ARTES": 1, "TE_CNATUR": 0, "TE_CSOCIAL": 0, "TE_LDSOCIA": 0, "TE_TECNOLO": 0, "TOT_EST_CA": 7, "TMATRIC_GE": 392, "Zona": 1 }, "geometry": { "type": "Point", "coordinates": [ -8259627.918099999427795, 512571.5152000002563 ] } },
{ "type": "Feature", "properties": { "NOMBRE_EST": "COLEGIO CARLOS ALBAN HOLGUIN (IED)", "NOMBRE_SED": "SAN JOSE", "ORDEN_DE_S": "C", "DIRECCION": "KR 80 K # 85 A - 33 SUR", "DISCAPACID": "AUDITIVA-FISICA-INTELECTUAL-MULTIPLE", "TALENTOS_O": "CAPACIDADES EXCEPCIONALES-TALENTO EXCEPCIONAL EN ACTIVIDAD FISICA, EJERCICIO Y DEPORTE-TALENTO EXCEPCIONAL EN ARTES Y LETRAS-TALENTO EXCEPCIONAL EN LIDERAZGO SOCIAL Y EMPRENDIMIENTO", "GRUPOS_ETN": "AFRODESCENDIENTES-INDIGENAS-NEGRITUDES", "SECTOR": 2, "NATU_JUR": 9, "CALENDARIO": 1, "GENERO": 5, "COD_LOCA": "07", "ESPECIALID": 13, "CLASE_TIPO": 1, "BILINGUE": 5, "FECHA": "2025-04-30", "DANE12_EST": "111001002909", "DANE12_SED": "211102000642", "DA_HIPOACU": 1, "DA_SORDERA": 0, "DA_LENGUAS": 0, "DA_UCASTEL": 0, "DISCAP_FIS": 3, "DISCAP_FLE": 0, "DISCAP_PCE": 0, "DI_DCOGNIT": 11, "DI_SDOWN": 0, "DIS_MULTIP": 8, "DIS_PSICOS": 0, "DV_BAJAVIS": 0, "DIS_CEGUER": 0, "T_ESPECTRO": 0, "T_VOZ_Y_HA": 0, "SISTEMICA": 0, "SORDOCEGUE": 0, "OTRA": 0, "TOT_EST_MA": 23, "AFRODESCEN": 11, "INDIGENAS": 7, "NEGRITUDES": 1, "PALENQUERO": 0, "RAIZALES": 0, "ROM": 0, "TOT_EST_ET": 19, "CAPACID_EX": 1, "DOBLE_EXCE": 0, "TE_ACTFISI": 5, "TE_ARTES": 2, "TE_CNATUR": 0, "TE_CSOCIAL": 0, "TE_LDSOCIA": 1, "TE_TECNOLO": 1, "TOT_EST_CA": 10, "TMATRIC_GE": 672, "Zona": 1 }, "geometry": { "type": "Point", "coordinates": [ -8261003.826999999582767, 514140.622800000011921 ] } },
{ "type": "Feature", "properties": { "NOMBRE_EST": "COLEGIO CEDID SAN PABLO (IED)", "NOMBRE_SED": "SAN PABLO BOSA", "ORDEN_DE_S": "A", "DIRECCION": "KR 77 L # 65 J - 73 SUR", "DISCAPACID": "AUDITIVA-FISICA-INTELECTUAL-MENTAL/PSICOSOCIAL-MULTIPLE-SORDOCEGUERA-VISUAL", "TALENTOS_O": "CAPACIDADES EXCEPCIONALES-TALENTO EXCEPCIONAL EN ACTIVIDAD FISICA, EJERCICIO Y DEPORTE-TALENTO EXCEPCIONAL EN ARTES Y LETRAS-TALENTO EXCEPCIONAL EN CIENCIAS NATURALES O BASICAS-TALENTO EXCEPCIONAL EN CIENCIAS SOCIALES O HUMANAS-TALENTO EXCEPCIONAL EN TEC", "GRUPOS_ETN": "AFRODESCENDIENTES-INDIGENAS-NEGRITUDES-PALENQUEROS-RAIZALES", "SECTOR": 2, "NATU_JUR": 9, "CALENDARIO": 1, "GENERO": 5, "COD_LOCA": "07", "ESPECIALID": 3, "CLASE_TIPO": 1, "BILINGUE": 5, "FECHA": "2025-04-30", "DANE12_EST": "111001010031", "DANE12_SED": "111001010031", "DA_HIPOACU": 5, "DA_SORDERA": 0, "DA_LENGUAS": 0, "DA_UCASTEL": 0, "DISCAP_FIS": 8, "DISCAP_FLE": 0, "DISCAP_PCE": 0, "DI_DCOGNIT": 30, "DI_SDOWN": 0, "DIS_MULTIP": 7, "DIS_PSICOS": 11, "DV_BAJAVIS": 4, "DIS_CEGUER": 0, "T_ESPECTRO": 0, "T_VOZ_Y_HA": 0, "SISTEMICA": 0, "SORDOCEGUE": 0, "OTRA": 0, "TOT_EST_MA": 65, "AFRODESCEN": 5, "INDIGENAS": 23, "NEGRITUDES": 4, "PALENQUERO": 0, "RAIZALES": 2, "ROM": 0, "TOT_EST_ET": 34, "CAPACID_EX": 1, "DOBLE_EXCE": 0, "TE_ACTFISI": 10, "TE_ARTES": 12, "TE_CNATUR": 1, "TE_CSOCIAL": 0, "TE_LDSOCIA": 0, "TE_TECNOLO": 1, "TOT_EST_CA": 25, "TMATRIC_GE": 2209, "Zona": 1 }, "geometry": { "type": "Point", "coordinates": [ -8258506.9309, 512579.332800000905991 ] } },
{ "type": "Feature", "properties": { "NOMBRE_EST": "COLEGIO CEDID SAN PABLO (IED)", "NOMBRE_SED": "LA AMISTAD", "ORDEN_DE_S": "B", "DIRECCION": "KR 79 A # 65 - 75 SUR", "DISCAPACID": "AUDITIVA-FISICA-INTELECTUAL-MENTAL/PSICOSOCIAL-MULTIPLE-VISUAL", "TALENTOS_O": "CAPACIDADES EXCEPCIONALES-TALENTO EXCEPCIONAL EN ACTIVIDAD FISICA, EJERCICIO Y DEPORTE-TALENTO EXCEPCIONAL EN CIENCIAS SOCIALES O HUMANAS", "GRUPOS_ETN": "AFRODESCENDIENTES-INDIGENAS-NEGRITUDES", "SECTOR": 2, "NATU_JUR": 9, "CALENDARIO": 1, "GENERO": 5, "COD_LOCA": "07", "ESPECIALID": 13, "CLASE_TIPO": 1, "BILINGUE": 5, "FECHA": "2025-04-30", "DANE12_EST": "111001010031", "DANE12_SED": "111102000699", "DA_HIPOACU": 2, "DA_SORDERA": 0, "DA_LENGUAS": 0, "DA_UCASTEL": 0, "DISCAP_FIS": 4, "DISCAP_FLE": 0, "DISCAP_PCE": 0, "DI_DCOGNIT": 29, "DI_SDOWN": 0, "DIS_MULTIP": 13, "DIS_PSICOS": 1, "DV_BAJAVIS": 1, "DIS_CEGUER": 0, "T_ESPECTRO": 0, "T_VOZ_Y_HA": 0, "SISTEMICA": 0, "SORDOCEGUE": 0, "OTRA": 0, "TOT_EST_MA": 50, "AFRODESCEN": 6, "INDIGENAS": 4, "NEGRITUDES": 3, "PALENQUERO": 0, "RAIZALES": 1, "ROM": 0, "TOT_EST_ET": 14, "CAPACID_EX": 2, "DOBLE_EXCE": 0, "TE_ACTFISI": 15, "TE_ARTES": 2, "TE_CNATUR": 0, "TE_CSOCIAL": 2, "TE_LDSOCIA": 1, "TE_TECNOLO": 2, "TOT_EST_CA": 24, "TMATRIC_GE": 1526, "Zona": 1 }, "geometry": { "type": "Point", "coordinates": [ -8258236.424499999731779, 513309.7179000005126 ] } },
{ "type": "Feature", "properties": { "NOMBRE_EST": "COLEGIO CEDID SAN PABLO (IED)", "NOMBRE_SED": "NUEVA GRANADA", "ORDEN_DE_S": "C", "DIRECCION": "CL 70 BIS SUR # 77 L - 05", "DISCAPACID": "FISICA-MENTAL/PSICOSOCIAL-MULTIPLE-SORDOCEGUERA", "TALENTOS_O": "CAPACIDADES EXCEPCIONALES-TALENTO EXCEPCIONAL EN ACTIVIDAD FISICA, EJERCICIO Y DEPORTE-TALENTO EXCEPCIONAL EN ARTES Y LETRAS-TALENTO EXCEPCIONAL EN TECNOLOGIA", "GRUPOS_ETN": "AFRODESCENDIENTES-INDIGENAS-RAIZALES", "SECTOR": 2, "NATU_JUR": 9, "CALENDARIO": 1, "GENERO": 5, "COD_LOCA": "07", "ESPECIALID": 13, "CLASE_TIPO": 1, "BILINGUE": 5, "FECHA": "2025-04-30", "DANE12_EST": "111001010031", "DANE12_SED": "111102000567", "DA_HIPOACU": 0, "DA_SORDERA": 0, "DA_LENGUAS": 0, "DA_UCASTEL": 0, "DISCAP_FIS": 1, "DISCAP_FLE": 0, "DISCAP_PCE": 0, "DI_DCOGNIT": 0, "DI_SDOWN": 0, "DIS_MULTIP": 3, "DIS_PSICOS": 0, "DV_BAJAVIS": 0, "DIS_CEGUER": 0, "T_ESPECTRO": 0, "T_VOZ_Y_HA": 0, "SISTEMICA": 0, "SORDOCEGUE": 0, "OTRA": 0, "TOT_EST_MA": 4, "AFRODESCEN": 0, "INDIGENAS": 2, "NEGRITUDES": 0, "PALENQUERO": 0, "RAIZALES": 0, "ROM": 0, "TOT_EST_ET": 2, "CAPACID_EX": 0, "DOBLE_EXCE": 0, "TE_ACTFISI": 2, "TE_ARTES": 0, "TE_CNATUR": 0, "TE_CSOCIAL": 0, "TE_LDSOCIA": 1, "TE_TECNOLO": 0, "TOT_EST_CA": 3, "TMATRIC_GE": 271, "Zona": 1 }, "geometry": { "type": "Point", "coordinates": [ -8259017.887299999594688, 512728.982999999076128 ] } },
{ "type": "Feature", "properties": { "NOMBRE_EST": "COLEGIO NUEVO CHILE (IED)", "NOMBRE_SED": "NUEVO CHILE", "ORDEN_DE_S": "A", "DIRECCION": "CL 56 SUR # 72 G - 20", "DISCAPACID": "AUDITIVA-FISICA-INTELECTUAL-MENTAL/PSICOSOCIAL-MULTIPLE-SORDOCEGUERA-VISUAL", "TALENTOS_O": "CAPACIDADES EXCEPCIONALES-TALENTO EXCEPCIONAL EN ACTIVIDAD FISICA, EJERCICIO Y DEPORTE-TALENTO EXCEPCIONAL EN ARTES Y LETRAS-TALENTO EXCEPCIONAL EN TECNOLOGIA", "GRUPOS_ETN": "AFRODESCENDIENTES-INDIGENAS-NEGRITUDES", "SECTOR": 2, "NATU_JUR": 9, "CALENDARIO": 1, "GENERO": 5, "COD_LOCA": "07", "ESPECIALID": 1, "CLASE_TIPO": 1, "BILINGUE": 5, "FECHA": "2025-04-30", "DANE12_EST": "111001013676", "DANE12_SED": "111001013676", "DA_HIPOACU": 3, "DA_SORDERA": 0, "DA_LENGUAS": 0, "DA_UCASTEL": 0, "DISCAP_FIS": 4, "DISCAP_FLE": 0, "DISCAP_PCE": 0, "DI_DCOGNIT": 36, "DI_SDOWN": 0, "DIS_MULTIP": 26, "DIS_PSICOS": 7, "DV_BAJAVIS": 0, "DIS_CEGUER": 0, "T_ESPECTRO": 0, "T_VOZ_Y_HA": 0, "SISTEMICA": 0, "SORDOCEGUE": 0, "OTRA": 0, "TOT_EST_MA": 76, "AFRODESCEN": 10, "INDIGENAS": 15, "NEGRITUDES": 18, "PALENQUERO": 0, "RAIZALES": 0, "ROM": 0, "TOT_EST_ET": 43, "CAPACID_EX": 1, "DOBLE_EXCE": 0, "TE_ACTFISI": 9, "TE_ARTES": 0, "TE_CNATUR": 0, "TE_CSOCIAL": 4, "TE_LDSOCIA": 0, "TE_TECNOLO": 0, "TOT_EST_CA": 14, "TMATRIC_GE": 3121, "Zona": 1 }, "geometry": { "type": "Point", "coordinates": [ -8256144.731300000101328, 512993.663499999791384 ] } },
{ "type": "Feature", "properties": { "NOMBRE_EST": "COLEGIO NUEVO CHILE (IED)", "NOMBRE_SED": "RODRIGO DE BASTIDAS", "ORDEN_DE_S": "B", "DIRECCION": "CL 56 A SUR # 72 A - 54", "DISCAPACID": "FISICA-INTELECTUAL-MULTIPLE", "TALENTOS_O": "TALENTO EXCEPCIONAL EN ACTIVIDAD FISICA, EJERCICIO Y DEPORTE-TALENTO EXCEPCIONAL EN ARTES Y LETRAS", "GRUPOS_ETN": "AFRODESCENDIENTES-INDIGENAS-NEGRITUDES", "SECTOR": 2, "NATU_JUR": 9, "CALENDARIO": 1, "GENERO": 5, "COD_LOCA": "07", "ESPECIALID": 13, "CLASE_TIPO": 1, "BILINGUE": 5, "FECHA": "2025-04-30", "DANE12_EST": "111001013676", "DANE12_SED": "111102000923", "DA_HIPOACU": 0, "DA_SORDERA": 0, "DA_LENGUAS": 0, "DA_UCASTEL": 0, "DISCAP_FIS": 0, "DISCAP_FLE": 0, "DISCAP_PCE": 0, "DI_DCOGNIT": 12, "DI_SDOWN": 0, "DIS_MULTIP": 4, "DIS_PSICOS": 0, "DV_BAJAVIS": 0, "DIS_CEGUER": 0, "T_ESPECTRO": 0, "T_VOZ_Y_HA": 0, "SISTEMICA": 0, "SORDOCEGUE": 0, "OTRA": 0, "TOT_EST_MA": 16, "AFRODESCEN": 3, "INDIGENAS": 1, "NEGRITUDES": 2, "PALENQUERO": 0, "RAIZALES": 0, "ROM": 0, "TOT_EST_ET": 6, "CAPACID_EX": 0, "DOBLE_EXCE": 0, "TE_ACTFISI": 1, "TE_ARTES": 0, "TE_CNATUR": 0, "TE_CSOCIAL": 0, "TE_LDSOCIA": 0, "TE_TECNOLO": 0, "TOT_EST_CA": 1, "TMATRIC_GE": 722, "Zona": 1 }, "geometry": { "type": "Point", "coordinates": [ -8255989.997199999168515, 512804.925000000745058 ] } },
{ "type": "Feature", "properties": { "NOMBRE_EST": "COLEGIO BRASILIA - BOSA (IED)", "NOMBRE_SED": "BRASILIA - BOSA", "ORDEN_DE_S": "A", "DIRECCION": "CL 52 A SUR # 87 D - 45", "DISCAPACID": "FISICA-INTELECTUAL-MENTAL/PSICOSOCIAL-MULTIPLE-VISUAL", "TALENTOS_O": "TALENTO EXCEPCIONAL EN ACTIVIDAD FISICA, EJERCICIO Y DEPORTE-TALENTO EXCEPCIONAL EN ARTES Y LETRAS-TALENTO EXCEPCIONAL EN LIDERAZGO SOCIAL Y EMPRENDIMIENTO-TALENTO EXCEPCIONAL EN TECNOLOGIA", "GRUPOS_ETN": "AFRODESCENDIENTES-INDIGENAS-NEGRITUDES-RAIZALES", "SECTOR": 2, "NATU_JUR": 9, "CALENDARIO": 1, "GENERO": 5, "COD_LOCA": "07", "ESPECIALID": 1, "CLASE_TIPO": 1, "BILINGUE": 5, "FECHA": "2025-04-30", "DANE12_EST": "111001014109", "DANE12_SED": "111001014109", "DA_HIPOACU": 1, "DA_SORDERA": 0, "DA_LENGUAS": 0, "DA_UCASTEL": 0, "DISCAP_FIS": 1, "DISCAP_FLE": 0, "DISCAP_PCE": 0, "DI_DCOGNIT": 22, "DI_SDOWN": 0, "DIS_MULTIP": 2, "DIS_PSICOS": 1, "DV_BAJAVIS": 2, "DIS_CEGUER": 0, "T_ESPECTRO": 0, "T_VOZ_Y_HA": 0, "SISTEMICA": 0, "SORDOCEGUE": 0, "OTRA": 0, "TOT_EST_MA": 29, "AFRODESCEN": 12, "INDIGENAS": 13, "NEGRITUDES": 5, "PALENQUERO": 0, "RAIZALES": 0, "ROM": 0, "TOT_EST_ET": 30, "CAPACID_EX": 0, "DOBLE_EXCE": 0, "TE_ACTFISI": 12, "TE_ARTES": 9, "TE_CNATUR": 0, "TE_CSOCIAL": 1, "TE_LDSOCIA": 1, "TE_TECNOLO": 3, "TOT_EST_CA": 26, "TMATRIC_GE": 1841, "Zona": 1 }, "geometry": { "type": "Point", "coordinates": [ -8257825.655600000172853, 515755.55180000141263 ] } },
{ "type": "Feature", "properties": { "NOMBRE_EST": "COLEGIO BRASILIA - BOSA (IED)", "NOMBRE_SED": "LUIS HERNANDO PEREA", "ORDEN_DE_S": "B", "DIRECCION": "KR 87 J # 55 - 06/08 SUR", "DISCAPACID": "INTELECTUAL-MULTIPLE", "TALENTOS_O": "TALENTO EXCEPCIONAL EN ACTIVIDAD FISICA, EJERCICIO Y DEPORTE-TALENTO EXCEPCIONAL EN ARTES Y LETRAS-TALENTO EXCEPCIONAL EN LIDERAZGO SOCIAL Y EMPRENDIMIENTO", "GRUPOS_ETN": "AFRODESCENDIENTES-INDIGENAS-NEGRITUDES", "SECTOR": 2, "NATU_JUR": 9, "CALENDARIO": 1, "GENERO": 5, "COD_LOCA": "07", "ESPECIALID": 13, "CLASE_TIPO": 1, "BILINGUE": 5, "FECHA": "2025-04-30", "DANE12_EST": "111001014109", "DANE12_SED": "211102000219", "DA_HIPOACU": 0, "DA_SORDERA": 0, "DA_LENGUAS": 0, "DA_UCASTEL": 0, "DISCAP_FIS": 1, "DISCAP_FLE": 0, "DISCAP_PCE": 0, "DI_DCOGNIT": 3, "DI_SDOWN": 0, "DIS_MULTIP": 0, "DIS_PSICOS": 0, "DV_BAJAVIS": 1, "DIS_CEGUER": 0, "T_ESPECTRO": 0, "T_VOZ_Y_HA": 0, "SISTEMICA": 0, "SORDOCEGUE": 0, "OTRA": 0, "TOT_EST_MA": 5, "AFRODESCEN": 5, "INDIGENAS": 4, "NEGRITUDES": 1, "PALENQUERO": 0, "RAIZALES": 0, "ROM": 0, "TOT_EST_ET": 10, "CAPACID_EX": 0, "DOBLE_EXCE": 0, "TE_ACTFISI": 14, "TE_ARTES": 3, "TE_CNATUR": 2, "TE_CSOCIAL": 0, "TE_LDSOCIA": 1, "TE_TECNOLO": 0, "TOT_EST_CA": 20, "TMATRIC_GE": 990, "Zona": 1 }, "geometry": { "type": "Point", "coordinates": [ -8258347.744000000879169, 515624.881999999284744 ] } },
{ "type": "Feature", "properties": { "NOMBRE_EST": "COLEGIO BRASILIA - BOSA (IED)", "NOMBRE_SED": "BRASILIA - BOSA", "ORDEN_DE_S": "C", "DIRECCION": "CL 52 A SUR # 87 D - 40", "DISCAPACID": "INTELECTUAL", "TALENTOS_O": "TALENTO EXCEPCIONAL EN ACTIVIDAD FISICA, EJERCICIO Y DEPORTE-TALENTO EXCEPCIONAL EN ARTES Y LETRAS-TALENTO EXCEPCIONAL EN CIENCIAS NATURALES O BASICAS-TALENTO EXCEPCIONAL EN CIENCIAS SOCIALES O HUMANAS", "GRUPOS_ETN": "AFRODESCENDIENTES-INDIGENAS", "SECTOR": 2, "NATU_JUR": 9, "CALENDARIO": 1, "GENERO": 5, "COD_LOCA": "07", "ESPECIALID": 1, "CLASE_TIPO": 1, "BILINGUE": 5, "FECHA": "2025-04-30", "DANE12_EST": "111001014109", "DANE12_SED": "111001094480", "DA_HIPOACU": 1, "DA_SORDERA": 0, "DA_LENGUAS": 0, "DA_UCASTEL": 0, "DISCAP_FIS": 0, "DISCAP_FLE": 0, "DISCAP_PCE": 0, "DI_DCOGNIT": 4, "DI_SDOWN": 0, "DIS_MULTIP": 1, "DIS_PSICOS": 0, "DV_BAJAVIS": 2, "DIS_CEGUER": 0, "T_ESPECTRO": 0, "T_VOZ_Y_HA": 0, "SISTEMICA": 0, "SORDOCEGUE": 0, "OTRA": 0, "TOT_EST_MA": 8, "AFRODESCEN": 8, "INDIGENAS": 3, "NEGRITUDES": 0, "PALENQUERO": 0, "RAIZALES": 0, "ROM": 0, "TOT_EST_ET": 11, "CAPACID_EX": 1, "DOBLE_EXCE": 0, "TE_ACTFISI": 1, "TE_ARTES": 2, "TE_CNATUR": 0, "TE_CSOCIAL": 0, "TE_LDSOCIA": 0, "TE_TECNOLO": 0, "TOT_EST_CA": 4, "TMATRIC_GE": 556, "Zona": 1 }, "geometry": { "type": "Point", "coordinates": [ -8257816.75, 515754.434900000691414 ] } },
{ "type": "Feature", "properties": { "NOMBRE_EST": "COLEGIO MOTORISTA (CED)", "NOMBRE_SED": "MOTORISTA", "ORDEN_DE_S": "A", "DIRECCION": "CL 57 N BIS SUR # 75 F - 27  --  CL 57 Ñ SUR # 75 F - 27", "DISCAPACID": "INTELECTUAL", "TALENTOS_O": "TALENTO EXCEPCIONAL EN ACTIVIDAD FISICA, EJERCICIO Y DEPORTE-TALENTO EXCEPCIONAL EN ARTES Y LETRAS", "GRUPOS_ETN": "AFRODESCENDIENTES-INDIGENAS", "SECTOR": 2, "NATU_JUR": 9, "CALENDARIO": 1, "GENERO": 5, "COD_LOCA": "07", "ESPECIALID": 13, "CLASE_TIPO": 1, "BILINGUE": 5, "FECHA": "2025-04-30", "DANE12_EST": "111001041599", "DANE12_SED": "111001041599", "DA_HIPOACU": 0, "DA_SORDERA": 0, "DA_LENGUAS": 0, "DA_UCASTEL": 0, "DISCAP_FIS": 0, "DISCAP_FLE": 0, "DISCAP_PCE": 0, "DI_DCOGNIT": 3, "DI_SDOWN": 0, "DIS_MULTIP": 1, "DIS_PSICOS": 0, "DV_BAJAVIS": 0, "DIS_CEGUER": 0, "T_ESPECTRO": 0, "T_VOZ_Y_HA": 0, "SISTEMICA": 0, "SORDOCEGUE": 0, "OTRA": 0, "TOT_EST_MA": 4, "AFRODESCEN": 3, "INDIGENAS": 6, "NEGRITUDES": 0, "PALENQUERO": 0, "RAIZALES": 0, "ROM": 0, "TOT_EST_ET": 9, "CAPACID_EX": 0, "DOBLE_EXCE": 0, "TE_ACTFISI": 2, "TE_ARTES": 1, "TE_CNATUR": 0, "TE_CSOCIAL": 0, "TE_LDSOCIA": 0, "TE_TECNOLO": 0, "TOT_EST_CA": 3, "TMATRIC_GE": 425, "Zona": 1 }, "geometry": { "type": "Point", "coordinates": [ -8257191.134500000625849, 512385.011300001293421 ] } },
{ "type": "Feature", "properties": { "NOMBRE_EST": "COLEGIO GRANCOLOMBIANO (IED)", "NOMBRE_SED": "GRANCOLOMBIANO", "ORDEN_DE_S": "A", "DIRECCION": "CL 73 F SUR # 80 N BIS - 49", "DISCAPACID": "AUDITIVA-FISICA-INTELECTUAL-MENTAL/PSICOSOCIAL-MULTIPLE-VISUAL", "TALENTOS_O": "CAPACIDADES EXCEPCIONALES-TALENTO EXCEPCIONAL EN ACTIVIDAD FISICA, EJERCICIO Y DEPORTE-TALENTO EXCEPCIONAL EN ARTES Y LETRAS-TALENTO EXCEPCIONAL EN LIDERAZGO SOCIAL Y EMPRENDIMIENTO-TALENTO EXCEPCIONAL EN TECNOLOGIA", "GRUPOS_ETN": "AFRODESCENDIENTES-INDIGENAS-NEGRITUDES-RAIZALES", "SECTOR": 2, "NATU_JUR": 9, "CALENDARIO": 1, "GENERO": 5, "COD_LOCA": "07", "ESPECIALID": 12, "CLASE_TIPO": 1, "BILINGUE": 5, "FECHA": "2025-04-30", "DANE12_EST": "111001046477", "DANE12_SED": "111001046477", "DA_HIPOACU": 5, "DA_SORDERA": 0, "DA_LENGUAS": 0, "DA_UCASTEL": 0, "DISCAP_FIS": 1, "DISCAP_FLE": 0, "DISCAP_PCE": 0, "DI_DCOGNIT": 15, "DI_SDOWN": 0, "DIS_MULTIP": 2, "DIS_PSICOS": 4, "DV_BAJAVIS": 3, "DIS_CEGUER": 0, "T_ESPECTRO": 0, "T_VOZ_Y_HA": 0, "SISTEMICA": 0, "SORDOCEGUE": 0, "OTRA": 0, "TOT_EST_MA": 32, "AFRODESCEN": 9, "INDIGENAS": 21, "NEGRITUDES": 14, "PALENQUERO": 0, "RAIZALES": 1, "ROM": 0, "TOT_EST_ET": 45, "CAPACID_EX": 2, "DOBLE_EXCE": 0, "TE_ACTFISI": 4, "TE_ARTES": 4, "TE_CNATUR": 0, "TE_CSOCIAL": 0, "TE_LDSOCIA": 1, "TE_TECNOLO": 0, "TOT_EST_CA": 11, "TMATRIC_GE": 1806, "Zona": 1 }, "geometry": { "type": "Point", "coordinates": [ -8259869.4814, 513763.140700001269579 ] } },
{ "type": "Feature", "properties": { "NOMBRE_EST": "COLEGIO GRANCOLOMBIANO (IED)", "NOMBRE_SED": "LOS LAURELES", "ORDEN_DE_S": "B", "DIRECCION": "KR 80 K # 73 F - 29 SUR", "DISCAPACID": "AUDITIVA-INTELECTUAL-MENTAL/PSICOSOCIAL-MULTIPLE", "TALENTOS_O": "TALENTO EXCEPCIONAL EN ACTIVIDAD FISICA, EJERCICIO Y DEPORTE", "GRUPOS_ETN": "AFRODESCENDIENTES-INDIGENAS-NEGRITUDES", "SECTOR": 2, "NATU_JUR": 9, "CALENDARIO": 1, "GENERO": 5, "COD_LOCA": "07", "ESPECIALID": 13, "CLASE_TIPO": 1, "BILINGUE": 5, "FECHA": "2025-04-30", "DANE12_EST": "111001046477", "DANE12_SED": "111102000591", "DA_HIPOACU": 3, "DA_SORDERA": 0, "DA_LENGUAS": 0, "DA_UCASTEL": 0, "DISCAP_FIS": 2, "DISCAP_FLE": 0, "DISCAP_PCE": 0, "DI_DCOGNIT": 18, "DI_SDOWN": 0, "DIS_MULTIP": 3, "DIS_PSICOS": 1, "DV_BAJAVIS": 1, "DIS_CEGUER": 0, "T_ESPECTRO": 0, "T_VOZ_Y_HA": 0, "SISTEMICA": 0, "SORDOCEGUE": 0, "OTRA": 0, "TOT_EST_MA": 28, "AFRODESCEN": 6, "INDIGENAS": 12, "NEGRITUDES": 1, "PALENQUERO": 0, "RAIZALES": 0, "ROM": 0, "TOT_EST_ET": 19, "CAPACID_EX": 3, "DOBLE_EXCE": 0, "TE_ACTFISI": 7, "TE_ARTES": 0, "TE_CNATUR": 1, "TE_CSOCIAL": 1, "TE_LDSOCIA": 0, "TE_TECNOLO": 0, "TOT_EST_CA": 12, "TMATRIC_GE": 1056, "Zona": 1 }, "geometry": { "type": "Point", "coordinates": [ -8259924.028000000864267, 513630.240699999034405 ] } },
{ "type": "Feature", "properties": { "NOMBRE_EST": "COLEGIO GRANCOLOMBIANO (IED)", "NOMBRE_SED": "CHARLES DE GAULLE", "ORDEN_DE_S": "C", "DIRECCION": "DG 73 D BIS SUR # 79 - 23", "DISCAPACID": "INTELECTUAL", "TALENTOS_O": "CAPACIDADES EXCEPCIONALES-TALENTO EXCEPCIONAL EN ARTES Y LETRAS", "GRUPOS_ETN": "AFRODESCENDIENTES", "SECTOR": 2, "NATU_JUR": 9, "CALENDARIO": 1, "GENERO": 5, "COD_LOCA": "07", "ESPECIALID": 13, "CLASE_TIPO": 1, "BILINGUE": 5, "FECHA": "2025-04-30", "DANE12_EST": "111001046477", "DANE12_SED": "111102000672", "DA_HIPOACU": 0, "DA_SORDERA": 0, "DA_LENGUAS": 0, "DA_UCASTEL": 0, "DISCAP_FIS": 1, "DISCAP_FLE": 0, "DISCAP_PCE": 0, "DI_DCOGNIT": 0, "DI_SDOWN": 0, "DIS_MULTIP": 1, "DIS_PSICOS": 0, "DV_BAJAVIS": 0, "DIS_CEGUER": 0, "T_ESPECTRO": 0, "T_VOZ_Y_HA": 0, "SISTEMICA": 0, "SORDOCEGUE": 0, "OTRA": 0, "TOT_EST_MA": 2, "AFRODESCEN": 0, "INDIGENAS": 2, "NEGRITUDES": 0, "PALENQUERO": 0, "RAIZALES": 0, "ROM": 0, "TOT_EST_ET": 2, "CAPACID_EX": 0, "DOBLE_EXCE": 0, "TE_ACTFISI": 0, "TE_ARTES": 0, "TE_CNATUR": 0, "TE_CSOCIAL": 0, "TE_LDSOCIA": 0, "TE_TECNOLO": 0, "TOT_EST_CA": 0, "TMATRIC_GE": 217, "Zona": 1 }, "geometry": { "type": "Point", "coordinates": [ -8259869.4814, 513763.140700001269579 ] } },
{ "type": "Feature", "properties": { "NOMBRE_EST": "COLEGIO GRANCOLOMBIANO (IED)", "NOMBRE_SED": "LOS NARANJOS", "ORDEN_DE_S": "D", "DIRECCION": "CL 72 A SUR # 80 J - 20", "DISCAPACID": "AUDITIVA-FISICA-INTELECTUAL-MENTAL/PSICOSOCIAL-MULTIPLE-VISUAL", "TALENTOS_O": "CAPACIDADES EXCEPCIONALES-TALENTO EXCEPCIONAL EN ACTIVIDAD FISICA, EJERCICIO Y DEPORTE-TALENTO EXCEPCIONAL EN ARTES Y LETRAS-TALENTO EXCEPCIONAL EN CIENCIAS NATURALES O BASICAS", "GRUPOS_ETN": "AFRODESCENDIENTES-INDIGENAS-NEGRITUDES", "SECTOR": 2, "NATU_JUR": 9, "CALENDARIO": 1, "GENERO": 5, "COD_LOCA": "07", "ESPECIALID": 13, "CLASE_TIPO": 1, "BILINGUE": 5, "FECHA": "2025-04-30", "DANE12_EST": "111001046477", "DANE12_SED": "111102000893", "DA_HIPOACU": 0, "DA_SORDERA": 0, "DA_LENGUAS": 0, "DA_UCASTEL": 0, "DISCAP_FIS": 2, "DISCAP_FLE": 0, "DISCAP_PCE": 0, "DI_DCOGNIT": 7, "DI_SDOWN": 0, "DIS_MULTIP": 7, "DIS_PSICOS": 0, "DV_BAJAVIS": 0, "DIS_CEGUER": 0, "T_ESPECTRO": 0, "T_VOZ_Y_HA": 0, "SISTEMICA": 0, "SORDOCEGUE": 0, "OTRA": 0, "TOT_EST_MA": 16, "AFRODESCEN": 3, "INDIGENAS": 3, "NEGRITUDES": 0, "PALENQUERO": 0, "RAIZALES": 0, "ROM": 0, "TOT_EST_ET": 6, "CAPACID_EX": 1, "DOBLE_EXCE": 0, "TE_ACTFISI": 4, "TE_ARTES": 2, "TE_CNATUR": 0, "TE_CSOCIAL": 0, "TE_LDSOCIA": 1, "TE_TECNOLO": 0, "TOT_EST_CA": 8, "TMATRIC_GE": 643, "Zona": 1 }, "geometry": { "type": "Point", "coordinates": [ -8259557.78690000064671, 513414.697299998253584 ] } },
{ "type": "Feature", "properties": { "NOMBRE_EST": "COLEGIO JOSE ANTONIO GALAN (IED)", "NOMBRE_SED": "JOSE ANTONIO GALAN", "ORDEN_DE_S": "A", "DIRECCION": "KR 78 J # 58 M - 22 SUR", "DISCAPACID": "AUDITIVA-FISICA-INTELECTUAL-MENTAL/PSICOSOCIAL-MULTIPLE-SORDOCEGUERA", "TALENTOS_O": "CAPACIDADES EXCEPCIONALES-TALENTO EXCEPCIONAL EN ACTIVIDAD FISICA, EJERCICIO Y DEPORTE-TALENTO EXCEPCIONAL EN CIENCIAS SOCIALES O HUMANAS", "GRUPOS_ETN": "AFRODESCENDIENTES-INDIGENAS-NEGRITUDES", "SECTOR": 2, "NATU_JUR": 9, "CALENDARIO": 1, "GENERO": 5, "COD_LOCA": "07", "ESPECIALID": 1, "CLASE_TIPO": 1, "BILINGUE": 5, "FECHA": "2025-04-30", "DANE12_EST": "111001046591", "DANE12_SED": "111001046591", "DA_HIPOACU": 3, "DA_SORDERA": 0, "DA_LENGUAS": 0, "DA_UCASTEL": 0, "DISCAP_FIS": 1, "DISCAP_FLE": 0, "DISCAP_PCE": 0, "DI_DCOGNIT": 30, "DI_SDOWN": 0, "DIS_MULTIP": 2, "DIS_PSICOS": 3, "DV_BAJAVIS": 0, "DIS_CEGUER": 0, "T_ESPECTRO": 0, "T_VOZ_Y_HA": 0, "SISTEMICA": 0, "SORDOCEGUE": 0, "OTRA": 0, "TOT_EST_MA": 39, "AFRODESCEN": 11, "INDIGENAS": 12, "NEGRITUDES": 3, "PALENQUERO": 0, "RAIZALES": 0, "ROM": 0, "TOT_EST_ET": 26, "CAPACID_EX": 0, "DOBLE_EXCE": 0, "TE_ACTFISI": 11, "TE_ARTES": 4, "TE_CNATUR": 0, "TE_CSOCIAL": 1, "TE_LDSOCIA": 0, "TE_TECNOLO": 0, "TOT_EST_CA": 16, "TMATRIC_GE": 1676, "Zona": 1 }, "geometry": { "type": "Point", "coordinates": [ -8257576.299900000914931, 513304.133799999952316 ] } },
{ "type": "Feature", "properties": { "NOMBRE_EST": "COLEGIO LLANO ORIENTAL (IED)", "NOMBRE_SED": "LLANO ORIENTAL", "ORDEN_DE_S": "A", "DIRECCION": "CL 73 B SUR # 78 A BIS - 15", "DISCAPACID": "AUDITIVA-FISICA-INTELECTUAL-VISUAL", "TALENTOS_O": "TALENTO EXCEPCIONAL EN ACTIVIDAD FISICA, EJERCICIO Y DEPORTE-TALENTO EXCEPCIONAL EN ARTES Y LETRAS-TALENTO EXCEPCIONAL EN CIENCIAS NATURALES O BASICAS", "GRUPOS_ETN": "AFRODESCENDIENTES-INDIGENAS-NEGRITUDES", "SECTOR": 2, "NATU_JUR": 9, "CALENDARIO": 1, "GENERO": 5, "COD_LOCA": "07", "ESPECIALID": 1, "CLASE_TIPO": 1, "BILINGUE": 5, "FECHA": "2025-04-30", "DANE12_EST": "111001086606", "DANE12_SED": "111001086606", "DA_HIPOACU": 2, "DA_SORDERA": 0, "DA_LENGUAS": 0, "DA_UCASTEL": 0, "DISCAP_FIS": 1, "DISCAP_FLE": 0, "DISCAP_PCE": 0, "DI_DCOGNIT": 8, "DI_SDOWN": 0, "DIS_MULTIP": 1, "DIS_PSICOS": 2, "DV_BAJAVIS": 0, "DIS_CEGUER": 0, "T_ESPECTRO": 0, "T_VOZ_Y_HA": 0, "SISTEMICA": 0, "SORDOCEGUE": 0, "OTRA": 0, "TOT_EST_MA": 14, "AFRODESCEN": 2, "INDIGENAS": 6, "NEGRITUDES": 2, "PALENQUERO": 0, "RAIZALES": 0, "ROM": 0, "TOT_EST_ET": 10, "CAPACID_EX": 2, "DOBLE_EXCE": 0, "TE_ACTFISI": 4, "TE_ARTES": 2, "TE_CNATUR": 0, "TE_CSOCIAL": 0, "TE_LDSOCIA": 0, "TE_TECNOLO": 0, "TOT_EST_CA": 8, "TMATRIC_GE": 1070, "Zona": 1 }, "geometry": { "type": "Point", "coordinates": [ -8259881.726600000634789, 513000.36430000141263 ] } },
{ "type": "Feature", "properties": { "NOMBRE_EST": "COLEGIO LA CONCEPCION (IED)", "NOMBRE_SED": "LA CONCEPCION", "ORDEN_DE_S": "A", "DIRECCION": "KR 87 K # 69 - 40 SUR", "DISCAPACID": "FISICA-INTELECTUAL-MULTIPLE", "TALENTOS_O": "CAPACIDADES EXCEPCIONALES-TALENTO EXCEPCIONAL EN ACTIVIDAD FISICA, EJERCICIO Y DEPORTE-TALENTO EXCEPCIONAL EN LIDERAZGO SOCIAL Y EMPRENDIMIENTO", "GRUPOS_ETN": "AFRODESCENDIENTES-INDIGENAS-NEGRITUDES", "SECTOR": 2, "NATU_JUR": 9, "CALENDARIO": 1, "GENERO": 5, "COD_LOCA": "07", "ESPECIALID": 13, "CLASE_TIPO": 1, "BILINGUE": 5, "FECHA": "2025-04-30", "DANE12_EST": "111001086754", "DANE12_SED": "111001086754", "DA_HIPOACU": 0, "DA_SORDERA": 0, "DA_LENGUAS": 0, "DA_UCASTEL": 0, "DISCAP_FIS": 2, "DISCAP_FLE": 0, "DISCAP_PCE": 0, "DI_DCOGNIT": 4, "DI_SDOWN": 0, "DIS_MULTIP": 6, "DIS_PSICOS": 0, "DV_BAJAVIS": 1, "DIS_CEGUER": 0, "T_ESPECTRO": 0, "T_VOZ_Y_HA": 0, "SISTEMICA": 0, "SORDOCEGUE": 0, "OTRA": 0, "TOT_EST_MA": 13, "AFRODESCEN": 5, "INDIGENAS": 10, "NEGRITUDES": 0, "PALENQUERO": 0, "RAIZALES": 0, "ROM": 0, "TOT_EST_ET": 15, "CAPACID_EX": 1, "DOBLE_EXCE": 0, "TE_ACTFISI": 5, "TE_ARTES": 0, "TE_CNATUR": 0, "TE_CSOCIAL": 0, "TE_LDSOCIA": 1, "TE_TECNOLO": 0, "TOT_EST_CA": 7, "TMATRIC_GE": 467, "Zona": 1 }, "geometry": { "type": "Point", "coordinates": [ -8259340.7138, 515117.840799998492002 ] } },
{ "type": "Feature", "properties": { "NOMBRE_EST": "COLEGIO LA CONCEPCION (IED)", "NOMBRE_SED": "NUESTRA SEÑORA DE LOURDES", "ORDEN_DE_S": "B", "DIRECCION": "KR 78 J # 60 A - 49/51 SUR  --  CL 63 SUR # 78 J -10", "DISCAPACID": "FISICA-INTELECTUAL-MENTAL/PSICOSOCIAL-MULTIPLE", "TALENTOS_O": "TALENTO EXCEPCIONAL EN ACTIVIDAD FISICA, EJERCICIO Y DEPORTE-TALENTO EXCEPCIONAL EN ARTES Y LETRAS", "GRUPOS_ETN": "AFRODESCENDIENTES-INDIGENAS-NEGRITUDES", "SECTOR": 2, "NATU_JUR": 9, "CALENDARIO": 1, "GENERO": 5, "COD_LOCA": "07", "ESPECIALID": 1, "CLASE_TIPO": 1, "BILINGUE": 5, "FECHA": "2025-04-30", "DANE12_EST": "111001086754", "DANE12_SED": "111001104132", "DA_HIPOACU": 0, "DA_SORDERA": 0, "DA_LENGUAS": 0, "DA_UCASTEL": 0, "DISCAP_FIS": 2, "DISCAP_FLE": 0, "DISCAP_PCE": 0, "DI_DCOGNIT": 28, "DI_SDOWN": 0, "DIS_MULTIP": 6, "DIS_PSICOS": 0, "DV_BAJAVIS": 0, "DIS_CEGUER": 0, "T_ESPECTRO": 0, "T_VOZ_Y_HA": 0, "SISTEMICA": 0, "SORDOCEGUE": 0, "OTRA": 0, "TOT_EST_MA": 36, "AFRODESCEN": 6, "INDIGENAS": 13, "NEGRITUDES": 10, "PALENQUERO": 0, "RAIZALES": 0, "ROM": 0, "TOT_EST_ET": 29, "CAPACID_EX": 0, "DOBLE_EXCE": 0, "TE_ACTFISI": 2, "TE_ARTES": 2, "TE_CNATUR": 0, "TE_CSOCIAL": 0, "TE_LDSOCIA": 0, "TE_TECNOLO": 0, "TOT_EST_CA": 4, "TMATRIC_GE": 1133, "Zona": 1 }, "geometry": { "type": "Point", "coordinates": [ -8257940.3147, 513196.920899998396635 ] } },
{ "type": "Feature", "properties": { "NOMBRE_EST": "COLEGIO LA ESPERANZA (IED)", "NOMBRE_SED": "COLEGIO LA ESPERANZA (IED) - SEDE PRINCIPAL", "ORDEN_DE_S": "A", "DIRECCION": "CL 77 A SUR # 86 - 40", "DISCAPACID": "AUDITIVA-INTELECTUAL-MENTAL/PSICOSOCIAL-MULTIPLE-SORDOCEGUERA", "TALENTOS_O": "CAPACIDADES EXCEPCIONALES-TALENTO EXCEPCIONAL EN ACTIVIDAD FISICA, EJERCICIO Y DEPORTE-TALENTO EXCEPCIONAL EN CIENCIAS SOCIALES O HUMANAS-TALENTO EXCEPCIONAL EN LIDERAZGO SOCIAL Y EMPRENDIMIENTO", "GRUPOS_ETN": "INDIGENAS-NEGRITUDES-PALENQUEROS", "SECTOR": 2, "NATU_JUR": 9, "CALENDARIO": 1, "GENERO": 5, "COD_LOCA": "07", "ESPECIALID": 1, "CLASE_TIPO": 2, "BILINGUE": 5, "FECHA": "2025-04-30", "DANE12_EST": "111001098876", "DANE12_SED": "111001098876", "DA_HIPOACU": 3, "DA_SORDERA": 0, "DA_LENGUAS": 0, "DA_UCASTEL": 0, "DISCAP_FIS": 2, "DISCAP_FLE": 0, "DISCAP_PCE": 0, "DI_DCOGNIT": 10, "DI_SDOWN": 0, "DIS_MULTIP": 5, "DIS_PSICOS": 0, "DV_BAJAVIS": 1, "DIS_CEGUER": 0, "T_ESPECTRO": 0, "T_VOZ_Y_HA": 0, "SISTEMICA": 0, "SORDOCEGUE": 0, "OTRA": 0, "TOT_EST_MA": 21, "AFRODESCEN": 1, "INDIGENAS": 13, "NEGRITUDES": 1, "PALENQUERO": 0, "RAIZALES": 0, "ROM": 0, "TOT_EST_ET": 15, "CAPACID_EX": 1, "DOBLE_EXCE": 0, "TE_ACTFISI": 8, "TE_ARTES": 3, "TE_CNATUR": 0, "TE_CSOCIAL": 1, "TE_LDSOCIA": 2, "TE_TECNOLO": 0, "TOT_EST_CA": 15, "TMATRIC_GE": 1050, "Zona": 1 }, "geometry": { "type": "Point", "coordinates": [ -8260447.89750000089407, 513718.468400001525879 ] } },
{ "type": "Feature", "properties": { "NOMBRE_EST": "COLEGIO LOS NARANJOS (IED)", "NOMBRE_SED": "COLEGIO LOS NARANJOS (IED) - SEDE PRINCIPAL", "ORDEN_DE_S": "A", "DIRECCION": "KR 80 M # 71 C - 31 SUR", "DISCAPACID": "AUDITIVA-FISICA-INTELECTUAL-MULTIPLE", "TALENTOS_O": "CAPACIDADES EXCEPCIONALES-TALENTO EXCEPCIONAL EN ACTIVIDAD FISICA, EJERCICIO Y DEPORTE-TALENTO EXCEPCIONAL EN ARTES Y LETRAS", "GRUPOS_ETN": "AFRODESCENDIENTES-INDIGENAS", "SECTOR": 2, "NATU_JUR": 9, "CALENDARIO": 1, "GENERO": 5, "COD_LOCA": "07", "ESPECIALID": 1, "CLASE_TIPO": 2, "BILINGUE": 5, "FECHA": "2025-04-30", "DANE12_EST": "111001098884", "DANE12_SED": "111001098884", "DA_HIPOACU": 1, "DA_SORDERA": 0, "DA_LENGUAS": 0, "DA_UCASTEL": 0, "DISCAP_FIS": 1, "DISCAP_FLE": 0, "DISCAP_PCE": 0, "DI_DCOGNIT": 9, "DI_SDOWN": 0, "DIS_MULTIP": 7, "DIS_PSICOS": 0, "DV_BAJAVIS": 1, "DIS_CEGUER": 0, "T_ESPECTRO": 0, "T_VOZ_Y_HA": 0, "SISTEMICA": 0, "SORDOCEGUE": 0, "OTRA": 0, "TOT_EST_MA": 19, "AFRODESCEN": 0, "INDIGENAS": 10, "NEGRITUDES": 0, "PALENQUERO": 0, "RAIZALES": 0, "ROM": 0, "TOT_EST_ET": 10, "CAPACID_EX": 0, "DOBLE_EXCE": 0, "TE_ACTFISI": 4, "TE_ARTES": 2, "TE_CNATUR": 0, "TE_CSOCIAL": 0, "TE_LDSOCIA": 1, "TE_TECNOLO": 1, "TOT_EST_CA": 8, "TMATRIC_GE": 1000, "Zona": 1 }, "geometry": { "type": "Point", "coordinates": [ -8260143.32740000076592, 513731.870099999010563 ] } },
{ "type": "Feature", "properties": { "NOMBRE_EST": "COLEGIO ARGELIA (IED)", "NOMBRE_SED": "COLEGIO ARGELIA (IED) - SEDE PRINCIPAL", "ORDEN_DE_S": "A", "DIRECCION": "CL 60 SUR # 89 A - 12", "DISCAPACID": "AUDITIVA-INTELECTUAL-MENTAL/PSICOSOCIAL-VISUAL", "TALENTOS_O": "TALENTO EXCEPCIONAL EN ACTIVIDAD FISICA, EJERCICIO Y DEPORTE-TALENTO EXCEPCIONAL EN ARTES Y LETRAS-TALENTO EXCEPCIONAL EN LIDERAZGO SOCIAL Y EMPRENDIMIENTO", "GRUPOS_ETN": "AFRODESCENDIENTES-INDIGENAS", "SECTOR": 2, "NATU_JUR": 9, "CALENDARIO": 1, "GENERO": 5, "COD_LOCA": "07", "ESPECIALID": 1, "CLASE_TIPO": 2, "BILINGUE": 5, "FECHA": "2025-04-30", "DANE12_EST": "111001100064", "DANE12_SED": "111001100064", "DA_HIPOACU": 3, "DA_SORDERA": 0, "DA_LENGUAS": 0, "DA_UCASTEL": 0, "DISCAP_FIS": 0, "DISCAP_FLE": 0, "DISCAP_PCE": 0, "DI_DCOGNIT": 9, "DI_SDOWN": 0, "DIS_MULTIP": 5, "DIS_PSICOS": 0, "DV_BAJAVIS": 1, "DIS_CEGUER": 0, "T_ESPECTRO": 0, "T_VOZ_Y_HA": 0, "SISTEMICA": 0, "SORDOCEGUE": 0, "OTRA": 0, "TOT_EST_MA": 18, "AFRODESCEN": 7, "INDIGENAS": 12, "NEGRITUDES": 0, "PALENQUERO": 0, "RAIZALES": 0, "ROM": 0, "TOT_EST_ET": 19, "CAPACID_EX": 0, "DOBLE_EXCE": 0, "TE_ACTFISI": 13, "TE_ARTES": 11, "TE_CNATUR": 1, "TE_CSOCIAL": 0, "TE_LDSOCIA": 4, "TE_TECNOLO": 0, "TOT_EST_CA": 29, "TMATRIC_GE": 1232, "Zona": 1 }, "geometry": { "type": "Point", "coordinates": [ -8258393.384999999776483, 513951.881599999964237 ] } },
{ "type": "Feature", "properties": { "NOMBRE_EST": "COLEGIO SANTIAGO DE LAS ATALAYAS (IED)", "NOMBRE_SED": "COLEGIO SANTIAGO DE LAS ATALAYAS (IED) - SEDE PRINCIPAL", "ORDEN_DE_S": "A", "DIRECCION": "CL 61 SUR # 103 - 33", "DISCAPACID": "AUDITIVA-FISICA-INTELECTUAL-MULTIPLE", "TALENTOS_O": "TALENTO EXCEPCIONAL EN ACTIVIDAD FISICA, EJERCICIO Y DEPORTE-TALENTO EXCEPCIONAL EN ARTES Y LETRAS-TALENTO EXCEPCIONAL EN LIDERAZGO SOCIAL Y EMPRENDIMIENTO", "GRUPOS_ETN": "AFRODESCENDIENTES-INDIGENAS-NEGRITUDES-PALENQUEROS", "SECTOR": 2, "NATU_JUR": 9, "CALENDARIO": 1, "GENERO": 5, "COD_LOCA": "07", "ESPECIALID": 1, "CLASE_TIPO": 2, "BILINGUE": 5, "FECHA": "2025-04-30", "DANE12_EST": "111001100072", "DANE12_SED": "111001100072", "DA_HIPOACU": 5, "DA_SORDERA": 0, "DA_LENGUAS": 0, "DA_UCASTEL": 0, "DISCAP_FIS": 6, "DISCAP_FLE": 0, "DISCAP_PCE": 0, "DI_DCOGNIT": 10, "DI_SDOWN": 0, "DIS_MULTIP": 4, "DIS_PSICOS": 0, "DV_BAJAVIS": 0, "DIS_CEGUER": 0, "T_ESPECTRO": 0, "T_VOZ_Y_HA": 0, "SISTEMICA": 0, "SORDOCEGUE": 0, "OTRA": 0, "TOT_EST_MA": 25, "AFRODESCEN": 13, "INDIGENAS": 8, "NEGRITUDES": 0, "PALENQUERO": 0, "RAIZALES": 0, "ROM": 0, "TOT_EST_ET": 21, "CAPACID_EX": 2, "DOBLE_EXCE": 0, "TE_ACTFISI": 7, "TE_ARTES": 4, "TE_CNATUR": 1, "TE_CSOCIAL": 0, "TE_LDSOCIA": 2, "TE_TECNOLO": 1, "TOT_EST_CA": 17, "TMATRIC_GE": 1381, "Zona": 1 }, "geometry": { "type": "Point", "coordinates": [ -8259101.376900000497699, 515907.441700000315905 ] } },
{ "type": "Feature", "properties": { "NOMBRE_EST": "COLEGIO SAN IGNACIO (IED)", "NOMBRE_SED": "COLEGIO SAN IGNACIO (IED) - SEDE PRINCIPAL", "ORDEN_DE_S": "A", "DIRECCION": "CL 56 F SUR # 91 D - 14", "DISCAPACID": "FISICA-INTELECTUAL-MULTIPLE", "TALENTOS_O": "TALENTO EXCEPCIONAL EN LIDERAZGO SOCIAL Y EMPRENDIMIENTO", "GRUPOS_ETN": "AFRODESCENDIENTES-INDIGENAS-NEGRITUDES", "SECTOR": 2, "NATU_JUR": 9, "CALENDARIO": 1, "GENERO": 5, "COD_LOCA": "07", "ESPECIALID": 1, "CLASE_TIPO": 2, "BILINGUE": 5, "FECHA": "2025-04-30", "DANE12_EST": "111001104051", "DANE12_SED": "111001104051", "DA_HIPOACU": 0, "DA_SORDERA": 0, "DA_LENGUAS": 0, "DA_UCASTEL": 0, "DISCAP_FIS": 5, "DISCAP_FLE": 0, "DISCAP_PCE": 0, "DI_DCOGNIT": 7, "DI_SDOWN": 0, "DIS_MULTIP": 3, "DIS_PSICOS": 0, "DV_BAJAVIS": 0, "DIS_CEGUER": 0, "T_ESPECTRO": 0, "T_VOZ_Y_HA": 0, "SISTEMICA": 0, "SORDOCEGUE": 0, "OTRA": 0, "TOT_EST_MA": 15, "AFRODESCEN": 9, "INDIGENAS": 3, "NEGRITUDES": 11, "PALENQUERO": 0, "RAIZALES": 0, "ROM": 0, "TOT_EST_ET": 23, "CAPACID_EX": 0, "DOBLE_EXCE": 0, "TE_ACTFISI": 0, "TE_ARTES": 0, "TE_CNATUR": 0, "TE_CSOCIAL": 0, "TE_LDSOCIA": 1, "TE_TECNOLO": 0, "TOT_EST_CA": 1, "TMATRIC_GE": 1353, "Zona": 1 }, "geometry": { "type": "Point", "coordinates": [ -8258783.003200000151992, 516308.387699998915195 ] } },
{ "type": "Feature", "properties": { "NOMBRE_EST": "COLEGIO LEONARDO POSADA PEDRAZA (IED)", "NOMBRE_SED": "LEONARDO POSADA PEDRAZA", "ORDEN_DE_S": "A", "DIRECCION": "KR 92 # 72 - 42 SUR", "DISCAPACID": "AUDITIVA-FISICA-INTELECTUAL-MENTAL/PSICOSOCIAL-MULTIPLE-VISUAL", "TALENTOS_O": "CAPACIDADES EXCEPCIONALES-TALENTO EXCEPCIONAL EN ACTIVIDAD FISICA, EJERCICIO Y DEPORTE-TALENTO EXCEPCIONAL EN ARTES Y LETRAS-TALENTO EXCEPCIONAL EN TECNOLOGIA", "GRUPOS_ETN": "AFRODESCENDIENTES-INDIGENAS-NEGRITUDES", "SECTOR": 2, "NATU_JUR": 9, "CALENDARIO": 1, "GENERO": 5, "COD_LOCA": "07", "ESPECIALID": 1, "CLASE_TIPO": 1, "BILINGUE": 5, "FECHA": "2025-04-30", "DANE12_EST": "111001104183", "DANE12_SED": "111001104183", "DA_HIPOACU": 4, "DA_SORDERA": 0, "DA_LENGUAS": 0, "DA_UCASTEL": 0, "DISCAP_FIS": 2, "DISCAP_FLE": 0, "DISCAP_PCE": 0, "DI_DCOGNIT": 22, "DI_SDOWN": 0, "DIS_MULTIP": 15, "DIS_PSICOS": 3, "DV_BAJAVIS": 2, "DIS_CEGUER": 0, "T_ESPECTRO": 0, "T_VOZ_Y_HA": 0, "SISTEMICA": 0, "SORDOCEGUE": 0, "OTRA": 0, "TOT_EST_MA": 48, "AFRODESCEN": 17, "INDIGENAS": 32, "NEGRITUDES": 12, "PALENQUERO": 0, "RAIZALES": 1, "ROM": 0, "TOT_EST_ET": 62, "CAPACID_EX": 0, "DOBLE_EXCE": 0, "TE_ACTFISI": 7, "TE_ARTES": 10, "TE_CNATUR": 1, "TE_CSOCIAL": 0, "TE_LDSOCIA": 0, "TE_TECNOLO": 2, "TOT_EST_CA": 20, "TMATRIC_GE": 3429, "Zona": 1 }, "geometry": { "type": "Point", "coordinates": [ -8260072.082900000736117, 515720.929800000041723 ] } },
{ "type": "Feature", "properties": { "NOMBRE_EST": "COLEGIO ALFONSO REYES ECHANDIA (IED)", "NOMBRE_SED": "ALFONSO REYES ECHANDIA", "ORDEN_DE_S": "A", "DIRECCION": "KR 86 # 74 - 00 SUR", "DISCAPACID": "AUDITIVA-FISICA-INTELECTUAL-MENTAL/PSICOSOCIAL-MULTIPLE-SORDOCEGUERA-VISUAL", "TALENTOS_O": "CAPACIDADES EXCEPCIONALES-TALENTO EXCEPCIONAL EN ACTIVIDAD FISICA, EJERCICIO Y DEPORTE-TALENTO EXCEPCIONAL EN ARTES Y LETRAS-TALENTO EXCEPCIONAL EN CIENCIAS SOCIALES O HUMANAS", "GRUPOS_ETN": "AFRODESCENDIENTES-INDIGENAS-NEGRITUDES-RAIZALES", "SECTOR": 2, "NATU_JUR": 9, "CALENDARIO": 1, "GENERO": 5, "COD_LOCA": "07", "ESPECIALID": 1, "CLASE_TIPO": 1, "BILINGUE": 5, "FECHA": "2025-04-30", "DANE12_EST": "111001104299", "DANE12_SED": "111001104299", "DA_HIPOACU": 3, "DA_SORDERA": 0, "DA_LENGUAS": 0, "DA_UCASTEL": 0, "DISCAP_FIS": 10, "DISCAP_FLE": 0, "DISCAP_PCE": 0, "DI_DCOGNIT": 37, "DI_SDOWN": 0, "DIS_MULTIP": 15, "DIS_PSICOS": 4, "DV_BAJAVIS": 3, "DIS_CEGUER": 0, "T_ESPECTRO": 0, "T_VOZ_Y_HA": 0, "SISTEMICA": 0, "SORDOCEGUE": 0, "OTRA": 0, "TOT_EST_MA": 72, "AFRODESCEN": 48, "INDIGENAS": 30, "NEGRITUDES": 10, "PALENQUERO": 0, "RAIZALES": 1, "ROM": 0, "TOT_EST_ET": 89, "CAPACID_EX": 3, "DOBLE_EXCE": 0, "TE_ACTFISI": 20, "TE_ARTES": 5, "TE_CNATUR": 2, "TE_CSOCIAL": 1, "TE_LDSOCIA": 1, "TE_TECNOLO": 2, "TOT_EST_CA": 34, "TMATRIC_GE": 3064, "Zona": 1 }, "geometry": { "type": "Point", "coordinates": [ -8259897.311300000175834, 514455.564899999648333 ] } },
{ "type": "Feature", "properties": { "NOMBRE_EST": "COLEGIO ORLANDO HIGUITA ROJAS (IED)", "NOMBRE_SED": "ORLANDO HIGUITA ROJAS", "ORDEN_DE_S": "A", "DIRECCION": "CL 57 SUR # 87 H - 03", "DISCAPACID": "FISICA-INTELECTUAL-MENTAL/PSICOSOCIAL-MULTIPLE-VISUAL", "TALENTOS_O": "CAPACIDADES EXCEPCIONALES-TALENTO EXCEPCIONAL EN ACTIVIDAD FISICA, EJERCICIO Y DEPORTE-TALENTO EXCEPCIONAL EN ARTES Y LETRAS-TALENTO EXCEPCIONAL EN CIENCIAS SOCIALES O HUMANAS-TALENTO EXCEPCIONAL EN LIDERAZGO SOCIAL Y EMPRENDIMIENTO", "GRUPOS_ETN": "AFRODESCENDIENTES-INDIGENAS-NEGRITUDES", "SECTOR": 2, "NATU_JUR": 9, "CALENDARIO": 1, "GENERO": 5, "COD_LOCA": "07", "ESPECIALID": 1, "CLASE_TIPO": 1, "BILINGUE": 5, "FECHA": "2025-04-30", "DANE12_EST": "111001104302", "DANE12_SED": "111001104302", "DA_HIPOACU": 4, "DA_SORDERA": 0, "DA_LENGUAS": 0, "DA_UCASTEL": 0, "DISCAP_FIS": 5, "DISCAP_FLE": 0, "DISCAP_PCE": 0, "DI_DCOGNIT": 71, "DI_SDOWN": 0, "DIS_MULTIP": 14, "DIS_PSICOS": 5, "DV_BAJAVIS": 3, "DIS_CEGUER": 0, "T_ESPECTRO": 0, "T_VOZ_Y_HA": 0, "SISTEMICA": 0, "SORDOCEGUE": 0, "OTRA": 0, "TOT_EST_MA": 102, "AFRODESCEN": 23, "INDIGENAS": 13, "NEGRITUDES": 17, "PALENQUERO": 0, "RAIZALES": 0, "ROM": 0, "TOT_EST_ET": 53, "CAPACID_EX": 2, "DOBLE_EXCE": 0, "TE_ACTFISI": 8, "TE_ARTES": 4, "TE_CNATUR": 1, "TE_CSOCIAL": 1, "TE_LDSOCIA": 2, "TE_TECNOLO": 0, "TOT_EST_CA": 18, "TMATRIC_GE": 2550, "Zona": 1 }, "geometry": { "type": "Point", "coordinates": [ -8258711.75870000012219, 515821.445099998265505 ] } },
{ "type": "Feature", "properties": { "NOMBRE_EST": "COLEGIO ORLANDO HIGUITA ROJAS (IED)", "NOMBRE_SED": "JUAN MAXIMILIANO AMBROSIO", "ORDEN_DE_S": "B", "DIRECCION": "CL 57 SUR # 86 F - 30", "DISCAPACID": "AUDITIVA-FISICA-INTELECTUAL-MENTAL/PSICOSOCIAL-MULTIPLE", "TALENTOS_O": "CAPACIDADES EXCEPCIONALES-TALENTO EXCEPCIONAL EN ACTIVIDAD FISICA, EJERCICIO Y DEPORTE-TALENTO EXCEPCIONAL EN ARTES Y LETRAS-TALENTO EXCEPCIONAL EN LIDERAZGO SOCIAL Y EMPRENDIMIENTO-TALENTO EXCEPCIONAL EN TECNOLOGIA", "GRUPOS_ETN": "AFRODESCENDIENTES-INDIGENAS-NEGRITUDES", "SECTOR": 2, "NATU_JUR": 9, "CALENDARIO": 1, "GENERO": 5, "COD_LOCA": "07", "ESPECIALID": 13, "CLASE_TIPO": 1, "BILINGUE": 5, "FECHA": "2025-04-30", "DANE12_EST": "111001104302", "DANE12_SED": "211102000251", "DA_HIPOACU": 2, "DA_SORDERA": 0, "DA_LENGUAS": 0, "DA_UCASTEL": 0, "DISCAP_FIS": 2, "DISCAP_FLE": 0, "DISCAP_PCE": 0, "DI_DCOGNIT": 9, "DI_SDOWN": 0, "DIS_MULTIP": 8, "DIS_PSICOS": 0, "DV_BAJAVIS": 0, "DIS_CEGUER": 0, "T_ESPECTRO": 0, "T_VOZ_Y_HA": 0, "SISTEMICA": 0, "SORDOCEGUE": 0, "OTRA": 0, "TOT_EST_MA": 21, "AFRODESCEN": 5, "INDIGENAS": 3, "NEGRITUDES": 2, "PALENQUERO": 0, "RAIZALES": 0, "ROM": 0, "TOT_EST_ET": 10, "CAPACID_EX": 0, "DOBLE_EXCE": 0, "TE_ACTFISI": 12, "TE_ARTES": 3, "TE_CNATUR": 0, "TE_CSOCIAL": 1, "TE_LDSOCIA": 5, "TE_TECNOLO": 1, "TOT_EST_CA": 22, "TMATRIC_GE": 972, "Zona": 1 }, "geometry": { "type": "Point", "coordinates": [ -8258209.707800000905991, 515166.981199998408556 ] } },
{ "type": "Feature", "properties": { "NOMBRE_EST": "COLEGIO CARLOS PIZARRO LEON GOMEZ (IED)", "NOMBRE_SED": "CARLOS PIZARRO LEON GOMEZ", "ORDEN_DE_S": "A", "DIRECCION": "CL 72 SUR # 100 A - 71", "DISCAPACID": "AUDITIVA-FISICA-INTELECTUAL-MENTAL/PSICOSOCIAL-MULTIPLE-VISUAL", "TALENTOS_O": "CAPACIDADES EXCEPCIONALES-TALENTO EXCEPCIONAL EN ACTIVIDAD FISICA, EJERCICIO Y DEPORTE-TALENTO EXCEPCIONAL EN ARTES Y LETRAS-TALENTO EXCEPCIONAL EN CIENCIAS NATURALES O BASICAS-TALENTO EXCEPCIONAL EN LIDERAZGO SOCIAL Y EMPRENDIMIENTO-TALENTO EXCEPCIONAL", "GRUPOS_ETN": "AFRODESCENDIENTES-INDIGENAS-NEGRITUDES", "SECTOR": 2, "NATU_JUR": 9, "CALENDARIO": 1, "GENERO": 5, "COD_LOCA": "07", "ESPECIALID": 1, "CLASE_TIPO": 1, "BILINGUE": 5, "FECHA": "2025-04-30", "DANE12_EST": "111001104329", "DANE12_SED": "111001104329", "DA_HIPOACU": 3, "DA_SORDERA": 0, "DA_LENGUAS": 0, "DA_UCASTEL": 0, "DISCAP_FIS": 6, "DISCAP_FLE": 0, "DISCAP_PCE": 0, "DI_DCOGNIT": 83, "DI_SDOWN": 0, "DIS_MULTIP": 29, "DIS_PSICOS": 11, "DV_BAJAVIS": 3, "DIS_CEGUER": 0, "T_ESPECTRO": 0, "T_VOZ_Y_HA": 0, "SISTEMICA": 0, "SORDOCEGUE": 0, "OTRA": 0, "TOT_EST_MA": 137, "AFRODESCEN": 29, "INDIGENAS": 11, "NEGRITUDES": 11, "PALENQUERO": 0, "RAIZALES": 0, "ROM": 0, "TOT_EST_ET": 51, "CAPACID_EX": 1, "DOBLE_EXCE": 0, "TE_ACTFISI": 12, "TE_ARTES": 6, "TE_CNATUR": 1, "TE_CSOCIAL": 0, "TE_LDSOCIA": 1, "TE_TECNOLO": 3, "TOT_EST_CA": 24, "TMATRIC_GE": 3855, "Zona": 1 }, "geometry": { "type": "Point", "coordinates": [ -8260440.5504, 516592.066700000315905 ] } },
{ "type": "Feature", "properties": { "NOMBRE_EST": "COLEGIO ALFONSO LOPEZ MICHELSEN (IED)", "NOMBRE_SED": "ALFONSO LOPEZ MICHELSEN", "ORDEN_DE_S": "A", "DIRECCION": "KR 98 B # 74 - 68 SUR", "DISCAPACID": "AUDITIVA-FISICA-INTELECTUAL-MENTAL/PSICOSOCIAL-MULTIPLE-SORDOCEGUERA-VISUAL", "TALENTOS_O": "CAPACIDADES EXCEPCIONALES-TALENTO CIENTIFICO-TALENTO EXCEPCIONAL EN ACTIVIDAD FISICA, EJERCICIO Y DEPORTE-TALENTO EXCEPCIONAL EN ARTES Y LETRAS", "GRUPOS_ETN": "AFRODESCENDIENTES-INDIGENAS-NEGRITUDES", "SECTOR": 2, "NATU_JUR": 9, "CALENDARIO": 1, "GENERO": 5, "COD_LOCA": "07", "ESPECIALID": 1, "CLASE_TIPO": 1, "BILINGUE": 5, "FECHA": "2025-04-30", "DANE12_EST": "111001106950", "DANE12_SED": "111001106950", "DA_HIPOACU": 3, "DA_SORDERA": 0, "DA_LENGUAS": 0, "DA_UCASTEL": 0, "DISCAP_FIS": 9, "DISCAP_FLE": 0, "DISCAP_PCE": 0, "DI_DCOGNIT": 23, "DI_SDOWN": 0, "DIS_MULTIP": 10, "DIS_PSICOS": 9, "DV_BAJAVIS": 3, "DIS_CEGUER": 0, "T_ESPECTRO": 0, "T_VOZ_Y_HA": 0, "SISTEMICA": 0, "SORDOCEGUE": 0, "OTRA": 0, "TOT_EST_MA": 57, "AFRODESCEN": 19, "INDIGENAS": 22, "NEGRITUDES": 6, "PALENQUERO": 0, "RAIZALES": 0, "ROM": 0, "TOT_EST_ET": 47, "CAPACID_EX": 6, "DOBLE_EXCE": 0, "TE_ACTFISI": 15, "TE_ARTES": 10, "TE_CNATUR": 1, "TE_CSOCIAL": 2, "TE_LDSOCIA": 3, "TE_TECNOLO": 0, "TOT_EST_CA": 37, "TMATRIC_GE": 3259, "Zona": 3 }, "geometry": { "type": "Point", "coordinates": [ -8260635.35950000025332, 516158.730700001120567 ] } },
{ "type": "Feature", "properties": { "NOMBRE_EST": "COLEGIO JOSE FRANCISCO SOCARRAS (IED)", "NOMBRE_SED": "JOSE FRANCISCO SOCARRAS", "ORDEN_DE_S": "A", "DIRECCION": "KR 88 C # 66 A - 03 SUR", "DISCAPACID": "AUDITIVA-FISICA-INTELECTUAL-MENTAL/PSICOSOCIAL-MULTIPLE-VISUAL", "TALENTOS_O": "CAPACIDADES EXCEPCIONALES-TALENTO EXCEPCIONAL EN ACTIVIDAD FISICA, EJERCICIO Y DEPORTE-TALENTO EXCEPCIONAL EN ARTES Y LETRAS-TALENTO EXCEPCIONAL EN CIENCIAS NATURALES O BASICAS-TALENTO EXCEPCIONAL EN CIENCIAS SOCIALES O HUMANAS-TALENTO EXCEPCIONAL EN TEC", "GRUPOS_ETN": "AFRODESCENDIENTES-INDIGENAS-NEGRITUDES", "SECTOR": 2, "NATU_JUR": 9, "CALENDARIO": 1, "GENERO": 5, "COD_LOCA": "07", "ESPECIALID": 1, "CLASE_TIPO": 1, "BILINGUE": 5, "FECHA": "2025-04-30", "DANE12_EST": "111001106968", "DANE12_SED": "111001106968", "DA_HIPOACU": 4, "DA_SORDERA": 0, "DA_LENGUAS": 0, "DA_UCASTEL": 0, "DISCAP_FIS": 6, "DISCAP_FLE": 0, "DISCAP_PCE": 0, "DI_DCOGNIT": 63, "DI_SDOWN": 0, "DIS_MULTIP": 16, "DIS_PSICOS": 12, "DV_BAJAVIS": 0, "DIS_CEGUER": 0, "T_ESPECTRO": 0, "T_VOZ_Y_HA": 0, "SISTEMICA": 0, "SORDOCEGUE": 0, "OTRA": 0, "TOT_EST_MA": 102, "AFRODESCEN": 24, "INDIGENAS": 36, "NEGRITUDES": 17, "PALENQUERO": 0, "RAIZALES": 0, "ROM": 0, "TOT_EST_ET": 77, "CAPACID_EX": 1, "DOBLE_EXCE": 0, "TE_ACTFISI": 20, "TE_ARTES": 12, "TE_CNATUR": 0, "TE_CSOCIAL": 2, "TE_LDSOCIA": 3, "TE_TECNOLO": 6, "TOT_EST_CA": 44, "TMATRIC_GE": 3487, "Zona": 1 }, "geometry": { "type": "Point", "coordinates": [ -8259285.054099999368191, 515397.048099998384714 ] } },
{ "type": "Feature", "properties": { "NOMBRE_EST": "COLEGIO GERMAN ARCINIEGAS (IED)", "NOMBRE_SED": "GERMAN ARCINIEGAS", "ORDEN_DE_S": "A", "DIRECCION": "KR 88 I # 54 B - 44 SUR", "DISCAPACID": "AUDITIVA-FISICA-INTELECTUAL-MENTAL/PSICOSOCIAL-MULTIPLE-SORDOCEGUERA-VISUAL", "TALENTOS_O": "CAPACIDADES EXCEPCIONALES-TALENTO EXCEPCIONAL EN ACTIVIDAD FISICA, EJERCICIO Y DEPORTE-TALENTO EXCEPCIONAL EN ARTES Y LETRAS-TALENTO EXCEPCIONAL EN CIENCIAS SOCIALES O HUMANAS-TALENTO EXCEPCIONAL EN LIDERAZGO SOCIAL Y EMPRENDIMIENTO-TALENTO EXCEPCIONAL E", "GRUPOS_ETN": "AFRODESCENDIENTES-INDIGENAS-NEGRITUDES", "SECTOR": 2, "NATU_JUR": 9, "CALENDARIO": 1, "GENERO": 5, "COD_LOCA": "07", "ESPECIALID": 1, "CLASE_TIPO": 1, "BILINGUE": 5, "FECHA": "2025-04-30", "DANE12_EST": "111001107832", "DANE12_SED": "111001107832", "DA_HIPOACU": 2, "DA_SORDERA": 0, "DA_LENGUAS": 0, "DA_UCASTEL": 0, "DISCAP_FIS": 9, "DISCAP_FLE": 0, "DISCAP_PCE": 0, "DI_DCOGNIT": 52, "DI_SDOWN": 0, "DIS_MULTIP": 27, "DIS_PSICOS": 5, "DV_BAJAVIS": 1, "DIS_CEGUER": 0, "T_ESPECTRO": 0, "T_VOZ_Y_HA": 0, "SISTEMICA": 0, "SORDOCEGUE": 0, "OTRA": 0, "TOT_EST_MA": 96, "AFRODESCEN": 14, "INDIGENAS": 9, "NEGRITUDES": 16, "PALENQUERO": 0, "RAIZALES": 0, "ROM": 0, "TOT_EST_ET": 39, "CAPACID_EX": 1, "DOBLE_EXCE": 0, "TE_ACTFISI": 16, "TE_ARTES": 7, "TE_CNATUR": 1, "TE_CSOCIAL": 2, "TE_LDSOCIA": 6, "TE_TECNOLO": 1, "TOT_EST_CA": 34, "TMATRIC_GE": 2076, "Zona": 1 }, "geometry": { "type": "Point", "coordinates": [ -8258272.046700000762939, 516032.527699999511242 ] } },
{ "type": "Feature", "properties": { "NOMBRE_EST": "COLEGIO KIMI PERNIA DOMICO (IED)", "NOMBRE_SED": "KIMI PERNIA DOMICO", "ORDEN_DE_S": "A", "DIRECCION": "CL 82 SUR # 89 - 21", "DISCAPACID": "AUDITIVA-FISICA-INTELECTUAL-MENTAL/PSICOSOCIAL-MULTIPLE-VISUAL", "TALENTOS_O": "CAPACIDADES EXCEPCIONALES-TALENTO EXCEPCIONAL EN ACTIVIDAD FISICA, EJERCICIO Y DEPORTE-TALENTO EXCEPCIONAL EN ARTES Y LETRAS-TALENTO EXCEPCIONAL EN CIENCIAS NATURALES O BASICAS-TALENTO EXCEPCIONAL EN CIENCIAS SOCIALES O HUMANAS-TALENTO EXCEPCIONAL EN LID", "GRUPOS_ETN": "AFRODESCENDIENTES-INDIGENAS-NEGRITUDES", "SECTOR": 2, "NATU_JUR": 9, "CALENDARIO": 1, "GENERO": 5, "COD_LOCA": "07", "ESPECIALID": 1, "CLASE_TIPO": 1, "BILINGUE": 5, "FECHA": "2025-04-30", "DANE12_EST": "111001107867", "DANE12_SED": "111001107867", "DA_HIPOACU": 4, "DA_SORDERA": 0, "DA_LENGUAS": 0, "DA_UCASTEL": 0, "DISCAP_FIS": 8, "DISCAP_FLE": 0, "DISCAP_PCE": 0, "DI_DCOGNIT": 56, "DI_SDOWN": 0, "DIS_MULTIP": 19, "DIS_PSICOS": 4, "DV_BAJAVIS": 0, "DIS_CEGUER": 0, "T_ESPECTRO": 0, "T_VOZ_Y_HA": 0, "SISTEMICA": 0, "SORDOCEGUE": 0, "OTRA": 0, "TOT_EST_MA": 91, "AFRODESCEN": 43, "INDIGENAS": 33, "NEGRITUDES": 10, "PALENQUERO": 0, "RAIZALES": 0, "ROM": 0, "TOT_EST_ET": 86, "CAPACID_EX": 1, "DOBLE_EXCE": 0, "TE_ACTFISI": 21, "TE_ARTES": 4, "TE_CNATUR": 0, "TE_CSOCIAL": 1, "TE_LDSOCIA": 1, "TE_TECNOLO": 4, "TOT_EST_CA": 32, "TMATRIC_GE": 2999, "Zona": 3 }, "geometry": { "type": "Point", "coordinates": [ -8260721.075500000268221, 515098.854699999094009 ] } },
{ "type": "Feature", "properties": { "NOMBRE_EST": "COLEGIO CIUDADELA EDUCATIVA DE BOSA (IED)", "NOMBRE_SED": "CIUDADELA EDUCATIVA DE BOSA", "ORDEN_DE_S": "A", "DIRECCION": "CL 52 SUR # 97 C - 35", "DISCAPACID": "AUDITIVA-FISICA-INTELECTUAL-MENTAL/PSICOSOCIAL-MULTIPLE-SORDOCEGUERA-VISUAL", "TALENTOS_O": "CAPACIDADES EXCEPCIONALES-TALENTO EXCEPCIONAL EN ACTIVIDAD FISICA, EJERCICIO Y DEPORTE-TALENTO EXCEPCIONAL EN ARTES Y LETRAS-TALENTO EXCEPCIONAL EN CIENCIAS SOCIALES O HUMANAS-TALENTO EXCEPCIONAL EN LIDERAZGO SOCIAL Y EMPRENDIMIENTO-TALENTO EXCEPCIONAL E", "GRUPOS_ETN": "AFRODESCENDIENTES-INDIGENAS-NEGRITUDES-PALENQUEROS-RAIZALES", "SECTOR": 2, "NATU_JUR": 9, "CALENDARIO": 1, "GENERO": 5, "COD_LOCA": "07", "ESPECIALID": 1, "CLASE_TIPO": 1, "BILINGUE": 5, "FECHA": "2025-04-30", "DANE12_EST": "111001107875", "DANE12_SED": "111001107875", "DA_HIPOACU": 7, "DA_SORDERA": 0, "DA_LENGUAS": 0, "DA_UCASTEL": 0, "DISCAP_FIS": 12, "DISCAP_FLE": 0, "DISCAP_PCE": 0, "DI_DCOGNIT": 62, "DI_SDOWN": 0, "DIS_MULTIP": 40, "DIS_PSICOS": 36, "DV_BAJAVIS": 6, "DIS_CEGUER": 0, "T_ESPECTRO": 0, "T_VOZ_Y_HA": 0, "SISTEMICA": 0, "SORDOCEGUE": 0, "OTRA": 0, "TOT_EST_MA": 163, "AFRODESCEN": 55, "INDIGENAS": 42, "NEGRITUDES": 26, "PALENQUERO": 2, "RAIZALES": 1, "ROM": 0, "TOT_EST_ET": 126, "CAPACID_EX": 2, "DOBLE_EXCE": 0, "TE_ACTFISI": 44, "TE_ARTES": 19, "TE_CNATUR": 0, "TE_CSOCIAL": 0, "TE_LDSOCIA": 4, "TE_TECNOLO": 8, "TOT_EST_CA": 77, "TMATRIC_GE": 6181, "Zona": 1 }, "geometry": { "type": "Point", "coordinates": [ -8258477.987800000235438, 517182.881599999964237 ] } },
{ "type": "Feature", "properties": { "NOMBRE_EST": "COLEGIO DEBORA ARANGO PEREZ (IED)", "NOMBRE_SED": "DEBORA ARANGO PEREZ", "ORDEN_DE_S": "A", "DIRECCION": "KR 84 A # 57 B - 04 SUR", "DISCAPACID": "FISICA-INTELECTUAL-MULTIPLE", "TALENTOS_O": "CAPACIDADES EXCEPCIONALES-TALENTO EXCEPCIONAL EN ACTIVIDAD FISICA, EJERCICIO Y DEPORTE-TALENTO EXCEPCIONAL EN ARTES Y LETRAS-TALENTO EXCEPCIONAL EN CIENCIAS NATURALES O BASICAS-TALENTO EXCEPCIONAL EN CIENCIAS SOCIALES O HUMANAS-TALENTO EXCEPCIONAL EN LID", "GRUPOS_ETN": "AFRODESCENDIENTES-INDIGENAS-NEGRITUDES", "SECTOR": 2, "NATU_JUR": 9, "CALENDARIO": 1, "GENERO": 5, "COD_LOCA": "07", "ESPECIALID": 1, "CLASE_TIPO": 1, "BILINGUE": 5, "FECHA": "2025-04-30", "DANE12_EST": "111001107883", "DANE12_SED": "111001107883", "DA_HIPOACU": 3, "DA_SORDERA": 0, "DA_LENGUAS": 0, "DA_UCASTEL": 0, "DISCAP_FIS": 2, "DISCAP_FLE": 0, "DISCAP_PCE": 0, "DI_DCOGNIT": 6, "DI_SDOWN": 0, "DIS_MULTIP": 7, "DIS_PSICOS": 2, "DV_BAJAVIS": 0, "DIS_CEGUER": 0, "T_ESPECTRO": 0, "T_VOZ_Y_HA": 0, "SISTEMICA": 0, "SORDOCEGUE": 0, "OTRA": 0, "TOT_EST_MA": 20, "AFRODESCEN": 5, "INDIGENAS": 23, "NEGRITUDES": 1, "PALENQUERO": 0, "RAIZALES": 1, "ROM": 0, "TOT_EST_ET": 30, "CAPACID_EX": 0, "DOBLE_EXCE": 0, "TE_ACTFISI": 13, "TE_ARTES": 8, "TE_CNATUR": 2, "TE_CSOCIAL": 2, "TE_LDSOCIA": 1, "TE_TECNOLO": 2, "TOT_EST_CA": 28, "TMATRIC_GE": 2879, "Zona": 1 }, "geometry": { "type": "Point", "coordinates": [ -8258067.218900000676513, 514723.601700000464916 ] } },
{ "type": "Feature", "properties": { "NOMBRE_EST": "COLEGIO JORGE ISAACS (IED)", "NOMBRE_SED": "COLEGIO JORGE ISAACS (IED) - SEDE PRINCIPAL", "ORDEN_DE_S": "A", "DIRECCION": "KR 92 # 73 - 50 SUR", "DISCAPACID": "FISICA-INTELECTUAL-MENTAL/PSICOSOCIAL-MULTIPLE-VISUAL", "TALENTOS_O": "CAPACIDADES EXCEPCIONALES-TALENTO EXCEPCIONAL EN ACTIVIDAD FISICA, EJERCICIO Y DEPORTE-TALENTO EXCEPCIONAL EN ARTES Y LETRAS", "GRUPOS_ETN": "AFRODESCENDIENTES-INDIGENAS-NEGRITUDES", "SECTOR": 2, "NATU_JUR": 9, "CALENDARIO": 1, "GENERO": 5, "COD_LOCA": "07", "ESPECIALID": 1, "CLASE_TIPO": 2, "BILINGUE": 5, "FECHA": "2025-04-30", "DANE12_EST": "111001800384", "DANE12_SED": "111001800384", "DA_HIPOACU": 0, "DA_SORDERA": 0, "DA_LENGUAS": 0, "DA_UCASTEL": 0, "DISCAP_FIS": 2, "DISCAP_FLE": 0, "DISCAP_PCE": 0, "DI_DCOGNIT": 15, "DI_SDOWN": 0, "DIS_MULTIP": 6, "DIS_PSICOS": 0, "DV_BAJAVIS": 0, "DIS_CEGUER": 0, "T_ESPECTRO": 0, "T_VOZ_Y_HA": 0, "SISTEMICA": 0, "SORDOCEGUE": 0, "OTRA": 0, "TOT_EST_MA": 23, "AFRODESCEN": 4, "INDIGENAS": 12, "NEGRITUDES": 1, "PALENQUERO": 0, "RAIZALES": 0, "ROM": 0, "TOT_EST_ET": 17, "CAPACID_EX": 2, "DOBLE_EXCE": 0, "TE_ACTFISI": 12, "TE_ARTES": 4, "TE_CNATUR": 0, "TE_CSOCIAL": 0, "TE_LDSOCIA": 0, "TE_TECNOLO": 0, "TOT_EST_CA": 18, "TMATRIC_GE": 1121, "Zona": 3 }, "geometry": { "type": "Point", "coordinates": [ -8260188.968399999663234, 515640.517700001597404 ] } },
{ "type": "Feature", "properties": { "NOMBRE_EST": "COLEGIO SOLEDAD ACOSTA DE SAMPER (IED)", "NOMBRE_SED": "COLEGIO SOLEDAD ACOSTA DE SAMPER (IED) - SEDE PRINCIPAL", "ORDEN_DE_S": "A", "DIRECCION": "CL 50 SUR # 98 B - 70 INT 14", "DISCAPACID": "INTELECTUAL-SORDOCEGUERA", "TALENTOS_O": "TALENTO EXCEPCIONAL EN ARTES Y LETRAS", "GRUPOS_ETN": "AFRODESCENDIENTES-INDIGENAS-NEGRITUDES", "SECTOR": 2, "NATU_JUR": 9, "CALENDARIO": 1, "GENERO": 5, "COD_LOCA": "07", "ESPECIALID": 1, "CLASE_TIPO": 2, "BILINGUE": 5, "FECHA": "2025-04-30", "DANE12_EST": "111001800392", "DANE12_SED": "111001800392", "DA_HIPOACU": 1, "DA_SORDERA": 0, "DA_LENGUAS": 0, "DA_UCASTEL": 0, "DISCAP_FIS": 1, "DISCAP_FLE": 0, "DISCAP_PCE": 0, "DI_DCOGNIT": 5, "DI_SDOWN": 0, "DIS_MULTIP": 0, "DIS_PSICOS": 0, "DV_BAJAVIS": 1, "DIS_CEGUER": 0, "T_ESPECTRO": 0, "T_VOZ_Y_HA": 0, "SISTEMICA": 0, "SORDOCEGUE": 0, "OTRA": 0, "TOT_EST_MA": 8, "AFRODESCEN": 5, "INDIGENAS": 5, "NEGRITUDES": 4, "PALENQUERO": 0, "RAIZALES": 0, "ROM": 0, "TOT_EST_ET": 14, "CAPACID_EX": 0, "DOBLE_EXCE": 0, "TE_ACTFISI": 0, "TE_ARTES": 1, "TE_CNATUR": 0, "TE_CSOCIAL": 0, "TE_LDSOCIA": 1, "TE_TECNOLO": 0, "TOT_EST_CA": 2, "TMATRIC_GE": 518, "Zona": 1 }, "geometry": { "type": "Point", "coordinates": [ -8258334.385700000450015, 517399.552000001072884 ] } },
{ "type": "Feature", "properties": { "NOMBRE_EST": "COLEGIO BICENTENARIO DE LA INDEPENDENCIA (IED)", "NOMBRE_SED": "COLEGIO BICENTENARIO DE LA INDEPENDENCIA (IED) - SEDE PRINCIPAL", "ORDEN_DE_S": "A", "DIRECCION": "CL 81 SUR # 81 - 75", "DISCAPACID": "AUDITIVA-FISICA-INTELECTUAL-MULTIPLE-VISUAL", "TALENTOS_O": "CAPACIDADES EXCEPCIONALES-TALENTO EXCEPCIONAL EN ACTIVIDAD FISICA, EJERCICIO Y DEPORTE-TALENTO EXCEPCIONAL EN TECNOLOGIA", "GRUPOS_ETN": "AFRODESCENDIENTES-INDIGENAS-NEGRITUDES", "SECTOR": 2, "NATU_JUR": 9, "CALENDARIO": 1, "GENERO": 5, "COD_LOCA": "07", "ESPECIALID": 1, "CLASE_TIPO": 2, "BILINGUE": 5, "FECHA": "2025-04-30", "DANE12_EST": "111001800457", "DANE12_SED": "111001800457", "DA_HIPOACU": 3, "DA_SORDERA": 0, "DA_LENGUAS": 0, "DA_UCASTEL": 0, "DISCAP_FIS": 1, "DISCAP_FLE": 0, "DISCAP_PCE": 0, "DI_DCOGNIT": 8, "DI_SDOWN": 0, "DIS_MULTIP": 9, "DIS_PSICOS": 0, "DV_BAJAVIS": 1, "DIS_CEGUER": 0, "T_ESPECTRO": 0, "T_VOZ_Y_HA": 0, "SISTEMICA": 0, "SORDOCEGUE": 0, "OTRA": 0, "TOT_EST_MA": 22, "AFRODESCEN": 12, "INDIGENAS": 22, "NEGRITUDES": 1, "PALENQUERO": 0, "RAIZALES": 1, "ROM": 0, "TOT_EST_ET": 36, "CAPACID_EX": 1, "DOBLE_EXCE": 0, "TE_ACTFISI": 0, "TE_ARTES": 0, "TE_CNATUR": 0, "TE_CSOCIAL": 0, "TE_LDSOCIA": 0, "TE_TECNOLO": 2, "TOT_EST_CA": 3, "TMATRIC_GE": 1580, "Zona": 1 }, "geometry": { "type": "Point", "coordinates": [ -8260330.344100000336766, 514293.626400001347065 ] } },
{ "type": "Feature", "properties": { "NOMBRE_EST": "COLEGIO DE LA BICI (IED)", "NOMBRE_SED": "DE LA BICI", "ORDEN_DE_S": "A", "DIRECCION": "KR 81 A # 58 J - 45 SUR", "DISCAPACID": "FISICA-INTELECTUAL-MENTAL/PSICOSOCIAL-MULTIPLE", "TALENTOS_O": "CAPACIDADES EXCEPCIONALES-TALENTO EXCEPCIONAL EN ACTIVIDAD FISICA, EJERCICIO Y DEPORTE-TALENTO EXCEPCIONAL EN ARTES Y LETRAS-TALENTO EXCEPCIONAL EN LIDERAZGO SOCIAL Y EMPRENDIMIENTO-TALENTO EXCEPCIONAL EN TECNOLOGIA", "GRUPOS_ETN": "INDIGENAS-NEGRITUDES", "SECTOR": 2, "NATU_JUR": 9, "CALENDARIO": 1, "GENERO": 5, "COD_LOCA": "07", "ESPECIALID": 1, "CLASE_TIPO": 1, "BILINGUE": 5, "FECHA": "2025-04-30", "DANE12_EST": "111001800643", "DANE12_SED": "111001800643", "DA_HIPOACU": 1, "DA_SORDERA": 0, "DA_LENGUAS": 0, "DA_UCASTEL": 0, "DISCAP_FIS": 1, "DISCAP_FLE": 0, "DISCAP_PCE": 0, "DI_DCOGNIT": 12, "DI_SDOWN": 0, "DIS_MULTIP": 6, "DIS_PSICOS": 2, "DV_BAJAVIS": 0, "DIS_CEGUER": 0, "T_ESPECTRO": 0, "T_VOZ_Y_HA": 0, "SISTEMICA": 0, "SORDOCEGUE": 0, "OTRA": 0, "TOT_EST_MA": 22, "AFRODESCEN": 0, "INDIGENAS": 5, "NEGRITUDES": 2, "PALENQUERO": 0, "RAIZALES": 0, "ROM": 0, "TOT_EST_ET": 7, "CAPACID_EX": 2, "DOBLE_EXCE": 0, "TE_ACTFISI": 9, "TE_ARTES": 4, "TE_CNATUR": 0, "TE_CSOCIAL": 0, "TE_LDSOCIA": 3, "TE_TECNOLO": 1, "TOT_EST_CA": 19, "TMATRIC_GE": 1044, "Zona": 1 }, "geometry": { "type": "Point", "coordinates": [ -8257941.427799999713898, 514154.024599999189377 ] } },
{ "type": "Feature", "properties": { "NOMBRE_EST": "COLEGIO PARQUES DE BOGOTA (IED)", "NOMBRE_SED": "COLEGIO PARQUES DE BOGOTA (IED) - SEDE PRINCIPAL", "ORDEN_DE_S": "A", "DIRECCION": "CL 85 SUR # 94 - 55", "DISCAPACID": "AUDITIVA-FISICA-INTELECTUAL-MULTIPLE", "TALENTOS_O": "TALENTO EXCEPCIONAL EN ACTIVIDAD FISICA, EJERCICIO Y DEPORTE-TALENTO EXCEPCIONAL EN ARTES Y LETRAS-TALENTO EXCEPCIONAL EN CIENCIAS SOCIALES O HUMANAS", "GRUPOS_ETN": "AFRODESCENDIENTES-INDIGENAS-NEGRITUDES", "SECTOR": 2, "NATU_JUR": 9, "CALENDARIO": 1, "GENERO": 5, "COD_LOCA": "07", "ESPECIALID": 1, "CLASE_TIPO": 2, "BILINGUE": 5, "FECHA": "2025-04-30", "DANE12_EST": "111001800678", "DANE12_SED": "111001800678", "DA_HIPOACU": 3, "DA_SORDERA": 0, "DA_LENGUAS": 0, "DA_UCASTEL": 0, "DISCAP_FIS": 0, "DISCAP_FLE": 0, "DISCAP_PCE": 0, "DI_DCOGNIT": 5, "DI_SDOWN": 0, "DIS_MULTIP": 8, "DIS_PSICOS": 2, "DV_BAJAVIS": 0, "DIS_CEGUER": 0, "T_ESPECTRO": 0, "T_VOZ_Y_HA": 0, "SISTEMICA": 0, "SORDOCEGUE": 0, "OTRA": 0, "TOT_EST_MA": 18, "AFRODESCEN": 4, "INDIGENAS": 3, "NEGRITUDES": 1, "PALENQUERO": 0, "RAIZALES": 0, "ROM": 0, "TOT_EST_ET": 8, "CAPACID_EX": 0, "DOBLE_EXCE": 0, "TE_ACTFISI": 0, "TE_ARTES": 1, "TE_CNATUR": 0, "TE_CSOCIAL": 0, "TE_LDSOCIA": 0, "TE_TECNOLO": 1, "TOT_EST_CA": 2, "TMATRIC_GE": 1047, "Zona": 1 }, "geometry": { "type": "Point", "coordinates": [ -8259046.830399999395013, 515433.903499998152256 ] } },
{ "type": "Feature", "properties": { "NOMBRE_EST": "COLEGIO LAUREL DE CERA (IED)", "NOMBRE_SED": "COLEGIO LAUREL DE CERA (IED) - SEDE PRINCIPAL", "ORDEN_DE_S": "A", "DIRECCION": "CL 85 SUR # 94 - 75", "DISCAPACID": "AUDITIVA-FISICA-INTELECTUAL-MENTAL/PSICOSOCIAL", "TALENTOS_O": null, "GRUPOS_ETN": "AFRODESCENDIENTES-INDIGENAS-NEGRITUDES", "SECTOR": 2, "NATU_JUR": 9, "CALENDARIO": 1, "GENERO": 5, "COD_LOCA": "07", "ESPECIALID": 1, "CLASE_TIPO": 2, "BILINGUE": 5, "FECHA": "2025-04-30", "DANE12_EST": "111001800694", "DANE12_SED": "111001800694", "DA_HIPOACU": 0, "DA_SORDERA": 0, "DA_LENGUAS": 0, "DA_UCASTEL": 0, "DISCAP_FIS": 0, "DISCAP_FLE": 0, "DISCAP_PCE": 0, "DI_DCOGNIT": 9, "DI_SDOWN": 0, "DIS_MULTIP": 1, "DIS_PSICOS": 0, "DV_BAJAVIS": 0, "DIS_CEGUER": 0, "T_ESPECTRO": 0, "T_VOZ_Y_HA": 0, "SISTEMICA": 0, "SORDOCEGUE": 0, "OTRA": 0, "TOT_EST_MA": 10, "AFRODESCEN": 2, "INDIGENAS": 4, "NEGRITUDES": 1, "PALENQUERO": 0, "RAIZALES": 0, "ROM": 0, "TOT_EST_ET": 7, "CAPACID_EX": 0, "DOBLE_EXCE": 0, "TE_ACTFISI": 0, "TE_ARTES": 0, "TE_CNATUR": 0, "TE_CSOCIAL": 0, "TE_LDSOCIA": 0, "TE_TECNOLO": 0, "TOT_EST_CA": 0, "TMATRIC_GE": 1045, "Zona": 3 }, "geometry": { "type": "Point", "coordinates": [ -8261238.711200000718236, 515594.72749999910593 ] } },
{ "type": "Feature", "properties": { "NOMBRE_EST": "COLEGIO ESMERALDA ARBOLEDA CADAVID (IED)", "NOMBRE_SED": "COLEGIO ESMERALDA ARBOLEDA CADAVID (IED)", "ORDEN_DE_S": "A", "DIRECCION": "CL 71 A SUR # 83 B - 30", "DISCAPACID": "AUDITIVA-FISICA-INTELECTUAL-MENTAL/PSICOSOCIAL-MULTIPLE", "TALENTOS_O": "CAPACIDADES EXCEPCIONALES-TALENTO EXCEPCIONAL EN ACTIVIDAD FISICA, EJERCICIO Y DEPORTE-TALENTO EXCEPCIONAL EN CIENCIAS NATURALES O BASICAS", "GRUPOS_ETN": "AFRODESCENDIENTES-INDIGENAS-NEGRITUDES", "SECTOR": 2, "NATU_JUR": 9, "CALENDARIO": 1, "GENERO": 5, "COD_LOCA": "07", "ESPECIALID": 1, "CLASE_TIPO": 1, "BILINGUE": 5, "FECHA": "2025-04-30", "DANE12_EST": "111001801080", "DANE12_SED": "111001801080", "DA_HIPOACU": 3, "DA_SORDERA": 0, "DA_LENGUAS": 0, "DA_UCASTEL": 0, "DISCAP_FIS": 4, "DISCAP_FLE": 0, "DISCAP_PCE": 0, "DI_DCOGNIT": 36, "DI_SDOWN": 0, "DIS_MULTIP": 19, "DIS_PSICOS": 2, "DV_BAJAVIS": 2, "DIS_CEGUER": 0, "T_ESPECTRO": 0, "T_VOZ_Y_HA": 0, "SISTEMICA": 0, "SORDOCEGUE": 0, "OTRA": 0, "TOT_EST_MA": 66, "AFRODESCEN": 30, "INDIGENAS": 20, "NEGRITUDES": 6, "PALENQUERO": 0, "RAIZALES": 0, "ROM": 0, "TOT_EST_ET": 56, "CAPACID_EX": 2, "DOBLE_EXCE": 0, "TE_ACTFISI": 9, "TE_ARTES": 1, "TE_CNATUR": 2, "TE_CSOCIAL": 0, "TE_LDSOCIA": 0, "TE_TECNOLO": 2, "TOT_EST_CA": 16, "TMATRIC_GE": 2776, "Zona": 1 }, "geometry": { "type": "Point", "coordinates": [ -8259290.620100000873208, 514362.868999999016523 ] } },
{ "type": "Feature", "properties": { "NOMBRE_EST": "COLEGIO CIUDADELA EL RECREO SONIA OSORIO DE SAINT-MALO (IED)", "NOMBRE_SED": "COLEGIO CIUDADELA EL RECREO SONIA OSORIO DE SAINT-MALO (IED)", "ORDEN_DE_S": "A", "DIRECCION": "KR 97 C # 65 - 02 SUR", "DISCAPACID": "AUDITIVA-FISICA-INTELECTUAL-MENTAL/PSICOSOCIAL-MULTIPLE-VISUAL", "TALENTOS_O": "CAPACIDADES EXCEPCIONALES-TALENTO EXCEPCIONAL EN ACTIVIDAD FISICA, EJERCICIO Y DEPORTE-TALENTO EXCEPCIONAL EN ARTES Y LETRAS-TALENTO EXCEPCIONAL EN LIDERAZGO SOCIAL Y EMPRENDIMIENTO", "GRUPOS_ETN": "AFRODESCENDIENTES-INDIGENAS-NEGRITUDES-RAIZALES", "SECTOR": 2, "NATU_JUR": 9, "CALENDARIO": 1, "GENERO": 5, "COD_LOCA": "07", "ESPECIALID": 1, "CLASE_TIPO": 1, "BILINGUE": 5, "FECHA": "2025-04-30", "DANE12_EST": "111001801098", "DANE12_SED": "111001801098", "DA_HIPOACU": 4, "DA_SORDERA": 0, "DA_LENGUAS": 0, "DA_UCASTEL": 0, "DISCAP_FIS": 4, "DISCAP_FLE": 0, "DISCAP_PCE": 0, "DI_DCOGNIT": 26, "DI_SDOWN": 0, "DIS_MULTIP": 12, "DIS_PSICOS": 5, "DV_BAJAVIS": 2, "DIS_CEGUER": 0, "T_ESPECTRO": 0, "T_VOZ_Y_HA": 0, "SISTEMICA": 0, "SORDOCEGUE": 0, "OTRA": 0, "TOT_EST_MA": 53, "AFRODESCEN": 10, "INDIGENAS": 5, "NEGRITUDES": 4, "PALENQUERO": 0, "RAIZALES": 3, "ROM": 0, "TOT_EST_ET": 22, "CAPACID_EX": 3, "DOBLE_EXCE": 0, "TE_ACTFISI": 11, "TE_ARTES": 5, "TE_CNATUR": 1, "TE_CSOCIAL": 1, "TE_LDSOCIA": 1, "TE_TECNOLO": 1, "TOT_EST_CA": 23, "TMATRIC_GE": 2051, "Zona": 1 }, "geometry": { "type": "Point", "coordinates": [ -8259812.708499999716878, 516412.254299998283386 ] } },
{ "type": "Feature", "properties": { "NOMBRE_EST": "COLEGIO LAURA HERRERA DE VARELA (IED)", "NOMBRE_SED": "COLEGIO LAURA HERRERA DE VARELA (IED)", "ORDEN_DE_S": "A", "DIRECCION": "KR 88 I # 54 F - 17 SUR", "DISCAPACID": null, "TALENTOS_O": null, "GRUPOS_ETN": null, "SECTOR": 2, "NATU_JUR": 9, "CALENDARIO": 1, "GENERO": 5, "COD_LOCA": "07", "ESPECIALID": 1, "CLASE_TIPO": 1, "BILINGUE": 5, "FECHA": "2025-04-30", "DANE12_EST": "111001801101", "DANE12_SED": "111001801101", "DA_HIPOACU": 2, "DA_SORDERA": 0, "DA_LENGUAS": 0, "DA_UCASTEL": 0, "DISCAP_FIS": 3, "DISCAP_FLE": 0, "DISCAP_PCE": 0, "DI_DCOGNIT": 38, "DI_SDOWN": 0, "DIS_MULTIP": 19, "DIS_PSICOS": 7, "DV_BAJAVIS": 3, "DIS_CEGUER": 0, "T_ESPECTRO": 0, "T_VOZ_Y_HA": 0, "SISTEMICA": 0, "SORDOCEGUE": 0, "OTRA": 0, "TOT_EST_MA": 72, "AFRODESCEN": 14, "INDIGENAS": 3, "NEGRITUDES": 5, "PALENQUERO": 0, "RAIZALES": 0, "ROM": 0, "TOT_EST_ET": 22, "CAPACID_EX": 1, "DOBLE_EXCE": 0, "TE_ACTFISI": 4, "TE_ARTES": 5, "TE_CNATUR": 0, "TE_CSOCIAL": 1, "TE_LDSOCIA": 0, "TE_TECNOLO": 3, "TOT_EST_CA": 14, "TMATRIC_GE": 2048, "Zona": 1 }, "geometry": { "type": "Point", "coordinates": [ -8258406.743300000205636, 515977.802499998360872 ] } },
{ "type": "Feature", "properties": { "NOMBRE_EST": "COLEGIO LUIS LOPEZ DE MESA (IED)", "NOMBRE_SED": "LUIS LOPEZ DE MESA", "ORDEN_DE_S": "A", "DIRECCION": "CL 65 H SUR # 78 A - 03", "DISCAPACID": "AUDITIVA-FISICA-INTELECTUAL-MENTAL/PSICOSOCIAL-MULTIPLE-SORDOCEGUERA-VISUAL", "TALENTOS_O": "CAPACIDADES EXCEPCIONALES-TALENTO EXCEPCIONAL EN ACTIVIDAD FISICA, EJERCICIO Y DEPORTE-TALENTO EXCEPCIONAL EN ARTES Y LETRAS-TALENTO EXCEPCIONAL EN CIENCIAS NATURALES O BASICAS-TALENTO EXCEPCIONAL EN LIDERAZGO SOCIAL Y EMPRENDIMIENTO-TALENTO EXCEPCIONAL", "GRUPOS_ETN": "AFRODESCENDIENTES-INDIGENAS-NEGRITUDES-RAIZALES", "SECTOR": 2, "NATU_JUR": 9, "CALENDARIO": 1, "GENERO": 5, "COD_LOCA": "07", "ESPECIALID": 12, "CLASE_TIPO": 1, "BILINGUE": 5, "FECHA": "2025-04-30", "DANE12_EST": "111102000265", "DANE12_SED": "111102000265", "DA_HIPOACU": 1, "DA_SORDERA": 0, "DA_LENGUAS": 0, "DA_UCASTEL": 0, "DISCAP_FIS": 6, "DISCAP_FLE": 0, "DISCAP_PCE": 0, "DI_DCOGNIT": 35, "DI_SDOWN": 0, "DIS_MULTIP": 12, "DIS_PSICOS": 3, "DV_BAJAVIS": 4, "DIS_CEGUER": 0, "T_ESPECTRO": 0, "T_VOZ_Y_HA": 0, "SISTEMICA": 0, "SORDOCEGUE": 0, "OTRA": 0, "TOT_EST_MA": 61, "AFRODESCEN": 9, "INDIGENAS": 28, "NEGRITUDES": 4, "PALENQUERO": 0, "RAIZALES": 6, "ROM": 0, "TOT_EST_ET": 47, "CAPACID_EX": 5, "DOBLE_EXCE": 0, "TE_ACTFISI": 17, "TE_ARTES": 7, "TE_CNATUR": 1, "TE_CSOCIAL": 0, "TE_LDSOCIA": 4, "TE_TECNOLO": 1, "TOT_EST_CA": 35, "TMATRIC_GE": 2668, "Zona": 1 }, "geometry": { "type": "Point", "coordinates": [ -8258329.932900000363588, 512688.778400000184774 ] } },
{ "type": "Feature", "properties": { "NOMBRE_EST": "COLEGIO PABLO DE TARSO (IED)", "NOMBRE_SED": "PABLO DE TARSO", "ORDEN_DE_S": "A", "DIRECCION": "CL 66 SUR # 78 J - 02", "DISCAPACID": "AUDITIVA-FISICA-INTELECTUAL-MENTAL/PSICOSOCIAL-MULTIPLE-SORDOCEGUERA-VISUAL", "TALENTOS_O": "CAPACIDADES EXCEPCIONALES-TALENTO EXCEPCIONAL EN ACTIVIDAD FISICA, EJERCICIO Y DEPORTE-TALENTO EXCEPCIONAL EN ARTES Y LETRAS-TALENTO EXCEPCIONAL EN LIDERAZGO SOCIAL Y EMPRENDIMIENTO", "GRUPOS_ETN": "AFRODESCENDIENTES-INDIGENAS-NEGRITUDES-PALENQUEROS", "SECTOR": 2, "NATU_JUR": 9, "CALENDARIO": 1, "GENERO": 5, "COD_LOCA": "07", "ESPECIALID": 1, "CLASE_TIPO": 1, "BILINGUE": 5, "FECHA": "2025-04-30", "DANE12_EST": "111102000281", "DANE12_SED": "111102000281", "DA_HIPOACU": 32, "DA_SORDERA": 0, "DA_LENGUAS": 0, "DA_UCASTEL": 0, "DISCAP_FIS": 4, "DISCAP_FLE": 0, "DISCAP_PCE": 0, "DI_DCOGNIT": 29, "DI_SDOWN": 0, "DIS_MULTIP": 34, "DIS_PSICOS": 4, "DV_BAJAVIS": 1, "DIS_CEGUER": 0, "T_ESPECTRO": 0, "T_VOZ_Y_HA": 0, "SISTEMICA": 0, "SORDOCEGUE": 0, "OTRA": 0, "TOT_EST_MA": 104, "AFRODESCEN": 12, "INDIGENAS": 13, "NEGRITUDES": 8, "PALENQUERO": 1, "RAIZALES": 0, "ROM": 0, "TOT_EST_ET": 34, "CAPACID_EX": 3, "DOBLE_EXCE": 0, "TE_ACTFISI": 12, "TE_ARTES": 6, "TE_CNATUR": 0, "TE_CSOCIAL": 0, "TE_LDSOCIA": 4, "TE_TECNOLO": 0, "TOT_EST_CA": 25, "TMATRIC_GE": 2200, "Zona": 1 }, "geometry": { "type": "Point", "coordinates": [ -8258506.9309, 513041.6858000010252 ] } },
{ "type": "Feature", "properties": { "NOMBRE_EST": "COLEGIO PABLO DE TARSO (IED)", "NOMBRE_SED": "PAULO VI", "ORDEN_DE_S": "B", "DIRECCION": "CL 71 BIS SUR # 77 I - 21", "DISCAPACID": "FISICA-INTELECTUAL-MULTIPLE", "TALENTOS_O": "CAPACIDADES EXCEPCIONALES-TALENTO EXCEPCIONAL EN ACTIVIDAD FISICA, EJERCICIO Y DEPORTE", "GRUPOS_ETN": "AFRODESCENDIENTES-INDIGENAS", "SECTOR": 2, "NATU_JUR": 9, "CALENDARIO": 1, "GENERO": 5, "COD_LOCA": "07", "ESPECIALID": 13, "CLASE_TIPO": 1, "BILINGUE": 5, "FECHA": "2025-04-30", "DANE12_EST": "111102000281", "DANE12_SED": "111102000907", "DA_HIPOACU": 0, "DA_SORDERA": 0, "DA_LENGUAS": 0, "DA_UCASTEL": 0, "DISCAP_FIS": 3, "DISCAP_FLE": 0, "DISCAP_PCE": 0, "DI_DCOGNIT": 2, "DI_SDOWN": 0, "DIS_MULTIP": 1, "DIS_PSICOS": 0, "DV_BAJAVIS": 0, "DIS_CEGUER": 0, "T_ESPECTRO": 0, "T_VOZ_Y_HA": 0, "SISTEMICA": 0, "SORDOCEGUE": 0, "OTRA": 0, "TOT_EST_MA": 6, "AFRODESCEN": 5, "INDIGENAS": 1, "NEGRITUDES": 0, "PALENQUERO": 0, "RAIZALES": 0, "ROM": 0, "TOT_EST_ET": 6, "CAPACID_EX": 1, "DOBLE_EXCE": 0, "TE_ACTFISI": 5, "TE_ARTES": 0, "TE_CNATUR": 0, "TE_CSOCIAL": 0, "TE_LDSOCIA": 0, "TE_TECNOLO": 1, "TOT_EST_CA": 7, "TMATRIC_GE": 332, "Zona": 1 }, "geometry": { "type": "Point", "coordinates": [ -8259280.601299999281764, 512568.164799999445677 ] } },
{ "type": "Feature", "properties": { "NOMBRE_EST": "COLEGIO FRANCISCO DE PAULA SANTANDER (IED)", "NOMBRE_SED": "FRANCISCO DE PAULA SANTANDER", "ORDEN_DE_S": "A", "DIRECCION": "CL 61 SUR # 80 I - 40", "DISCAPACID": "AUDITIVA-FISICA-INTELECTUAL-MULTIPLE-VISUAL", "TALENTOS_O": "CAPACIDADES EXCEPCIONALES-TALENTO EXCEPCIONAL EN ACTIVIDAD FISICA, EJERCICIO Y DEPORTE-TALENTO EXCEPCIONAL EN CIENCIAS NATURALES O BASICAS-TALENTO EXCEPCIONAL EN CIENCIAS SOCIALES O HUMANAS", "GRUPOS_ETN": "AFRODESCENDIENTES-INDIGENAS-NEGRITUDES", "SECTOR": 2, "NATU_JUR": 9, "CALENDARIO": 1, "GENERO": 5, "COD_LOCA": "07", "ESPECIALID": 1, "CLASE_TIPO": 1, "BILINGUE": 5, "FECHA": "2025-04-30", "DANE12_EST": "111102000621", "DANE12_SED": "111102000621", "DA_HIPOACU": 0, "DA_SORDERA": 0, "DA_LENGUAS": 0, "DA_UCASTEL": 0, "DISCAP_FIS": 2, "DISCAP_FLE": 0, "DISCAP_PCE": 0, "DI_DCOGNIT": 19, "DI_SDOWN": 0, "DIS_MULTIP": 9, "DIS_PSICOS": 5, "DV_BAJAVIS": 2, "DIS_CEGUER": 0, "T_ESPECTRO": 0, "T_VOZ_Y_HA": 0, "SISTEMICA": 0, "SORDOCEGUE": 0, "OTRA": 0, "TOT_EST_MA": 37, "AFRODESCEN": 2, "INDIGENAS": 8, "NEGRITUDES": 1, "PALENQUERO": 0, "RAIZALES": 0, "ROM": 0, "TOT_EST_ET": 11, "CAPACID_EX": 3, "DOBLE_EXCE": 0, "TE_ACTFISI": 4, "TE_ARTES": 6, "TE_CNATUR": 0, "TE_CSOCIAL": 1, "TE_LDSOCIA": 0, "TE_TECNOLO": 0, "TOT_EST_CA": 14, "TMATRIC_GE": 1281, "Zona": 1 }, "geometry": { "type": "Point", "coordinates": [ -8258215.273800000548363, 513832.38289999961853 ] } },
{ "type": "Feature", "properties": { "NOMBRE_EST": "COLEGIO FERNANDO MAZUERA VILLEGAS (IED)", "NOMBRE_SED": "FERNANDO MAZUERA VILLEGAS", "ORDEN_DE_S": "A", "DIRECCION": "CL 68 A SUR # 80 H - 05", "DISCAPACID": "AUDITIVA-FISICA-INTELECTUAL-MENTAL/PSICOSOCIAL-MULTIPLE-SORDOCEGUERA-VISUAL", "TALENTOS_O": "CAPACIDADES EXCEPCIONALES-TALENTO EXCEPCIONAL EN ACTIVIDAD FISICA, EJERCICIO Y DEPORTE-TALENTO EXCEPCIONAL EN ARTES Y LETRAS-TALENTO EXCEPCIONAL EN CIENCIAS NATURALES O BASICAS-TALENTO EXCEPCIONAL EN CIENCIAS SOCIALES O HUMANAS-TALENTO EXCEPCIONAL EN LID", "GRUPOS_ETN": "AFRODESCENDIENTES-INDIGENAS-NEGRITUDES", "SECTOR": 2, "NATU_JUR": 9, "CALENDARIO": 1, "GENERO": 5, "COD_LOCA": "07", "ESPECIALID": 12, "CLASE_TIPO": 1, "BILINGUE": 5, "FECHA": "2025-04-30", "DANE12_EST": "111102000753", "DANE12_SED": "111102000753", "DA_HIPOACU": 7, "DA_SORDERA": 0, "DA_LENGUAS": 0, "DA_UCASTEL": 0, "DISCAP_FIS": 6, "DISCAP_FLE": 0, "DISCAP_PCE": 0, "DI_DCOGNIT": 88, "DI_SDOWN": 0, "DIS_MULTIP": 15, "DIS_PSICOS": 10, "DV_BAJAVIS": 2, "DIS_CEGUER": 0, "T_ESPECTRO": 0, "T_VOZ_Y_HA": 0, "SISTEMICA": 0, "SORDOCEGUE": 0, "OTRA": 0, "TOT_EST_MA": 128, "AFRODESCEN": 22, "INDIGENAS": 25, "NEGRITUDES": 29, "PALENQUERO": 0, "RAIZALES": 0, "ROM": 0, "TOT_EST_ET": 76, "CAPACID_EX": 5, "DOBLE_EXCE": 0, "TE_ACTFISI": 10, "TE_ARTES": 8, "TE_CNATUR": 1, "TE_CSOCIAL": 1, "TE_LDSOCIA": 1, "TE_TECNOLO": 6, "TOT_EST_CA": 32, "TMATRIC_GE": 3501, "Zona": 1 }, "geometry": { "type": "Point", "coordinates": [ -8258867.606000000610948, 513391.24439999833703 ] } },
{ "type": "Feature", "properties": { "NOMBRE_EST": "COLEGIO FERNANDO MAZUERA VILLEGAS (IED)", "NOMBRE_SED": "GONZALO JIMENEZ DE QUESADA", "ORDEN_DE_S": "B", "DIRECCION": "DG 66 SUR # 80 C - 20", "DISCAPACID": "AUDITIVA-FISICA-INTELECTUAL-MULTIPLE-VISUAL", "TALENTOS_O": "TALENTO EXCEPCIONAL EN ACTIVIDAD FISICA, EJERCICIO Y DEPORTE", "GRUPOS_ETN": "AFRODESCENDIENTES-INDIGENAS", "SECTOR": 2, "NATU_JUR": 9, "CALENDARIO": 1, "GENERO": 5, "COD_LOCA": "07", "ESPECIALID": 13, "CLASE_TIPO": 1, "BILINGUE": 5, "FECHA": "2025-04-30", "DANE12_EST": "111102000753", "DANE12_SED": "111102000559", "DA_HIPOACU": 1, "DA_SORDERA": 0, "DA_LENGUAS": 0, "DA_UCASTEL": 0, "DISCAP_FIS": 2, "DISCAP_FLE": 0, "DISCAP_PCE": 0, "DI_DCOGNIT": 2, "DI_SDOWN": 0, "DIS_MULTIP": 4, "DIS_PSICOS": 0, "DV_BAJAVIS": 1, "DIS_CEGUER": 0, "T_ESPECTRO": 0, "T_VOZ_Y_HA": 0, "SISTEMICA": 0, "SORDOCEGUE": 0, "OTRA": 0, "TOT_EST_MA": 10, "AFRODESCEN": 4, "INDIGENAS": 5, "NEGRITUDES": 2, "PALENQUERO": 0, "RAIZALES": 0, "ROM": 0, "TOT_EST_ET": 11, "CAPACID_EX": 0, "DOBLE_EXCE": 0, "TE_ACTFISI": 10, "TE_ARTES": 5, "TE_CNATUR": 0, "TE_CSOCIAL": 0, "TE_LDSOCIA": 0, "TE_TECNOLO": 0, "TOT_EST_CA": 15, "TMATRIC_GE": 524, "Zona": 1 }, "geometry": { "type": "Point", "coordinates": [ -8258629.38230000063777, 513317.535500001162291 ] } },
{ "type": "Feature", "properties": { "NOMBRE_EST": "COLEGIO FERNANDO MAZUERA VILLEGAS (IED)", "NOMBRE_SED": "HUMBERTO VALENCIA", "ORDEN_DE_S": "C", "DIRECCION": "KR 81 B # 71 F - 15 SUR", "DISCAPACID": "AUDITIVA-FISICA-INTELECTUAL-MULTIPLE", "TALENTOS_O": "TALENTO EXCEPCIONAL EN ACTIVIDAD FISICA, EJERCICIO Y DEPORTE", "GRUPOS_ETN": "AFRODESCENDIENTES-NEGRITUDES", "SECTOR": 2, "NATU_JUR": 9, "CALENDARIO": 1, "GENERO": 5, "COD_LOCA": "07", "ESPECIALID": 13, "CLASE_TIPO": 1, "BILINGUE": 5, "FECHA": "2025-04-30", "DANE12_EST": "111102000753", "DANE12_SED": "111102000583", "DA_HIPOACU": 0, "DA_SORDERA": 0, "DA_LENGUAS": 0, "DA_UCASTEL": 0, "DISCAP_FIS": 0, "DISCAP_FLE": 0, "DISCAP_PCE": 0, "DI_DCOGNIT": 9, "DI_SDOWN": 0, "DIS_MULTIP": 7, "DIS_PSICOS": 0, "DV_BAJAVIS": 0, "DIS_CEGUER": 0, "T_ESPECTRO": 0, "T_VOZ_Y_HA": 0, "SISTEMICA": 0, "SORDOCEGUE": 0, "OTRA": 0, "TOT_EST_MA": 16, "AFRODESCEN": 0, "INDIGENAS": 4, "NEGRITUDES": 0, "PALENQUERO": 0, "RAIZALES": 0, "ROM": 0, "TOT_EST_ET": 4, "CAPACID_EX": 0, "DOBLE_EXCE": 0, "TE_ACTFISI": 4, "TE_ARTES": 1, "TE_CNATUR": 0, "TE_CSOCIAL": 0, "TE_LDSOCIA": 0, "TE_TECNOLO": 1, "TOT_EST_CA": 6, "TMATRIC_GE": 423, "Zona": 1 }, "geometry": { "type": "Point", "coordinates": [ -8259449.806900000199676, 513820.098000001162291 ] } },
{ "type": "Feature", "properties": { "NOMBRE_EST": "COLEGIO FERNANDO MAZUERA VILLEGAS (IED)", "NOMBRE_SED": "NUEVA ISLANDIA", "ORDEN_DE_S": "D", "DIRECCION": "DG 72 C SUR # 83 A - 21", "DISCAPACID": "INTELECTUAL-MENTAL/PSICOSOCIAL-MULTIPLE", "TALENTOS_O": "CAPACIDADES EXCEPCIONALES-TALENTO EXCEPCIONAL EN ACTIVIDAD FISICA, EJERCICIO Y DEPORTE-TALENTO EXCEPCIONAL EN ARTES Y LETRAS", "GRUPOS_ETN": "AFRODESCENDIENTES-NEGRITUDES", "SECTOR": 2, "NATU_JUR": 9, "CALENDARIO": 1, "GENERO": 5, "COD_LOCA": "07", "ESPECIALID": 13, "CLASE_TIPO": 1, "BILINGUE": 5, "FECHA": "2025-04-30", "DANE12_EST": "111102000753", "DANE12_SED": "111001094862", "DA_HIPOACU": 0, "DA_SORDERA": 0, "DA_LENGUAS": 0, "DA_UCASTEL": 0, "DISCAP_FIS": 1, "DISCAP_FLE": 0, "DISCAP_PCE": 0, "DI_DCOGNIT": 4, "DI_SDOWN": 0, "DIS_MULTIP": 5, "DIS_PSICOS": 1, "DV_BAJAVIS": 0, "DIS_CEGUER": 0, "T_ESPECTRO": 0, "T_VOZ_Y_HA": 0, "SISTEMICA": 0, "SORDOCEGUE": 0, "OTRA": 0, "TOT_EST_MA": 11, "AFRODESCEN": 3, "INDIGENAS": 3, "NEGRITUDES": 0, "PALENQUERO": 0, "RAIZALES": 0, "ROM": 0, "TOT_EST_ET": 6, "CAPACID_EX": 1, "DOBLE_EXCE": 0, "TE_ACTFISI": 3, "TE_ARTES": 1, "TE_CNATUR": 0, "TE_CSOCIAL": 0, "TE_LDSOCIA": 0, "TE_TECNOLO": 0, "TOT_EST_CA": 5, "TMATRIC_GE": 296, "Zona": 1 }, "geometry": { "type": "Point", "coordinates": [ -8259509.91950000077486, 514301.444200001657009 ] } },
{ "type": "Feature", "properties": { "NOMBRE_EST": "COLEGIO FERNANDO MAZUERA VILLEGAS (IED)", "NOMBRE_SED": "SEDE E", "ORDEN_DE_S": "E", "DIRECCION": "TV 80 B # 65 F - 80 SUR", "DISCAPACID": "INTELECTUAL-MULTIPLE", "TALENTOS_O": "TALENTO EXCEPCIONAL EN ACTIVIDAD FISICA, EJERCICIO Y DEPORTE-TALENTO EXCEPCIONAL EN ARTES Y LETRAS-TALENTO EXCEPCIONAL EN LIDERAZGO SOCIAL Y EMPRENDIMIENTO-TALENTO EXCEPCIONAL EN TECNOLOGIA", "GRUPOS_ETN": "INDIGENAS", "SECTOR": 2, "NATU_JUR": 9, "CALENDARIO": 1, "GENERO": 5, "COD_LOCA": "07", "ESPECIALID": 13, "CLASE_TIPO": 1, "BILINGUE": 5, "FECHA": "2025-04-30", "DANE12_EST": "111102000753", "DANE12_SED": "111001110329", "DA_HIPOACU": 0, "DA_SORDERA": 0, "DA_LENGUAS": 0, "DA_UCASTEL": 0, "DISCAP_FIS": 1, "DISCAP_FLE": 0, "DISCAP_PCE": 0, "DI_DCOGNIT": 1, "DI_SDOWN": 0, "DIS_MULTIP": 0, "DIS_PSICOS": 0, "DV_BAJAVIS": 0, "DIS_CEGUER": 0, "T_ESPECTRO": 0, "T_VOZ_Y_HA": 0, "SISTEMICA": 0, "SORDOCEGUE": 0, "OTRA": 0, "TOT_EST_MA": 2, "AFRODESCEN": 0, "INDIGENAS": 0, "NEGRITUDES": 0, "PALENQUERO": 0, "RAIZALES": 0, "ROM": 0, "TOT_EST_ET": 0, "CAPACID_EX": 0, "DOBLE_EXCE": 0, "TE_ACTFISI": 0, "TE_ARTES": 0, "TE_CNATUR": 0, "TE_CSOCIAL": 0, "TE_LDSOCIA": 0, "TE_TECNOLO": 0, "TOT_EST_CA": 0, "TMATRIC_GE": 150, "Zona": 1 }, "geometry": { "type": "Point", "coordinates": [ -8258489.119699999690056, 513342.105099998414516 ] } },
{ "type": "Feature", "properties": { "NOMBRE_EST": "COLEGIO PORFIRIO BARBA JACOB (IED)", "NOMBRE_SED": "PORFIRIO BARBA JACOB", "ORDEN_DE_S": "A", "DIRECCION": "CL 70 A SUR # 81 G - 13", "DISCAPACID": "AUDITIVA-FISICA-INTELECTUAL-MENTAL/PSICOSOCIAL-MULTIPLE-VISUAL", "TALENTOS_O": "CAPACIDADES EXCEPCIONALES-TALENTO EXCEPCIONAL EN ACTIVIDAD FISICA, EJERCICIO Y DEPORTE-TALENTO EXCEPCIONAL EN ARTES Y LETRAS-TALENTO EXCEPCIONAL EN CIENCIAS SOCIALES O HUMANAS-TALENTO EXCEPCIONAL EN LIDERAZGO SOCIAL Y EMPRENDIMIENTO-TALENTO EXCEPCIONAL E", "GRUPOS_ETN": "AFRODESCENDIENTES-INDIGENAS-NEGRITUDES", "SECTOR": 2, "NATU_JUR": 9, "CALENDARIO": 1, "GENERO": 5, "COD_LOCA": "07", "ESPECIALID": 1, "CLASE_TIPO": 1, "BILINGUE": 5, "FECHA": "2025-04-30", "DANE12_EST": "111102000958", "DANE12_SED": "111102000958", "DA_HIPOACU": 2, "DA_SORDERA": 0, "DA_LENGUAS": 0, "DA_UCASTEL": 0, "DISCAP_FIS": 3, "DISCAP_FLE": 0, "DISCAP_PCE": 0, "DI_DCOGNIT": 37, "DI_SDOWN": 0, "DIS_MULTIP": 16, "DIS_PSICOS": 10, "DV_BAJAVIS": 2, "DIS_CEGUER": 0, "T_ESPECTRO": 0, "T_VOZ_Y_HA": 0, "SISTEMICA": 0, "SORDOCEGUE": 0, "OTRA": 0, "TOT_EST_MA": 70, "AFRODESCEN": 6, "INDIGENAS": 9, "NEGRITUDES": 5, "PALENQUERO": 0, "RAIZALES": 0, "ROM": 0, "TOT_EST_ET": 20, "CAPACID_EX": 1, "DOBLE_EXCE": 0, "TE_ACTFISI": 5, "TE_ARTES": 4, "TE_CNATUR": 1, "TE_CSOCIAL": 1, "TE_LDSOCIA": 2, "TE_TECNOLO": 4, "TOT_EST_CA": 18, "TMATRIC_GE": 1875, "Zona": 1 }, "geometry": { "type": "Point", "coordinates": [ -8259172.621400000527501, 513937.363000001758337 ] } },
{ "type": "Feature", "properties": { "NOMBRE_EST": "COLEGIO VILLAS DEL PROGRESO (IED)", "NOMBRE_SED": "VILLAS DEL PROGRESO", "ORDEN_DE_S": "A", "DIRECCION": "KR 89 A BIS # 72 A - 13 SUR", "DISCAPACID": "INTELECTUAL-MENTAL/PSICOSOCIAL-MULTIPLE-SORDOCEGUERA", "TALENTOS_O": "TALENTO EXCEPCIONAL EN ACTIVIDAD FISICA, EJERCICIO Y DEPORTE-TALENTO EXCEPCIONAL EN ARTES Y LETRAS", "GRUPOS_ETN": "AFRODESCENDIENTES-INDIGENAS-NEGRITUDES", "SECTOR": 2, "NATU_JUR": 9, "CALENDARIO": 1, "GENERO": 5, "COD_LOCA": "07", "ESPECIALID": 13, "CLASE_TIPO": 1, "BILINGUE": 5, "FECHA": "2025-04-30", "DANE12_EST": "211001076958", "DANE12_SED": "211001076958", "DA_HIPOACU": 0, "DA_SORDERA": 0, "DA_LENGUAS": 0, "DA_UCASTEL": 0, "DISCAP_FIS": 2, "DISCAP_FLE": 0, "DISCAP_PCE": 0, "DI_DCOGNIT": 11, "DI_SDOWN": 0, "DIS_MULTIP": 5, "DIS_PSICOS": 5, "DV_BAJAVIS": 1, "DIS_CEGUER": 0, "T_ESPECTRO": 0, "T_VOZ_Y_HA": 0, "SISTEMICA": 0, "SORDOCEGUE": 0, "OTRA": 0, "TOT_EST_MA": 24, "AFRODESCEN": 6, "INDIGENAS": 0, "NEGRITUDES": 0, "PALENQUERO": 0, "RAIZALES": 0, "ROM": 0, "TOT_EST_ET": 6, "CAPACID_EX": 0, "DOBLE_EXCE": 0, "TE_ACTFISI": 3, "TE_ARTES": 1, "TE_CNATUR": 0, "TE_CSOCIAL": 0, "TE_LDSOCIA": 0, "TE_TECNOLO": 0, "TOT_EST_CA": 4, "TMATRIC_GE": 643, "Zona": 1 }, "geometry": { "type": "Point", "coordinates": [ -8259987.480100000277162, 515472.99269999936223 ] } },
{ "type": "Feature", "properties": { "NOMBRE_EST": "COLEGIO VILLAS DEL PROGRESO (IED)", "NOMBRE_SED": "SEDE C", "ORDEN_DE_S": "B", "DIRECCION": "KR 102 A # 56 F - 34 SUR", "DISCAPACID": "AUDITIVA-FISICA-INTELECTUAL-MENTAL/PSICOSOCIAL-MULTIPLE-SORDOCEGUERA-VISUAL", "TALENTOS_O": "CAPACIDADES EXCEPCIONALES-TALENTO EXCEPCIONAL EN ACTIVIDAD FISICA, EJERCICIO Y DEPORTE-TALENTO EXCEPCIONAL EN ARTES Y LETRAS-TALENTO EXCEPCIONAL EN LIDERAZGO SOCIAL Y EMPRENDIMIENTO-TALENTO EXCEPCIONAL EN TECNOLOGIA", "GRUPOS_ETN": "AFRODESCENDIENTES-INDIGENAS-NEGRITUDES-RAIZALES", "SECTOR": 2, "NATU_JUR": 9, "CALENDARIO": 1, "GENERO": 5, "COD_LOCA": "07", "ESPECIALID": 1, "CLASE_TIPO": 1, "BILINGUE": 5, "FECHA": "2025-04-30", "DANE12_EST": "211001076958", "DANE12_SED": "111001110078", "DA_HIPOACU": 3, "DA_SORDERA": 0, "DA_LENGUAS": 0, "DA_UCASTEL": 0, "DISCAP_FIS": 7, "DISCAP_FLE": 0, "DISCAP_PCE": 0, "DI_DCOGNIT": 39, "DI_SDOWN": 0, "DIS_MULTIP": 15, "DIS_PSICOS": 0, "DV_BAJAVIS": 3, "DIS_CEGUER": 0, "T_ESPECTRO": 0, "T_VOZ_Y_HA": 0, "SISTEMICA": 0, "SORDOCEGUE": 0, "OTRA": 0, "TOT_EST_MA": 67, "AFRODESCEN": 39, "INDIGENAS": 31, "NEGRITUDES": 13, "PALENQUERO": 0, "RAIZALES": 0, "ROM": 0, "TOT_EST_ET": 83, "CAPACID_EX": 1, "DOBLE_EXCE": 0, "TE_ACTFISI": 5, "TE_ARTES": 3, "TE_CNATUR": 0, "TE_CSOCIAL": 0, "TE_LDSOCIA": 0, "TE_TECNOLO": 2, "TOT_EST_CA": 11, "TMATRIC_GE": 2844, "Zona": 1 }, "geometry": { "type": "Point", "coordinates": [ -8259356.298599999397993, 517196.2837999984622 ] } },
{ "type": "Feature", "properties": { "NOMBRE_EST": "COLEGIO VILLAS DEL PROGRESO (IED)", "NOMBRE_SED": "PRIMERA INFANCIA PORVENIR VII", "ORDEN_DE_S": "C", "DIRECCION": "CL 55 SUR # 103 - 96", "DISCAPACID": null, "TALENTOS_O": null, "GRUPOS_ETN": null, "SECTOR": 2, "NATU_JUR": 9, "CALENDARIO": 1, "GENERO": 5, "COD_LOCA": "07", "ESPECIALID": 13, "CLASE_TIPO": 1, "BILINGUE": 5, "FECHA": "2025-04-30", "DANE12_EST": "211001076958", "DANE12_SED": "111001801187", "DA_HIPOACU": 0, "DA_SORDERA": 0, "DA_LENGUAS": 0, "DA_UCASTEL": 0, "DISCAP_FIS": 0, "DISCAP_FLE": 0, "DISCAP_PCE": 0, "DI_DCOGNIT": 3, "DI_SDOWN": 0, "DIS_MULTIP": 3, "DIS_PSICOS": 0, "DV_BAJAVIS": 0, "DIS_CEGUER": 0, "T_ESPECTRO": 0, "T_VOZ_Y_HA": 0, "SISTEMICA": 0, "SORDOCEGUE": 0, "OTRA": 0, "TOT_EST_MA": 6, "AFRODESCEN": 1, "INDIGENAS": 1, "NEGRITUDES": 0, "PALENQUERO": 0, "RAIZALES": 0, "ROM": 0, "TOT_EST_ET": 2, "CAPACID_EX": 0, "DOBLE_EXCE": 0, "TE_ACTFISI": 1, "TE_ARTES": 1, "TE_CNATUR": 0, "TE_CSOCIAL": 0, "TE_LDSOCIA": 0, "TE_TECNOLO": 0, "TOT_EST_CA": 2, "TMATRIC_GE": 476, "Zona": 1 }, "geometry": { "type": "Point", "coordinates": [ -8259239.413100000470877, 517496.718899998813868 ] } },
{ "type": "Feature", "properties": { "NOMBRE_EST": "COLEGIO SAN BERNARDINO (IED)", "NOMBRE_SED": "SAN BERNARDINO", "ORDEN_DE_S": "A", "DIRECCION": "KR 87 B # 79 C - 51 SUR", "DISCAPACID": "FISICA-INTELECTUAL-MENTAL/PSICOSOCIAL-MULTIPLE", "TALENTOS_O": "CAPACIDADES EXCEPCIONALES-TALENTO EXCEPCIONAL EN ARTES Y LETRAS-TALENTO EXCEPCIONAL EN CIENCIAS NATURALES O BASICAS-TALENTO EXCEPCIONAL EN CIENCIAS SOCIALES O HUMANAS", "GRUPOS_ETN": "AFRODESCENDIENTES-INDIGENAS-NEGRITUDES", "SECTOR": 2, "NATU_JUR": 9, "CALENDARIO": 1, "GENERO": 5, "COD_LOCA": "07", "ESPECIALID": 1, "CLASE_TIPO": 1, "BILINGUE": 5, "FECHA": "2025-04-30", "DANE12_EST": "211102000201", "DANE12_SED": "211102000201", "DA_HIPOACU": 0, "DA_SORDERA": 0, "DA_LENGUAS": 0, "DA_UCASTEL": 0, "DISCAP_FIS": 3, "DISCAP_FLE": 0, "DISCAP_PCE": 0, "DI_DCOGNIT": 24, "DI_SDOWN": 0, "DIS_MULTIP": 3, "DIS_PSICOS": 3, "DV_BAJAVIS": 0, "DIS_CEGUER": 0, "T_ESPECTRO": 0, "T_VOZ_Y_HA": 0, "SISTEMICA": 0, "SORDOCEGUE": 0, "OTRA": 0, "TOT_EST_MA": 33, "AFRODESCEN": 34, "INDIGENAS": 52, "NEGRITUDES": 21, "PALENQUERO": 0, "RAIZALES": 1, "ROM": 0, "TOT_EST_ET": 108, "CAPACID_EX": 3, "DOBLE_EXCE": 0, "TE_ACTFISI": 5, "TE_ARTES": 4, "TE_CNATUR": 1, "TE_CSOCIAL": 0, "TE_LDSOCIA": 0, "TE_TECNOLO": 0, "TOT_EST_CA": 13, "TMATRIC_GE": 1828, "Zona": 1 }, "geometry": { "type": "Point", "coordinates": [ -8260351.494799999520183, 514630.905499998480082 ] } },
{ "type": "Feature", "properties": { "NOMBRE_EST": "COLEGIO EL PORVENIR (IED)", "NOMBRE_SED": "EL PORVENIR", "ORDEN_DE_S": "A", "DIRECCION": "CL 51 SUR # 91 D - 56", "DISCAPACID": "AUDITIVA-FISICA-INTELECTUAL-MULTIPLE-SORDOCEGUERA-VISUAL", "TALENTOS_O": "CAPACIDADES EXCEPCIONALES-TALENTO EXCEPCIONAL EN ACTIVIDAD FISICA, EJERCICIO Y DEPORTE-TALENTO EXCEPCIONAL EN ARTES Y LETRAS-TALENTO EXCEPCIONAL EN CIENCIAS SOCIALES O HUMANAS-TALENTO EXCEPCIONAL EN LIDERAZGO SOCIAL Y EMPRENDIMIENTO", "GRUPOS_ETN": "AFRODESCENDIENTES-INDIGENAS-NEGRITUDES", "SECTOR": 2, "NATU_JUR": 9, "CALENDARIO": 1, "GENERO": 5, "COD_LOCA": "07", "ESPECIALID": 12, "CLASE_TIPO": 1, "BILINGUE": 5, "FECHA": "2025-04-30", "DANE12_EST": "211102000243", "DANE12_SED": "211102000243", "DA_HIPOACU": 2, "DA_SORDERA": 0, "DA_LENGUAS": 0, "DA_UCASTEL": 0, "DISCAP_FIS": 4, "DISCAP_FLE": 0, "DISCAP_PCE": 0, "DI_DCOGNIT": 30, "DI_SDOWN": 0, "DIS_MULTIP": 14, "DIS_PSICOS": 4, "DV_BAJAVIS": 3, "DIS_CEGUER": 0, "T_ESPECTRO": 0, "T_VOZ_Y_HA": 0, "SISTEMICA": 0, "SORDOCEGUE": 0, "OTRA": 0, "TOT_EST_MA": 57, "AFRODESCEN": 29, "INDIGENAS": 14, "NEGRITUDES": 7, "PALENQUERO": 0, "RAIZALES": 0, "ROM": 0, "TOT_EST_ET": 50, "CAPACID_EX": 1, "DOBLE_EXCE": 0, "TE_ACTFISI": 13, "TE_ARTES": 6, "TE_CNATUR": 0, "TE_CSOCIAL": 1, "TE_LDSOCIA": 3, "TE_TECNOLO": 2, "TOT_EST_CA": 26, "TMATRIC_GE": 2653, "Zona": 1 }, "geometry": { "type": "Point", "coordinates": [ -8258086.143200000748038, 516624.455299999564886 ] } },
{ "type": "Feature", "properties": { "NOMBRE_EST": "COLEGIO EL PORVENIR (IED)", "NOMBRE_SED": "EL RECUERDO", "ORDEN_DE_S": "C", "DIRECCION": "CL 58 SUR # 104 A - 50", "DISCAPACID": "AUDITIVA-FISICA-INTELECTUAL-MULTIPLE", "TALENTOS_O": "CAPACIDADES EXCEPCIONALES-TALENTO EXCEPCIONAL EN ACTIVIDAD FISICA, EJERCICIO Y DEPORTE-TALENTO EXCEPCIONAL EN ARTES Y LETRAS-TALENTO EXCEPCIONAL EN TECNOLOGIA", "GRUPOS_ETN": "AFRODESCENDIENTES-INDIGENAS-NEGRITUDES", "SECTOR": 2, "NATU_JUR": 9, "CALENDARIO": 1, "GENERO": 5, "COD_LOCA": "07", "ESPECIALID": 12, "CLASE_TIPO": 1, "BILINGUE": 5, "FECHA": "2025-04-30", "DANE12_EST": "211102000243", "DANE12_SED": "111001104361", "DA_HIPOACU": 1, "DA_SORDERA": 0, "DA_LENGUAS": 0, "DA_UCASTEL": 0, "DISCAP_FIS": 2, "DISCAP_FLE": 0, "DISCAP_PCE": 0, "DI_DCOGNIT": 11, "DI_SDOWN": 0, "DIS_MULTIP": 12, "DIS_PSICOS": 0, "DV_BAJAVIS": 0, "DIS_CEGUER": 0, "T_ESPECTRO": 0, "T_VOZ_Y_HA": 0, "SISTEMICA": 0, "SORDOCEGUE": 0, "OTRA": 0, "TOT_EST_MA": 26, "AFRODESCEN": 16, "INDIGENAS": 12, "NEGRITUDES": 5, "PALENQUERO": 0, "RAIZALES": 0, "ROM": 0, "TOT_EST_ET": 33, "CAPACID_EX": 1, "DOBLE_EXCE": 0, "TE_ACTFISI": 10, "TE_ARTES": 4, "TE_CNATUR": 0, "TE_CSOCIAL": 0, "TE_LDSOCIA": 0, "TE_TECNOLO": 0, "TOT_EST_CA": 15, "TMATRIC_GE": 1505, "Zona": 1 }, "geometry": { "type": "Point", "coordinates": [ -8259657.97440000064671, 517276.697599999606609 ] } },
{ "type": "Feature", "properties": { "NOMBRE_EST": "COLEGIO BOSANOVA (IED)", "NOMBRE_SED": "BOSANOVA", "ORDEN_DE_S": "A", "DIRECCION": "CL 59 B SUR # 87 B - 02", "DISCAPACID": "AUDITIVA-FISICA-INTELECTUAL-MENTAL/PSICOSOCIAL-MULTIPLE-SORDOCEGUERA", "TALENTOS_O": "TALENTO EXCEPCIONAL EN ACTIVIDAD FISICA, EJERCICIO Y DEPORTE-TALENTO EXCEPCIONAL EN LIDERAZGO SOCIAL Y EMPRENDIMIENTO-TALENTO EXCEPCIONAL EN TECNOLOGIA", "GRUPOS_ETN": "AFRODESCENDIENTES-INDIGENAS-NEGRITUDES-RAIZALES", "SECTOR": 2, "NATU_JUR": 9, "CALENDARIO": 1, "GENERO": 5, "COD_LOCA": "07", "ESPECIALID": 1, "CLASE_TIPO": 1, "BILINGUE": 5, "FECHA": "2025-04-30", "DANE12_EST": "211102000995", "DANE12_SED": "211102000995", "DA_HIPOACU": 3, "DA_SORDERA": 0, "DA_LENGUAS": 0, "DA_UCASTEL": 0, "DISCAP_FIS": 1, "DISCAP_FLE": 0, "DISCAP_PCE": 0, "DI_DCOGNIT": 29, "DI_SDOWN": 0, "DIS_MULTIP": 5, "DIS_PSICOS": 4, "DV_BAJAVIS": 1, "DIS_CEGUER": 0, "T_ESPECTRO": 0, "T_VOZ_Y_HA": 0, "SISTEMICA": 0, "SORDOCEGUE": 0, "OTRA": 0, "TOT_EST_MA": 43, "AFRODESCEN": 11, "INDIGENAS": 7, "NEGRITUDES": 2, "PALENQUERO": 0, "RAIZALES": 1, "ROM": 0, "TOT_EST_ET": 21, "CAPACID_EX": 2, "DOBLE_EXCE": 0, "TE_ACTFISI": 6, "TE_ARTES": 1, "TE_CNATUR": 1, "TE_CSOCIAL": 0, "TE_LDSOCIA": 2, "TE_TECNOLO": 0, "TOT_EST_CA": 12, "TMATRIC_GE": 1282, "Zona": 1 }, "geometry": { "type": "Point", "coordinates": [ -8258624.929500000551343, 515139.060499999672174 ] } },
{ "type": "Feature", "properties": { "NOMBRE_EST": "COLEGIO CARLOS ARANGO VELEZ (IED)", "NOMBRE_SED": "CARLOS ARANGO VELEZ", "ORDEN_DE_S": "A", "DIRECCION": "KR 70 B # 24 B - 35 SUR", "DISCAPACID": "AUDITIVA-FISICA-INTELECTUAL-MENTAL/PSICOSOCIAL-MULTIPLE-VISUAL", "TALENTOS_O": "CAPACIDADES EXCEPCIONALES-TALENTO EXCEPCIONAL EN ACTIVIDAD FISICA, EJERCICIO Y DEPORTE-TALENTO EXCEPCIONAL EN ARTES Y LETRAS-TALENTO EXCEPCIONAL EN CIENCIAS NATURALES O BASICAS-TALENTO EXCEPCIONAL EN CIENCIAS SOCIALES O HUMANAS-TALENTO EXCEPCIONAL EN LID", "GRUPOS_ETN": "AFRODESCENDIENTES-INDIGENAS-NEGRITUDES", "SECTOR": 2, "NATU_JUR": 9, "CALENDARIO": 1, "GENERO": 5, "COD_LOCA": "08", "ESPECIALID": 1, "CLASE_TIPO": 1, "BILINGUE": 5, "FECHA": "2025-04-30", "DANE12_EST": "111001000124", "DANE12_SED": "111001000124", "DA_HIPOACU": 2, "DA_SORDERA": 0, "DA_LENGUAS": 0, "DA_UCASTEL": 0, "DISCAP_FIS": 4, "DISCAP_FLE": 0, "DISCAP_PCE": 0, "DI_DCOGNIT": 25, "DI_SDOWN": 0, "DIS_MULTIP": 10, "DIS_PSICOS": 4, "DV_BAJAVIS": 2, "DIS_CEGUER": 0, "T_ESPECTRO": 0, "T_VOZ_Y_HA": 0, "SISTEMICA": 0, "SORDOCEGUE": 0, "OTRA": 0, "TOT_EST_MA": 47, "AFRODESCEN": 4, "INDIGENAS": 9, "NEGRITUDES": 4, "PALENQUERO": 0, "RAIZALES": 0, "ROM": 0, "TOT_EST_ET": 17, "CAPACID_EX": 2, "DOBLE_EXCE": 0, "TE_ACTFISI": 12, "TE_ARTES": 6, "TE_CNATUR": 1, "TE_CSOCIAL": 1, "TE_LDSOCIA": 1, "TE_TECNOLO": 0, "TOT_EST_CA": 23, "TMATRIC_GE": 1883, "Zona": 1 }, "geometry": { "type": "Point", "coordinates": [ -8252777.316700000315905, 514430.994899999350309 ] } },
{ "type": "Feature", "properties": { "NOMBRE_EST": "COLEGIO DARIO ECHANDIA (IED)", "NOMBRE_SED": "DARIO ECHANDIA", "ORDEN_DE_S": "A", "DIRECCION": "CL 5 A SUR # 88 B - 08", "DISCAPACID": "FISICA-INTELECTUAL-MENTAL/PSICOSOCIAL", "TALENTOS_O": "TALENTO EXCEPCIONAL EN ACTIVIDAD FISICA, EJERCICIO Y DEPORTE", "GRUPOS_ETN": "AFRODESCENDIENTES-INDIGENAS-NEGRITUDES", "SECTOR": 2, "NATU_JUR": 9, "CALENDARIO": 1, "GENERO": 5, "COD_LOCA": "08", "ESPECIALID": 9, "CLASE_TIPO": 1, "BILINGUE": 5, "FECHA": "2025-04-30", "DANE12_EST": "111001001279", "DANE12_SED": "111001001279", "DA_HIPOACU": 2, "DA_SORDERA": 0, "DA_LENGUAS": 0, "DA_UCASTEL": 0, "DISCAP_FIS": 0, "DISCAP_FLE": 0, "DISCAP_PCE": 0, "DI_DCOGNIT": 6, "DI_SDOWN": 0, "DIS_MULTIP": 0, "DIS_PSICOS": 3, "DV_BAJAVIS": 0, "DIS_CEGUER": 0, "T_ESPECTRO": 0, "T_VOZ_Y_HA": 0, "SISTEMICA": 0, "SORDOCEGUE": 0, "OTRA": 0, "TOT_EST_MA": 11, "AFRODESCEN": 8, "INDIGENAS": 6, "NEGRITUDES": 4, "PALENQUERO": 0, "RAIZALES": 1, "ROM": 0, "TOT_EST_ET": 19, "CAPACID_EX": 0, "DOBLE_EXCE": 0, "TE_ACTFISI": 14, "TE_ARTES": 4, "TE_CNATUR": 0, "TE_CSOCIAL": 0, "TE_LDSOCIA": 0, "TE_TECNOLO": 1, "TOT_EST_CA": 19, "TMATRIC_GE": 1151, "Zona": 1 }, "geometry": { "type": "Point", "coordinates": [ -8255683.868599999696016, 517292.333599999547005 ] } },
{ "type": "Feature", "properties": { "NOMBRE_EST": "COLEGIO DARIO ECHANDIA (IED)", "NOMBRE_SED": "LOS PATIOS", "ORDEN_DE_S": "B", "DIRECCION": "KR 88 F BIS # 2 - 09", "DISCAPACID": "MULTIPLE", "TALENTOS_O": "TALENTO EXCEPCIONAL EN ACTIVIDAD FISICA, EJERCICIO Y DEPORTE-TALENTO EXCEPCIONAL EN ARTES Y LETRAS", "GRUPOS_ETN": "AFRODESCENDIENTES-INDIGENAS-NEGRITUDES", "SECTOR": 2, "NATU_JUR": 9, "CALENDARIO": 1, "GENERO": 5, "COD_LOCA": "08", "ESPECIALID": 13, "CLASE_TIPO": 1, "BILINGUE": 5, "FECHA": "2025-04-30", "DANE12_EST": "111001001279", "DANE12_SED": "111001034771", "DA_HIPOACU": 0, "DA_SORDERA": 0, "DA_LENGUAS": 0, "DA_UCASTEL": 0, "DISCAP_FIS": 0, "DISCAP_FLE": 0, "DISCAP_PCE": 0, "DI_DCOGNIT": 5, "DI_SDOWN": 0, "DIS_MULTIP": 1, "DIS_PSICOS": 1, "DV_BAJAVIS": 0, "DIS_CEGUER": 0, "T_ESPECTRO": 0, "T_VOZ_Y_HA": 0, "SISTEMICA": 0, "SORDOCEGUE": 0, "OTRA": 0, "TOT_EST_MA": 7, "AFRODESCEN": 3, "INDIGENAS": 0, "NEGRITUDES": 1, "PALENQUERO": 0, "RAIZALES": 0, "ROM": 0, "TOT_EST_ET": 4, "CAPACID_EX": 1, "DOBLE_EXCE": 0, "TE_ACTFISI": 8, "TE_ARTES": 3, "TE_CNATUR": 0, "TE_CSOCIAL": 0, "TE_LDSOCIA": 0, "TE_TECNOLO": 0, "TOT_EST_CA": 12, "TMATRIC_GE": 558, "Zona": 1 }, "geometry": { "type": "Point", "coordinates": [ -8255629.322000000625849, 517456.511900000274181 ] } },
{ "type": "Feature", "properties": { "NOMBRE_EST": "COLEGIO DARIO ECHANDIA (IED)", "NOMBRE_SED": "TOCAREMA", "ORDEN_DE_S": "C", "DIRECCION": "CL 4 # 88 G - 16", "DISCAPACID": "AUDITIVA", "TALENTOS_O": "CAPACIDADES EXCEPCIONALES-TALENTO EXCEPCIONAL EN ACTIVIDAD FISICA, EJERCICIO Y DEPORTE-TALENTO EXCEPCIONAL EN LIDERAZGO SOCIAL Y EMPRENDIMIENTO", "GRUPOS_ETN": "AFRODESCENDIENTES", "SECTOR": 2, "NATU_JUR": 9, "CALENDARIO": 1, "GENERO": 5, "COD_LOCA": "08", "ESPECIALID": 13, "CLASE_TIPO": 1, "BILINGUE": 5, "FECHA": "2025-04-30", "DANE12_EST": "111001001279", "DANE12_SED": "111001034649", "DA_HIPOACU": 1, "DA_SORDERA": 0, "DA_LENGUAS": 0, "DA_UCASTEL": 0, "DISCAP_FIS": 0, "DISCAP_FLE": 0, "DISCAP_PCE": 0, "DI_DCOGNIT": 0, "DI_SDOWN": 0, "DIS_MULTIP": 0, "DIS_PSICOS": 0, "DV_BAJAVIS": 1, "DIS_CEGUER": 0, "T_ESPECTRO": 0, "T_VOZ_Y_HA": 0, "SISTEMICA": 0, "SORDOCEGUE": 0, "OTRA": 0, "TOT_EST_MA": 2, "AFRODESCEN": 0, "INDIGENAS": 0, "NEGRITUDES": 0, "PALENQUERO": 0, "RAIZALES": 0, "ROM": 0, "TOT_EST_ET": 0, "CAPACID_EX": 0, "DOBLE_EXCE": 0, "TE_ACTFISI": 1, "TE_ARTES": 0, "TE_CNATUR": 0, "TE_CSOCIAL": 0, "TE_LDSOCIA": 1, "TE_TECNOLO": 0, "TOT_EST_CA": 2, "TMATRIC_GE": 205, "Zona": 1 }, "geometry": { "type": "Point", "coordinates": [ -8255581.454600000753999, 517535.809000000357628 ] } },
{ "type": "Feature", "properties": { "NOMBRE_EST": "COLEGIO NACIONAL NICOLAS ESGUERRA (IED)", "NOMBRE_SED": "NACIONAL NICOLAS ESGUERRA", "ORDEN_DE_S": "A", "DIRECCION": "CL 9 C # 68 - 52", "DISCAPACID": "FISICA-INTELECTUAL-MENTAL/PSICOSOCIAL-MULTIPLE-SORDOCEGUERA-VISUAL", "TALENTOS_O": "CAPACIDADES EXCEPCIONALES-TALENTO EXCEPCIONAL EN ACTIVIDAD FISICA, EJERCICIO Y DEPORTE-TALENTO EXCEPCIONAL EN ARTES Y LETRAS-TALENTO EXCEPCIONAL EN LIDERAZGO SOCIAL Y EMPRENDIMIENTO", "GRUPOS_ETN": "AFRODESCENDIENTES-INDIGENAS-NEGRITUDES-ROM", "SECTOR": 2, "NATU_JUR": 9, "CALENDARIO": 1, "GENERO": 5, "COD_LOCA": "08", "ESPECIALID": 1, "CLASE_TIPO": 1, "BILINGUE": 5, "FECHA": "2025-04-30", "DANE12_EST": "111001010910", "DANE12_SED": "111001010910", "DA_HIPOACU": 0, "DA_SORDERA": 0, "DA_LENGUAS": 0, "DA_UCASTEL": 0, "DISCAP_FIS": 0, "DISCAP_FLE": 0, "DISCAP_PCE": 0, "DI_DCOGNIT": 15, "DI_SDOWN": 0, "DIS_MULTIP": 7, "DIS_PSICOS": 12, "DV_BAJAVIS": 1, "DIS_CEGUER": 0, "T_ESPECTRO": 0, "T_VOZ_Y_HA": 0, "SISTEMICA": 0, "SORDOCEGUE": 0, "OTRA": 0, "TOT_EST_MA": 35, "AFRODESCEN": 4, "INDIGENAS": 3, "NEGRITUDES": 4, "PALENQUERO": 0, "RAIZALES": 0, "ROM": 0, "TOT_EST_ET": 11, "CAPACID_EX": 1, "DOBLE_EXCE": 0, "TE_ACTFISI": 12, "TE_ARTES": 4, "TE_CNATUR": 1, "TE_CSOCIAL": 2, "TE_LDSOCIA": 2, "TE_TECNOLO": 1, "TOT_EST_CA": 23, "TMATRIC_GE": 1171, "Zona": 1 }, "geometry": { "type": "Point", "coordinates": [ -8251492.6897, 516395.501600001007318 ] } },
{ "type": "Feature", "properties": { "NOMBRE_EST": "COLEGIO CARLOS ARTURO TORRES (IED)", "NOMBRE_SED": "CARLOS ARTURO TORRES", "ORDEN_DE_S": "A", "DIRECCION": "TV 72 B # 44 C - 19 SUR", "DISCAPACID": "AUDITIVA-INTELECTUAL-MENTAL/PSICOSOCIAL-MULTIPLE", "TALENTOS_O": "CAPACIDADES EXCEPCIONALES-TALENTO EXCEPCIONAL EN ACTIVIDAD FISICA, EJERCICIO Y DEPORTE", "GRUPOS_ETN": "AFRODESCENDIENTES-INDIGENAS-NEGRITUDES-RAIZALES", "SECTOR": 2, "NATU_JUR": 9, "CALENDARIO": 1, "GENERO": 5, "COD_LOCA": "08", "ESPECIALID": 1, "CLASE_TIPO": 1, "BILINGUE": 5, "FECHA": "2025-04-30", "DANE12_EST": "111001011321", "DANE12_SED": "111001011321", "DA_HIPOACU": 2, "DA_SORDERA": 0, "DA_LENGUAS": 0, "DA_UCASTEL": 0, "DISCAP_FIS": 1, "DISCAP_FLE": 0, "DISCAP_PCE": 0, "DI_DCOGNIT": 81, "DI_SDOWN": 0, "DIS_MULTIP": 24, "DIS_PSICOS": 40, "DV_BAJAVIS": 3, "DIS_CEGUER": 0, "T_ESPECTRO": 0, "T_VOZ_Y_HA": 0, "SISTEMICA": 0, "SORDOCEGUE": 0, "OTRA": 0, "TOT_EST_MA": 151, "AFRODESCEN": 13, "INDIGENAS": 35, "NEGRITUDES": 27, "PALENQUERO": 0, "RAIZALES": 0, "ROM": 0, "TOT_EST_ET": 75, "CAPACID_EX": 3, "DOBLE_EXCE": 0, "TE_ACTFISI": 2, "TE_ARTES": 5, "TE_CNATUR": 0, "TE_CSOCIAL": 1, "TE_LDSOCIA": 0, "TE_TECNOLO": 3, "TOT_EST_CA": 14, "TMATRIC_GE": 2028, "Zona": 1 }, "geometry": { "type": "Point", "coordinates": [ -8253939.492200000211596, 512571.5152000002563 ] } },
{ "type": "Feature", "properties": { "NOMBRE_EST": "COLEGIO CARLOS ARTURO TORRES (IED)", "NOMBRE_SED": "REPUBLICA DE FINLANDIA", "ORDEN_DE_S": "B", "DIRECCION": "TV 72 B # 44 C - 08 SUR", "DISCAPACID": "FISICA-INTELECTUAL-MENTAL/PSICOSOCIAL-MULTIPLE", "TALENTOS_O": null, "GRUPOS_ETN": null, "SECTOR": 2, "NATU_JUR": 9, "CALENDARIO": 1, "GENERO": 5, "COD_LOCA": "08", "ESPECIALID": 13, "CLASE_TIPO": 1, "BILINGUE": 5, "FECHA": "2025-04-30", "DANE12_EST": "111001011321", "DANE12_SED": "111001106259", "DA_HIPOACU": 0, "DA_SORDERA": 0, "DA_LENGUAS": 0, "DA_UCASTEL": 0, "DISCAP_FIS": 1, "DISCAP_FLE": 0, "DISCAP_PCE": 0, "DI_DCOGNIT": 87, "DI_SDOWN": 0, "DIS_MULTIP": 31, "DIS_PSICOS": 9, "DV_BAJAVIS": 0, "DIS_CEGUER": 0, "T_ESPECTRO": 0, "T_VOZ_Y_HA": 0, "SISTEMICA": 0, "SORDOCEGUE": 0, "OTRA": 0, "TOT_EST_MA": 128, "AFRODESCEN": 1, "INDIGENAS": 0, "NEGRITUDES": 0, "PALENQUERO": 0, "RAIZALES": 0, "ROM": 0, "TOT_EST_ET": 1, "CAPACID_EX": 0, "DOBLE_EXCE": 0, "TE_ACTFISI": 0, "TE_ARTES": 1, "TE_CNATUR": 0, "TE_CSOCIAL": 0, "TE_LDSOCIA": 0, "TE_TECNOLO": 0, "TOT_EST_CA": 1, "TMATRIC_GE": 131, "Zona": 1 }, "geometry": { "type": "Point", "coordinates": [ -8253932.812999999150634, 512562.580899998545647 ] } },
{ "type": "Feature", "properties": { "NOMBRE_EST": "COLEGIO LA AMISTAD (IED)", "NOMBRE_SED": "LA AMISTAD", "ORDEN_DE_S": "A", "DIRECCION": "KR 78 # 35 - 30 SUR", "DISCAPACID": "AUDITIVA-FISICA-INTELECTUAL-MENTAL/PSICOSOCIAL-MULTIPLE-SORDOCEGUERA", "TALENTOS_O": "CAPACIDADES EXCEPCIONALES-TALENTO EXCEPCIONAL EN ACTIVIDAD FISICA, EJERCICIO Y DEPORTE-TALENTO EXCEPCIONAL EN LIDERAZGO SOCIAL Y EMPRENDIMIENTO-TALENTO EXCEPCIONAL EN TECNOLOGIA", "GRUPOS_ETN": "AFRODESCENDIENTES-INDIGENAS-NEGRITUDES-RAIZALES", "SECTOR": 2, "NATU_JUR": 9, "CALENDARIO": 1, "GENERO": 5, "COD_LOCA": "08", "ESPECIALID": 1, "CLASE_TIPO": 1, "BILINGUE": 5, "FECHA": "2025-04-30", "DANE12_EST": "111001011690", "DANE12_SED": "111001011690", "DA_HIPOACU": 0, "DA_SORDERA": 0, "DA_LENGUAS": 0, "DA_UCASTEL": 0, "DISCAP_FIS": 2, "DISCAP_FLE": 0, "DISCAP_PCE": 0, "DI_DCOGNIT": 21, "DI_SDOWN": 0, "DIS_MULTIP": 3, "DIS_PSICOS": 5, "DV_BAJAVIS": 0, "DIS_CEGUER": 0, "T_ESPECTRO": 0, "T_VOZ_Y_HA": 0, "SISTEMICA": 0, "SORDOCEGUE": 0, "OTRA": 0, "TOT_EST_MA": 31, "AFRODESCEN": 15, "INDIGENAS": 9, "NEGRITUDES": 5, "PALENQUERO": 0, "RAIZALES": 1, "ROM": 0, "TOT_EST_ET": 30, "CAPACID_EX": 3, "DOBLE_EXCE": 0, "TE_ACTFISI": 6, "TE_ARTES": 1, "TE_CNATUR": 0, "TE_CSOCIAL": 0, "TE_LDSOCIA": 0, "TE_TECNOLO": 0, "TOT_EST_CA": 10, "TMATRIC_GE": 1526, "Zona": 1 }, "geometry": { "type": "Point", "coordinates": [ -8254143.206800000742078, 515230.640399999916553 ] } },
{ "type": "Feature", "properties": { "NOMBRE_EST": "COLEGIO LA AMISTAD (IED)", "NOMBRE_SED": "LLANO GRANDE", "ORDEN_DE_S": "B", "DIRECCION": "KR 83 # 38 B - 12 SUR", "DISCAPACID": "INTELECTUAL", "TALENTOS_O": "TALENTO EXCEPCIONAL EN ACTIVIDAD FISICA, EJERCICIO Y DEPORTE-TALENTO EXCEPCIONAL EN ARTES Y LETRAS", "GRUPOS_ETN": "AFRODESCENDIENTES-INDIGENAS-NEGRITUDES", "SECTOR": 2, "NATU_JUR": 9, "CALENDARIO": 1, "GENERO": 5, "COD_LOCA": "08", "ESPECIALID": 13, "CLASE_TIPO": 1, "BILINGUE": 5, "FECHA": "2025-04-30", "DANE12_EST": "111001011690", "DANE12_SED": "111001033871", "DA_HIPOACU": 1, "DA_SORDERA": 0, "DA_LENGUAS": 0, "DA_UCASTEL": 0, "DISCAP_FIS": 0, "DISCAP_FLE": 0, "DISCAP_PCE": 0, "DI_DCOGNIT": 0, "DI_SDOWN": 0, "DIS_MULTIP": 0, "DIS_PSICOS": 0, "DV_BAJAVIS": 0, "DIS_CEGUER": 0, "T_ESPECTRO": 0, "T_VOZ_Y_HA": 0, "SISTEMICA": 0, "SORDOCEGUE": 0, "OTRA": 0, "TOT_EST_MA": 1, "AFRODESCEN": 7, "INDIGENAS": 1, "NEGRITUDES": 0, "PALENQUERO": 0, "RAIZALES": 0, "ROM": 0, "TOT_EST_ET": 8, "CAPACID_EX": 0, "DOBLE_EXCE": 0, "TE_ACTFISI": 4, "TE_ARTES": 1, "TE_CNATUR": 0, "TE_CSOCIAL": 0, "TE_LDSOCIA": 0, "TE_TECNOLO": 0, "TOT_EST_CA": 5, "TMATRIC_GE": 372, "Zona": 1 }, "geometry": { "type": "Point", "coordinates": [ -8255771.811000000685453, 516317.322500001639128 ] } },
{ "type": "Feature", "properties": { "NOMBRE_EST": "COLEGIO LA AMISTAD (IED)", "NOMBRE_SED": "PINAR DEL RIO", "ORDEN_DE_S": "C", "DIRECCION": "KR 83 # 40 BIS - 36 SUR", "DISCAPACID": "INTELECTUAL", "TALENTOS_O": "TALENTO EXCEPCIONAL EN ACTIVIDAD FISICA, EJERCICIO Y DEPORTE", "GRUPOS_ETN": "AFRODESCENDIENTES-NEGRITUDES", "SECTOR": 2, "NATU_JUR": 9, "CALENDARIO": 1, "GENERO": 5, "COD_LOCA": "08", "ESPECIALID": 13, "CLASE_TIPO": 1, "BILINGUE": 5, "FECHA": "2025-04-30", "DANE12_EST": "111001011690", "DANE12_SED": "111001096628", "DA_HIPOACU": 0, "DA_SORDERA": 0, "DA_LENGUAS": 0, "DA_UCASTEL": 0, "DISCAP_FIS": 0, "DISCAP_FLE": 0, "DISCAP_PCE": 0, "DI_DCOGNIT": 3, "DI_SDOWN": 0, "DIS_MULTIP": 0, "DIS_PSICOS": 0, "DV_BAJAVIS": 0, "DIS_CEGUER": 0, "T_ESPECTRO": 0, "T_VOZ_Y_HA": 0, "SISTEMICA": 0, "SORDOCEGUE": 0, "OTRA": 0, "TOT_EST_MA": 3, "AFRODESCEN": 4, "INDIGENAS": 1, "NEGRITUDES": 0, "PALENQUERO": 0, "RAIZALES": 0, "ROM": 0, "TOT_EST_ET": 5, "CAPACID_EX": 0, "DOBLE_EXCE": 0, "TE_ACTFISI": 4, "TE_ARTES": 0, "TE_CNATUR": 0, "TE_CSOCIAL": 0, "TE_LDSOCIA": 0, "TE_TECNOLO": 0, "TOT_EST_CA": 4, "TMATRIC_GE": 239, "Zona": 1 }, "geometry": { "type": "Point", "coordinates": [ -8256190.372300000861287, 515956.582600001245737 ] } },
{ "type": "Feature", "properties": { "NOMBRE_EST": "COLEGIO TOM ADAMS (IED)", "NOMBRE_SED": "TOM ADAMS", "ORDEN_DE_S": "A", "DIRECCION": "CL 40 J SUR # 78 - 08", "DISCAPACID": "AUDITIVA-FISICA-INTELECTUAL-MENTAL/PSICOSOCIAL-MULTIPLE", "TALENTOS_O": "CAPACIDADES EXCEPCIONALES-TALENTO EXCEPCIONAL EN ACTIVIDAD FISICA, EJERCICIO Y DEPORTE-TALENTO EXCEPCIONAL EN ARTES Y LETRAS-TALENTO EXCEPCIONAL EN LIDERAZGO SOCIAL Y EMPRENDIMIENTO-TALENTO EXCEPCIONAL EN TECNOLOGIA", "GRUPOS_ETN": "AFRODESCENDIENTES-INDIGENAS-NEGRITUDES", "SECTOR": 2, "NATU_JUR": 9, "CALENDARIO": 1, "GENERO": 5, "COD_LOCA": "08", "ESPECIALID": 1, "CLASE_TIPO": 1, "BILINGUE": 5, "FECHA": "2025-04-30", "DANE12_EST": "111001012343", "DANE12_SED": "111001012343", "DA_HIPOACU": 0, "DA_SORDERA": 0, "DA_LENGUAS": 0, "DA_UCASTEL": 0, "DISCAP_FIS": 4, "DISCAP_FLE": 0, "DISCAP_PCE": 0, "DI_DCOGNIT": 15, "DI_SDOWN": 0, "DIS_MULTIP": 6, "DIS_PSICOS": 3, "DV_BAJAVIS": 0, "DIS_CEGUER": 0, "T_ESPECTRO": 0, "T_VOZ_Y_HA": 0, "SISTEMICA": 0, "SORDOCEGUE": 0, "OTRA": 0, "TOT_EST_MA": 29, "AFRODESCEN": 6, "INDIGENAS": 7, "NEGRITUDES": 7, "PALENQUERO": 0, "RAIZALES": 1, "ROM": 0, "TOT_EST_ET": 21, "CAPACID_EX": 0, "DOBLE_EXCE": 0, "TE_ACTFISI": 1, "TE_ARTES": 3, "TE_CNATUR": 0, "TE_CSOCIAL": 0, "TE_LDSOCIA": 1, "TE_TECNOLO": 0, "TOT_EST_CA": 5, "TMATRIC_GE": 1273, "Zona": 1 }, "geometry": { "type": "Point", "coordinates": [ -8254975.876599999144673, 514639.84010000154376 ] } },
{ "type": "Feature", "properties": { "NOMBRE_EST": "COLEGIO TOM ADAMS (IED)", "NOMBRE_SED": "SAN JORGE", "ORDEN_DE_S": "B", "DIRECCION": "CL 40 A SUR # 79 C - 08", "DISCAPACID": "FISICA-INTELECTUAL-MENTAL/PSICOSOCIAL-MULTIPLE", "TALENTOS_O": "CAPACIDADES EXCEPCIONALES-TALENTO EXCEPCIONAL EN ACTIVIDAD FISICA, EJERCICIO Y DEPORTE-TALENTO EXCEPCIONAL EN ARTES Y LETRAS-TALENTO EXCEPCIONAL EN CIENCIAS SOCIALES O HUMANAS", "GRUPOS_ETN": "AFRODESCENDIENTES-INDIGENAS-NEGRITUDES-RAIZALES", "SECTOR": 2, "NATU_JUR": 9, "CALENDARIO": 1, "GENERO": 5, "COD_LOCA": "08", "ESPECIALID": 13, "CLASE_TIPO": 1, "BILINGUE": 5, "FECHA": "2025-04-30", "DANE12_EST": "111001012343", "DANE12_SED": "111001013196", "DA_HIPOACU": 0, "DA_SORDERA": 0, "DA_LENGUAS": 0, "DA_UCASTEL": 0, "DISCAP_FIS": 2, "DISCAP_FLE": 0, "DISCAP_PCE": 0, "DI_DCOGNIT": 22, "DI_SDOWN": 0, "DIS_MULTIP": 13, "DIS_PSICOS": 1, "DV_BAJAVIS": 2, "DIS_CEGUER": 0, "T_ESPECTRO": 0, "T_VOZ_Y_HA": 0, "SISTEMICA": 0, "SORDOCEGUE": 0, "OTRA": 0, "TOT_EST_MA": 40, "AFRODESCEN": 9, "INDIGENAS": 4, "NEGRITUDES": 1, "PALENQUERO": 0, "RAIZALES": 0, "ROM": 0, "TOT_EST_ET": 14, "CAPACID_EX": 0, "DOBLE_EXCE": 0, "TE_ACTFISI": 3, "TE_ARTES": 3, "TE_CNATUR": 1, "TE_CSOCIAL": 2, "TE_LDSOCIA": 0, "TE_TECNOLO": 0, "TOT_EST_CA": 9, "TMATRIC_GE": 788, "Zona": 1 }, "geometry": { "type": "Point", "coordinates": [ -8255336.551799999549985, 515330.038199998438358 ] } },
{ "type": "Feature", "properties": { "NOMBRE_EST": "COLEGIO EL JAPON (IED)", "NOMBRE_SED": "EL JAPON", "ORDEN_DE_S": "A", "DIRECCION": "KR 78 G # 38 C - 11 SUR", "DISCAPACID": "FISICA-INTELECTUAL-MENTAL/PSICOSOCIAL-MULTIPLE", "TALENTOS_O": "CAPACIDADES EXCEPCIONALES-TALENTO EXCEPCIONAL EN ACTIVIDAD FISICA, EJERCICIO Y DEPORTE-TALENTO EXCEPCIONAL EN TECNOLOGIA", "GRUPOS_ETN": "AFRODESCENDIENTES-INDIGENAS-NEGRITUDES", "SECTOR": 2, "NATU_JUR": 9, "CALENDARIO": 1, "GENERO": 5, "COD_LOCA": "08", "ESPECIALID": 1, "CLASE_TIPO": 1, "BILINGUE": 5, "FECHA": "2025-04-30", "DANE12_EST": "111001012360", "DANE12_SED": "111001012360", "DA_HIPOACU": 1, "DA_SORDERA": 0, "DA_LENGUAS": 0, "DA_UCASTEL": 0, "DISCAP_FIS": 6, "DISCAP_FLE": 0, "DISCAP_PCE": 0, "DI_DCOGNIT": 22, "DI_SDOWN": 0, "DIS_MULTIP": 13, "DIS_PSICOS": 7, "DV_BAJAVIS": 1, "DIS_CEGUER": 0, "T_ESPECTRO": 0, "T_VOZ_Y_HA": 0, "SISTEMICA": 0, "SORDOCEGUE": 0, "OTRA": 0, "TOT_EST_MA": 50, "AFRODESCEN": 18, "INDIGENAS": 16, "NEGRITUDES": 9, "PALENQUERO": 0, "RAIZALES": 0, "ROM": 0, "TOT_EST_ET": 43, "CAPACID_EX": 1, "DOBLE_EXCE": 0, "TE_ACTFISI": 6, "TE_ARTES": 3, "TE_CNATUR": 0, "TE_CSOCIAL": 1, "TE_LDSOCIA": 1, "TE_TECNOLO": 3, "TOT_EST_CA": 15, "TMATRIC_GE": 1856, "Zona": 1 }, "geometry": { "type": "Point", "coordinates": [ -8254730.9737, 515024.027300000190735 ] } },
{ "type": "Feature", "properties": { "NOMBRE_EST": "COLEGIO SAN PEDRO CLAVER (IED)", "NOMBRE_SED": "SAN PEDRO CLAVER", "ORDEN_DE_S": "A", "DIRECCION": "KR 79 C # 41 B - 51 SUR", "DISCAPACID": "AUDITIVA-FISICA-INTELECTUAL-MENTAL/PSICOSOCIAL-MULTIPLE-VISUAL", "TALENTOS_O": "CAPACIDADES EXCEPCIONALES-TALENTO EXCEPCIONAL EN ACTIVIDAD FISICA, EJERCICIO Y DEPORTE-TALENTO EXCEPCIONAL EN ARTES Y LETRAS-TALENTO EXCEPCIONAL EN CIENCIAS NATURALES O BASICAS-TALENTO EXCEPCIONAL EN LIDERAZGO SOCIAL Y EMPRENDIMIENTO", "GRUPOS_ETN": "AFRODESCENDIENTES-INDIGENAS-NEGRITUDES", "SECTOR": 2, "NATU_JUR": 9, "CALENDARIO": 1, "GENERO": 5, "COD_LOCA": "08", "ESPECIALID": 1, "CLASE_TIPO": 1, "BILINGUE": 5, "FECHA": "2025-04-30", "DANE12_EST": "111001013102", "DANE12_SED": "111001013102", "DA_HIPOACU": 0, "DA_SORDERA": 0, "DA_LENGUAS": 0, "DA_UCASTEL": 0, "DISCAP_FIS": 4, "DISCAP_FLE": 0, "DISCAP_PCE": 0, "DI_DCOGNIT": 17, "DI_SDOWN": 0, "DIS_MULTIP": 4, "DIS_PSICOS": 3, "DV_BAJAVIS": 1, "DIS_CEGUER": 0, "T_ESPECTRO": 0, "T_VOZ_Y_HA": 0, "SISTEMICA": 0, "SORDOCEGUE": 0, "OTRA": 0, "TOT_EST_MA": 29, "AFRODESCEN": 27, "INDIGENAS": 8, "NEGRITUDES": 5, "PALENQUERO": 0, "RAIZALES": 0, "ROM": 0, "TOT_EST_ET": 40, "CAPACID_EX": 1, "DOBLE_EXCE": 0, "TE_ACTFISI": 6, "TE_ARTES": 2, "TE_CNATUR": 1, "TE_CSOCIAL": 0, "TE_LDSOCIA": 2, "TE_TECNOLO": 1, "TOT_EST_CA": 13, "TMATRIC_GE": 1888, "Zona": 1 }, "geometry": { "type": "Point", "coordinates": [ -8255553.624800000339746, 515056.415300000458956 ] } },
{ "type": "Feature", "properties": { "NOMBRE_EST": "COLEGIO SAN PEDRO CLAVER (IED)", "NOMBRE_SED": "GERMAN ZEA HERNANDEZ", "ORDEN_DE_S": "B", "DIRECCION": "CL 42 G SUR # 87 - 06", "DISCAPACID": "FISICA-INTELECTUAL-MENTAL/PSICOSOCIAL", "TALENTOS_O": "TALENTO EXCEPCIONAL EN ACTIVIDAD FISICA, EJERCICIO Y DEPORTE-TALENTO EXCEPCIONAL EN ARTES Y LETRAS-TALENTO EXCEPCIONAL EN TECNOLOGIA", "GRUPOS_ETN": "AFRODESCENDIENTES-INDIGENAS", "SECTOR": 2, "NATU_JUR": 9, "CALENDARIO": 1, "GENERO": 5, "COD_LOCA": "08", "ESPECIALID": 13, "CLASE_TIPO": 1, "BILINGUE": 5, "FECHA": "2025-04-30", "DANE12_EST": "111001013102", "DANE12_SED": "111001036579", "DA_HIPOACU": 0, "DA_SORDERA": 0, "DA_LENGUAS": 0, "DA_UCASTEL": 0, "DISCAP_FIS": 0, "DISCAP_FLE": 0, "DISCAP_PCE": 0, "DI_DCOGNIT": 5, "DI_SDOWN": 0, "DIS_MULTIP": 3, "DIS_PSICOS": 0, "DV_BAJAVIS": 0, "DIS_CEGUER": 0, "T_ESPECTRO": 0, "T_VOZ_Y_HA": 0, "SISTEMICA": 0, "SORDOCEGUE": 0, "OTRA": 0, "TOT_EST_MA": 8, "AFRODESCEN": 8, "INDIGENAS": 3, "NEGRITUDES": 1, "PALENQUERO": 0, "RAIZALES": 0, "ROM": 0, "TOT_EST_ET": 12, "CAPACID_EX": 0, "DOBLE_EXCE": 0, "TE_ACTFISI": 3, "TE_ARTES": 3, "TE_CNATUR": 0, "TE_CSOCIAL": 0, "TE_LDSOCIA": 0, "TE_TECNOLO": 0, "TOT_EST_CA": 6, "TMATRIC_GE": 545, "Zona": 1 }, "geometry": { "type": "Point", "coordinates": [ -8256722.479399999603629, 516136.393899999558926 ] } },
{ "type": "Feature", "properties": { "NOMBRE_EST": "COLEGIO CLASS (IED)", "NOMBRE_SED": "CLASS", "ORDEN_DE_S": "A", "DIRECCION": "KR 80 I # 57 B - 50 SUR", "DISCAPACID": "INTELECTUAL-MULTIPLE", "TALENTOS_O": "CAPACIDADES EXCEPCIONALES", "GRUPOS_ETN": "AFRODESCENDIENTES-INDIGENAS-NEGRITUDES", "SECTOR": 2, "NATU_JUR": 9, "CALENDARIO": 1, "GENERO": 5, "COD_LOCA": "08", "ESPECIALID": 12, "CLASE_TIPO": 1, "BILINGUE": 5, "FECHA": "2025-04-30", "DANE12_EST": "111001013129", "DANE12_SED": "111001013129", "DA_HIPOACU": 0, "DA_SORDERA": 0, "DA_LENGUAS": 0, "DA_UCASTEL": 0, "DISCAP_FIS": 1, "DISCAP_FLE": 0, "DISCAP_PCE": 0, "DI_DCOGNIT": 24, "DI_SDOWN": 0, "DIS_MULTIP": 4, "DIS_PSICOS": 0, "DV_BAJAVIS": 0, "DIS_CEGUER": 0, "T_ESPECTRO": 0, "T_VOZ_Y_HA": 0, "SISTEMICA": 0, "SORDOCEGUE": 0, "OTRA": 0, "TOT_EST_MA": 29, "AFRODESCEN": 27, "INDIGENAS": 3, "NEGRITUDES": 6, "PALENQUERO": 0, "RAIZALES": 0, "ROM": 0, "TOT_EST_ET": 36, "CAPACID_EX": 0, "DOBLE_EXCE": 0, "TE_ACTFISI": 0, "TE_ARTES": 1, "TE_CNATUR": 0, "TE_CSOCIAL": 0, "TE_LDSOCIA": 0, "TE_TECNOLO": 0, "TOT_EST_CA": 1, "TMATRIC_GE": 1132, "Zona": 1 }, "geometry": { "type": "Point", "coordinates": [ -8257574.0735, 514196.463500000536442 ] } },
{ "type": "Feature", "properties": { "NOMBRE_EST": "COLEGIO CLASS (IED)", "NOMBRE_SED": "CIUDAD ROMA", "ORDEN_DE_S": "B", "DIRECCION": "CL 56 A SUR # 78 A - 20", "DISCAPACID": "INTELECTUAL-MENTAL/PSICOSOCIAL-MULTIPLE", "TALENTOS_O": "CAPACIDADES EXCEPCIONALES-TALENTO EXCEPCIONAL EN ACTIVIDAD FISICA, EJERCICIO Y DEPORTE-TALENTO EXCEPCIONAL EN ARTES Y LETRAS", "GRUPOS_ETN": "AFRODESCENDIENTES-INDIGENAS", "SECTOR": 2, "NATU_JUR": 9, "CALENDARIO": 1, "GENERO": 5, "COD_LOCA": "08", "ESPECIALID": 13, "CLASE_TIPO": 1, "BILINGUE": 5, "FECHA": "2025-04-30", "DANE12_EST": "111001013129", "DANE12_SED": "111001050181", "DA_HIPOACU": 0, "DA_SORDERA": 0, "DA_LENGUAS": 0, "DA_UCASTEL": 0, "DISCAP_FIS": 2, "DISCAP_FLE": 0, "DISCAP_PCE": 0, "DI_DCOGNIT": 1, "DI_SDOWN": 0, "DIS_MULTIP": 4, "DIS_PSICOS": 1, "DV_BAJAVIS": 0, "DIS_CEGUER": 0, "T_ESPECTRO": 0, "T_VOZ_Y_HA": 0, "SISTEMICA": 0, "SORDOCEGUE": 0, "OTRA": 0, "TOT_EST_MA": 8, "AFRODESCEN": 4, "INDIGENAS": 3, "NEGRITUDES": 1, "PALENQUERO": 0, "RAIZALES": 0, "ROM": 0, "TOT_EST_ET": 8, "CAPACID_EX": 1, "DOBLE_EXCE": 0, "TE_ACTFISI": 2, "TE_ARTES": 2, "TE_CNATUR": 0, "TE_CSOCIAL": 0, "TE_LDSOCIA": 0, "TE_TECNOLO": 0, "TOT_EST_CA": 5, "TMATRIC_GE": 471, "Zona": 1 }, "geometry": { "type": "Point", "coordinates": [ -8256704.668299999088049, 513610.138099998235703 ] } },
{ "type": "Feature", "properties": { "NOMBRE_EST": "COLEGIO CLASS (IED)", "NOMBRE_SED": "ROMULO GALLEGOS", "ORDEN_DE_S": "C", "DIRECCION": "CL 57 A SUR # 78 N - 21", "DISCAPACID": "INTELECTUAL-MENTAL/PSICOSOCIAL-MULTIPLE-SORDOCEGUERA-VISUAL", "TALENTOS_O": "TALENTO EXCEPCIONAL EN ARTES Y LETRAS", "GRUPOS_ETN": "AFRODESCENDIENTES-INDIGENAS-NEGRITUDES", "SECTOR": 2, "NATU_JUR": 9, "CALENDARIO": 1, "GENERO": 5, "COD_LOCA": "08", "ESPECIALID": 13, "CLASE_TIPO": 1, "BILINGUE": 5, "FECHA": "2025-04-30", "DANE12_EST": "111001013129", "DANE12_SED": "111001029653", "DA_HIPOACU": 0, "DA_SORDERA": 0, "DA_LENGUAS": 0, "DA_UCASTEL": 0, "DISCAP_FIS": 2, "DISCAP_FLE": 0, "DISCAP_PCE": 0, "DI_DCOGNIT": 14, "DI_SDOWN": 0, "DIS_MULTIP": 9, "DIS_PSICOS": 1, "DV_BAJAVIS": 3, "DIS_CEGUER": 0, "T_ESPECTRO": 0, "T_VOZ_Y_HA": 0, "SISTEMICA": 0, "SORDOCEGUE": 0, "OTRA": 0, "TOT_EST_MA": 29, "AFRODESCEN": 15, "INDIGENAS": 4, "NEGRITUDES": 0, "PALENQUERO": 0, "RAIZALES": 0, "ROM": 0, "TOT_EST_ET": 19, "CAPACID_EX": 0, "DOBLE_EXCE": 0, "TE_ACTFISI": 4, "TE_ARTES": 1, "TE_CNATUR": 0, "TE_CSOCIAL": 0, "TE_LDSOCIA": 1, "TE_TECNOLO": 0, "TOT_EST_CA": 6, "TMATRIC_GE": 868, "Zona": 1 }, "geometry": { "type": "Point", "coordinates": [ -8257013.023299999535084, 513786.593699999153614 ] } },
{ "type": "Feature", "properties": { "NOMBRE_EST": "COLEGIO PAULO VI (IED)", "NOMBRE_SED": "PAULO VI", "ORDEN_DE_S": "A", "DIRECCION": "KR 78 P # 41 - 20 SUR", "DISCAPACID": "AUDITIVA-INTELECTUAL-MENTAL/PSICOSOCIAL-MULTIPLE-VISUAL", "TALENTOS_O": "CAPACIDADES EXCEPCIONALES-TALENTO EXCEPCIONAL EN ACTIVIDAD FISICA, EJERCICIO Y DEPORTE-TALENTO EXCEPCIONAL EN ARTES Y LETRAS-TALENTO EXCEPCIONAL EN CIENCIAS NATURALES O BASICAS-TALENTO EXCEPCIONAL EN CIENCIAS SOCIALES O HUMANAS-TALENTO EXCEPCIONAL EN LID", "GRUPOS_ETN": "AFRODESCENDIENTES-INDIGENAS-NEGRITUDES", "SECTOR": 2, "NATU_JUR": 9, "CALENDARIO": 1, "GENERO": 5, "COD_LOCA": "08", "ESPECIALID": 1, "CLASE_TIPO": 1, "BILINGUE": 5, "FECHA": "2025-04-30", "DANE12_EST": "111001013153", "DANE12_SED": "111001013153", "DA_HIPOACU": 1, "DA_SORDERA": 0, "DA_LENGUAS": 0, "DA_UCASTEL": 0, "DISCAP_FIS": 2, "DISCAP_FLE": 0, "DISCAP_PCE": 0, "DI_DCOGNIT": 53, "DI_SDOWN": 0, "DIS_MULTIP": 11, "DIS_PSICOS": 4, "DV_BAJAVIS": 1, "DIS_CEGUER": 0, "T_ESPECTRO": 0, "T_VOZ_Y_HA": 0, "SISTEMICA": 0, "SORDOCEGUE": 0, "OTRA": 0, "TOT_EST_MA": 72, "AFRODESCEN": 74, "INDIGENAS": 23, "NEGRITUDES": 13, "PALENQUERO": 0, "RAIZALES": 0, "ROM": 0, "TOT_EST_ET": 110, "CAPACID_EX": 1, "DOBLE_EXCE": 0, "TE_ACTFISI": 5, "TE_ARTES": 2, "TE_CNATUR": 0, "TE_CSOCIAL": 1, "TE_LDSOCIA": 0, "TE_TECNOLO": 4, "TOT_EST_CA": 13, "TMATRIC_GE": 2531, "Zona": 1 }, "geometry": { "type": "Point", "coordinates": [ -8255275.325999999418855, 515037.429200001060963 ] } },
{ "type": "Feature", "properties": { "NOMBRE_EST": "COLEGIO SAN JOSE (IED)", "NOMBRE_SED": "SAN JOSE", "ORDEN_DE_S": "A", "DIRECCION": "CL 42 A SUR # 79 D - 37", "DISCAPACID": "AUDITIVA-FISICA-INTELECTUAL-MENTAL/PSICOSOCIAL-MULTIPLE-VISUAL", "TALENTOS_O": "TALENTO EXCEPCIONAL EN ACTIVIDAD FISICA, EJERCICIO Y DEPORTE-TALENTO EXCEPCIONAL EN ARTES Y LETRAS-TALENTO EXCEPCIONAL EN CIENCIAS NATURALES O BASICAS-TALENTO EXCEPCIONAL EN CIENCIAS SOCIALES O HUMANAS-TALENTO EXCEPCIONAL EN TECNOLOGIA", "GRUPOS_ETN": "AFRODESCENDIENTES-INDIGENAS-NEGRITUDES", "SECTOR": 2, "NATU_JUR": 9, "CALENDARIO": 1, "GENERO": 5, "COD_LOCA": "08", "ESPECIALID": 1, "CLASE_TIPO": 1, "BILINGUE": 5, "FECHA": "2025-04-30", "DANE12_EST": "111001013161", "DANE12_SED": "111001013161", "DA_HIPOACU": 4, "DA_SORDERA": 0, "DA_LENGUAS": 0, "DA_UCASTEL": 0, "DISCAP_FIS": 12, "DISCAP_FLE": 0, "DISCAP_PCE": 0, "DI_DCOGNIT": 34, "DI_SDOWN": 0, "DIS_MULTIP": 6, "DIS_PSICOS": 5, "DV_BAJAVIS": 3, "DIS_CEGUER": 0, "T_ESPECTRO": 0, "T_VOZ_Y_HA": 0, "SISTEMICA": 0, "SORDOCEGUE": 0, "OTRA": 0, "TOT_EST_MA": 64, "AFRODESCEN": 33, "INDIGENAS": 21, "NEGRITUDES": 6, "PALENQUERO": 0, "RAIZALES": 0, "ROM": 0, "TOT_EST_ET": 60, "CAPACID_EX": 3, "DOBLE_EXCE": 0, "TE_ACTFISI": 13, "TE_ARTES": 7, "TE_CNATUR": 0, "TE_CSOCIAL": 4, "TE_LDSOCIA": 3, "TE_TECNOLO": 1, "TOT_EST_CA": 31, "TMATRIC_GE": 2128, "Zona": 1 }, "geometry": { "type": "Point", "coordinates": [ -8255777.376900000497699, 515016.209499999880791 ] } },
{ "type": "Feature", "properties": { "NOMBRE_EST": "COLEGIO SAN JOSE (IED)", "NOMBRE_SED": "EL DESCANSO", "ORDEN_DE_S": "B", "DIRECCION": "KR 78 N BIS # 45 - 60 SUR", "DISCAPACID": "FISICA-INTELECTUAL-MENTAL/PSICOSOCIAL-MULTIPLE", "TALENTOS_O": "CAPACIDADES EXCEPCIONALES-TALENTO EXCEPCIONAL EN ACTIVIDAD FISICA, EJERCICIO Y DEPORTE-TALENTO EXCEPCIONAL EN ARTES Y LETRAS-TALENTO EXCEPCIONAL EN CIENCIAS SOCIALES O HUMANAS", "GRUPOS_ETN": "AFRODESCENDIENTES-INDIGENAS", "SECTOR": 2, "NATU_JUR": 9, "CALENDARIO": 1, "GENERO": 5, "COD_LOCA": "08", "ESPECIALID": 13, "CLASE_TIPO": 1, "BILINGUE": 5, "FECHA": "2025-04-30", "DANE12_EST": "111001013161", "DANE12_SED": "111001033961", "DA_HIPOACU": 0, "DA_SORDERA": 0, "DA_LENGUAS": 0, "DA_UCASTEL": 0, "DISCAP_FIS": 0, "DISCAP_FLE": 0, "DISCAP_PCE": 0, "DI_DCOGNIT": 5, "DI_SDOWN": 0, "DIS_MULTIP": 5, "DIS_PSICOS": 0, "DV_BAJAVIS": 1, "DIS_CEGUER": 0, "T_ESPECTRO": 0, "T_VOZ_Y_HA": 0, "SISTEMICA": 0, "SORDOCEGUE": 0, "OTRA": 0, "TOT_EST_MA": 11, "AFRODESCEN": 2, "INDIGENAS": 3, "NEGRITUDES": 0, "PALENQUERO": 0, "RAIZALES": 0, "ROM": 0, "TOT_EST_ET": 5, "CAPACID_EX": 0, "DOBLE_EXCE": 0, "TE_ACTFISI": 4, "TE_ARTES": 3, "TE_CNATUR": 0, "TE_CSOCIAL": 1, "TE_LDSOCIA": 0, "TE_TECNOLO": 1, "TOT_EST_CA": 9, "TMATRIC_GE": 457, "Zona": 1 }, "geometry": { "type": "Point", "coordinates": [ -8256092.411100000143051, 514465.616300001740456 ] } },
{ "type": "Feature", "properties": { "NOMBRE_EST": "COLEGIO SAN RAFAEL (IED)", "NOMBRE_SED": "SAN RAFAEL", "ORDEN_DE_S": "A", "DIRECCION": "CL 42 B SUR # 78 I - 05", "DISCAPACID": "AUDITIVA-FISICA-INTELECTUAL-MENTAL/PSICOSOCIAL-MULTIPLE", "TALENTOS_O": "CAPACIDADES EXCEPCIONALES-TALENTO EXCEPCIONAL EN ACTIVIDAD FISICA, EJERCICIO Y DEPORTE-TALENTO EXCEPCIONAL EN ARTES Y LETRAS", "GRUPOS_ETN": "AFRODESCENDIENTES-INDIGENAS-NEGRITUDES", "SECTOR": 2, "NATU_JUR": 9, "CALENDARIO": 1, "GENERO": 5, "COD_LOCA": "08", "ESPECIALID": 1, "CLASE_TIPO": 1, "BILINGUE": 5, "FECHA": "2025-04-30", "DANE12_EST": "111001013170", "DANE12_SED": "111001013170", "DA_HIPOACU": 1, "DA_SORDERA": 0, "DA_LENGUAS": 0, "DA_UCASTEL": 0, "DISCAP_FIS": 4, "DISCAP_FLE": 0, "DISCAP_PCE": 0, "DI_DCOGNIT": 16, "DI_SDOWN": 0, "DIS_MULTIP": 14, "DIS_PSICOS": 2, "DV_BAJAVIS": 0, "DIS_CEGUER": 0, "T_ESPECTRO": 0, "T_VOZ_Y_HA": 0, "SISTEMICA": 0, "SORDOCEGUE": 0, "OTRA": 0, "TOT_EST_MA": 37, "AFRODESCEN": 6, "INDIGENAS": 2, "NEGRITUDES": 5, "PALENQUERO": 0, "RAIZALES": 0, "ROM": 0, "TOT_EST_ET": 13, "CAPACID_EX": 1, "DOBLE_EXCE": 0, "TE_ACTFISI": 5, "TE_ARTES": 4, "TE_CNATUR": 0, "TE_CSOCIAL": 2, "TE_LDSOCIA": 1, "TE_TECNOLO": 0, "TOT_EST_CA": 13, "TMATRIC_GE": 1628, "Zona": 1 }, "geometry": { "type": "Point", "coordinates": [ -8255605.944900000467896, 514530.391699999570847 ] } },
{ "type": "Feature", "properties": { "NOMBRE_EST": "COLEGIO SAN RAFAEL (IED)", "NOMBRE_SED": "CATALINA", "ORDEN_DE_S": "B", "DIRECCION": "TV 78 D # 53 - 21 SUR", "DISCAPACID": "FISICA-INTELECTUAL-MULTIPLE", "TALENTOS_O": "CAPACIDADES EXCEPCIONALES-TALENTO EXCEPCIONAL EN ACTIVIDAD FISICA, EJERCICIO Y DEPORTE-TALENTO EXCEPCIONAL EN CIENCIAS SOCIALES O HUMANAS", "GRUPOS_ETN": "AFRODESCENDIENTES-INDIGENAS", "SECTOR": 2, "NATU_JUR": 9, "CALENDARIO": 1, "GENERO": 5, "COD_LOCA": "08", "ESPECIALID": 13, "CLASE_TIPO": 1, "BILINGUE": 5, "FECHA": "2025-04-30", "DANE12_EST": "111001013170", "DANE12_SED": "111001035599", "DA_HIPOACU": 0, "DA_SORDERA": 0, "DA_LENGUAS": 0, "DA_UCASTEL": 0, "DISCAP_FIS": 1, "DISCAP_FLE": 0, "DISCAP_PCE": 0, "DI_DCOGNIT": 1, "DI_SDOWN": 0, "DIS_MULTIP": 2, "DIS_PSICOS": 0, "DV_BAJAVIS": 0, "DIS_CEGUER": 0, "T_ESPECTRO": 0, "T_VOZ_Y_HA": 0, "SISTEMICA": 0, "SORDOCEGUE": 0, "OTRA": 0, "TOT_EST_MA": 4, "AFRODESCEN": 0, "INDIGENAS": 1, "NEGRITUDES": 0, "PALENQUERO": 0, "RAIZALES": 0, "ROM": 0, "TOT_EST_ET": 1, "CAPACID_EX": 2, "DOBLE_EXCE": 0, "TE_ACTFISI": 0, "TE_ARTES": 0, "TE_CNATUR": 0, "TE_CSOCIAL": 0, "TE_LDSOCIA": 0, "TE_TECNOLO": 0, "TOT_EST_CA": 2, "TMATRIC_GE": 302, "Zona": 1 }, "geometry": { "type": "Point", "coordinates": [ -8256504.293199999257922, 513869.23759999871254 ] } },
{ "type": "Feature", "properties": { "NOMBRE_EST": "COLEGIO MARSELLA (IED)", "NOMBRE_SED": "MARSELLA", "ORDEN_DE_S": "A", "DIRECCION": "KR 69 # 7 - 90", "DISCAPACID": "FISICA-INTELECTUAL-MENTAL/PSICOSOCIAL-MULTIPLE", "TALENTOS_O": "TALENTO EXCEPCIONAL EN ACTIVIDAD FISICA, EJERCICIO Y DEPORTE-TALENTO EXCEPCIONAL EN ARTES Y LETRAS-TALENTO EXCEPCIONAL EN CIENCIAS SOCIALES O HUMANAS-TALENTO EXCEPCIONAL EN LIDERAZGO SOCIAL Y EMPRENDIMIENTO-TALENTO EXCEPCIONAL EN TECNOLOGIA", "GRUPOS_ETN": "AFRODESCENDIENTES-INDIGENAS-NEGRITUDES-PALENQUEROS", "SECTOR": 2, "NATU_JUR": 9, "CALENDARIO": 1, "GENERO": 5, "COD_LOCA": "08", "ESPECIALID": 1, "CLASE_TIPO": 1, "BILINGUE": 5, "FECHA": "2025-04-30", "DANE12_EST": "111001014290", "DANE12_SED": "111001014290", "DA_HIPOACU": 2, "DA_SORDERA": 0, "DA_LENGUAS": 0, "DA_UCASTEL": 0, "DISCAP_FIS": 1, "DISCAP_FLE": 0, "DISCAP_PCE": 0, "DI_DCOGNIT": 16, "DI_SDOWN": 0, "DIS_MULTIP": 7, "DIS_PSICOS": 4, "DV_BAJAVIS": 0, "DIS_CEGUER": 0, "T_ESPECTRO": 0, "T_VOZ_Y_HA": 0, "SISTEMICA": 0, "SORDOCEGUE": 0, "OTRA": 0, "TOT_EST_MA": 30, "AFRODESCEN": 5, "INDIGENAS": 7, "NEGRITUDES": 2, "PALENQUERO": 1, "RAIZALES": 0, "ROM": 0, "TOT_EST_ET": 15, "CAPACID_EX": 0, "DOBLE_EXCE": 0, "TE_ACTFISI": 19, "TE_ARTES": 16, "TE_CNATUR": 2, "TE_CSOCIAL": 1, "TE_LDSOCIA": 6, "TE_TECNOLO": 3, "TOT_EST_CA": 47, "TMATRIC_GE": 1903, "Zona": 1 }, "geometry": { "type": "Point", "coordinates": [ -8251823.308599999174476, 516202.287599999457598 ] } },
{ "type": "Feature", "properties": { "NOMBRE_EST": "COLEGIO FRANCISCO DE MIRANDA (IED)", "NOMBRE_SED": "FRANCISCO DE MIRANDA", "ORDEN_DE_S": "A", "DIRECCION": "DG 41 SUR # 73 A - 80", "DISCAPACID": "AUDITIVA-FISICA-INTELECTUAL-MENTAL/PSICOSOCIAL-MULTIPLE-VISUAL", "TALENTOS_O": "CAPACIDADES EXCEPCIONALES-TALENTO EXCEPCIONAL EN ACTIVIDAD FISICA, EJERCICIO Y DEPORTE-TALENTO EXCEPCIONAL EN ARTES Y LETRAS-TALENTO EXCEPCIONAL EN LIDERAZGO SOCIAL Y EMPRENDIMIENTO", "GRUPOS_ETN": null, "SECTOR": 2, "NATU_JUR": 9, "CALENDARIO": 1, "GENERO": 5, "COD_LOCA": "08", "ESPECIALID": 1, "CLASE_TIPO": 1, "BILINGUE": 5, "FECHA": "2025-04-30", "DANE12_EST": "111001014974", "DANE12_SED": "111001014974", "DA_HIPOACU": 0, "DA_SORDERA": 0, "DA_LENGUAS": 0, "DA_UCASTEL": 0, "DISCAP_FIS": 5, "DISCAP_FLE": 0, "DISCAP_PCE": 0, "DI_DCOGNIT": 6, "DI_SDOWN": 0, "DIS_MULTIP": 5, "DIS_PSICOS": 3, "DV_BAJAVIS": 2, "DIS_CEGUER": 0, "T_ESPECTRO": 0, "T_VOZ_Y_HA": 0, "SISTEMICA": 0, "SORDOCEGUE": 0, "OTRA": 0, "TOT_EST_MA": 21, "AFRODESCEN": 3, "INDIGENAS": 5, "NEGRITUDES": 1, "PALENQUERO": 0, "RAIZALES": 0, "ROM": 0, "TOT_EST_ET": 9, "CAPACID_EX": 1, "DOBLE_EXCE": 0, "TE_ACTFISI": 7, "TE_ARTES": 7, "TE_CNATUR": 0, "TE_CSOCIAL": 1, "TE_LDSOCIA": 0, "TE_TECNOLO": 0, "TOT_EST_CA": 16, "TMATRIC_GE": 1046, "Zona": 1 }, "geometry": { "type": "Point", "coordinates": [ -8254836.727299999445677, 514022.240699999034405 ] } },
{ "type": "Feature", "properties": { "NOMBRE_EST": "COLEGIO LAS AMERICAS (IED)", "NOMBRE_SED": "LAS AMERICAS", "ORDEN_DE_S": "A", "DIRECCION": "KR 73 C BIS # 38 C - 84 SUR", "DISCAPACID": "AUDITIVA-FISICA-INTELECTUAL-MENTAL/PSICOSOCIAL-MULTIPLE-VISUAL", "TALENTOS_O": "CAPACIDADES EXCEPCIONALES-TALENTO EXCEPCIONAL EN ACTIVIDAD FISICA, EJERCICIO Y DEPORTE-TALENTO EXCEPCIONAL EN ARTES Y LETRAS-TALENTO EXCEPCIONAL EN CIENCIAS SOCIALES O HUMANAS-TALENTO EXCEPCIONAL EN LIDERAZGO SOCIAL Y EMPRENDIMIENTO", "GRUPOS_ETN": "AFRODESCENDIENTES-INDIGENAS-ROM", "SECTOR": 2, "NATU_JUR": 9, "CALENDARIO": 1, "GENERO": 5, "COD_LOCA": "08", "ESPECIALID": 1, "CLASE_TIPO": 1, "BILINGUE": 5, "FECHA": "2025-04-30", "DANE12_EST": "111001015598", "DANE12_SED": "111001015598", "DA_HIPOACU": 3, "DA_SORDERA": 0, "DA_LENGUAS": 0, "DA_UCASTEL": 0, "DISCAP_FIS": 15, "DISCAP_FLE": 0, "DISCAP_PCE": 0, "DI_DCOGNIT": 145, "DI_SDOWN": 0, "DIS_MULTIP": 91, "DIS_PSICOS": 12, "DV_BAJAVIS": 1, "DIS_CEGUER": 0, "T_ESPECTRO": 0, "T_VOZ_Y_HA": 0, "SISTEMICA": 0, "SORDOCEGUE": 0, "OTRA": 0, "TOT_EST_MA": 267, "AFRODESCEN": 8, "INDIGENAS": 2, "NEGRITUDES": 0, "PALENQUERO": 0, "RAIZALES": 0, "ROM": 1, "TOT_EST_ET": 11, "CAPACID_EX": 1, "DOBLE_EXCE": 0, "TE_ACTFISI": 8, "TE_ARTES": 10, "TE_CNATUR": 1, "TE_CSOCIAL": 1, "TE_LDSOCIA": 4, "TE_TECNOLO": 1, "TOT_EST_CA": 26, "TMATRIC_GE": 2255, "Zona": 1 }, "geometry": { "type": "Point", "coordinates": [ -8254397.0153, 514501.354400001466274 ] } },
{ "type": "Feature", "properties": { "NOMBRE_EST": "COLEGIO O.E.A. (IED)", "NOMBRE_SED": "O.E.A.", "ORDEN_DE_S": "A", "DIRECCION": "KR 72 L # 34 - 19 SUR", "DISCAPACID": "FISICA-INTELECTUAL-MULTIPLE-SORDOCEGUERA-VISUAL", "TALENTOS_O": "CAPACIDADES EXCEPCIONALES-TALENTO EXCEPCIONAL EN ACTIVIDAD FISICA, EJERCICIO Y DEPORTE-TALENTO EXCEPCIONAL EN ARTES Y LETRAS-TALENTO EXCEPCIONAL EN TECNOLOGIA", "GRUPOS_ETN": "AFRODESCENDIENTES-INDIGENAS-NEGRITUDES", "SECTOR": 2, "NATU_JUR": 9, "CALENDARIO": 1, "GENERO": 5, "COD_LOCA": "08", "ESPECIALID": 12, "CLASE_TIPO": 1, "BILINGUE": 5, "FECHA": "2025-04-30", "DANE12_EST": "111001015601", "DANE12_SED": "111001015601", "DA_HIPOACU": 1, "DA_SORDERA": 0, "DA_LENGUAS": 0, "DA_UCASTEL": 0, "DISCAP_FIS": 1, "DISCAP_FLE": 0, "DISCAP_PCE": 0, "DI_DCOGNIT": 29, "DI_SDOWN": 0, "DIS_MULTIP": 15, "DIS_PSICOS": 2, "DV_BAJAVIS": 22, "DIS_CEGUER": 0, "T_ESPECTRO": 0, "T_VOZ_Y_HA": 0, "SISTEMICA": 0, "SORDOCEGUE": 3, "OTRA": 0, "TOT_EST_MA": 73, "AFRODESCEN": 8, "INDIGENAS": 6, "NEGRITUDES": 1, "PALENQUERO": 0, "RAIZALES": 0, "ROM": 0, "TOT_EST_ET": 15, "CAPACID_EX": 1, "DOBLE_EXCE": 0, "TE_ACTFISI": 5, "TE_ARTES": 4, "TE_CNATUR": 0, "TE_CSOCIAL": 0, "TE_LDSOCIA": 0, "TE_TECNOLO": 1, "TOT_EST_CA": 11, "TMATRIC_GE": 1475, "Zona": 1 }, "geometry": { "type": "Point", "coordinates": [ -8253406.271800000220537, 514618.62049999833107 ] } },
{ "type": "Feature", "properties": { "NOMBRE_EST": "COLEGIO O.E.A. (IED)", "NOMBRE_SED": "ANTONIA SANTOS I", "ORDEN_DE_S": "B", "DIRECCION": "KR 69 BIS # 39 - 30 SUR", "DISCAPACID": "INTELECTUAL-MULTIPLE-SORDOCEGUERA-VISUAL", "TALENTOS_O": "CAPACIDADES EXCEPCIONALES-TALENTO EXCEPCIONAL EN ACTIVIDAD FISICA, EJERCICIO Y DEPORTE-TALENTO EXCEPCIONAL EN ARTES Y LETRAS", "GRUPOS_ETN": "AFRODESCENDIENTES-INDIGENAS", "SECTOR": 2, "NATU_JUR": 9, "CALENDARIO": 1, "GENERO": 5, "COD_LOCA": "08", "ESPECIALID": 13, "CLASE_TIPO": 1, "BILINGUE": 5, "FECHA": "2025-04-30", "DANE12_EST": "111001015601", "DANE12_SED": "111001012254", "DA_HIPOACU": 0, "DA_SORDERA": 0, "DA_LENGUAS": 0, "DA_UCASTEL": 0, "DISCAP_FIS": 0, "DISCAP_FLE": 0, "DISCAP_PCE": 0, "DI_DCOGNIT": 8, "DI_SDOWN": 0, "DIS_MULTIP": 5, "DIS_PSICOS": 0, "DV_BAJAVIS": 3, "DIS_CEGUER": 0, "T_ESPECTRO": 0, "T_VOZ_Y_HA": 0, "SISTEMICA": 0, "SORDOCEGUE": 0, "OTRA": 0, "TOT_EST_MA": 16, "AFRODESCEN": 0, "INDIGENAS": 2, "NEGRITUDES": 0, "PALENQUERO": 0, "RAIZALES": 0, "ROM": 0, "TOT_EST_ET": 2, "CAPACID_EX": 1, "DOBLE_EXCE": 0, "TE_ACTFISI": 3, "TE_ARTES": 2, "TE_CNATUR": 0, "TE_CSOCIAL": 0, "TE_LDSOCIA": 0, "TE_TECNOLO": 0, "TOT_EST_CA": 6, "TMATRIC_GE": 472, "Zona": 1 }, "geometry": { "type": "Point", "coordinates": [ -8253328.348099999129772, 513696.13230000063777 ] } },
{ "type": "Feature", "properties": { "NOMBRE_EST": "COLEGIO ISABEL II (IED)", "NOMBRE_SED": "ISABEL II", "ORDEN_DE_S": "A", "DIRECCION": "DG 2 D # 79 C - 83", "DISCAPACID": "AUDITIVA-FISICA-INTELECTUAL-MENTAL/PSICOSOCIAL-MULTIPLE-VISUAL", "TALENTOS_O": "TALENTO EXCEPCIONAL EN ACTIVIDAD FISICA, EJERCICIO Y DEPORTE-TALENTO EXCEPCIONAL EN ARTES Y LETRAS-TALENTO EXCEPCIONAL EN CIENCIAS SOCIALES O HUMANAS", "GRUPOS_ETN": "AFRODESCENDIENTES-INDIGENAS-NEGRITUDES-RAIZALES", "SECTOR": 2, "NATU_JUR": 9, "CALENDARIO": 1, "GENERO": 5, "COD_LOCA": "08", "ESPECIALID": 1, "CLASE_TIPO": 1, "BILINGUE": 5, "FECHA": "2025-04-30", "DANE12_EST": "111001016071", "DANE12_SED": "111001016071", "DA_HIPOACU": 66, "DA_SORDERA": 0, "DA_LENGUAS": 0, "DA_UCASTEL": 0, "DISCAP_FIS": 4, "DISCAP_FLE": 0, "DISCAP_PCE": 0, "DI_DCOGNIT": 28, "DI_SDOWN": 0, "DIS_MULTIP": 30, "DIS_PSICOS": 2, "DV_BAJAVIS": 0, "DIS_CEGUER": 0, "T_ESPECTRO": 0, "T_VOZ_Y_HA": 0, "SISTEMICA": 0, "SORDOCEGUE": 0, "OTRA": 0, "TOT_EST_MA": 130, "AFRODESCEN": 10, "INDIGENAS": 3, "NEGRITUDES": 5, "PALENQUERO": 0, "RAIZALES": 0, "ROM": 0, "TOT_EST_ET": 18, "CAPACID_EX": 0, "DOBLE_EXCE": 0, "TE_ACTFISI": 2, "TE_ARTES": 5, "TE_CNATUR": 0, "TE_CSOCIAL": 0, "TE_LDSOCIA": 0, "TE_TECNOLO": 0, "TOT_EST_CA": 7, "TMATRIC_GE": 1379, "Zona": 1 }, "geometry": { "type": "Point", "coordinates": [ -8254668.634800000116229, 516369.8141999989748 ] } },
{ "type": "Feature", "properties": { "NOMBRE_EST": "COLEGIO ISABEL II (IED)", "NOMBRE_SED": "PIO XII", "ORDEN_DE_S": "B", "DIRECCION": "KR 79 D # 6 - 15", "DISCAPACID": "FISICA-INTELECTUAL-MENTAL/PSICOSOCIAL-MULTIPLE", "TALENTOS_O": "CAPACIDADES EXCEPCIONALES-TALENTO EXCEPCIONAL EN ACTIVIDAD FISICA, EJERCICIO Y DEPORTE-TALENTO EXCEPCIONAL EN CIENCIAS NATURALES O BASICAS", "GRUPOS_ETN": "AFRODESCENDIENTES-INDIGENAS-NEGRITUDES", "SECTOR": 2, "NATU_JUR": 9, "CALENDARIO": 1, "GENERO": 5, "COD_LOCA": "08", "ESPECIALID": 13, "CLASE_TIPO": 1, "BILINGUE": 5, "FECHA": "2025-04-30", "DANE12_EST": "111001016071", "DANE12_SED": "111001016152", "DA_HIPOACU": 0, "DA_SORDERA": 0, "DA_LENGUAS": 0, "DA_UCASTEL": 0, "DISCAP_FIS": 2, "DISCAP_FLE": 0, "DISCAP_PCE": 0, "DI_DCOGNIT": 19, "DI_SDOWN": 0, "DIS_MULTIP": 18, "DIS_PSICOS": 1, "DV_BAJAVIS": 0, "DIS_CEGUER": 0, "T_ESPECTRO": 0, "T_VOZ_Y_HA": 0, "SISTEMICA": 0, "SORDOCEGUE": 0, "OTRA": 0, "TOT_EST_MA": 40, "AFRODESCEN": 1, "INDIGENAS": 2, "NEGRITUDES": 2, "PALENQUERO": 0, "RAIZALES": 0, "ROM": 0, "TOT_EST_ET": 5, "CAPACID_EX": 2, "DOBLE_EXCE": 0, "TE_ACTFISI": 3, "TE_ARTES": 4, "TE_CNATUR": 0, "TE_CSOCIAL": 0, "TE_LDSOCIA": 0, "TE_TECNOLO": 0, "TOT_EST_CA": 9, "TMATRIC_GE": 821, "Zona": 1 }, "geometry": { "type": "Point", "coordinates": [ -8254506.10840000025928, 516522.82209999859333 ] } },
{ "type": "Feature", "properties": { "NOMBRE_EST": "COLEGIO ALQUERIA DE LA FRAGUA (IED)", "NOMBRE_SED": "ALQUERIA DE LA FRAGUA", "ORDEN_DE_S": "A", "DIRECCION": "CL 37 B SUR # 68 D - 93", "DISCAPACID": "FISICA-INTELECTUAL", "TALENTOS_O": "TALENTO EXCEPCIONAL EN ACTIVIDAD FISICA, EJERCICIO Y DEPORTE", "GRUPOS_ETN": "AFRODESCENDIENTES-INDIGENAS-NEGRITUDES", "SECTOR": 2, "NATU_JUR": 9, "CALENDARIO": 1, "GENERO": 5, "COD_LOCA": "08", "ESPECIALID": 1, "CLASE_TIPO": 1, "BILINGUE": 5, "FECHA": "2025-04-30", "DANE12_EST": "111001016098", "DANE12_SED": "111001016098", "DA_HIPOACU": 0, "DA_SORDERA": 0, "DA_LENGUAS": 0, "DA_UCASTEL": 0, "DISCAP_FIS": 4, "DISCAP_FLE": 0, "DISCAP_PCE": 0, "DI_DCOGNIT": 9, "DI_SDOWN": 0, "DIS_MULTIP": 0, "DIS_PSICOS": 0, "DV_BAJAVIS": 0, "DIS_CEGUER": 0, "T_ESPECTRO": 0, "T_VOZ_Y_HA": 0, "SISTEMICA": 0, "SORDOCEGUE": 0, "OTRA": 0, "TOT_EST_MA": 13, "AFRODESCEN": 5, "INDIGENAS": 5, "NEGRITUDES": 1, "PALENQUERO": 0, "RAIZALES": 0, "ROM": 0, "TOT_EST_ET": 11, "CAPACID_EX": 0, "DOBLE_EXCE": 0, "TE_ACTFISI": 3, "TE_ARTES": 0, "TE_CNATUR": 1, "TE_CSOCIAL": 1, "TE_LDSOCIA": 0, "TE_TECNOLO": 0, "TOT_EST_CA": 5, "TMATRIC_GE": 775, "Zona": 1 }, "geometry": { "type": "Point", "coordinates": [ -8252796.24100000038743, 513174.584899999201298 ] } },
{ "type": "Feature", "properties": { "NOMBRE_EST": "COLEGIO LOS PERIODISTAS (IED)", "NOMBRE_SED": "LOS PERIODISTAS", "ORDEN_DE_S": "A", "DIRECCION": "CL 41 C SUR # 78 H - 85", "DISCAPACID": "AUDITIVA-FISICA-INTELECTUAL-MULTIPLE", "TALENTOS_O": "CAPACIDADES EXCEPCIONALES-TALENTO EXCEPCIONAL EN ACTIVIDAD FISICA, EJERCICIO Y DEPORTE-TALENTO EXCEPCIONAL EN ARTES Y LETRAS-TALENTO EXCEPCIONAL EN CIENCIAS SOCIALES O HUMANAS-TALENTO EXCEPCIONAL EN LIDERAZGO SOCIAL Y EMPRENDIMIENTO-TALENTO EXCEPCIONAL E", "GRUPOS_ETN": "AFRODESCENDIENTES-INDIGENAS-NEGRITUDES", "SECTOR": 2, "NATU_JUR": 9, "CALENDARIO": 1, "GENERO": 5, "COD_LOCA": "08", "ESPECIALID": 1, "CLASE_TIPO": 1, "BILINGUE": 5, "FECHA": "2025-04-30", "DANE12_EST": "111001016101", "DANE12_SED": "111001016101", "DA_HIPOACU": 1, "DA_SORDERA": 0, "DA_LENGUAS": 0, "DA_UCASTEL": 0, "DISCAP_FIS": 6, "DISCAP_FLE": 0, "DISCAP_PCE": 0, "DI_DCOGNIT": 17, "DI_SDOWN": 0, "DIS_MULTIP": 8, "DIS_PSICOS": 0, "DV_BAJAVIS": 0, "DIS_CEGUER": 0, "T_ESPECTRO": 0, "T_VOZ_Y_HA": 0, "SISTEMICA": 0, "SORDOCEGUE": 0, "OTRA": 0, "TOT_EST_MA": 32, "AFRODESCEN": 1, "INDIGENAS": 2, "NEGRITUDES": 0, "PALENQUERO": 0, "RAIZALES": 0, "ROM": 0, "TOT_EST_ET": 3, "CAPACID_EX": 1, "DOBLE_EXCE": 0, "TE_ACTFISI": 9, "TE_ARTES": 2, "TE_CNATUR": 0, "TE_CSOCIAL": 1, "TE_LDSOCIA": 0, "TE_TECNOLO": 1, "TOT_EST_CA": 14, "TMATRIC_GE": 1311, "Zona": 1 }, "geometry": { "type": "Point", "coordinates": [ -8255254.175300000235438, 514571.714099999517202 ] } },
{ "type": "Feature", "properties": { "NOMBRE_EST": "COLEGIO LA CHUCUA (IED)", "NOMBRE_SED": "LA CHUCUA", "ORDEN_DE_S": "A", "DIRECCION": "KR 72 I # 42 F - 54 SUR", "DISCAPACID": "AUDITIVA-FISICA-INTELECTUAL-MENTAL/PSICOSOCIAL-MULTIPLE-VISUAL", "TALENTOS_O": "TALENTO CIENTIFICO-TALENTO EXCEPCIONAL EN ACTIVIDAD FISICA, EJERCICIO Y DEPORTE-TALENTO EXCEPCIONAL EN ARTES Y LETRAS-TALENTO EXCEPCIONAL EN CIENCIAS SOCIALES O HUMANAS-TALENTO EXCEPCIONAL EN TECNOLOGIA", "GRUPOS_ETN": "AFRODESCENDIENTES-INDIGENAS-NEGRITUDES-RAIZALES", "SECTOR": 2, "NATU_JUR": 9, "CALENDARIO": 1, "GENERO": 5, "COD_LOCA": "08", "ESPECIALID": 1, "CLASE_TIPO": 1, "BILINGUE": 5, "FECHA": "2025-04-30", "DANE12_EST": "111001016136", "DANE12_SED": "111001016136", "DA_HIPOACU": 2, "DA_SORDERA": 0, "DA_LENGUAS": 0, "DA_UCASTEL": 0, "DISCAP_FIS": 4, "DISCAP_FLE": 0, "DISCAP_PCE": 0, "DI_DCOGNIT": 35, "DI_SDOWN": 0, "DIS_MULTIP": 16, "DIS_PSICOS": 1, "DV_BAJAVIS": 2, "DIS_CEGUER": 0, "T_ESPECTRO": 0, "T_VOZ_Y_HA": 0, "SISTEMICA": 0, "SORDOCEGUE": 0, "OTRA": 0, "TOT_EST_MA": 61, "AFRODESCEN": 4, "INDIGENAS": 8, "NEGRITUDES": 1, "PALENQUERO": 0, "RAIZALES": 0, "ROM": 0, "TOT_EST_ET": 13, "CAPACID_EX": 3, "DOBLE_EXCE": 0, "TE_ACTFISI": 12, "TE_ARTES": 4, "TE_CNATUR": 0, "TE_CSOCIAL": 0, "TE_LDSOCIA": 3, "TE_TECNOLO": 1, "TOT_EST_CA": 23, "TMATRIC_GE": 1570, "Zona": 1 }, "geometry": { "type": "Point", "coordinates": [ -8254178.82909999974072, 513041.6858000010252 ] } },
{ "type": "Feature", "properties": { "NOMBRE_EST": "COLEGIO KENNEDY (IED)", "NOMBRE_SED": "KENNEDY", "ORDEN_DE_S": "A", "DIRECCION": "CL 5 SUR # 72 A - 69", "DISCAPACID": "AUDITIVA-FISICA-INTELECTUAL-MENTAL/PSICOSOCIAL-MULTIPLE-VISUAL", "TALENTOS_O": "TALENTO EXCEPCIONAL EN ARTES Y LETRAS-TALENTO EXCEPCIONAL EN LIDERAZGO SOCIAL Y EMPRENDIMIENTO-TALENTO EXCEPCIONAL EN TECNOLOGIA", "GRUPOS_ETN": "AFRODESCENDIENTES-INDIGENAS-NEGRITUDES", "SECTOR": 2, "NATU_JUR": 9, "CALENDARIO": 1, "GENERO": 5, "COD_LOCA": "08", "ESPECIALID": 1, "CLASE_TIPO": 1, "BILINGUE": 5, "FECHA": "2025-04-30", "DANE12_EST": "111001016292", "DANE12_SED": "111001016292", "DA_HIPOACU": 3, "DA_SORDERA": 0, "DA_LENGUAS": 0, "DA_UCASTEL": 0, "DISCAP_FIS": 0, "DISCAP_FLE": 0, "DISCAP_PCE": 0, "DI_DCOGNIT": 16, "DI_SDOWN": 0, "DIS_MULTIP": 6, "DIS_PSICOS": 2, "DV_BAJAVIS": 1, "DIS_CEGUER": 0, "T_ESPECTRO": 0, "T_VOZ_Y_HA": 0, "SISTEMICA": 0, "SORDOCEGUE": 0, "OTRA": 0, "TOT_EST_MA": 28, "AFRODESCEN": 8, "INDIGENAS": 4, "NEGRITUDES": 4, "PALENQUERO": 0, "RAIZALES": 0, "ROM": 0, "TOT_EST_ET": 16, "CAPACID_EX": 1, "DOBLE_EXCE": 0, "TE_ACTFISI": 0, "TE_ARTES": 1, "TE_CNATUR": 0, "TE_CSOCIAL": 0, "TE_LDSOCIA": 0, "TE_TECNOLO": 1, "TOT_EST_CA": 3, "TMATRIC_GE": 1006, "Zona": 1 }, "geometry": { "type": "Point", "coordinates": [ -8253313.876599999144673, 514882.190499998629093 ] } },
{ "type": "Feature", "properties": { "NOMBRE_EST": "COLEGIO KENNEDY (IED)", "NOMBRE_SED": "ANTONIA SANTOS II", "ORDEN_DE_S": "B", "DIRECCION": "CL 25 SUR # 69 C - 34", "DISCAPACID": "AUDITIVA-INTELECTUAL-MULTIPLE", "TALENTOS_O": "TALENTO EXCEPCIONAL EN ARTES Y LETRAS-TALENTO EXCEPCIONAL EN LIDERAZGO SOCIAL Y EMPRENDIMIENTO", "GRUPOS_ETN": "AFRODESCENDIENTES", "SECTOR": 2, "NATU_JUR": 9, "CALENDARIO": 1, "GENERO": 5, "COD_LOCA": "08", "ESPECIALID": 13, "CLASE_TIPO": 1, "BILINGUE": 5, "FECHA": "2025-04-30", "DANE12_EST": "111001016292", "DANE12_SED": "111001018082", "DA_HIPOACU": 1, "DA_SORDERA": 0, "DA_LENGUAS": 0, "DA_UCASTEL": 0, "DISCAP_FIS": 0, "DISCAP_FLE": 0, "DISCAP_PCE": 0, "DI_DCOGNIT": 4, "DI_SDOWN": 0, "DIS_MULTIP": 1, "DIS_PSICOS": 0, "DV_BAJAVIS": 0, "DIS_CEGUER": 0, "T_ESPECTRO": 0, "T_VOZ_Y_HA": 0, "SISTEMICA": 0, "SORDOCEGUE": 0, "OTRA": 0, "TOT_EST_MA": 6, "AFRODESCEN": 0, "INDIGENAS": 0, "NEGRITUDES": 1, "PALENQUERO": 0, "RAIZALES": 0, "ROM": 0, "TOT_EST_ET": 1, "CAPACID_EX": 0, "DOBLE_EXCE": 0, "TE_ACTFISI": 0, "TE_ARTES": 1, "TE_CNATUR": 0, "TE_CSOCIAL": 0, "TE_LDSOCIA": 0, "TE_TECNOLO": 1, "TOT_EST_CA": 2, "TMATRIC_GE": 171, "Zona": 1 }, "geometry": { "type": "Point", "coordinates": [ -8252714.977800000458956, 514334.948600001633167 ] } },
{ "type": "Feature", "properties": { "NOMBRE_EST": "COLEGIO KENNEDY (IED)", "NOMBRE_SED": "LOS HEROES", "ORDEN_DE_S": "C", "DIRECCION": "CL 35 B SUR # 73 A - 40 INT 1", "DISCAPACID": "AUDITIVA-FISICA-INTELECTUAL-MULTIPLE", "TALENTOS_O": null, "GRUPOS_ETN": "AFRODESCENDIENTES-NEGRITUDES", "SECTOR": 2, "NATU_JUR": 9, "CALENDARIO": 1, "GENERO": 5, "COD_LOCA": "08", "ESPECIALID": 13, "CLASE_TIPO": 1, "BILINGUE": 5, "FECHA": "2025-04-30", "DANE12_EST": "111001016292", "DANE12_SED": "111001015628", "DA_HIPOACU": 1, "DA_SORDERA": 0, "DA_LENGUAS": 0, "DA_UCASTEL": 0, "DISCAP_FIS": 2, "DISCAP_FLE": 0, "DISCAP_PCE": 0, "DI_DCOGNIT": 4, "DI_SDOWN": 0, "DIS_MULTIP": 0, "DIS_PSICOS": 0, "DV_BAJAVIS": 0, "DIS_CEGUER": 0, "T_ESPECTRO": 0, "T_VOZ_Y_HA": 0, "SISTEMICA": 0, "SORDOCEGUE": 0, "OTRA": 0, "TOT_EST_MA": 7, "AFRODESCEN": 0, "INDIGENAS": 1, "NEGRITUDES": 0, "PALENQUERO": 0, "RAIZALES": 0, "ROM": 0, "TOT_EST_ET": 1, "CAPACID_EX": 0, "DOBLE_EXCE": 0, "TE_ACTFISI": 1, "TE_ARTES": 0, "TE_CNATUR": 0, "TE_CSOCIAL": 0, "TE_LDSOCIA": 0, "TE_TECNOLO": 0, "TOT_EST_CA": 1, "TMATRIC_GE": 265, "Zona": 1 }, "geometry": { "type": "Point", "coordinates": [ -8253829.285900000482798, 514834.167100001126528 ] } },
{ "type": "Feature", "properties": { "NOMBRE_EST": "COLEGIO KENNEDY (IED)", "NOMBRE_SED": "ROSA MARIA GORDILLO", "ORDEN_DE_S": "D", "DIRECCION": "CL 35 BIS SUR # 73 A - 10 SUPER MZ 2", "DISCAPACID": "INTELECTUAL-MULTIPLE", "TALENTOS_O": "TALENTO EXCEPCIONAL EN ACTIVIDAD FISICA, EJERCICIO Y DEPORTE-TALENTO EXCEPCIONAL EN CIENCIAS SOCIALES O HUMANAS", "GRUPOS_ETN": "AFRODESCENDIENTES-INDIGENAS", "SECTOR": 2, "NATU_JUR": 9, "CALENDARIO": 1, "GENERO": 5, "COD_LOCA": "08", "ESPECIALID": 13, "CLASE_TIPO": 1, "BILINGUE": 5, "FECHA": "2025-04-30", "DANE12_EST": "111001016292", "DANE12_SED": "111001015610", "DA_HIPOACU": 0, "DA_SORDERA": 0, "DA_LENGUAS": 0, "DA_UCASTEL": 0, "DISCAP_FIS": 1, "DISCAP_FLE": 0, "DISCAP_PCE": 0, "DI_DCOGNIT": 3, "DI_SDOWN": 0, "DIS_MULTIP": 5, "DIS_PSICOS": 0, "DV_BAJAVIS": 0, "DIS_CEGUER": 0, "T_ESPECTRO": 0, "T_VOZ_Y_HA": 0, "SISTEMICA": 0, "SORDOCEGUE": 0, "OTRA": 0, "TOT_EST_MA": 9, "AFRODESCEN": 0, "INDIGENAS": 1, "NEGRITUDES": 0, "PALENQUERO": 0, "RAIZALES": 0, "ROM": 0, "TOT_EST_ET": 1, "CAPACID_EX": 0, "DOBLE_EXCE": 0, "TE_ACTFISI": 1, "TE_ARTES": 0, "TE_CNATUR": 0, "TE_CSOCIAL": 1, "TE_LDSOCIA": 0, "TE_TECNOLO": 0, "TOT_EST_CA": 2, "TMATRIC_GE": 182, "Zona": 1 }, "geometry": { "type": "Point", "coordinates": [ -8253956.190099999308586, 515067.583500001579523 ] } },
{ "type": "Feature", "properties": { "NOMBRE_EST": "COLEGIO FERNANDO SOTO APARICIO (IED)", "NOMBRE_SED": "FERNANDO SOTO APARICIO", "ORDEN_DE_S": "A", "DIRECCION": "KR 73 A BIS B # 36 - 47 SUR", "DISCAPACID": "FISICA-INTELECTUAL-MENTAL/PSICOSOCIAL-MULTIPLE", "TALENTOS_O": "TALENTO EXCEPCIONAL EN ACTIVIDAD FISICA, EJERCICIO Y DEPORTE-TALENTO EXCEPCIONAL EN ARTES Y LETRAS-TALENTO EXCEPCIONAL EN TECNOLOGIA", "GRUPOS_ETN": "AFRODESCENDIENTES-INDIGENAS-NEGRITUDES", "SECTOR": 2, "NATU_JUR": 9, "CALENDARIO": 1, "GENERO": 5, "COD_LOCA": "08", "ESPECIALID": 1, "CLASE_TIPO": 1, "BILINGUE": 5, "FECHA": "2025-04-30", "DANE12_EST": "111001024660", "DANE12_SED": "111001024660", "DA_HIPOACU": 2, "DA_SORDERA": 0, "DA_LENGUAS": 0, "DA_UCASTEL": 0, "DISCAP_FIS": 6, "DISCAP_FLE": 0, "DISCAP_PCE": 0, "DI_DCOGNIT": 5, "DI_SDOWN": 0, "DIS_MULTIP": 6, "DIS_PSICOS": 2, "DV_BAJAVIS": 0, "DIS_CEGUER": 0, "T_ESPECTRO": 0, "T_VOZ_Y_HA": 0, "SISTEMICA": 0, "SORDOCEGUE": 0, "OTRA": 0, "TOT_EST_MA": 21, "AFRODESCEN": 1, "INDIGENAS": 2, "NEGRITUDES": 2, "PALENQUERO": 0, "RAIZALES": 0, "ROM": 0, "TOT_EST_ET": 5, "CAPACID_EX": 0, "DOBLE_EXCE": 0, "TE_ACTFISI": 1, "TE_ARTES": 2, "TE_CNATUR": 0, "TE_CSOCIAL": 0, "TE_LDSOCIA": 1, "TE_TECNOLO": 1, "TOT_EST_CA": 5, "TMATRIC_GE": 982, "Zona": 1 }, "geometry": { "type": "Point", "coordinates": [ -8254064.17, 514725.835299998521805 ] } },
{ "type": "Feature", "properties": { "NOMBRE_EST": "COLEGIO FERNANDO SOTO APARICIO (IED)", "NOMBRE_SED": "PASTRANITA", "ORDEN_DE_S": "B", "DIRECCION": "KR 80 A # 51 B - 29 SUR", "DISCAPACID": "AUDITIVA-FISICA-INTELECTUAL-MENTAL/PSICOSOCIAL-MULTIPLE", "TALENTOS_O": "TALENTO EXCEPCIONAL EN ACTIVIDAD FISICA, EJERCICIO Y DEPORTE-TALENTO EXCEPCIONAL EN ARTES Y LETRAS-TALENTO EXCEPCIONAL EN LIDERAZGO SOCIAL Y EMPRENDIMIENTO-TALENTO EXCEPCIONAL EN TECNOLOGIA", "GRUPOS_ETN": "AFRODESCENDIENTES-INDIGENAS-NEGRITUDES", "SECTOR": 2, "NATU_JUR": 9, "CALENDARIO": 1, "GENERO": 5, "COD_LOCA": "08", "ESPECIALID": 13, "CLASE_TIPO": 1, "BILINGUE": 5, "FECHA": "2025-04-30", "DANE12_EST": "111001024660", "DANE12_SED": "111001013111", "DA_HIPOACU": 0, "DA_SORDERA": 0, "DA_LENGUAS": 0, "DA_UCASTEL": 0, "DISCAP_FIS": 3, "DISCAP_FLE": 0, "DISCAP_PCE": 0, "DI_DCOGNIT": 8, "DI_SDOWN": 0, "DIS_MULTIP": 5, "DIS_PSICOS": 1, "DV_BAJAVIS": 1, "DIS_CEGUER": 0, "T_ESPECTRO": 0, "T_VOZ_Y_HA": 0, "SISTEMICA": 0, "SORDOCEGUE": 0, "OTRA": 0, "TOT_EST_MA": 18, "AFRODESCEN": 4, "INDIGENAS": 3, "NEGRITUDES": 1, "PALENQUERO": 0, "RAIZALES": 0, "ROM": 0, "TOT_EST_ET": 8, "CAPACID_EX": 0, "DOBLE_EXCE": 0, "TE_ACTFISI": 17, "TE_ARTES": 7, "TE_CNATUR": 0, "TE_CSOCIAL": 0, "TE_LDSOCIA": 2, "TE_TECNOLO": 2, "TOT_EST_CA": 28, "TMATRIC_GE": 1175, "Zona": 1 }, "geometry": { "type": "Point", "coordinates": [ -8256857.176000000908971, 514540.44310000166297 ] } },
{ "type": "Feature", "properties": { "NOMBRE_EST": "COLEGIO INEM FRANCISCO DE PAULA SANTANDER (IED)", "NOMBRE_SED": "INEM FRANCISCO DE PAULA SANTANDER", "ORDEN_DE_S": "A", "DIRECCION": "CL 38 C SUR # 79 - 08", "DISCAPACID": "AUDITIVA-FISICA-INTELECTUAL-MENTAL/PSICOSOCIAL-MULTIPLE-VISUAL", "TALENTOS_O": "CAPACIDADES EXCEPCIONALES-TALENTO EXCEPCIONAL EN ACTIVIDAD FISICA, EJERCICIO Y DEPORTE-TALENTO EXCEPCIONAL EN ARTES Y LETRAS-TALENTO EXCEPCIONAL EN LIDERAZGO SOCIAL Y EMPRENDIMIENTO-TALENTO EXCEPCIONAL EN TECNOLOGIA", "GRUPOS_ETN": "AFRODESCENDIENTES-INDIGENAS-NEGRITUDES", "SECTOR": 2, "NATU_JUR": 9, "CALENDARIO": 1, "GENERO": 5, "COD_LOCA": "08", "ESPECIALID": 5, "CLASE_TIPO": 1, "BILINGUE": 5, "FECHA": "2025-04-30", "DANE12_EST": "111001024732", "DANE12_SED": "111001024732", "DA_HIPOACU": 2, "DA_SORDERA": 0, "DA_LENGUAS": 0, "DA_UCASTEL": 0, "DISCAP_FIS": 7, "DISCAP_FLE": 0, "DISCAP_PCE": 0, "DI_DCOGNIT": 39, "DI_SDOWN": 0, "DIS_MULTIP": 9, "DIS_PSICOS": 8, "DV_BAJAVIS": 2, "DIS_CEGUER": 0, "T_ESPECTRO": 0, "T_VOZ_Y_HA": 0, "SISTEMICA": 0, "SORDOCEGUE": 0, "OTRA": 0, "TOT_EST_MA": 67, "AFRODESCEN": 57, "INDIGENAS": 30, "NEGRITUDES": 20, "PALENQUERO": 0, "RAIZALES": 1, "ROM": 0, "TOT_EST_ET": 108, "CAPACID_EX": 1, "DOBLE_EXCE": 0, "TE_ACTFISI": 9, "TE_ARTES": 4, "TE_CNATUR": 0, "TE_CSOCIAL": 0, "TE_LDSOCIA": 1, "TE_TECNOLO": 3, "TOT_EST_CA": 18, "TMATRIC_GE": 4686, "Zona": 1 }, "geometry": { "type": "Point", "coordinates": [ -8255058.253000000491738, 515379.178800001740456 ] } },
{ "type": "Feature", "properties": { "NOMBRE_EST": "COLEGIO INEM FRANCISCO DE PAULA SANTANDER (IED)", "NOMBRE_SED": "CASABLANCA", "ORDEN_DE_S": "B", "DIRECCION": "KR 78 N # 35 A - 09 SUR", "DISCAPACID": "AUDITIVA-FISICA-INTELECTUAL-MENTAL/PSICOSOCIAL-MULTIPLE-VISUAL", "TALENTOS_O": "CAPACIDADES EXCEPCIONALES-TALENTO EXCEPCIONAL EN ACTIVIDAD FISICA, EJERCICIO Y DEPORTE-TALENTO EXCEPCIONAL EN ARTES Y LETRAS-TALENTO EXCEPCIONAL EN TECNOLOGIA", "GRUPOS_ETN": "AFRODESCENDIENTES-INDIGENAS", "SECTOR": 2, "NATU_JUR": 9, "CALENDARIO": 1, "GENERO": 5, "COD_LOCA": "08", "ESPECIALID": 13, "CLASE_TIPO": 1, "BILINGUE": 5, "FECHA": "2025-04-30", "DANE12_EST": "111001024732", "DANE12_SED": "111001016080", "DA_HIPOACU": 1, "DA_SORDERA": 0, "DA_LENGUAS": 0, "DA_UCASTEL": 0, "DISCAP_FIS": 2, "DISCAP_FLE": 0, "DISCAP_PCE": 0, "DI_DCOGNIT": 11, "DI_SDOWN": 0, "DIS_MULTIP": 3, "DIS_PSICOS": 3, "DV_BAJAVIS": 1, "DIS_CEGUER": 0, "T_ESPECTRO": 0, "T_VOZ_Y_HA": 0, "SISTEMICA": 0, "SORDOCEGUE": 0, "OTRA": 0, "TOT_EST_MA": 21, "AFRODESCEN": 9, "INDIGENAS": 3, "NEGRITUDES": 0, "PALENQUERO": 1, "RAIZALES": 0, "ROM": 0, "TOT_EST_ET": 13, "CAPACID_EX": 2, "DOBLE_EXCE": 0, "TE_ACTFISI": 0, "TE_ARTES": 0, "TE_CNATUR": 0, "TE_CSOCIAL": 0, "TE_LDSOCIA": 0, "TE_TECNOLO": 0, "TOT_EST_CA": 2, "TMATRIC_GE": 1144, "Zona": 1 }, "geometry": { "type": "Point", "coordinates": [ -8254641.918099999427795, 515581.325500000268221 ] } },
{ "type": "Feature", "properties": { "NOMBRE_EST": "COLEGIO JOHN F. KENNEDY (IED)", "NOMBRE_SED": "JOHN F. KENNEDY", "ORDEN_DE_S": "A", "DIRECCION": "KR 74 B # 38 A - 33 SUR", "DISCAPACID": "AUDITIVA-FISICA-INTELECTUAL-MENTAL/PSICOSOCIAL-MULTIPLE-VISUAL", "TALENTOS_O": "CAPACIDADES EXCEPCIONALES-TALENTO EXCEPCIONAL EN ACTIVIDAD FISICA, EJERCICIO Y DEPORTE-TALENTO EXCEPCIONAL EN ARTES Y LETRAS-TALENTO EXCEPCIONAL EN TECNOLOGIA", "GRUPOS_ETN": "AFRODESCENDIENTES-INDIGENAS-NEGRITUDES-RAIZALES", "SECTOR": 2, "NATU_JUR": 9, "CALENDARIO": 1, "GENERO": 5, "COD_LOCA": "08", "ESPECIALID": 1, "CLASE_TIPO": 1, "BILINGUE": 5, "FECHA": "2025-04-30", "DANE12_EST": "111001026964", "DANE12_SED": "111001026964", "DA_HIPOACU": 1, "DA_SORDERA": 0, "DA_LENGUAS": 0, "DA_UCASTEL": 0, "DISCAP_FIS": 4, "DISCAP_FLE": 0, "DISCAP_PCE": 0, "DI_DCOGNIT": 40, "DI_SDOWN": 0, "DIS_MULTIP": 14, "DIS_PSICOS": 3, "DV_BAJAVIS": 0, "DIS_CEGUER": 0, "T_ESPECTRO": 0, "T_VOZ_Y_HA": 0, "SISTEMICA": 0, "SORDOCEGUE": 0, "OTRA": 0, "TOT_EST_MA": 62, "AFRODESCEN": 12, "INDIGENAS": 26, "NEGRITUDES": 6, "PALENQUERO": 0, "RAIZALES": 1, "ROM": 0, "TOT_EST_ET": 45, "CAPACID_EX": 0, "DOBLE_EXCE": 0, "TE_ACTFISI": 11, "TE_ARTES": 4, "TE_CNATUR": 0, "TE_CSOCIAL": 1, "TE_LDSOCIA": 2, "TE_TECNOLO": 0, "TOT_EST_CA": 18, "TMATRIC_GE": 2126, "Zona": 1 }, "geometry": { "type": "Point", "coordinates": [ -8254528.372300000861287, 515064.2331000007689 ] } },
{ "type": "Feature", "properties": { "NOMBRE_EST": "COLEGIO PROSPERO PINZON (IED)", "NOMBRE_SED": "PROSPERO PINZON", "ORDEN_DE_S": "A", "DIRECCION": "CL 35 C SUR # 78 F - 81", "DISCAPACID": "AUDITIVA-FISICA-INTELECTUAL-MENTAL/PSICOSOCIAL-MULTIPLE-SORDOCEGUERA-VISUAL", "TALENTOS_O": "CAPACIDADES EXCEPCIONALES-TALENTO EXCEPCIONAL EN ACTIVIDAD FISICA, EJERCICIO Y DEPORTE-TALENTO EXCEPCIONAL EN ARTES Y LETRAS-TALENTO EXCEPCIONAL EN LIDERAZGO SOCIAL Y EMPRENDIMIENTO-TALENTO EXCEPCIONAL EN TECNOLOGIA", "GRUPOS_ETN": "AFRODESCENDIENTES-INDIGENAS-NEGRITUDES-PALENQUEROS", "SECTOR": 2, "NATU_JUR": 9, "CALENDARIO": 1, "GENERO": 5, "COD_LOCA": "08", "ESPECIALID": 1, "CLASE_TIPO": 1, "BILINGUE": 5, "FECHA": "2025-04-30", "DANE12_EST": "111001027308", "DANE12_SED": "111001027308", "DA_HIPOACU": 2, "DA_SORDERA": 0, "DA_LENGUAS": 0, "DA_UCASTEL": 0, "DISCAP_FIS": 3, "DISCAP_FLE": 0, "DISCAP_PCE": 0, "DI_DCOGNIT": 13, "DI_SDOWN": 0, "DIS_MULTIP": 5, "DIS_PSICOS": 3, "DV_BAJAVIS": 1, "DIS_CEGUER": 0, "T_ESPECTRO": 0, "T_VOZ_Y_HA": 0, "SISTEMICA": 0, "SORDOCEGUE": 0, "OTRA": 0, "TOT_EST_MA": 27, "AFRODESCEN": 6, "INDIGENAS": 4, "NEGRITUDES": 5, "PALENQUERO": 0, "RAIZALES": 0, "ROM": 0, "TOT_EST_ET": 15, "CAPACID_EX": 3, "DOBLE_EXCE": 0, "TE_ACTFISI": 4, "TE_ARTES": 4, "TE_CNATUR": 0, "TE_CSOCIAL": 1, "TE_LDSOCIA": 1, "TE_TECNOLO": 1, "TOT_EST_CA": 14, "TMATRIC_GE": 1223, "Zona": 1 }, "geometry": { "type": "Point", "coordinates": [ -8254459.3542, 515338.972899999469519 ] } },
{ "type": "Feature", "properties": { "NOMBRE_EST": "COLEGIO MANUEL CEPEDA VARGAS (IED)", "NOMBRE_SED": "MANUEL CEPEDA VARGAS", "ORDEN_DE_S": "A", "DIRECCION": "CL 56 SUR # 81 - 26", "DISCAPACID": "AUDITIVA-FISICA-INTELECTUAL-MENTAL/PSICOSOCIAL-MULTIPLE", "TALENTOS_O": "CAPACIDADES EXCEPCIONALES-TALENTO EXCEPCIONAL EN ACTIVIDAD FISICA, EJERCICIO Y DEPORTE-TALENTO EXCEPCIONAL EN ARTES Y LETRAS-TALENTO EXCEPCIONAL EN CIENCIAS SOCIALES O HUMANAS-TALENTO EXCEPCIONAL EN TECNOLOGIA", "GRUPOS_ETN": "AFRODESCENDIENTES-INDIGENAS-NEGRITUDES", "SECTOR": 2, "NATU_JUR": 9, "CALENDARIO": 1, "GENERO": 5, "COD_LOCA": "08", "ESPECIALID": 1, "CLASE_TIPO": 1, "BILINGUE": 5, "FECHA": "2025-04-30", "DANE12_EST": "111001027391", "DANE12_SED": "111001027391", "DA_HIPOACU": 3, "DA_SORDERA": 0, "DA_LENGUAS": 0, "DA_UCASTEL": 0, "DISCAP_FIS": 11, "DISCAP_FLE": 0, "DISCAP_PCE": 0, "DI_DCOGNIT": 68, "DI_SDOWN": 0, "DIS_MULTIP": 20, "DIS_PSICOS": 8, "DV_BAJAVIS": 1, "DIS_CEGUER": 0, "T_ESPECTRO": 0, "T_VOZ_Y_HA": 0, "SISTEMICA": 0, "SORDOCEGUE": 0, "OTRA": 0, "TOT_EST_MA": 111, "AFRODESCEN": 25, "INDIGENAS": 20, "NEGRITUDES": 15, "PALENQUERO": 0, "RAIZALES": 0, "ROM": 0, "TOT_EST_ET": 60, "CAPACID_EX": 1, "DOBLE_EXCE": 0, "TE_ACTFISI": 19, "TE_ARTES": 3, "TE_CNATUR": 0, "TE_CSOCIAL": 5, "TE_LDSOCIA": 2, "TE_TECNOLO": 2, "TOT_EST_CA": 32, "TMATRIC_GE": 4228, "Zona": 1 }, "geometry": { "type": "Point", "coordinates": [ -8257450.508899999782443, 514467.849899999797344 ] } },
{ "type": "Feature", "properties": { "NOMBRE_EST": "COLEGIO MANUEL CEPEDA VARGAS (IED)", "NOMBRE_SED": "GRAN BRITALIA", "ORDEN_DE_S": "B", "DIRECCION": "CL 47 A SUR # 82 - 99", "DISCAPACID": "FISICA-INTELECTUAL-MENTAL/PSICOSOCIAL-MULTIPLE", "TALENTOS_O": "TALENTO EXCEPCIONAL EN ACTIVIDAD FISICA, EJERCICIO Y DEPORTE", "GRUPOS_ETN": "AFRODESCENDIENTES-INDIGENAS-NEGRITUDES", "SECTOR": 2, "NATU_JUR": 9, "CALENDARIO": 1, "GENERO": 5, "COD_LOCA": "08", "ESPECIALID": 13, "CLASE_TIPO": 1, "BILINGUE": 5, "FECHA": "2025-04-30", "DANE12_EST": "111001027391", "DANE12_SED": "111001050172", "DA_HIPOACU": 0, "DA_SORDERA": 0, "DA_LENGUAS": 0, "DA_UCASTEL": 0, "DISCAP_FIS": 3, "DISCAP_FLE": 0, "DISCAP_PCE": 0, "DI_DCOGNIT": 14, "DI_SDOWN": 0, "DIS_MULTIP": 5, "DIS_PSICOS": 0, "DV_BAJAVIS": 0, "DIS_CEGUER": 0, "T_ESPECTRO": 0, "T_VOZ_Y_HA": 0, "SISTEMICA": 0, "SORDOCEGUE": 0, "OTRA": 0, "TOT_EST_MA": 22, "AFRODESCEN": 10, "INDIGENAS": 4, "NEGRITUDES": 2, "PALENQUERO": 0, "RAIZALES": 0, "ROM": 0, "TOT_EST_ET": 16, "CAPACID_EX": 1, "DOBLE_EXCE": 0, "TE_ACTFISI": 4, "TE_ARTES": 0, "TE_CNATUR": 0, "TE_CSOCIAL": 0, "TE_LDSOCIA": 0, "TE_TECNOLO": 0, "TOT_EST_CA": 5, "TMATRIC_GE": 922, "Zona": 1 }, "geometry": { "type": "Point", "coordinates": [ -8256896.137800000607967, 515447.305500000715256 ] } },
{ "type": "Feature", "properties": { "NOMBRE_EST": "COLEGIO MANUEL CEPEDA VARGAS (IED)", "NOMBRE_SED": "CAMILO TORRES", "ORDEN_DE_S": "C", "DIRECCION": "KR 83 # 46 B - 16 SUR", "DISCAPACID": "FISICA-INTELECTUAL-MULTIPLE", "TALENTOS_O": "CAPACIDADES EXCEPCIONALES-TALENTO EXCEPCIONAL EN ACTIVIDAD FISICA, EJERCICIO Y DEPORTE", "GRUPOS_ETN": "AFRODESCENDIENTES-INDIGENAS", "SECTOR": 2, "NATU_JUR": 9, "CALENDARIO": 1, "GENERO": 5, "COD_LOCA": "08", "ESPECIALID": 13, "CLASE_TIPO": 1, "BILINGUE": 5, "FECHA": "2025-04-30", "DANE12_EST": "111001027391", "DANE12_SED": "111001034088", "DA_HIPOACU": 0, "DA_SORDERA": 0, "DA_LENGUAS": 0, "DA_UCASTEL": 0, "DISCAP_FIS": 1, "DISCAP_FLE": 0, "DISCAP_PCE": 0, "DI_DCOGNIT": 2, "DI_SDOWN": 0, "DIS_MULTIP": 3, "DIS_PSICOS": 1, "DV_BAJAVIS": 0, "DIS_CEGUER": 0, "T_ESPECTRO": 0, "T_VOZ_Y_HA": 0, "SISTEMICA": 0, "SORDOCEGUE": 0, "OTRA": 0, "TOT_EST_MA": 7, "AFRODESCEN": 1, "INDIGENAS": 0, "NEGRITUDES": 0, "PALENQUERO": 0, "RAIZALES": 0, "ROM": 0, "TOT_EST_ET": 1, "CAPACID_EX": 0, "DOBLE_EXCE": 0, "TE_ACTFISI": 4, "TE_ARTES": 1, "TE_CNATUR": 0, "TE_CSOCIAL": 0, "TE_LDSOCIA": 0, "TE_TECNOLO": 0, "TOT_EST_CA": 5, "TMATRIC_GE": 360, "Zona": 1 }, "geometry": { "type": "Point", "coordinates": [ -8256897.251000000163913, 515483.044199999421835 ] } },
{ "type": "Feature", "properties": { "NOMBRE_EST": "COLEGIO JAIRO ANIBAL NIÑO (CED)", "NOMBRE_SED": "JAIRO ANIBAL NIÑO", "ORDEN_DE_S": "A", "DIRECCION": "KR 87 H BIS # 39 A - 23 SUR", "DISCAPACID": "AUDITIVA-FISICA-INTELECTUAL-MENTAL/PSICOSOCIAL-MULTIPLE-SORDOCEGUERA-VISUAL", "TALENTOS_O": "CAPACIDADES EXCEPCIONALES-TALENTO EXCEPCIONAL EN ACTIVIDAD FISICA, EJERCICIO Y DEPORTE-TALENTO EXCEPCIONAL EN ARTES Y LETRAS-TALENTO EXCEPCIONAL EN CIENCIAS NATURALES O BASICAS", "GRUPOS_ETN": "AFRODESCENDIENTES-INDIGENAS-NEGRITUDES-RAIZALES", "SECTOR": 2, "NATU_JUR": 9, "CALENDARIO": 1, "GENERO": 5, "COD_LOCA": "08", "ESPECIALID": 13, "CLASE_TIPO": 1, "BILINGUE": 5, "FECHA": "2025-04-30", "DANE12_EST": "111001027405", "DANE12_SED": "111001027405", "DA_HIPOACU": 1, "DA_SORDERA": 0, "DA_LENGUAS": 0, "DA_UCASTEL": 0, "DISCAP_FIS": 3, "DISCAP_FLE": 0, "DISCAP_PCE": 0, "DI_DCOGNIT": 32, "DI_SDOWN": 0, "DIS_MULTIP": 15, "DIS_PSICOS": 1, "DV_BAJAVIS": 1, "DIS_CEGUER": 0, "T_ESPECTRO": 0, "T_VOZ_Y_HA": 0, "SISTEMICA": 0, "SORDOCEGUE": 0, "OTRA": 0, "TOT_EST_MA": 53, "AFRODESCEN": 12, "INDIGENAS": 5, "NEGRITUDES": 3, "PALENQUERO": 0, "RAIZALES": 0, "ROM": 0, "TOT_EST_ET": 20, "CAPACID_EX": 1, "DOBLE_EXCE": 0, "TE_ACTFISI": 9, "TE_ARTES": 5, "TE_CNATUR": 1, "TE_CSOCIAL": 1, "TE_LDSOCIA": 1, "TE_TECNOLO": 0, "TOT_EST_CA": 18, "TMATRIC_GE": 1464, "Zona": 1 }, "geometry": { "type": "Point", "coordinates": [ -8256239.352800000458956, 516718.270599998533726 ] } },
{ "type": "Feature", "properties": { "NOMBRE_EST": "COLEGIO JACKELINE (IED)", "NOMBRE_SED": "JACKELINE", "ORDEN_DE_S": "A", "DIRECCION": "CL 45 A SUR # 77 Q - 49", "DISCAPACID": "AUDITIVA-FISICA-INTELECTUAL-MENTAL/PSICOSOCIAL-MULTIPLE", "TALENTOS_O": "TALENTO EXCEPCIONAL EN ACTIVIDAD FISICA, EJERCICIO Y DEPORTE-TALENTO EXCEPCIONAL EN CIENCIAS SOCIALES O HUMANAS", "GRUPOS_ETN": "AFRODESCENDIENTES-INDIGENAS-NEGRITUDES-PALENQUEROS", "SECTOR": 2, "NATU_JUR": 9, "CALENDARIO": 1, "GENERO": 5, "COD_LOCA": "08", "ESPECIALID": 13, "CLASE_TIPO": 1, "BILINGUE": 5, "FECHA": "2025-04-30", "DANE12_EST": "111001029114", "DANE12_SED": "111001029114", "DA_HIPOACU": 1, "DA_SORDERA": 0, "DA_LENGUAS": 0, "DA_UCASTEL": 0, "DISCAP_FIS": 1, "DISCAP_FLE": 0, "DISCAP_PCE": 0, "DI_DCOGNIT": 12, "DI_SDOWN": 0, "DIS_MULTIP": 8, "DIS_PSICOS": 1, "DV_BAJAVIS": 0, "DIS_CEGUER": 0, "T_ESPECTRO": 0, "T_VOZ_Y_HA": 0, "SISTEMICA": 0, "SORDOCEGUE": 0, "OTRA": 0, "TOT_EST_MA": 23, "AFRODESCEN": 9, "INDIGENAS": 3, "NEGRITUDES": 1, "PALENQUERO": 0, "RAIZALES": 0, "ROM": 0, "TOT_EST_ET": 13, "CAPACID_EX": 2, "DOBLE_EXCE": 0, "TE_ACTFISI": 1, "TE_ARTES": 1, "TE_CNATUR": 0, "TE_CSOCIAL": 1, "TE_LDSOCIA": 0, "TE_TECNOLO": 0, "TOT_EST_CA": 5, "TMATRIC_GE": 914, "Zona": 1 }, "geometry": { "type": "Point", "coordinates": [ -8255769.584599999710917, 513623.539799999445677 ] } },
{ "type": "Feature", "properties": { "NOMBRE_EST": "COLEGIO JACKELINE (IED)", "NOMBRE_SED": "SEDE B", "ORDEN_DE_S": "B", "DIRECCION": "KR 77 P BIS # 47 A - 31 SUR", "DISCAPACID": "AUDITIVA-FISICA-INTELECTUAL-MENTAL/PSICOSOCIAL-MULTIPLE", "TALENTOS_O": "TALENTO EXCEPCIONAL EN ACTIVIDAD FISICA, EJERCICIO Y DEPORTE-TALENTO EXCEPCIONAL EN CIENCIAS SOCIALES O HUMANAS-TALENTO EXCEPCIONAL EN TECNOLOGIA", "GRUPOS_ETN": "AFRODESCENDIENTES-INDIGENAS-NEGRITUDES", "SECTOR": 2, "NATU_JUR": 9, "CALENDARIO": 1, "GENERO": 5, "COD_LOCA": "08", "ESPECIALID": 1, "CLASE_TIPO": 1, "BILINGUE": 5, "FECHA": "2025-04-30", "DANE12_EST": "111001029114", "DANE12_SED": "111001800465", "DA_HIPOACU": 1, "DA_SORDERA": 0, "DA_LENGUAS": 0, "DA_UCASTEL": 0, "DISCAP_FIS": 2, "DISCAP_FLE": 0, "DISCAP_PCE": 0, "DI_DCOGNIT": 24, "DI_SDOWN": 0, "DIS_MULTIP": 5, "DIS_PSICOS": 4, "DV_BAJAVIS": 0, "DIS_CEGUER": 0, "T_ESPECTRO": 0, "T_VOZ_Y_HA": 0, "SISTEMICA": 0, "SORDOCEGUE": 0, "OTRA": 0, "TOT_EST_MA": 36, "AFRODESCEN": 4, "INDIGENAS": 0, "NEGRITUDES": 2, "PALENQUERO": 0, "RAIZALES": 0, "ROM": 0, "TOT_EST_ET": 6, "CAPACID_EX": 2, "DOBLE_EXCE": 0, "TE_ACTFISI": 1, "TE_ARTES": 0, "TE_CNATUR": 0, "TE_CSOCIAL": 0, "TE_LDSOCIA": 0, "TE_TECNOLO": 0, "TOT_EST_CA": 3, "TMATRIC_GE": 594, "Zona": 1 }, "geometry": { "type": "Point", "coordinates": [ -8255945.469399999827147, 513548.713799998164177 ] } },
{ "type": "Feature", "properties": { "NOMBRE_EST": "COLEGIO MANUEL ZAPATA OLIVELLA (IED)", "NOMBRE_SED": "MANUEL ZAPATA OLIVELLA", "ORDEN_DE_S": "A", "DIRECCION": "CL 1 BIS # 87 - 84", "DISCAPACID": "AUDITIVA-FISICA-INTELECTUAL-MENTAL/PSICOSOCIAL-MULTIPLE-SORDOCEGUERA-VISUAL", "TALENTOS_O": "TALENTO EXCEPCIONAL EN ACTIVIDAD FISICA, EJERCICIO Y DEPORTE-TALENTO EXCEPCIONAL EN ARTES Y LETRAS-TALENTO EXCEPCIONAL EN LIDERAZGO SOCIAL Y EMPRENDIMIENTO", "GRUPOS_ETN": "AFRODESCENDIENTES-INDIGENAS-NEGRITUDES-RAIZALES", "SECTOR": 2, "NATU_JUR": 9, "CALENDARIO": 1, "GENERO": 5, "COD_LOCA": "08", "ESPECIALID": 1, "CLASE_TIPO": 1, "BILINGUE": 5, "FECHA": "2025-04-30", "DANE12_EST": "111001033898", "DANE12_SED": "111001033898", "DA_HIPOACU": 3, "DA_SORDERA": 0, "DA_LENGUAS": 0, "DA_UCASTEL": 0, "DISCAP_FIS": 1, "DISCAP_FLE": 0, "DISCAP_PCE": 0, "DI_DCOGNIT": 26, "DI_SDOWN": 0, "DIS_MULTIP": 4, "DIS_PSICOS": 2, "DV_BAJAVIS": 4, "DIS_CEGUER": 0, "T_ESPECTRO": 0, "T_VOZ_Y_HA": 0, "SISTEMICA": 0, "SORDOCEGUE": 0, "OTRA": 0, "TOT_EST_MA": 40, "AFRODESCEN": 16, "INDIGENAS": 10, "NEGRITUDES": 9, "PALENQUERO": 0, "RAIZALES": 1, "ROM": 0, "TOT_EST_ET": 36, "CAPACID_EX": 1, "DOBLE_EXCE": 0, "TE_ACTFISI": 17, "TE_ARTES": 1, "TE_CNATUR": 0, "TE_CSOCIAL": 0, "TE_LDSOCIA": 0, "TE_TECNOLO": 0, "TOT_EST_CA": 19, "TMATRIC_GE": 1992, "Zona": 1 }, "geometry": { "type": "Point", "coordinates": [ -8255487.9463, 517147.142200000584126 ] } },
{ "type": "Feature", "properties": { "NOMBRE_EST": "COLEGIO LA FLORESTA SUR (IED)", "NOMBRE_SED": "LA FLORESTA SUR", "ORDEN_DE_S": "A", "DIRECCION": "KR 68 B BIS # 1 - 09 SUR", "DISCAPACID": "AUDITIVA-FISICA-INTELECTUAL", "TALENTOS_O": "CAPACIDADES EXCEPCIONALES-TALENTO EXCEPCIONAL EN ACTIVIDAD FISICA, EJERCICIO Y DEPORTE-TALENTO EXCEPCIONAL EN ARTES Y LETRAS-TALENTO EXCEPCIONAL EN CIENCIAS NATURALES O BASICAS-TALENTO EXCEPCIONAL EN CIENCIAS SOCIALES O HUMANAS", "GRUPOS_ETN": "AFRODESCENDIENTES-INDIGENAS-NEGRITUDES", "SECTOR": 2, "NATU_JUR": 9, "CALENDARIO": 1, "GENERO": 5, "COD_LOCA": "08", "ESPECIALID": 1, "CLASE_TIPO": 1, "BILINGUE": 5, "FECHA": "2025-04-30", "DANE12_EST": "111001034045", "DANE12_SED": "111001034045", "DA_HIPOACU": 0, "DA_SORDERA": 0, "DA_LENGUAS": 0, "DA_UCASTEL": 0, "DISCAP_FIS": 0, "DISCAP_FLE": 0, "DISCAP_PCE": 0, "DI_DCOGNIT": 12, "DI_SDOWN": 0, "DIS_MULTIP": 2, "DIS_PSICOS": 0, "DV_BAJAVIS": 1, "DIS_CEGUER": 0, "T_ESPECTRO": 0, "T_VOZ_Y_HA": 0, "SISTEMICA": 0, "SORDOCEGUE": 0, "OTRA": 0, "TOT_EST_MA": 15, "AFRODESCEN": 8, "INDIGENAS": 5, "NEGRITUDES": 3, "PALENQUERO": 0, "RAIZALES": 0, "ROM": 0, "TOT_EST_ET": 16, "CAPACID_EX": 0, "DOBLE_EXCE": 0, "TE_ACTFISI": 4, "TE_ARTES": 2, "TE_CNATUR": 1, "TE_CSOCIAL": 1, "TE_LDSOCIA": 0, "TE_TECNOLO": 0, "TOT_EST_CA": 8, "TMATRIC_GE": 653, "Zona": 1 }, "geometry": { "type": "Point", "coordinates": [ -8251813.289899999275804, 514932.447599999606609 ] } },
{ "type": "Feature", "properties": { "NOMBRE_EST": "COLEGIO LA FLORESTA SUR (IED)", "NOMBRE_SED": "JUAN PABLO II", "ORDEN_DE_S": "B", "DIRECCION": "CL 2 SUR # 68 B - 08", "DISCAPACID": "FISICA-INTELECTUAL-MENTAL/PSICOSOCIAL-MULTIPLE-VISUAL", "TALENTOS_O": "CAPACIDADES EXCEPCIONALES-TALENTO EXCEPCIONAL EN ACTIVIDAD FISICA, EJERCICIO Y DEPORTE-TALENTO EXCEPCIONAL EN ARTES Y LETRAS-TALENTO EXCEPCIONAL EN CIENCIAS SOCIALES O HUMANAS", "GRUPOS_ETN": "AFRODESCENDIENTES-INDIGENAS-NEGRITUDES", "SECTOR": 2, "NATU_JUR": 9, "CALENDARIO": 1, "GENERO": 5, "COD_LOCA": "08", "ESPECIALID": 13, "CLASE_TIPO": 1, "BILINGUE": 5, "FECHA": "2025-04-30", "DANE12_EST": "111001034045", "DANE12_SED": "111102001164", "DA_HIPOACU": 0, "DA_SORDERA": 0, "DA_LENGUAS": 0, "DA_UCASTEL": 0, "DISCAP_FIS": 1, "DISCAP_FLE": 0, "DISCAP_PCE": 0, "DI_DCOGNIT": 9, "DI_SDOWN": 0, "DIS_MULTIP": 3, "DIS_PSICOS": 2, "DV_BAJAVIS": 0, "DIS_CEGUER": 0, "T_ESPECTRO": 0, "T_VOZ_Y_HA": 0, "SISTEMICA": 0, "SORDOCEGUE": 0, "OTRA": 0, "TOT_EST_MA": 15, "AFRODESCEN": 11, "INDIGENAS": 6, "NEGRITUDES": 0, "PALENQUERO": 0, "RAIZALES": 0, "ROM": 0, "TOT_EST_ET": 17, "CAPACID_EX": 1, "DOBLE_EXCE": 0, "TE_ACTFISI": 3, "TE_ARTES": 6, "TE_CNATUR": 1, "TE_CSOCIAL": 0, "TE_LDSOCIA": 0, "TE_TECNOLO": 2, "TOT_EST_CA": 13, "TMATRIC_GE": 618, "Zona": 1 }, "geometry": { "type": "Point", "coordinates": [ -8251857.817700000479817, 514903.410199999809265 ] } },
{ "type": "Feature", "properties": { "NOMBRE_EST": "COLEGIO SAN JOSE DE CASTILLA (IED)", "NOMBRE_SED": "CASTILLA", "ORDEN_DE_S": "A", "DIRECCION": "CL 7 C # 78 F - 20", "DISCAPACID": "AUDITIVA-FISICA-INTELECTUAL-MENTAL/PSICOSOCIAL-MULTIPLE-VISUAL", "TALENTOS_O": "CAPACIDADES EXCEPCIONALES-TALENTO EXCEPCIONAL EN ACTIVIDAD FISICA, EJERCICIO Y DEPORTE-TALENTO EXCEPCIONAL EN ARTES Y LETRAS-TALENTO EXCEPCIONAL EN CIENCIAS SOCIALES O HUMANAS-TALENTO EXCEPCIONAL EN LIDERAZGO SOCIAL Y EMPRENDIMIENTO-TALENTO EXCEPCIONAL E", "GRUPOS_ETN": "AFRODESCENDIENTES-INDIGENAS", "SECTOR": 2, "NATU_JUR": 9, "CALENDARIO": 1, "GENERO": 5, "COD_LOCA": "08", "ESPECIALID": 1, "CLASE_TIPO": 1, "BILINGUE": 5, "FECHA": "2025-04-30", "DANE12_EST": "111001041475", "DANE12_SED": "111001041475", "DA_HIPOACU": 3, "DA_SORDERA": 0, "DA_LENGUAS": 0, "DA_UCASTEL": 0, "DISCAP_FIS": 6, "DISCAP_FLE": 0, "DISCAP_PCE": 0, "DI_DCOGNIT": 22, "DI_SDOWN": 0, "DIS_MULTIP": 14, "DIS_PSICOS": 2, "DV_BAJAVIS": 0, "DIS_CEGUER": 0, "T_ESPECTRO": 0, "T_VOZ_Y_HA": 0, "SISTEMICA": 0, "SORDOCEGUE": 0, "OTRA": 0, "TOT_EST_MA": 47, "AFRODESCEN": 1, "INDIGENAS": 3, "NEGRITUDES": 0, "PALENQUERO": 0, "RAIZALES": 0, "ROM": 0, "TOT_EST_ET": 4, "CAPACID_EX": 2, "DOBLE_EXCE": 0, "TE_ACTFISI": 12, "TE_ARTES": 7, "TE_CNATUR": 1, "TE_CSOCIAL": 2, "TE_LDSOCIA": 1, "TE_TECNOLO": 4, "TOT_EST_CA": 29, "TMATRIC_GE": 1186, "Zona": 1 }, "geometry": { "type": "Point", "coordinates": [ -8253676.778200000524521, 516857.877000000327826 ] } },
{ "type": "Feature", "properties": { "NOMBRE_EST": "COLEGIO SAN JOSE DE CASTILLA (IED)", "NOMBRE_SED": "VISION DE COLOMBIA", "ORDEN_DE_S": "C", "DIRECCION": "KR 79 C # 13 A - 40", "DISCAPACID": "FISICA-INTELECTUAL-MENTAL/PSICOSOCIAL-MULTIPLE", "TALENTOS_O": "CAPACIDADES EXCEPCIONALES-TALENTO EXCEPCIONAL EN ACTIVIDAD FISICA, EJERCICIO Y DEPORTE-TALENTO EXCEPCIONAL EN ARTES Y LETRAS-TALENTO EXCEPCIONAL EN CIENCIAS NATURALES O BASICAS-TALENTO EXCEPCIONAL EN CIENCIAS SOCIALES O HUMANAS", "GRUPOS_ETN": "AFRODESCENDIENTES-INDIGENAS", "SECTOR": 2, "NATU_JUR": 9, "CALENDARIO": 1, "GENERO": 5, "COD_LOCA": "08", "ESPECIALID": 13, "CLASE_TIPO": 1, "BILINGUE": 5, "FECHA": "2025-04-30", "DANE12_EST": "111001041475", "DANE12_SED": "111001047236", "DA_HIPOACU": 0, "DA_SORDERA": 0, "DA_LENGUAS": 0, "DA_UCASTEL": 0, "DISCAP_FIS": 2, "DISCAP_FLE": 0, "DISCAP_PCE": 0, "DI_DCOGNIT": 14, "DI_SDOWN": 0, "DIS_MULTIP": 7, "DIS_PSICOS": 2, "DV_BAJAVIS": 0, "DIS_CEGUER": 0, "T_ESPECTRO": 0, "T_VOZ_Y_HA": 0, "SISTEMICA": 0, "SORDOCEGUE": 0, "OTRA": 0, "TOT_EST_MA": 25, "AFRODESCEN": 3, "INDIGENAS": 1, "NEGRITUDES": 2, "PALENQUERO": 0, "RAIZALES": 0, "ROM": 0, "TOT_EST_ET": 6, "CAPACID_EX": 0, "DOBLE_EXCE": 0, "TE_ACTFISI": 3, "TE_ARTES": 3, "TE_CNATUR": 0, "TE_CSOCIAL": 2, "TE_LDSOCIA": 0, "TE_TECNOLO": 0, "TOT_EST_CA": 8, "TMATRIC_GE": 879, "Zona": 1 }, "geometry": { "type": "Point", "coordinates": [ -8252703.845799999311566, 518284.109900001436472 ] } },
{ "type": "Feature", "properties": { "NOMBRE_EST": "COLEGIO CASTILLA (IED)", "NOMBRE_SED": "NUEVA CASTILLA", "ORDEN_DE_S": "A", "DIRECCION": "KR 78 C # 8 A - 43", "DISCAPACID": "AUDITIVA-FISICA-INTELECTUAL-MENTAL/PSICOSOCIAL-MULTIPLE-VISUAL", "TALENTOS_O": "CAPACIDADES EXCEPCIONALES-TALENTO EXCEPCIONAL EN ACTIVIDAD FISICA, EJERCICIO Y DEPORTE-TALENTO EXCEPCIONAL EN ARTES Y LETRAS-TALENTO EXCEPCIONAL EN CIENCIAS NATURALES O BASICAS-TALENTO EXCEPCIONAL EN CIENCIAS SOCIALES O HUMANAS-TALENTO EXCEPCIONAL EN LID", "GRUPOS_ETN": "AFRODESCENDIENTES-INDIGENAS-NEGRITUDES-RAIZALES", "SECTOR": 2, "NATU_JUR": 9, "CALENDARIO": 1, "GENERO": 5, "COD_LOCA": "08", "ESPECIALID": 1, "CLASE_TIPO": 1, "BILINGUE": 5, "FECHA": "2025-04-30", "DANE12_EST": "111001076767", "DANE12_SED": "111001076767", "DA_HIPOACU": 2, "DA_SORDERA": 0, "DA_LENGUAS": 0, "DA_UCASTEL": 0, "DISCAP_FIS": 6, "DISCAP_FLE": 0, "DISCAP_PCE": 0, "DI_DCOGNIT": 28, "DI_SDOWN": 0, "DIS_MULTIP": 15, "DIS_PSICOS": 13, "DV_BAJAVIS": 1, "DIS_CEGUER": 0, "T_ESPECTRO": 0, "T_VOZ_Y_HA": 0, "SISTEMICA": 0, "SORDOCEGUE": 0, "OTRA": 0, "TOT_EST_MA": 65, "AFRODESCEN": 9, "INDIGENAS": 7, "NEGRITUDES": 2, "PALENQUERO": 0, "RAIZALES": 0, "ROM": 0, "TOT_EST_ET": 18, "CAPACID_EX": 0, "DOBLE_EXCE": 0, "TE_ACTFISI": 35, "TE_ARTES": 18, "TE_CNATUR": 1, "TE_CSOCIAL": 5, "TE_LDSOCIA": 8, "TE_TECNOLO": 6, "TOT_EST_CA": 73, "TMATRIC_GE": 3200, "Zona": 1 }, "geometry": { "type": "Point", "coordinates": [ -8253437.441299999132752, 517138.207299999892712 ] } },
{ "type": "Feature", "properties": { "NOMBRE_EST": "COLEGIO VILLA RICA (IED)", "NOMBRE_SED": "VILLA RICA", "ORDEN_DE_S": "A", "DIRECCION": "KR 77 K BIS A # 50 - 26 SUR", "DISCAPACID": "AUDITIVA-INTELECTUAL-MENTAL/PSICOSOCIAL-VISUAL", "TALENTOS_O": "TALENTO EXCEPCIONAL EN ARTES Y LETRAS", "GRUPOS_ETN": "AFRODESCENDIENTES-INDIGENAS-NEGRITUDES", "SECTOR": 2, "NATU_JUR": 9, "CALENDARIO": 1, "GENERO": 5, "COD_LOCA": "08", "ESPECIALID": 1, "CLASE_TIPO": 1, "BILINGUE": 5, "FECHA": "2025-04-30", "DANE12_EST": "111001079154", "DANE12_SED": "111001079154", "DA_HIPOACU": 1, "DA_SORDERA": 0, "DA_LENGUAS": 0, "DA_UCASTEL": 0, "DISCAP_FIS": 1, "DISCAP_FLE": 0, "DISCAP_PCE": 0, "DI_DCOGNIT": 12, "DI_SDOWN": 0, "DIS_MULTIP": 4, "DIS_PSICOS": 2, "DV_BAJAVIS": 1, "DIS_CEGUER": 0, "T_ESPECTRO": 0, "T_VOZ_Y_HA": 0, "SISTEMICA": 0, "SORDOCEGUE": 0, "OTRA": 0, "TOT_EST_MA": 21, "AFRODESCEN": 9, "INDIGENAS": 2, "NEGRITUDES": 7, "PALENQUERO": 0, "RAIZALES": 0, "ROM": 0, "TOT_EST_ET": 18, "CAPACID_EX": 0, "DOBLE_EXCE": 0, "TE_ACTFISI": 1, "TE_ARTES": 1, "TE_CNATUR": 1, "TE_CSOCIAL": 0, "TE_LDSOCIA": 0, "TE_TECNOLO": 1, "TOT_EST_CA": 4, "TMATRIC_GE": 953, "Zona": 1 }, "geometry": { "type": "Point", "coordinates": [ -8256246.031999999657273, 513267.279399998486042 ] } },
{ "type": "Feature", "properties": { "NOMBRE_EST": "COLEGIO VILLA RICA (IED)", "NOMBRE_SED": "PERPETUO SOCORRO", "ORDEN_DE_S": "B", "DIRECCION": "CL 49 SUR # 78 - 35", "DISCAPACID": "FISICA-INTELECTUAL-MENTAL/PSICOSOCIAL-MULTIPLE-VISUAL", "TALENTOS_O": "CAPACIDADES EXCEPCIONALES-TALENTO EXCEPCIONAL EN ACTIVIDAD FISICA, EJERCICIO Y DEPORTE-TALENTO EXCEPCIONAL EN CIENCIAS NATURALES O BASICAS-TALENTO EXCEPCIONAL EN TECNOLOGIA", "GRUPOS_ETN": "AFRODESCENDIENTES-INDIGENAS-NEGRITUDES", "SECTOR": 2, "NATU_JUR": 9, "CALENDARIO": 1, "GENERO": 5, "COD_LOCA": "08", "ESPECIALID": 13, "CLASE_TIPO": 1, "BILINGUE": 5, "FECHA": "2025-04-30", "DANE12_EST": "111001079154", "DANE12_SED": "111001043141", "DA_HIPOACU": 0, "DA_SORDERA": 0, "DA_LENGUAS": 0, "DA_UCASTEL": 0, "DISCAP_FIS": 1, "DISCAP_FLE": 0, "DISCAP_PCE": 0, "DI_DCOGNIT": 9, "DI_SDOWN": 0, "DIS_MULTIP": 3, "DIS_PSICOS": 1, "DV_BAJAVIS": 0, "DIS_CEGUER": 0, "T_ESPECTRO": 0, "T_VOZ_Y_HA": 0, "SISTEMICA": 0, "SORDOCEGUE": 0, "OTRA": 0, "TOT_EST_MA": 14, "AFRODESCEN": 7, "INDIGENAS": 6, "NEGRITUDES": 8, "PALENQUERO": 0, "RAIZALES": 0, "ROM": 0, "TOT_EST_ET": 21, "CAPACID_EX": 0, "DOBLE_EXCE": 0, "TE_ACTFISI": 2, "TE_ARTES": 0, "TE_CNATUR": 0, "TE_CSOCIAL": 0, "TE_LDSOCIA": 0, "TE_TECNOLO": 1, "TOT_EST_CA": 3, "TMATRIC_GE": 882, "Zona": 1 }, "geometry": { "type": "Point", "coordinates": [ -8256143.618100000545382, 513862.536699999123812 ] } },
{ "type": "Feature", "properties": { "NOMBRE_EST": "COLEGIO ALFONSO LOPEZ PUMAREJO (IED)", "NOMBRE_SED": "ALFONSO LOPEZ PUMAREJO", "ORDEN_DE_S": "A", "DIRECCION": "KR 72 G # 39 - 57 SUR", "DISCAPACID": "AUDITIVA-FISICA-INTELECTUAL-MULTIPLE", "TALENTOS_O": "CAPACIDADES EXCEPCIONALES-TALENTO EXCEPCIONAL EN ACTIVIDAD FISICA, EJERCICIO Y DEPORTE", "GRUPOS_ETN": "AFRODESCENDIENTES-INDIGENAS-NEGRITUDES", "SECTOR": 2, "NATU_JUR": 9, "CALENDARIO": 1, "GENERO": 5, "COD_LOCA": "08", "ESPECIALID": 20, "CLASE_TIPO": 1, "BILINGUE": 5, "FECHA": "2025-04-30", "DANE12_EST": "111001086649", "DANE12_SED": "111001086649", "DA_HIPOACU": 3, "DA_SORDERA": 0, "DA_LENGUAS": 0, "DA_UCASTEL": 0, "DISCAP_FIS": 2, "DISCAP_FLE": 0, "DISCAP_PCE": 0, "DI_DCOGNIT": 10, "DI_SDOWN": 0, "DIS_MULTIP": 3, "DIS_PSICOS": 1, "DV_BAJAVIS": 1, "DIS_CEGUER": 0, "T_ESPECTRO": 0, "T_VOZ_Y_HA": 0, "SISTEMICA": 0, "SORDOCEGUE": 0, "OTRA": 0, "TOT_EST_MA": 20, "AFRODESCEN": 10, "INDIGENAS": 4, "NEGRITUDES": 1, "PALENQUERO": 0, "RAIZALES": 0, "ROM": 0, "TOT_EST_ET": 15, "CAPACID_EX": 2, "DOBLE_EXCE": 0, "TE_ACTFISI": 5, "TE_ARTES": 1, "TE_CNATUR": 0, "TE_CSOCIAL": 1, "TE_LDSOCIA": 0, "TE_TECNOLO": 2, "TOT_EST_CA": 11, "TMATRIC_GE": 1284, "Zona": 1 }, "geometry": { "type": "Point", "coordinates": [ -8253632.250399999320507, 513487.289599999785423 ] } },
{ "type": "Feature", "properties": { "NOMBRE_EST": "COLEGIO ALFONSO LOPEZ PUMAREJO (IED)", "NOMBRE_SED": "AGOBERTO MEJIA CIFUENTES", "ORDEN_DE_S": "B", "DIRECCION": "KR 68 I # 39 C - 14 SUR", "DISCAPACID": "INTELECTUAL-VISUAL", "TALENTOS_O": "CAPACIDADES EXCEPCIONALES", "GRUPOS_ETN": "AFRODESCENDIENTES", "SECTOR": 2, "NATU_JUR": 9, "CALENDARIO": 1, "GENERO": 5, "COD_LOCA": "08", "ESPECIALID": 13, "CLASE_TIPO": 1, "BILINGUE": 5, "FECHA": "2025-04-30", "DANE12_EST": "111001086649", "DANE12_SED": "111001014681", "DA_HIPOACU": 2, "DA_SORDERA": 0, "DA_LENGUAS": 0, "DA_UCASTEL": 0, "DISCAP_FIS": 0, "DISCAP_FLE": 0, "DISCAP_PCE": 0, "DI_DCOGNIT": 3, "DI_SDOWN": 0, "DIS_MULTIP": 1, "DIS_PSICOS": 1, "DV_BAJAVIS": 0, "DIS_CEGUER": 0, "T_ESPECTRO": 0, "T_VOZ_Y_HA": 0, "SISTEMICA": 0, "SORDOCEGUE": 0, "OTRA": 0, "TOT_EST_MA": 7, "AFRODESCEN": 2, "INDIGENAS": 1, "NEGRITUDES": 0, "PALENQUERO": 0, "RAIZALES": 0, "ROM": 0, "TOT_EST_ET": 3, "CAPACID_EX": 0, "DOBLE_EXCE": 0, "TE_ACTFISI": 1, "TE_ARTES": 0, "TE_CNATUR": 0, "TE_CSOCIAL": 0, "TE_LDSOCIA": 1, "TE_TECNOLO": 0, "TOT_EST_CA": 2, "TMATRIC_GE": 384, "Zona": 1 }, "geometry": { "type": "Point", "coordinates": [ -8253335.027300000190735, 513014.882699999958277 ] } },
{ "type": "Feature", "properties": { "NOMBRE_EST": "COLEGIO INSTITUTO TECNICO RODRIGO DE TRIANA (IED)", "NOMBRE_SED": "RODRIGO DE TRIANA", "ORDEN_DE_S": "A", "DIRECCION": "CL 38 SUR # 89 - 81", "DISCAPACID": "FISICA-INTELECTUAL-MENTAL/PSICOSOCIAL-MULTIPLE-VISUAL", "TALENTOS_O": "CAPACIDADES EXCEPCIONALES-TALENTO EXCEPCIONAL EN ACTIVIDAD FISICA, EJERCICIO Y DEPORTE", "GRUPOS_ETN": "AFRODESCENDIENTES-INDIGENAS-NEGRITUDES", "SECTOR": 2, "NATU_JUR": 9, "CALENDARIO": 1, "GENERO": 5, "COD_LOCA": "08", "ESPECIALID": 20, "CLASE_TIPO": 1, "BILINGUE": 5, "FECHA": "2025-04-30", "DANE12_EST": "111001086771", "DANE12_SED": "111001086771", "DA_HIPOACU": 0, "DA_SORDERA": 0, "DA_LENGUAS": 0, "DA_UCASTEL": 0, "DISCAP_FIS": 3, "DISCAP_FLE": 0, "DISCAP_PCE": 0, "DI_DCOGNIT": 15, "DI_SDOWN": 0, "DIS_MULTIP": 3, "DIS_PSICOS": 5, "DV_BAJAVIS": 1, "DIS_CEGUER": 0, "T_ESPECTRO": 0, "T_VOZ_Y_HA": 0, "SISTEMICA": 0, "SORDOCEGUE": 0, "OTRA": 0, "TOT_EST_MA": 27, "AFRODESCEN": 5, "INDIGENAS": 8, "NEGRITUDES": 1, "PALENQUERO": 0, "RAIZALES": 0, "ROM": 0, "TOT_EST_ET": 14, "CAPACID_EX": 2, "DOBLE_EXCE": 0, "TE_ACTFISI": 5, "TE_ARTES": 2, "TE_CNATUR": 0, "TE_CSOCIAL": 1, "TE_LDSOCIA": 1, "TE_TECNOLO": 2, "TOT_EST_CA": 13, "TMATRIC_GE": 1442, "Zona": 1 }, "geometry": { "type": "Point", "coordinates": [ -8256284.99379999935627, 517119.220800001174212 ] } },
{ "type": "Feature", "properties": { "NOMBRE_EST": "COLEGIO INSTITUTO TECNICO RODRIGO DE TRIANA (IED)", "NOMBRE_SED": "LAS PALMERAS", "ORDEN_DE_S": "B", "DIRECCION": "KR 90 A # 39 - 12 SUR", "DISCAPACID": "INTELECTUAL-MULTIPLE", "TALENTOS_O": "TALENTO EXCEPCIONAL EN ACTIVIDAD FISICA, EJERCICIO Y DEPORTE-TALENTO EXCEPCIONAL EN ARTES Y LETRAS-TALENTO EXCEPCIONAL EN CIENCIAS SOCIALES O HUMANAS-TALENTO EXCEPCIONAL EN LIDERAZGO SOCIAL Y EMPRENDIMIENTO", "GRUPOS_ETN": "AFRODESCENDIENTES-INDIGENAS", "SECTOR": 2, "NATU_JUR": 9, "CALENDARIO": 1, "GENERO": 5, "COD_LOCA": "08", "ESPECIALID": 13, "CLASE_TIPO": 1, "BILINGUE": 5, "FECHA": "2025-04-30", "DANE12_EST": "111001086771", "DANE12_SED": "111001086860", "DA_HIPOACU": 0, "DA_SORDERA": 0, "DA_LENGUAS": 0, "DA_UCASTEL": 0, "DISCAP_FIS": 3, "DISCAP_FLE": 0, "DISCAP_PCE": 0, "DI_DCOGNIT": 2, "DI_SDOWN": 0, "DIS_MULTIP": 1, "DIS_PSICOS": 0, "DV_BAJAVIS": 0, "DIS_CEGUER": 0, "T_ESPECTRO": 0, "T_VOZ_Y_HA": 0, "SISTEMICA": 0, "SORDOCEGUE": 0, "OTRA": 0, "TOT_EST_MA": 6, "AFRODESCEN": 3, "INDIGENAS": 6, "NEGRITUDES": 0, "PALENQUERO": 0, "RAIZALES": 0, "ROM": 0, "TOT_EST_ET": 9, "CAPACID_EX": 2, "DOBLE_EXCE": 0, "TE_ACTFISI": 10, "TE_ARTES": 4, "TE_CNATUR": 0, "TE_CSOCIAL": 0, "TE_LDSOCIA": 2, "TE_TECNOLO": 0, "TOT_EST_CA": 18, "TMATRIC_GE": 865, "Zona": 1 }, "geometry": { "type": "Point", "coordinates": [ -8256519.878000000491738, 517168.362399999052286 ] } },
{ "type": "Feature", "properties": { "NOMBRE_EST": "COLEGIO INSTITUTO TECNICO RODRIGO DE TRIANA (IED)", "NOMBRE_SED": "CAMPO HERMOSO", "ORDEN_DE_S": "C", "DIRECCION": "CL 35 B SUR # 88 D - 15", "DISCAPACID": "MULTIPLE-SORDOCEGUERA-VISUAL", "TALENTOS_O": "CAPACIDADES EXCEPCIONALES-TALENTO EXCEPCIONAL EN ACTIVIDAD FISICA, EJERCICIO Y DEPORTE", "GRUPOS_ETN": "INDIGENAS", "SECTOR": 2, "NATU_JUR": 9, "CALENDARIO": 1, "GENERO": 5, "COD_LOCA": "08", "ESPECIALID": 13, "CLASE_TIPO": 1, "BILINGUE": 5, "FECHA": "2025-04-30", "DANE12_EST": "111001086771", "DANE12_SED": "111001034215", "DA_HIPOACU": 1, "DA_SORDERA": 0, "DA_LENGUAS": 0, "DA_UCASTEL": 0, "DISCAP_FIS": 1, "DISCAP_FLE": 0, "DISCAP_PCE": 0, "DI_DCOGNIT": 4, "DI_SDOWN": 0, "DIS_MULTIP": 1, "DIS_PSICOS": 0, "DV_BAJAVIS": 0, "DIS_CEGUER": 0, "T_ESPECTRO": 0, "T_VOZ_Y_HA": 0, "SISTEMICA": 0, "SORDOCEGUE": 0, "OTRA": 0, "TOT_EST_MA": 7, "AFRODESCEN": 2, "INDIGENAS": 3, "NEGRITUDES": 0, "PALENQUERO": 0, "RAIZALES": 0, "ROM": 0, "TOT_EST_ET": 5, "CAPACID_EX": 1, "DOBLE_EXCE": 0, "TE_ACTFISI": 1, "TE_ARTES": 0, "TE_CNATUR": 0, "TE_CSOCIAL": 0, "TE_LDSOCIA": 0, "TE_TECNOLO": 0, "TOT_EST_CA": 2, "TMATRIC_GE": 443, "Zona": 1 }, "geometry": { "type": "Point", "coordinates": [ -8256051.222899999469519, 517084.598299998790026 ] } },
{ "type": "Feature", "properties": { "NOMBRE_EST": "COLEGIO BELLAVISTA (IED)", "NOMBRE_SED": "COLEGIO BELLAVISTA (IED) - SEDE PRINCIPAL", "ORDEN_DE_S": "A", "DIRECCION": "CL 40 SUR # 94 C - 50", "DISCAPACID": "FISICA-INTELECTUAL-MENTAL/PSICOSOCIAL", "TALENTOS_O": "TALENTO EXCEPCIONAL EN ACTIVIDAD FISICA, EJERCICIO Y DEPORTE-TALENTO EXCEPCIONAL EN LIDERAZGO SOCIAL Y EMPRENDIMIENTO", "GRUPOS_ETN": "AFRODESCENDIENTES-INDIGENAS-NEGRITUDES", "SECTOR": 2, "NATU_JUR": 9, "CALENDARIO": 1, "GENERO": 5, "COD_LOCA": "08", "ESPECIALID": 1, "CLASE_TIPO": 2, "BILINGUE": 5, "FECHA": "2025-04-30", "DANE12_EST": "111001098892", "DANE12_SED": "111001098892", "DA_HIPOACU": 1, "DA_SORDERA": 0, "DA_LENGUAS": 0, "DA_UCASTEL": 0, "DISCAP_FIS": 1, "DISCAP_FLE": 0, "DISCAP_PCE": 0, "DI_DCOGNIT": 11, "DI_SDOWN": 0, "DIS_MULTIP": 2, "DIS_PSICOS": 3, "DV_BAJAVIS": 1, "DIS_CEGUER": 0, "T_ESPECTRO": 0, "T_VOZ_Y_HA": 0, "SISTEMICA": 0, "SORDOCEGUE": 0, "OTRA": 0, "TOT_EST_MA": 19, "AFRODESCEN": 13, "INDIGENAS": 5, "NEGRITUDES": 1, "PALENQUERO": 0, "RAIZALES": 0, "ROM": 0, "TOT_EST_ET": 19, "CAPACID_EX": 0, "DOBLE_EXCE": 0, "TE_ACTFISI": 2, "TE_ARTES": 1, "TE_CNATUR": 0, "TE_CSOCIAL": 0, "TE_LDSOCIA": 2, "TE_TECNOLO": 0, "TOT_EST_CA": 5, "TMATRIC_GE": 1211, "Zona": 1 }, "geometry": { "type": "Point", "coordinates": [ -8256922.854499999433756, 517686.585499998182058 ] } },
{ "type": "Feature", "properties": { "NOMBRE_EST": "COLEGIO EDUARDO UMAÑA LUNA (IED)", "NOMBRE_SED": "EDUARDO UMAÑA LUNA", "ORDEN_DE_S": "A", "DIRECCION": "KR 93 A # 42 A - 37 SUR", "DISCAPACID": "INTELECTUAL-MENTAL/PSICOSOCIAL-MULTIPLE-VISUAL", "TALENTOS_O": "CAPACIDADES EXCEPCIONALES-TALENTO EXCEPCIONAL EN ACTIVIDAD FISICA, EJERCICIO Y DEPORTE-TALENTO EXCEPCIONAL EN ARTES Y LETRAS-TALENTO EXCEPCIONAL EN TECNOLOGIA", "GRUPOS_ETN": "AFRODESCENDIENTES-INDIGENAS-NEGRITUDES", "SECTOR": 2, "NATU_JUR": 9, "CALENDARIO": 1, "GENERO": 5, "COD_LOCA": "08", "ESPECIALID": 1, "CLASE_TIPO": 1, "BILINGUE": 5, "FECHA": "2025-04-30", "DANE12_EST": "111001098906", "DANE12_SED": "111001098906", "DA_HIPOACU": 0, "DA_SORDERA": 0, "DA_LENGUAS": 0, "DA_UCASTEL": 0, "DISCAP_FIS": 0, "DISCAP_FLE": 0, "DISCAP_PCE": 0, "DI_DCOGNIT": 6, "DI_SDOWN": 0, "DIS_MULTIP": 6, "DIS_PSICOS": 4, "DV_BAJAVIS": 1, "DIS_CEGUER": 0, "T_ESPECTRO": 0, "T_VOZ_Y_HA": 0, "SISTEMICA": 0, "SORDOCEGUE": 0, "OTRA": 0, "TOT_EST_MA": 17, "AFRODESCEN": 20, "INDIGENAS": 11, "NEGRITUDES": 4, "PALENQUERO": 0, "RAIZALES": 0, "ROM": 0, "TOT_EST_ET": 35, "CAPACID_EX": 1, "DOBLE_EXCE": 0, "TE_ACTFISI": 10, "TE_ARTES": 2, "TE_CNATUR": 0, "TE_CSOCIAL": 0, "TE_LDSOCIA": 1, "TE_TECNOLO": 2, "TOT_EST_CA": 16, "TMATRIC_GE": 1770, "Zona": 1 }, "geometry": { "type": "Point", "coordinates": [ -8257107.644899999722838, 517273.346999999135733 ] } },
{ "type": "Feature", "properties": { "NOMBRE_EST": "COLEGIO HERNANDO DURAN DUSSAN (IED)", "NOMBRE_SED": "HERNANDO DURAN DUSSAN", "ORDEN_DE_S": "A", "DIRECCION": "CL 42 F SUR # 88 A - 25", "DISCAPACID": "AUDITIVA-FISICA-INTELECTUAL-MENTAL/PSICOSOCIAL-MULTIPLE-VISUAL", "TALENTOS_O": "TALENTO EXCEPCIONAL EN ACTIVIDAD FISICA, EJERCICIO Y DEPORTE-TALENTO EXCEPCIONAL EN ARTES Y LETRAS-TALENTO EXCEPCIONAL EN TECNOLOGIA", "GRUPOS_ETN": "AFRODESCENDIENTES-INDIGENAS-NEGRITUDES", "SECTOR": 2, "NATU_JUR": 9, "CALENDARIO": 1, "GENERO": 5, "COD_LOCA": "08", "ESPECIALID": 1, "CLASE_TIPO": 1, "BILINGUE": 5, "FECHA": "2025-04-30", "DANE12_EST": "111001100048", "DANE12_SED": "111001100048", "DA_HIPOACU": 2, "DA_SORDERA": 0, "DA_LENGUAS": 0, "DA_UCASTEL": 0, "DISCAP_FIS": 8, "DISCAP_FLE": 0, "DISCAP_PCE": 0, "DI_DCOGNIT": 42, "DI_SDOWN": 0, "DIS_MULTIP": 14, "DIS_PSICOS": 2, "DV_BAJAVIS": 3, "DIS_CEGUER": 0, "T_ESPECTRO": 0, "T_VOZ_Y_HA": 0, "SISTEMICA": 0, "SORDOCEGUE": 0, "OTRA": 0, "TOT_EST_MA": 71, "AFRODESCEN": 8, "INDIGENAS": 9, "NEGRITUDES": 7, "PALENQUERO": 0, "RAIZALES": 0, "ROM": 0, "TOT_EST_ET": 24, "CAPACID_EX": 1, "DOBLE_EXCE": 0, "TE_ACTFISI": 11, "TE_ARTES": 2, "TE_CNATUR": 0, "TE_CSOCIAL": 0, "TE_LDSOCIA": 1, "TE_TECNOLO": 2, "TOT_EST_CA": 17, "TMATRIC_GE": 2302, "Zona": 1 }, "geometry": { "type": "Point", "coordinates": [ -8256820.440600000321865, 516512.770500000566244 ] } },
{ "type": "Feature", "properties": { "NOMBRE_EST": "COLEGIO JAIME HERNANDO GARZON FORERO (IED)", "NOMBRE_SED": "COLEGIO JAIME HERNANDO GARZON FORERO (IED) - SEDE PRINCIPAL", "ORDEN_DE_S": "A", "DIRECCION": "TV 93 A # 49 - 45 SUR", "DISCAPACID": "AUDITIVA-FISICA-INTELECTUAL-MENTAL/PSICOSOCIAL-MULTIPLE", "TALENTOS_O": "TALENTO EXCEPCIONAL EN ACTIVIDAD FISICA, EJERCICIO Y DEPORTE-TALENTO EXCEPCIONAL EN ARTES Y LETRAS-TALENTO EXCEPCIONAL EN LIDERAZGO SOCIAL Y EMPRENDIMIENTO", "GRUPOS_ETN": "AFRODESCENDIENTES-INDIGENAS-NEGRITUDES", "SECTOR": 2, "NATU_JUR": 9, "CALENDARIO": 1, "GENERO": 5, "COD_LOCA": "07", "ESPECIALID": 1, "CLASE_TIPO": 2, "BILINGUE": 5, "FECHA": "2025-04-30", "DANE12_EST": "111001100056", "DANE12_SED": "111001100056", "DA_HIPOACU": 1, "DA_SORDERA": 0, "DA_LENGUAS": 0, "DA_UCASTEL": 0, "DISCAP_FIS": 4, "DISCAP_FLE": 0, "DISCAP_PCE": 0, "DI_DCOGNIT": 10, "DI_SDOWN": 0, "DIS_MULTIP": 7, "DIS_PSICOS": 0, "DV_BAJAVIS": 0, "DIS_CEGUER": 0, "T_ESPECTRO": 0, "T_VOZ_Y_HA": 0, "SISTEMICA": 0, "SORDOCEGUE": 0, "OTRA": 0, "TOT_EST_MA": 22, "AFRODESCEN": 8, "INDIGENAS": 5, "NEGRITUDES": 0, "PALENQUERO": 0, "RAIZALES": 0, "ROM": 0, "TOT_EST_ET": 13, "CAPACID_EX": 0, "DOBLE_EXCE": 0, "TE_ACTFISI": 11, "TE_ARTES": 5, "TE_CNATUR": 0, "TE_CSOCIAL": 0, "TE_LDSOCIA": 1, "TE_TECNOLO": 0, "TOT_EST_CA": 17, "TMATRIC_GE": 1356, "Zona": 1 }, "geometry": { "type": "Point", "coordinates": [ -8257940.3147, 516867.928599998354912 ] } },
{ "type": "Feature", "properties": { "NOMBRE_EST": "COLEGIO GABRIEL BETANCOURT MEJIA (IED)", "NOMBRE_SED": "GABRIEL BETANCOURT MEJIA", "ORDEN_DE_S": "A", "DIRECCION": "KR 87 A # 6 A - 23", "DISCAPACID": "AUDITIVA-FISICA-INTELECTUAL-MENTAL/PSICOSOCIAL-MULTIPLE-SORDOCEGUERA-VISUAL", "TALENTOS_O": "CAPACIDADES EXCEPCIONALES-TALENTO EXCEPCIONAL EN ACTIVIDAD FISICA, EJERCICIO Y DEPORTE-TALENTO EXCEPCIONAL EN ARTES Y LETRAS-TALENTO EXCEPCIONAL EN CIENCIAS NATURALES O BASICAS-TALENTO EXCEPCIONAL EN CIENCIAS SOCIALES O HUMANAS-TALENTO EXCEPCIONAL EN LID", "GRUPOS_ETN": "AFRODESCENDIENTES-INDIGENAS-NEGRITUDES", "SECTOR": 2, "NATU_JUR": 9, "CALENDARIO": 1, "GENERO": 5, "COD_LOCA": "08", "ESPECIALID": 1, "CLASE_TIPO": 1, "BILINGUE": 5, "FECHA": "2025-04-30", "DANE12_EST": "111001104281", "DANE12_SED": "111001104281", "DA_HIPOACU": 6, "DA_SORDERA": 0, "DA_LENGUAS": 0, "DA_UCASTEL": 0, "DISCAP_FIS": 11, "DISCAP_FLE": 0, "DISCAP_PCE": 0, "DI_DCOGNIT": 30, "DI_SDOWN": 0, "DIS_MULTIP": 25, "DIS_PSICOS": 7, "DV_BAJAVIS": 2, "DIS_CEGUER": 0, "T_ESPECTRO": 0, "T_VOZ_Y_HA": 0, "SISTEMICA": 0, "SORDOCEGUE": 0, "OTRA": 0, "TOT_EST_MA": 81, "AFRODESCEN": 10, "INDIGENAS": 11, "NEGRITUDES": 2, "PALENQUERO": 0, "RAIZALES": 2, "ROM": 0, "TOT_EST_ET": 25, "CAPACID_EX": 3, "DOBLE_EXCE": 0, "TE_ACTFISI": 12, "TE_ARTES": 5, "TE_CNATUR": 0, "TE_CSOCIAL": 0, "TE_LDSOCIA": 4, "TE_TECNOLO": 2, "TOT_EST_CA": 26, "TMATRIC_GE": 2615, "Zona": 1 }, "geometry": { "type": "Point", "coordinates": [ -8254983.668999999761581, 517629.625500001013279 ] } },
{ "type": "Feature", "properties": { "NOMBRE_EST": "COLEGIO CODEMA (IED)", "NOMBRE_SED": "CODEMA", "ORDEN_DE_S": "A", "DIRECCION": "CL 2 # 93 - 28", "DISCAPACID": "AUDITIVA-FISICA-INTELECTUAL-MENTAL/PSICOSOCIAL-MULTIPLE-SORDOCEGUERA", "TALENTOS_O": "CAPACIDADES EXCEPCIONALES-TALENTO EXCEPCIONAL EN ACTIVIDAD FISICA, EJERCICIO Y DEPORTE-TALENTO EXCEPCIONAL EN ARTES Y LETRAS-TALENTO EXCEPCIONAL EN CIENCIAS SOCIALES O HUMANAS-TALENTO EXCEPCIONAL EN LIDERAZGO SOCIAL Y EMPRENDIMIENTO-TALENTO EXCEPCIONAL E", "GRUPOS_ETN": "AFRODESCENDIENTES-INDIGENAS-NEGRITUDES", "SECTOR": 2, "NATU_JUR": 9, "CALENDARIO": 1, "GENERO": 5, "COD_LOCA": "08", "ESPECIALID": 1, "CLASE_TIPO": 1, "BILINGUE": 5, "FECHA": "2025-04-30", "DANE12_EST": "111001104558", "DANE12_SED": "111001104558", "DA_HIPOACU": 2, "DA_SORDERA": 0, "DA_LENGUAS": 0, "DA_UCASTEL": 0, "DISCAP_FIS": 6, "DISCAP_FLE": 0, "DISCAP_PCE": 0, "DI_DCOGNIT": 36, "DI_SDOWN": 0, "DIS_MULTIP": 10, "DIS_PSICOS": 20, "DV_BAJAVIS": 1, "DIS_CEGUER": 0, "T_ESPECTRO": 0, "T_VOZ_Y_HA": 0, "SISTEMICA": 0, "SORDOCEGUE": 0, "OTRA": 0, "TOT_EST_MA": 75, "AFRODESCEN": 23, "INDIGENAS": 9, "NEGRITUDES": 9, "PALENQUERO": 0, "RAIZALES": 1, "ROM": 0, "TOT_EST_ET": 42, "CAPACID_EX": 4, "DOBLE_EXCE": 0, "TE_ACTFISI": 16, "TE_ARTES": 11, "TE_CNATUR": 0, "TE_CSOCIAL": 0, "TE_LDSOCIA": 4, "TE_TECNOLO": 1, "TOT_EST_CA": 36, "TMATRIC_GE": 2619, "Zona": 1 }, "geometry": { "type": "Point", "coordinates": [ -8256090.184699999168515, 518002.658599998801947 ] } },
{ "type": "Feature", "properties": { "NOMBRE_EST": "COLEGIO GENERAL GUSTAVO ROJAS PINILLA (IED)", "NOMBRE_SED": "GENERAL GUSTAVO ROJAS PINILLA", "ORDEN_DE_S": "A", "DIRECCION": "CL 11 B # 80 B - 61", "DISCAPACID": "AUDITIVA-FISICA-INTELECTUAL-MENTAL/PSICOSOCIAL-MULTIPLE", "TALENTOS_O": "TALENTO EXCEPCIONAL EN ACTIVIDAD FISICA, EJERCICIO Y DEPORTE-TALENTO EXCEPCIONAL EN ARTES Y LETRAS-TALENTO EXCEPCIONAL EN CIENCIAS SOCIALES O HUMANAS-TALENTO EXCEPCIONAL EN LIDERAZGO SOCIAL Y EMPRENDIMIENTO-TALENTO EXCEPCIONAL EN TECNOLOGIA", "GRUPOS_ETN": "AFRODESCENDIENTES-INDIGENAS-NEGRITUDES-RAIZALES", "SECTOR": 2, "NATU_JUR": 9, "CALENDARIO": 1, "GENERO": 5, "COD_LOCA": "08", "ESPECIALID": 1, "CLASE_TIPO": 1, "BILINGUE": 5, "FECHA": "2025-04-30", "DANE12_EST": "111001106984", "DANE12_SED": "111001106984", "DA_HIPOACU": 3, "DA_SORDERA": 0, "DA_LENGUAS": 0, "DA_UCASTEL": 0, "DISCAP_FIS": 8, "DISCAP_FLE": 0, "DISCAP_PCE": 0, "DI_DCOGNIT": 41, "DI_SDOWN": 0, "DIS_MULTIP": 18, "DIS_PSICOS": 5, "DV_BAJAVIS": 0, "DIS_CEGUER": 0, "T_ESPECTRO": 0, "T_VOZ_Y_HA": 0, "SISTEMICA": 0, "SORDOCEGUE": 0, "OTRA": 0, "TOT_EST_MA": 75, "AFRODESCEN": 11, "INDIGENAS": 13, "NEGRITUDES": 6, "PALENQUERO": 0, "RAIZALES": 1, "ROM": 0, "TOT_EST_ET": 31, "CAPACID_EX": 1, "DOBLE_EXCE": 0, "TE_ACTFISI": 18, "TE_ARTES": 8, "TE_CNATUR": 2, "TE_CSOCIAL": 3, "TE_LDSOCIA": 5, "TE_TECNOLO": 1, "TOT_EST_CA": 38, "TMATRIC_GE": 2948, "Zona": 1 }, "geometry": { "type": "Point", "coordinates": [ -8253189.198799999430776, 518048.450199998915195 ] } },
{ "type": "Feature", "properties": { "NOMBRE_EST": "COLEGIO GENERAL GUSTAVO ROJAS PINILLA (IED)", "NOMBRE_SED": "EL TINTAL", "ORDEN_DE_S": "B", "DIRECCION": "KR 81 D # 13 - 65", "DISCAPACID": "AUDITIVA-INTELECTUAL-MULTIPLE", "TALENTOS_O": "TALENTO EXCEPCIONAL EN ACTIVIDAD FISICA, EJERCICIO Y DEPORTE-TALENTO EXCEPCIONAL EN ARTES Y LETRAS", "GRUPOS_ETN": "AFRODESCENDIENTES-INDIGENAS", "SECTOR": 2, "NATU_JUR": 9, "CALENDARIO": 1, "GENERO": 5, "COD_LOCA": "08", "ESPECIALID": 13, "CLASE_TIPO": 1, "BILINGUE": 5, "FECHA": "2025-04-30", "DANE12_EST": "111001106984", "DANE12_SED": "111001034169", "DA_HIPOACU": 1, "DA_SORDERA": 0, "DA_LENGUAS": 0, "DA_UCASTEL": 0, "DISCAP_FIS": 0, "DISCAP_FLE": 0, "DISCAP_PCE": 0, "DI_DCOGNIT": 2, "DI_SDOWN": 0, "DIS_MULTIP": 2, "DIS_PSICOS": 0, "DV_BAJAVIS": 0, "DIS_CEGUER": 0, "T_ESPECTRO": 0, "T_VOZ_Y_HA": 0, "SISTEMICA": 0, "SORDOCEGUE": 0, "OTRA": 0, "TOT_EST_MA": 5, "AFRODESCEN": 1, "INDIGENAS": 1, "NEGRITUDES": 0, "PALENQUERO": 0, "RAIZALES": 0, "ROM": 0, "TOT_EST_ET": 2, "CAPACID_EX": 0, "DOBLE_EXCE": 0, "TE_ACTFISI": 1, "TE_ARTES": 1, "TE_CNATUR": 0, "TE_CSOCIAL": 0, "TE_LDSOCIA": 1, "TE_TECNOLO": 0, "TOT_EST_CA": 3, "TMATRIC_GE": 322, "Zona": 1 }, "geometry": { "type": "Point", "coordinates": [ -8253169.161299999803305, 518495.199000000953674 ] } },
{ "type": "Feature", "properties": { "NOMBRE_EST": "COLEGIO SALUDCOOP SUR (IED)", "NOMBRE_SED": "SALUDCOOP SUR", "ORDEN_DE_S": "A", "DIRECCION": "AK 89 # 26 - 03 SUR", "DISCAPACID": "AUDITIVA-FISICA-INTELECTUAL-MENTAL/PSICOSOCIAL-MULTIPLE-VISUAL", "TALENTOS_O": "CAPACIDADES EXCEPCIONALES-TALENTO EXCEPCIONAL EN ACTIVIDAD FISICA, EJERCICIO Y DEPORTE-TALENTO EXCEPCIONAL EN ARTES Y LETRAS-TALENTO EXCEPCIONAL EN TECNOLOGIA", "GRUPOS_ETN": "AFRODESCENDIENTES-INDIGENAS-NEGRITUDES", "SECTOR": 2, "NATU_JUR": 9, "CALENDARIO": 1, "GENERO": 5, "COD_LOCA": "08", "ESPECIALID": 1, "CLASE_TIPO": 1, "BILINGUE": 5, "FECHA": "2025-04-30", "DANE12_EST": "111001107778", "DANE12_SED": "111001107778", "DA_HIPOACU": 2, "DA_SORDERA": 0, "DA_LENGUAS": 0, "DA_UCASTEL": 0, "DISCAP_FIS": 12, "DISCAP_FLE": 0, "DISCAP_PCE": 0, "DI_DCOGNIT": 46, "DI_SDOWN": 0, "DIS_MULTIP": 19, "DIS_PSICOS": 8, "DV_BAJAVIS": 4, "DIS_CEGUER": 0, "T_ESPECTRO": 0, "T_VOZ_Y_HA": 0, "SISTEMICA": 0, "SORDOCEGUE": 0, "OTRA": 0, "TOT_EST_MA": 91, "AFRODESCEN": 14, "INDIGENAS": 9, "NEGRITUDES": 7, "PALENQUERO": 0, "RAIZALES": 1, "ROM": 0, "TOT_EST_ET": 31, "CAPACID_EX": 5, "DOBLE_EXCE": 0, "TE_ACTFISI": 4, "TE_ARTES": 11, "TE_CNATUR": 1, "TE_CSOCIAL": 2, "TE_LDSOCIA": 0, "TE_TECNOLO": 3, "TOT_EST_CA": 26, "TMATRIC_GE": 2289, "Zona": 1 }, "geometry": { "type": "Point", "coordinates": [ -8255871.998500000685453, 517348.176500000059605 ] } },
{ "type": "Feature", "properties": { "NOMBRE_EST": "COLEGIO NELSON MANDELA (IED)", "NOMBRE_SED": "NELSON MANDELA", "ORDEN_DE_S": "A", "DIRECCION": "KR 90 A # 46 - 50 SUR", "DISCAPACID": "FISICA-INTELECTUAL-MENTAL/PSICOSOCIAL-MULTIPLE-SORDOCEGUERA-VISUAL", "TALENTOS_O": "TALENTO EXCEPCIONAL EN ACTIVIDAD FISICA, EJERCICIO Y DEPORTE-TALENTO EXCEPCIONAL EN ARTES Y LETRAS-TALENTO EXCEPCIONAL EN CIENCIAS SOCIALES O HUMANAS-TALENTO EXCEPCIONAL EN TECNOLOGIA", "GRUPOS_ETN": "AFRODESCENDIENTES-INDIGENAS-NEGRITUDES-RAIZALES", "SECTOR": 2, "NATU_JUR": 9, "CALENDARIO": 1, "GENERO": 5, "COD_LOCA": "08", "ESPECIALID": 1, "CLASE_TIPO": 1, "BILINGUE": 5, "FECHA": "2025-04-30", "DANE12_EST": "111001110477", "DANE12_SED": "111001110477", "DA_HIPOACU": 1, "DA_SORDERA": 0, "DA_LENGUAS": 0, "DA_UCASTEL": 0, "DISCAP_FIS": 1, "DISCAP_FLE": 0, "DISCAP_PCE": 0, "DI_DCOGNIT": 6, "DI_SDOWN": 0, "DIS_MULTIP": 6, "DIS_PSICOS": 4, "DV_BAJAVIS": 0, "DIS_CEGUER": 0, "T_ESPECTRO": 0, "T_VOZ_Y_HA": 0, "SISTEMICA": 0, "SORDOCEGUE": 0, "OTRA": 0, "TOT_EST_MA": 18, "AFRODESCEN": 10, "INDIGENAS": 8, "NEGRITUDES": 4, "PALENQUERO": 0, "RAIZALES": 0, "ROM": 0, "TOT_EST_ET": 22, "CAPACID_EX": 0, "DOBLE_EXCE": 0, "TE_ACTFISI": 11, "TE_ARTES": 7, "TE_CNATUR": 1, "TE_CSOCIAL": 2, "TE_LDSOCIA": 0, "TE_TECNOLO": 0, "TOT_EST_CA": 21, "TMATRIC_GE": 1822, "Zona": 1 }, "geometry": { "type": "Point", "coordinates": [ -8257448.282500000670552, 516652.376499999314547 ] } },
{ "type": "Feature", "properties": { "NOMBRE_EST": "COLEGIO LAS MARGARITAS (IED)", "NOMBRE_SED": "COLEGIO LAS MARGARITAS (IED) - SEDE PRINCIPAL", "ORDEN_DE_S": "A", "DIRECCION": "KR 88 C # 43 - 53 SUR", "DISCAPACID": "AUDITIVA-FISICA-INTELECTUAL-MULTIPLE", "TALENTOS_O": null, "GRUPOS_ETN": "AFRODESCENDIENTES-INDIGENAS-NEGRITUDES", "SECTOR": 2, "NATU_JUR": 9, "CALENDARIO": 1, "GENERO": 5, "COD_LOCA": "08", "ESPECIALID": 1, "CLASE_TIPO": 2, "BILINGUE": 5, "FECHA": "2025-04-30", "DANE12_EST": "111001800431", "DANE12_SED": "111001800431", "DA_HIPOACU": 2, "DA_SORDERA": 0, "DA_LENGUAS": 0, "DA_UCASTEL": 0, "DISCAP_FIS": 3, "DISCAP_FLE": 0, "DISCAP_PCE": 0, "DI_DCOGNIT": 4, "DI_SDOWN": 0, "DIS_MULTIP": 1, "DIS_PSICOS": 0, "DV_BAJAVIS": 0, "DIS_CEGUER": 0, "T_ESPECTRO": 0, "T_VOZ_Y_HA": 0, "SISTEMICA": 0, "SORDOCEGUE": 0, "OTRA": 0, "TOT_EST_MA": 10, "AFRODESCEN": 3, "INDIGENAS": 1, "NEGRITUDES": 1, "PALENQUERO": 0, "RAIZALES": 0, "ROM": 0, "TOT_EST_ET": 5, "CAPACID_EX": 0, "DOBLE_EXCE": 0, "TE_ACTFISI": 0, "TE_ARTES": 0, "TE_CNATUR": 0, "TE_CSOCIAL": 0, "TE_LDSOCIA": 0, "TE_TECNOLO": 0, "TOT_EST_CA": 0, "TMATRIC_GE": 524, "Zona": 1 }, "geometry": { "type": "Point", "coordinates": [ -8257075.362199999392033, 516380.982599999755621 ] } },
{ "type": "Feature", "properties": { "NOMBRE_EST": "COLEGIO EMMA REYES (IED)", "NOMBRE_SED": "COLEGIO EMMA REYES (IED) - SEDE PRINCIPAL", "ORDEN_DE_S": "A", "DIRECCION": "TV 78 C # 6 D - 49", "DISCAPACID": "INTELECTUAL-MULTIPLE", "TALENTOS_O": "CAPACIDADES EXCEPCIONALES-TALENTO EXCEPCIONAL EN ACTIVIDAD FISICA, EJERCICIO Y DEPORTE-TALENTO EXCEPCIONAL EN ARTES Y LETRAS", "GRUPOS_ETN": "AFRODESCENDIENTES-INDIGENAS", "SECTOR": 2, "NATU_JUR": 9, "CALENDARIO": 1, "GENERO": 5, "COD_LOCA": "08", "ESPECIALID": 1, "CLASE_TIPO": 2, "BILINGUE": 5, "FECHA": "2025-04-30", "DANE12_EST": "111001800554", "DANE12_SED": "111001800554", "DA_HIPOACU": 0, "DA_SORDERA": 0, "DA_LENGUAS": 0, "DA_UCASTEL": 0, "DISCAP_FIS": 0, "DISCAP_FLE": 0, "DISCAP_PCE": 0, "DI_DCOGNIT": 4, "DI_SDOWN": 0, "DIS_MULTIP": 1, "DIS_PSICOS": 0, "DV_BAJAVIS": 0, "DIS_CEGUER": 0, "T_ESPECTRO": 0, "T_VOZ_Y_HA": 0, "SISTEMICA": 0, "SORDOCEGUE": 0, "OTRA": 0, "TOT_EST_MA": 5, "AFRODESCEN": 2, "INDIGENAS": 2, "NEGRITUDES": 0, "PALENQUERO": 0, "RAIZALES": 0, "ROM": 0, "TOT_EST_ET": 4, "CAPACID_EX": 0, "DOBLE_EXCE": 0, "TE_ACTFISI": 0, "TE_ARTES": 1, "TE_CNATUR": 0, "TE_CSOCIAL": 0, "TE_LDSOCIA": 0, "TE_TECNOLO": 0, "TOT_EST_CA": 1, "TMATRIC_GE": 499, "Zona": 1 }, "geometry": { "type": "Point", "coordinates": [ -8253840.4178, 516451.343899998813868 ] } },
{ "type": "Feature", "properties": { "NOMBRE_EST": "COLEGIO FELIZA BURSZTYN (IED)", "NOMBRE_SED": "COLEGIO FELIZA BURSZTYN (IED)", "ORDEN_DE_S": "A", "DIRECCION": "CL 1 # 69 A - 07", "DISCAPACID": null, "TALENTOS_O": null, "GRUPOS_ETN": null, "SECTOR": 2, "NATU_JUR": 9, "CALENDARIO": 1, "GENERO": 5, "COD_LOCA": "08", "ESPECIALID": 1, "CLASE_TIPO": 1, "BILINGUE": 5, "FECHA": "2025-04-30", "DANE12_EST": "111001801241", "DANE12_SED": "111001801241", "DA_HIPOACU": 0, "DA_SORDERA": 0, "DA_LENGUAS": 0, "DA_UCASTEL": 0, "DISCAP_FIS": 0, "DISCAP_FLE": 0, "DISCAP_PCE": 0, "DI_DCOGNIT": 13, "DI_SDOWN": 0, "DIS_MULTIP": 5, "DIS_PSICOS": 0, "DV_BAJAVIS": 0, "DIS_CEGUER": 0, "T_ESPECTRO": 0, "T_VOZ_Y_HA": 0, "SISTEMICA": 0, "SORDOCEGUE": 0, "OTRA": 0, "TOT_EST_MA": 18, "AFRODESCEN": 2, "INDIGENAS": 2, "NEGRITUDES": 0, "PALENQUERO": 0, "RAIZALES": 0, "ROM": 9, "TOT_EST_ET": 13, "CAPACID_EX": 0, "DOBLE_EXCE": 0, "TE_ACTFISI": 13, "TE_ARTES": 5, "TE_CNATUR": 0, "TE_CSOCIAL": 0, "TE_LDSOCIA": 2, "TE_TECNOLO": 3, "TOT_EST_CA": 23, "TMATRIC_GE": 1002, "Zona": 1 }, "geometry": { "type": "Point", "coordinates": [ -8252055.966399999335408, 515060.882599998265505 ] } },
{ "type": "Feature", "properties": { "NOMBRE_EST": "COLEGIO TERESA MARTINEZ DE VARELA (IED)", "NOMBRE_SED": "COLEGIO TERESA MARTINEZ DE VARELA (IED)", "ORDEN_DE_S": "A", "DIRECCION": "KR 94 # 8 C - 49", "DISCAPACID": null, "TALENTOS_O": null, "GRUPOS_ETN": null, "SECTOR": 2, "NATU_JUR": 9, "CALENDARIO": 1, "GENERO": 5, "COD_LOCA": "08", "ESPECIALID": 1, "CLASE_TIPO": 1, "BILINGUE": 5, "FECHA": "2025-04-30", "DANE12_EST": "111001801268", "DANE12_SED": "111001801268", "DA_HIPOACU": 0, "DA_SORDERA": 0, "DA_LENGUAS": 0, "DA_UCASTEL": 0, "DISCAP_FIS": 3, "DISCAP_FLE": 0, "DISCAP_PCE": 0, "DI_DCOGNIT": 15, "DI_SDOWN": 0, "DIS_MULTIP": 4, "DIS_PSICOS": 3, "DV_BAJAVIS": 1, "DIS_CEGUER": 0, "T_ESPECTRO": 0, "T_VOZ_Y_HA": 0, "SISTEMICA": 0, "SORDOCEGUE": 0, "OTRA": 0, "TOT_EST_MA": 26, "AFRODESCEN": 2, "INDIGENAS": 4, "NEGRITUDES": 2, "PALENQUERO": 0, "RAIZALES": 0, "ROM": 0, "TOT_EST_ET": 8, "CAPACID_EX": 0, "DOBLE_EXCE": 0, "TE_ACTFISI": 7, "TE_ARTES": 2, "TE_CNATUR": 0, "TE_CSOCIAL": 2, "TE_LDSOCIA": 3, "TE_TECNOLO": 0, "TOT_EST_CA": 14, "TMATRIC_GE": 1625, "Zona": 3 }, "geometry": { "type": "Point", "coordinates": [ -8255014.838400000706315, 518988.859400000423193 ] } },
{ "type": "Feature", "properties": { "NOMBRE_EST": "COLEGIO RODRIGO ARENAS BETANCOURT (IED)", "NOMBRE_SED": "RODRIGO ARENAS BETANCOURT", "ORDEN_DE_S": "A", "DIRECCION": "AK 97 # 16 J - 15  --  CL 16 J # 97 - 20", "DISCAPACID": "AUDITIVA-FISICA-INTELECTUAL-MENTAL/PSICOSOCIAL-MULTIPLE", "TALENTOS_O": "TALENTO EXCEPCIONAL EN ACTIVIDAD FISICA, EJERCICIO Y DEPORTE-TALENTO EXCEPCIONAL EN ARTES Y LETRAS-TALENTO EXCEPCIONAL EN CIENCIAS NATURALES O BASICAS-TALENTO EXCEPCIONAL EN TECNOLOGIA", "GRUPOS_ETN": "AFRODESCENDIENTES-INDIGENAS-NEGRITUDES", "SECTOR": 2, "NATU_JUR": 9, "CALENDARIO": 1, "GENERO": 5, "COD_LOCA": "09", "ESPECIALID": 1, "CLASE_TIPO": 1, "BILINGUE": 5, "FECHA": "2025-04-30", "DANE12_EST": "111001014346", "DANE12_SED": "111001014346", "DA_HIPOACU": 2, "DA_SORDERA": 0, "DA_LENGUAS": 0, "DA_UCASTEL": 0, "DISCAP_FIS": 4, "DISCAP_FLE": 0, "DISCAP_PCE": 0, "DI_DCOGNIT": 25, "DI_SDOWN": 0, "DIS_MULTIP": 10, "DIS_PSICOS": 1, "DV_BAJAVIS": 0, "DIS_CEGUER": 0, "T_ESPECTRO": 0, "T_VOZ_Y_HA": 0, "SISTEMICA": 0, "SORDOCEGUE": 0, "OTRA": 0, "TOT_EST_MA": 42, "AFRODESCEN": 6, "INDIGENAS": 0, "NEGRITUDES": 8, "PALENQUERO": 2, "RAIZALES": 1, "ROM": 0, "TOT_EST_ET": 17, "CAPACID_EX": 0, "DOBLE_EXCE": 0, "TE_ACTFISI": 10, "TE_ARTES": 9, "TE_CNATUR": 1, "TE_CSOCIAL": 1, "TE_LDSOCIA": 0, "TE_TECNOLO": 1, "TOT_EST_CA": 22, "TMATRIC_GE": 1996, "Zona": 1 }, "geometry": { "type": "Point", "coordinates": [ -8253726.871899999678135, 520469.859200000762939 ] } },
{ "type": "Feature", "properties": { "NOMBRE_EST": "COLEGIO PABLO NERUDA (IED)", "NOMBRE_SED": "PABLO NERUDA", "ORDEN_DE_S": "A", "DIRECCION": "CL 16 F BIS # 102 - 70", "DISCAPACID": "AUDITIVA-FISICA-INTELECTUAL-MENTAL/PSICOSOCIAL-MULTIPLE", "TALENTOS_O": "TALENTO EXCEPCIONAL EN ACTIVIDAD FISICA, EJERCICIO Y DEPORTE-TALENTO EXCEPCIONAL EN ARTES Y LETRAS-TALENTO EXCEPCIONAL EN CIENCIAS SOCIALES O HUMANAS-TALENTO EXCEPCIONAL EN LIDERAZGO SOCIAL Y EMPRENDIMIENTO", "GRUPOS_ETN": "AFRODESCENDIENTES-INDIGENAS-NEGRITUDES-PALENQUEROS", "SECTOR": 2, "NATU_JUR": 9, "CALENDARIO": 1, "GENERO": 5, "COD_LOCA": "09", "ESPECIALID": 1, "CLASE_TIPO": 1, "BILINGUE": 5, "FECHA": "2025-04-30", "DANE12_EST": "111001102199", "DANE12_SED": "111001102199", "DA_HIPOACU": 2, "DA_SORDERA": 0, "DA_LENGUAS": 0, "DA_UCASTEL": 0, "DISCAP_FIS": 2, "DISCAP_FLE": 0, "DISCAP_PCE": 0, "DI_DCOGNIT": 24, "DI_SDOWN": 0, "DIS_MULTIP": 6, "DIS_PSICOS": 3, "DV_BAJAVIS": 1, "DIS_CEGUER": 0, "T_ESPECTRO": 0, "T_VOZ_Y_HA": 0, "SISTEMICA": 0, "SORDOCEGUE": 0, "OTRA": 0, "TOT_EST_MA": 38, "AFRODESCEN": 3, "INDIGENAS": 3, "NEGRITUDES": 3, "PALENQUERO": 0, "RAIZALES": 0, "ROM": 0, "TOT_EST_ET": 9, "CAPACID_EX": 0, "DOBLE_EXCE": 0, "TE_ACTFISI": 8, "TE_ARTES": 3, "TE_CNATUR": 0, "TE_CSOCIAL": 1, "TE_LDSOCIA": 5, "TE_TECNOLO": 1, "TOT_EST_CA": 18, "TMATRIC_GE": 1195, "Zona": 1 }, "geometry": { "type": "Point", "coordinates": [ -8254270.110999999567866, 520678.720400001853704 ] } },
{ "type": "Feature", "properties": { "NOMBRE_EST": "COLEGIO PABLO NERUDA (IED)", "NOMBRE_SED": "ANTONIO NARIÑO", "ORDEN_DE_S": "B", "DIRECCION": "CL 16 J # 99 - 95", "DISCAPACID": "AUDITIVA-FISICA-INTELECTUAL-MENTAL/PSICOSOCIAL-MULTIPLE", "TALENTOS_O": "TALENTO EXCEPCIONAL EN ACTIVIDAD FISICA, EJERCICIO Y DEPORTE-TALENTO EXCEPCIONAL EN ARTES Y LETRAS-TALENTO EXCEPCIONAL EN LIDERAZGO SOCIAL Y EMPRENDIMIENTO", "GRUPOS_ETN": "AFRODESCENDIENTES-INDIGENAS-RAIZALES", "SECTOR": 2, "NATU_JUR": 9, "CALENDARIO": 1, "GENERO": 5, "COD_LOCA": "09", "ESPECIALID": 1, "CLASE_TIPO": 1, "BILINGUE": 5, "FECHA": "2025-04-30", "DANE12_EST": "111001102199", "DANE12_SED": "111279000214", "DA_HIPOACU": 2, "DA_SORDERA": 0, "DA_LENGUAS": 0, "DA_UCASTEL": 0, "DISCAP_FIS": 0, "DISCAP_FLE": 0, "DISCAP_PCE": 0, "DI_DCOGNIT": 2, "DI_SDOWN": 0, "DIS_MULTIP": 3, "DIS_PSICOS": 1, "DV_BAJAVIS": 0, "DIS_CEGUER": 0, "T_ESPECTRO": 0, "T_VOZ_Y_HA": 0, "SISTEMICA": 0, "SORDOCEGUE": 0, "OTRA": 0, "TOT_EST_MA": 8, "AFRODESCEN": 0, "INDIGENAS": 2, "NEGRITUDES": 0, "PALENQUERO": 0, "RAIZALES": 1, "ROM": 0, "TOT_EST_ET": 3, "CAPACID_EX": 0, "DOBLE_EXCE": 0, "TE_ACTFISI": 6, "TE_ARTES": 4, "TE_CNATUR": 0, "TE_CSOCIAL": 0, "TE_LDSOCIA": 1, "TE_TECNOLO": 0, "TOT_EST_CA": 11, "TMATRIC_GE": 484, "Zona": 1 }, "geometry": { "type": "Point", "coordinates": [ -8253942.831700000911951, 520712.227600000798702 ] } },
{ "type": "Feature", "properties": { "NOMBRE_EST": "COLEGIO CARLO FEDERICI (IED)", "NOMBRE_SED": "CARLO FEDERICI", "ORDEN_DE_S": "A", "DIRECCION": "CL 14 A # 108 - 78", "DISCAPACID": "AUDITIVA-FISICA-INTELECTUAL-MENTAL/PSICOSOCIAL-MULTIPLE-VISUAL", "TALENTOS_O": "CAPACIDADES EXCEPCIONALES-TALENTO EXCEPCIONAL EN ACTIVIDAD FISICA, EJERCICIO Y DEPORTE-TALENTO EXCEPCIONAL EN ARTES Y LETRAS-TALENTO EXCEPCIONAL EN LIDERAZGO SOCIAL Y EMPRENDIMIENTO-TALENTO EXCEPCIONAL EN TECNOLOGIA", "GRUPOS_ETN": "AFRODESCENDIENTES-INDIGENAS-NEGRITUDES", "SECTOR": 2, "NATU_JUR": 9, "CALENDARIO": 1, "GENERO": 5, "COD_LOCA": "09", "ESPECIALID": 1, "CLASE_TIPO": 1, "BILINGUE": 5, "FECHA": "2025-04-30", "DANE12_EST": "111001104272", "DANE12_SED": "111001104272", "DA_HIPOACU": 2, "DA_SORDERA": 0, "DA_LENGUAS": 0, "DA_UCASTEL": 0, "DISCAP_FIS": 6, "DISCAP_FLE": 0, "DISCAP_PCE": 0, "DI_DCOGNIT": 30, "DI_SDOWN": 0, "DIS_MULTIP": 20, "DIS_PSICOS": 6, "DV_BAJAVIS": 3, "DIS_CEGUER": 0, "T_ESPECTRO": 0, "T_VOZ_Y_HA": 0, "SISTEMICA": 0, "SORDOCEGUE": 0, "OTRA": 0, "TOT_EST_MA": 67, "AFRODESCEN": 5, "INDIGENAS": 4, "NEGRITUDES": 0, "PALENQUERO": 1, "RAIZALES": 0, "ROM": 0, "TOT_EST_ET": 10, "CAPACID_EX": 1, "DOBLE_EXCE": 0, "TE_ACTFISI": 13, "TE_ARTES": 5, "TE_CNATUR": 0, "TE_CSOCIAL": 4, "TE_LDSOCIA": 2, "TE_TECNOLO": 5, "TOT_EST_CA": 30, "TMATRIC_GE": 2149, "Zona": 1 }, "geometry": { "type": "Point", "coordinates": [ -8255423.380999999120831, 520631.810300000011921 ] } },
{ "type": "Feature", "properties": { "NOMBRE_EST": "COLEGIO LA FELICIDAD (IED)", "NOMBRE_SED": "LA FELICIDAD", "ORDEN_DE_S": "A", "DIRECCION": "CL 19 # 79 - 37", "DISCAPACID": "FISICA-INTELECTUAL-MENTAL/PSICOSOCIAL-MULTIPLE", "TALENTOS_O": "TALENTO EXCEPCIONAL EN ACTIVIDAD FISICA, EJERCICIO Y DEPORTE-TALENTO EXCEPCIONAL EN CIENCIAS NATURALES O BASICAS", "GRUPOS_ETN": "AFRODESCENDIENTES", "SECTOR": 2, "NATU_JUR": 9, "CALENDARIO": 1, "GENERO": 5, "COD_LOCA": "09", "ESPECIALID": 1, "CLASE_TIPO": 1, "BILINGUE": 5, "FECHA": "2025-04-30", "DANE12_EST": "111001800091", "DANE12_SED": "111001800091", "DA_HIPOACU": 0, "DA_SORDERA": 0, "DA_LENGUAS": 0, "DA_UCASTEL": 0, "DISCAP_FIS": 8, "DISCAP_FLE": 0, "DISCAP_PCE": 0, "DI_DCOGNIT": 7, "DI_SDOWN": 0, "DIS_MULTIP": 20, "DIS_PSICOS": 16, "DV_BAJAVIS": 0, "DIS_CEGUER": 0, "T_ESPECTRO": 0, "T_VOZ_Y_HA": 0, "SISTEMICA": 0, "SORDOCEGUE": 0, "OTRA": 0, "TOT_EST_MA": 51, "AFRODESCEN": 1, "INDIGENAS": 0, "NEGRITUDES": 0, "PALENQUERO": 0, "RAIZALES": 1, "ROM": 0, "TOT_EST_ET": 2, "CAPACID_EX": 1, "DOBLE_EXCE": 0, "TE_ACTFISI": 7, "TE_ARTES": 4, "TE_CNATUR": 1, "TE_CSOCIAL": 0, "TE_LDSOCIA": 1, "TE_TECNOLO": 0, "TOT_EST_CA": 14, "TMATRIC_GE": 1034, "Zona": 1 }, "geometry": { "type": "Point", "coordinates": [ -8252167.285900000482798, 518927.430900000035763 ] } },
{ "type": "Feature", "properties": { "NOMBRE_EST": "COLEGIO MARIA JOSEFA CANELONES (IED)", "NOMBRE_SED": "COLEGIO MARIA JOSEFA CANELONES (IED)", "ORDEN_DE_S": "A", "DIRECCION": "CL 16 D # 78 - 61", "DISCAPACID": null, "TALENTOS_O": null, "GRUPOS_ETN": null, "SECTOR": 2, "NATU_JUR": 9, "CALENDARIO": 1, "GENERO": 5, "COD_LOCA": "09", "ESPECIALID": 1, "CLASE_TIPO": 1, "BILINGUE": 5, "FECHA": "2025-04-30", "DANE12_EST": "111001801322", "DANE12_SED": "111001801322", "DA_HIPOACU": 1, "DA_SORDERA": 0, "DA_LENGUAS": 0, "DA_UCASTEL": 0, "DISCAP_FIS": 5, "DISCAP_FLE": 0, "DISCAP_PCE": 0, "DI_DCOGNIT": 7, "DI_SDOWN": 0, "DIS_MULTIP": 12, "DIS_PSICOS": 0, "DV_BAJAVIS": 2, "DIS_CEGUER": 0, "T_ESPECTRO": 0, "T_VOZ_Y_HA": 0, "SISTEMICA": 0, "SORDOCEGUE": 0, "OTRA": 0, "TOT_EST_MA": 27, "AFRODESCEN": 3, "INDIGENAS": 3, "NEGRITUDES": 0, "PALENQUERO": 0, "RAIZALES": 0, "ROM": 0, "TOT_EST_ET": 6, "CAPACID_EX": 0, "DOBLE_EXCE": 0, "TE_ACTFISI": 11, "TE_ARTES": 5, "TE_CNATUR": 2, "TE_CSOCIAL": 2, "TE_LDSOCIA": 5, "TE_TECNOLO": 1, "TOT_EST_CA": 26, "TMATRIC_GE": 1416, "Zona": 1 }, "geometry": { "type": "Point", "coordinates": [ -8252309.774800000712276, 518411.433400001376867 ] } },
{ "type": "Feature", "properties": { "NOMBRE_EST": "COLEGIO ANTONIO VAN UDEN (IED)", "NOMBRE_SED": "ANTONIO VAN UDEN", "ORDEN_DE_S": "A", "DIRECCION": "CL 17 D # 123 B - 26", "DISCAPACID": "AUDITIVA-FISICA-INTELECTUAL-MENTAL/PSICOSOCIAL-MULTIPLE", "TALENTOS_O": "TALENTO EXCEPCIONAL EN ACTIVIDAD FISICA, EJERCICIO Y DEPORTE-TALENTO EXCEPCIONAL EN ARTES Y LETRAS-TALENTO EXCEPCIONAL EN CIENCIAS SOCIALES O HUMANAS", "GRUPOS_ETN": "AFRODESCENDIENTES-INDIGENAS-NEGRITUDES", "SECTOR": 2, "NATU_JUR": 9, "CALENDARIO": 1, "GENERO": 5, "COD_LOCA": "09", "ESPECIALID": 1, "CLASE_TIPO": 1, "BILINGUE": 5, "FECHA": "2025-04-30", "DANE12_EST": "111279000061", "DANE12_SED": "111279000061", "DA_HIPOACU": 1, "DA_SORDERA": 0, "DA_LENGUAS": 0, "DA_UCASTEL": 0, "DISCAP_FIS": 1, "DISCAP_FLE": 0, "DISCAP_PCE": 0, "DI_DCOGNIT": 6, "DI_SDOWN": 0, "DIS_MULTIP": 4, "DIS_PSICOS": 5, "DV_BAJAVIS": 1, "DIS_CEGUER": 0, "T_ESPECTRO": 0, "T_VOZ_Y_HA": 0, "SISTEMICA": 0, "SORDOCEGUE": 0, "OTRA": 0, "TOT_EST_MA": 18, "AFRODESCEN": 15, "INDIGENAS": 28, "NEGRITUDES": 1, "PALENQUERO": 0, "RAIZALES": 0, "ROM": 0, "TOT_EST_ET": 44, "CAPACID_EX": 0, "DOBLE_EXCE": 0, "TE_ACTFISI": 4, "TE_ARTES": 1, "TE_CNATUR": 0, "TE_CSOCIAL": 3, "TE_LDSOCIA": 1, "TE_TECNOLO": 0, "TOT_EST_CA": 9, "TMATRIC_GE": 1238, "Zona": 1 }, "geometry": { "type": "Point", "coordinates": [ -8255303.155899999663234, 522554.028499998152256 ] } },
{ "type": "Feature", "properties": { "NOMBRE_EST": "COLEGIO ANTONIO VAN UDEN (IED)", "NOMBRE_SED": "LA ESTACION", "ORDEN_DE_S": "B", "DIRECCION": "CL 17 F # 128 - 45", "DISCAPACID": "AUDITIVA-FISICA-INTELECTUAL-MULTIPLE", "TALENTOS_O": "TALENTO EXCEPCIONAL EN ACTIVIDAD FISICA, EJERCICIO Y DEPORTE-TALENTO EXCEPCIONAL EN ARTES Y LETRAS-TALENTO EXCEPCIONAL EN LIDERAZGO SOCIAL Y EMPRENDIMIENTO", "GRUPOS_ETN": "AFRODESCENDIENTES-INDIGENAS", "SECTOR": 2, "NATU_JUR": 9, "CALENDARIO": 1, "GENERO": 5, "COD_LOCA": "09", "ESPECIALID": 13, "CLASE_TIPO": 1, "BILINGUE": 5, "FECHA": "2025-04-30", "DANE12_EST": "111279000061", "DANE12_SED": "111279001261", "DA_HIPOACU": 0, "DA_SORDERA": 0, "DA_LENGUAS": 0, "DA_UCASTEL": 0, "DISCAP_FIS": 0, "DISCAP_FLE": 0, "DISCAP_PCE": 0, "DI_DCOGNIT": 4, "DI_SDOWN": 0, "DIS_MULTIP": 2, "DIS_PSICOS": 0, "DV_BAJAVIS": 0, "DIS_CEGUER": 0, "T_ESPECTRO": 0, "T_VOZ_Y_HA": 0, "SISTEMICA": 0, "SORDOCEGUE": 0, "OTRA": 0, "TOT_EST_MA": 6, "AFRODESCEN": 1, "INDIGENAS": 8, "NEGRITUDES": 0, "PALENQUERO": 0, "RAIZALES": 0, "ROM": 0, "TOT_EST_ET": 9, "CAPACID_EX": 0, "DOBLE_EXCE": 0, "TE_ACTFISI": 3, "TE_ARTES": 1, "TE_CNATUR": 0, "TE_CSOCIAL": 0, "TE_LDSOCIA": 1, "TE_TECNOLO": 0, "TOT_EST_CA": 5, "TMATRIC_GE": 521, "Zona": 1 }, "geometry": { "type": "Point", "coordinates": [ -8255612.624099999666214, 522950.540699999779463 ] } },
{ "type": "Feature", "properties": { "NOMBRE_EST": "COLEGIO ANTONIO VAN UDEN (IED)", "NOMBRE_SED": "SAN VICENTE", "ORDEN_DE_S": "C", "DIRECCION": "KR 124 # 17 - 05", "DISCAPACID": "FISICA-INTELECTUAL-MENTAL/PSICOSOCIAL-MULTIPLE", "TALENTOS_O": "TALENTO EXCEPCIONAL EN CIENCIAS SOCIALES O HUMANAS-TALENTO EXCEPCIONAL EN LIDERAZGO SOCIAL Y EMPRENDIMIENTO", "GRUPOS_ETN": "AFRODESCENDIENTES-INDIGENAS-NEGRITUDES", "SECTOR": 2, "NATU_JUR": 9, "CALENDARIO": 1, "GENERO": 5, "COD_LOCA": "09", "ESPECIALID": 13, "CLASE_TIPO": 1, "BILINGUE": 5, "FECHA": "2025-04-30", "DANE12_EST": "111279000061", "DANE12_SED": "111279000079", "DA_HIPOACU": 1, "DA_SORDERA": 0, "DA_LENGUAS": 0, "DA_UCASTEL": 0, "DISCAP_FIS": 0, "DISCAP_FLE": 0, "DISCAP_PCE": 0, "DI_DCOGNIT": 4, "DI_SDOWN": 0, "DIS_MULTIP": 2, "DIS_PSICOS": 0, "DV_BAJAVIS": 0, "DIS_CEGUER": 0, "T_ESPECTRO": 0, "T_VOZ_Y_HA": 0, "SISTEMICA": 0, "SORDOCEGUE": 0, "OTRA": 0, "TOT_EST_MA": 8, "AFRODESCEN": 5, "INDIGENAS": 11, "NEGRITUDES": 0, "PALENQUERO": 0, "RAIZALES": 0, "ROM": 0, "TOT_EST_ET": 16, "CAPACID_EX": 0, "DOBLE_EXCE": 0, "TE_ACTFISI": 3, "TE_ARTES": 2, "TE_CNATUR": 0, "TE_CSOCIAL": 0, "TE_LDSOCIA": 1, "TE_TECNOLO": 0, "TOT_EST_CA": 6, "TMATRIC_GE": 472, "Zona": 1 }, "geometry": { "type": "Point", "coordinates": [ -8255542.492799999192357, 522475.843199998140335 ] } },
{ "type": "Feature", "properties": { "NOMBRE_EST": "COLEGIO VILLEMAR EL CARMEN (IED)", "NOMBRE_SED": "VILLEMAR EL CARMEN", "ORDEN_DE_S": "A", "DIRECCION": "CL 20 D # 96 G - 51", "DISCAPACID": "AUDITIVA-FISICA-INTELECTUAL-MENTAL/PSICOSOCIAL-MULTIPLE", "TALENTOS_O": "TALENTO EXCEPCIONAL EN ACTIVIDAD FISICA, EJERCICIO Y DEPORTE-TALENTO EXCEPCIONAL EN ARTES Y LETRAS-TALENTO EXCEPCIONAL EN CIENCIAS NATURALES O BASICAS-TALENTO EXCEPCIONAL EN CIENCIAS SOCIALES O HUMANAS-TALENTO EXCEPCIONAL EN LIDERAZGO SOCIAL Y EMPRENDIMI", "GRUPOS_ETN": "AFRODESCENDIENTES-INDIGENAS-NEGRITUDES-RAIZALES", "SECTOR": 2, "NATU_JUR": 9, "CALENDARIO": 1, "GENERO": 5, "COD_LOCA": "09", "ESPECIALID": 1, "CLASE_TIPO": 1, "BILINGUE": 5, "FECHA": "2025-04-30", "DANE12_EST": "111279000125", "DANE12_SED": "111279000125", "DA_HIPOACU": 5, "DA_SORDERA": 0, "DA_LENGUAS": 0, "DA_UCASTEL": 0, "DISCAP_FIS": 1, "DISCAP_FLE": 0, "DISCAP_PCE": 0, "DI_DCOGNIT": 45, "DI_SDOWN": 0, "DIS_MULTIP": 18, "DIS_PSICOS": 12, "DV_BAJAVIS": 0, "DIS_CEGUER": 0, "T_ESPECTRO": 0, "T_VOZ_Y_HA": 0, "SISTEMICA": 0, "SORDOCEGUE": 0, "OTRA": 0, "TOT_EST_MA": 81, "AFRODESCEN": 12, "INDIGENAS": 3, "NEGRITUDES": 1, "PALENQUERO": 0, "RAIZALES": 2, "ROM": 0, "TOT_EST_ET": 18, "CAPACID_EX": 0, "DOBLE_EXCE": 0, "TE_ACTFISI": 9, "TE_ARTES": 6, "TE_CNATUR": 1, "TE_CSOCIAL": 0, "TE_LDSOCIA": 1, "TE_TECNOLO": 5, "TOT_EST_CA": 22, "TMATRIC_GE": 1374, "Zona": 1 }, "geometry": { "type": "Point", "coordinates": [ -8253139.105000000447035, 520755.786899998784065 ] } },
{ "type": "Feature", "properties": { "NOMBRE_EST": "COLEGIO VILLEMAR EL CARMEN (IED)", "NOMBRE_SED": "SANTA CECILIA", "ORDEN_DE_S": "B", "DIRECCION": "CL 25 B # 83 - 14", "DISCAPACID": "INTELECTUAL-MENTAL/PSICOSOCIAL-MULTIPLE", "TALENTOS_O": "CAPACIDADES EXCEPCIONALES-TALENTO EXCEPCIONAL EN ACTIVIDAD FISICA, EJERCICIO Y DEPORTE-TALENTO EXCEPCIONAL EN CIENCIAS NATURALES O BASICAS-TALENTO EXCEPCIONAL EN LIDERAZGO SOCIAL Y EMPRENDIMIENTO", "GRUPOS_ETN": "INDIGENAS", "SECTOR": 2, "NATU_JUR": 9, "CALENDARIO": 1, "GENERO": 5, "COD_LOCA": "09", "ESPECIALID": 13, "CLASE_TIPO": 1, "BILINGUE": 5, "FECHA": "2025-04-30", "DANE12_EST": "111279000125", "DANE12_SED": "111279000761", "DA_HIPOACU": 1, "DA_SORDERA": 0, "DA_LENGUAS": 0, "DA_UCASTEL": 0, "DISCAP_FIS": 5, "DISCAP_FLE": 0, "DISCAP_PCE": 0, "DI_DCOGNIT": 37, "DI_SDOWN": 0, "DIS_MULTIP": 28, "DIS_PSICOS": 5, "DV_BAJAVIS": 0, "DIS_CEGUER": 0, "T_ESPECTRO": 0, "T_VOZ_Y_HA": 0, "SISTEMICA": 0, "SORDOCEGUE": 0, "OTRA": 0, "TOT_EST_MA": 76, "AFRODESCEN": 3, "INDIGENAS": 2, "NEGRITUDES": 0, "PALENQUERO": 0, "RAIZALES": 1, "ROM": 0, "TOT_EST_ET": 6, "CAPACID_EX": 0, "DOBLE_EXCE": 0, "TE_ACTFISI": 3, "TE_ARTES": 5, "TE_CNATUR": 2, "TE_CSOCIAL": 0, "TE_LDSOCIA": 2, "TE_TECNOLO": 0, "TOT_EST_CA": 12, "TMATRIC_GE": 493, "Zona": 1 }, "geometry": { "type": "Point", "coordinates": [ -8251084.147199999541044, 520659.732999999076128 ] } },
{ "type": "Feature", "properties": { "NOMBRE_EST": "COLEGIO VILLEMAR EL CARMEN (IED)", "NOMBRE_SED": "GIMNASIO ACADEMICO", "ORDEN_DE_S": "C", "DIRECCION": "KR 97 # 22 G - 15", "DISCAPACID": "AUDITIVA-FISICA-INTELECTUAL-MENTAL/PSICOSOCIAL-MULTIPLE-SORDOCEGUERA", "TALENTOS_O": "CAPACIDADES EXCEPCIONALES-TALENTO EXCEPCIONAL EN ACTIVIDAD FISICA, EJERCICIO Y DEPORTE-TALENTO EXCEPCIONAL EN ARTES Y LETRAS-TALENTO EXCEPCIONAL EN LIDERAZGO SOCIAL Y EMPRENDIMIENTO-TALENTO EXCEPCIONAL EN TECNOLOGIA", "GRUPOS_ETN": "AFRODESCENDIENTES-RAIZALES", "SECTOR": 2, "NATU_JUR": 9, "CALENDARIO": 1, "GENERO": 5, "COD_LOCA": "09", "ESPECIALID": 13, "CLASE_TIPO": 1, "BILINGUE": 5, "FECHA": "2025-04-30", "DANE12_EST": "111279000125", "DANE12_SED": "111001107018", "DA_HIPOACU": 0, "DA_SORDERA": 0, "DA_LENGUAS": 0, "DA_UCASTEL": 0, "DISCAP_FIS": 1, "DISCAP_FLE": 0, "DISCAP_PCE": 0, "DI_DCOGNIT": 12, "DI_SDOWN": 0, "DIS_MULTIP": 15, "DIS_PSICOS": 0, "DV_BAJAVIS": 0, "DIS_CEGUER": 0, "T_ESPECTRO": 0, "T_VOZ_Y_HA": 0, "SISTEMICA": 0, "SORDOCEGUE": 0, "OTRA": 0, "TOT_EST_MA": 28, "AFRODESCEN": 0, "INDIGENAS": 5, "NEGRITUDES": 1, "PALENQUERO": 0, "RAIZALES": 2, "ROM": 0, "TOT_EST_ET": 8, "CAPACID_EX": 1, "DOBLE_EXCE": 0, "TE_ACTFISI": 8, "TE_ARTES": 1, "TE_CNATUR": 0, "TE_CSOCIAL": 1, "TE_LDSOCIA": 3, "TE_TECNOLO": 2, "TOT_EST_CA": 16, "TMATRIC_GE": 886, "Zona": 1 }, "geometry": { "type": "Point", "coordinates": [ -8253040.0307, 521104.262800000607967 ] } },
{ "type": "Feature", "properties": { "NOMBRE_EST": "COLEGIO INSTITUTO TECNICO INTERNACIONAL (IED)", "NOMBRE_SED": "INTERNACIONAL", "ORDEN_DE_S": "A", "DIRECCION": "KR 112 # 23 - 05", "DISCAPACID": "AUDITIVA-FISICA-INTELECTUAL-MENTAL/PSICOSOCIAL-MULTIPLE-VISUAL", "TALENTOS_O": "TALENTO EXCEPCIONAL EN ACTIVIDAD FISICA, EJERCICIO Y DEPORTE-TALENTO EXCEPCIONAL EN ARTES Y LETRAS-TALENTO EXCEPCIONAL EN LIDERAZGO SOCIAL Y EMPRENDIMIENTO-TALENTO EXCEPCIONAL EN TECNOLOGIA", "GRUPOS_ETN": "AFRODESCENDIENTES-INDIGENAS-NEGRITUDES", "SECTOR": 2, "NATU_JUR": 9, "CALENDARIO": 1, "GENERO": 5, "COD_LOCA": "09", "ESPECIALID": 12, "CLASE_TIPO": 1, "BILINGUE": 5, "FECHA": "2025-04-30", "DANE12_EST": "111279000168", "DANE12_SED": "111279000168", "DA_HIPOACU": 9, "DA_SORDERA": 0, "DA_LENGUAS": 0, "DA_UCASTEL": 0, "DISCAP_FIS": 5, "DISCAP_FLE": 0, "DISCAP_PCE": 0, "DI_DCOGNIT": 44, "DI_SDOWN": 0, "DIS_MULTIP": 23, "DIS_PSICOS": 10, "DV_BAJAVIS": 3, "DIS_CEGUER": 0, "T_ESPECTRO": 0, "T_VOZ_Y_HA": 0, "SISTEMICA": 0, "SORDOCEGUE": 0, "OTRA": 0, "TOT_EST_MA": 94, "AFRODESCEN": 10, "INDIGENAS": 18, "NEGRITUDES": 5, "PALENQUERO": 0, "RAIZALES": 0, "ROM": 0, "TOT_EST_ET": 33, "CAPACID_EX": 0, "DOBLE_EXCE": 0, "TE_ACTFISI": 14, "TE_ARTES": 5, "TE_CNATUR": 0, "TE_CSOCIAL": 0, "TE_LDSOCIA": 1, "TE_TECNOLO": 1, "TOT_EST_CA": 21, "TMATRIC_GE": 2942, "Zona": 1 }, "geometry": { "type": "Point", "coordinates": [ -8253808.135199999436736, 522308.303599998354912 ] } },
{ "type": "Feature", "properties": { "NOMBRE_EST": "COLEGIO LUIS ANGEL ARANGO (IED)", "NOMBRE_SED": "LUIS ANGEL ARANGO", "ORDEN_DE_S": "A", "DIRECCION": "CL 23 G # 103 - 60", "DISCAPACID": "INTELECTUAL-MENTAL/PSICOSOCIAL-SORDOCEGUERA-VISUAL", "TALENTOS_O": "CAPACIDADES EXCEPCIONALES-TALENTO EXCEPCIONAL EN ACTIVIDAD FISICA, EJERCICIO Y DEPORTE-TALENTO EXCEPCIONAL EN ARTES Y LETRAS", "GRUPOS_ETN": "AFRODESCENDIENTES-INDIGENAS", "SECTOR": 2, "NATU_JUR": 9, "CALENDARIO": 1, "GENERO": 5, "COD_LOCA": "09", "ESPECIALID": 1, "CLASE_TIPO": 1, "BILINGUE": 5, "FECHA": "2025-04-30", "DANE12_EST": "111279000184", "DANE12_SED": "111279000184", "DA_HIPOACU": 0, "DA_SORDERA": 0, "DA_LENGUAS": 0, "DA_UCASTEL": 0, "DISCAP_FIS": 0, "DISCAP_FLE": 0, "DISCAP_PCE": 0, "DI_DCOGNIT": 5, "DI_SDOWN": 0, "DIS_MULTIP": 5, "DIS_PSICOS": 5, "DV_BAJAVIS": 7, "DIS_CEGUER": 0, "T_ESPECTRO": 0, "T_VOZ_Y_HA": 0, "SISTEMICA": 0, "SORDOCEGUE": 0, "OTRA": 0, "TOT_EST_MA": 22, "AFRODESCEN": 1, "INDIGENAS": 0, "NEGRITUDES": 0, "PALENQUERO": 0, "RAIZALES": 0, "ROM": 0, "TOT_EST_ET": 1, "CAPACID_EX": 2, "DOBLE_EXCE": 0, "TE_ACTFISI": 5, "TE_ARTES": 4, "TE_CNATUR": 0, "TE_CSOCIAL": 0, "TE_LDSOCIA": 0, "TE_TECNOLO": 0, "TOT_EST_CA": 11, "TMATRIC_GE": 603, "Zona": 1 }, "geometry": { "type": "Point", "coordinates": [ -8253008.86119999922812, 521793.400800000876188 ] } },
{ "type": "Feature", "properties": { "NOMBRE_EST": "COLEGIO LUIS ANGEL ARANGO (IED)", "NOMBRE_SED": "LA CABAÑA", "ORDEN_DE_S": "B", "DIRECCION": "KR 104 B BIS # 23 G - 19  --  KR 104 A BIS # 23 G - 19", "DISCAPACID": "INTELECTUAL-MENTAL/PSICOSOCIAL-SORDOCEGUERA", "TALENTOS_O": "TALENTO EXCEPCIONAL EN ACTIVIDAD FISICA, EJERCICIO Y DEPORTE-TALENTO EXCEPCIONAL EN ARTES Y LETRAS", "GRUPOS_ETN": "NEGRITUDES", "SECTOR": 2, "NATU_JUR": 9, "CALENDARIO": 1, "GENERO": 5, "COD_LOCA": "09", "ESPECIALID": 13, "CLASE_TIPO": 1, "BILINGUE": 5, "FECHA": "2025-04-30", "DANE12_EST": "111279000184", "DANE12_SED": "111279000176", "DA_HIPOACU": 0, "DA_SORDERA": 0, "DA_LENGUAS": 0, "DA_UCASTEL": 0, "DISCAP_FIS": 0, "DISCAP_FLE": 0, "DISCAP_PCE": 0, "DI_DCOGNIT": 5, "DI_SDOWN": 0, "DIS_MULTIP": 3, "DIS_PSICOS": 0, "DV_BAJAVIS": 0, "DIS_CEGUER": 0, "T_ESPECTRO": 0, "T_VOZ_Y_HA": 0, "SISTEMICA": 0, "SORDOCEGUE": 0, "OTRA": 0, "TOT_EST_MA": 8, "AFRODESCEN": 0, "INDIGENAS": 2, "NEGRITUDES": 1, "PALENQUERO": 0, "RAIZALES": 0, "ROM": 0, "TOT_EST_ET": 3, "CAPACID_EX": 0, "DOBLE_EXCE": 0, "TE_ACTFISI": 2, "TE_ARTES": 2, "TE_CNATUR": 0, "TE_CSOCIAL": 1, "TE_LDSOCIA": 0, "TE_TECNOLO": 0, "TOT_EST_CA": 5, "TMATRIC_GE": 345, "Zona": 1 }, "geometry": { "type": "Point", "coordinates": [ -8253127.973099999129772, 521982.160799998790026 ] } },
{ "type": "Feature", "properties": { "NOMBRE_EST": "COLEGIO COSTA RICA (IED)", "NOMBRE_SED": "REPUBLICA DE COSTA RICA", "ORDEN_DE_S": "A", "DIRECCION": "KR 101 # 23 - 42", "DISCAPACID": "FISICA-INTELECTUAL-MENTAL/PSICOSOCIAL-MULTIPLE-SORDOCEGUERA", "TALENTOS_O": "TALENTO EXCEPCIONAL EN ACTIVIDAD FISICA, EJERCICIO Y DEPORTE-TALENTO EXCEPCIONAL EN ARTES Y LETRAS-TALENTO EXCEPCIONAL EN CIENCIAS SOCIALES O HUMANAS-TALENTO EXCEPCIONAL EN TECNOLOGIA", "GRUPOS_ETN": "AFRODESCENDIENTES-INDIGENAS-NEGRITUDES", "SECTOR": 2, "NATU_JUR": 9, "CALENDARIO": 1, "GENERO": 5, "COD_LOCA": "09", "ESPECIALID": 1, "CLASE_TIPO": 1, "BILINGUE": 5, "FECHA": "2025-04-30", "DANE12_EST": "111279000362", "DANE12_SED": "111279000362", "DA_HIPOACU": 2, "DA_SORDERA": 0, "DA_LENGUAS": 0, "DA_UCASTEL": 0, "DISCAP_FIS": 4, "DISCAP_FLE": 0, "DISCAP_PCE": 0, "DI_DCOGNIT": 19, "DI_SDOWN": 0, "DIS_MULTIP": 5, "DIS_PSICOS": 6, "DV_BAJAVIS": 1, "DIS_CEGUER": 0, "T_ESPECTRO": 0, "T_VOZ_Y_HA": 0, "SISTEMICA": 0, "SORDOCEGUE": 0, "OTRA": 0, "TOT_EST_MA": 37, "AFRODESCEN": 10, "INDIGENAS": 16, "NEGRITUDES": 6, "PALENQUERO": 0, "RAIZALES": 0, "ROM": 0, "TOT_EST_ET": 32, "CAPACID_EX": 2, "DOBLE_EXCE": 0, "TE_ACTFISI": 3, "TE_ARTES": 3, "TE_CNATUR": 0, "TE_CSOCIAL": 2, "TE_LDSOCIA": 1, "TE_TECNOLO": 2, "TOT_EST_CA": 13, "TMATRIC_GE": 1859, "Zona": 1 }, "geometry": { "type": "Point", "coordinates": [ -8253004.408399999141693, 521484.013900000602007 ] } },
{ "type": "Feature", "properties": { "NOMBRE_EST": "COLEGIO COSTA RICA (IED)", "NOMBRE_SED": "PUERTA DE TEJA", "ORDEN_DE_S": "B", "DIRECCION": "CL 25 C BIS B # 96 - 56  --  CL 25 C BIS # 96 - 56", "DISCAPACID": "AUDITIVA-MENTAL/PSICOSOCIAL", "TALENTOS_O": "TALENTO EXCEPCIONAL EN CIENCIAS SOCIALES O HUMANAS", "GRUPOS_ETN": "INDIGENAS", "SECTOR": 2, "NATU_JUR": 9, "CALENDARIO": 1, "GENERO": 5, "COD_LOCA": "09", "ESPECIALID": 13, "CLASE_TIPO": 1, "BILINGUE": 5, "FECHA": "2025-04-30", "DANE12_EST": "111279000362", "DANE12_SED": "111279000231", "DA_HIPOACU": 0, "DA_SORDERA": 0, "DA_LENGUAS": 0, "DA_UCASTEL": 0, "DISCAP_FIS": 0, "DISCAP_FLE": 0, "DISCAP_PCE": 0, "DI_DCOGNIT": 1, "DI_SDOWN": 0, "DIS_MULTIP": 1, "DIS_PSICOS": 0, "DV_BAJAVIS": 0, "DIS_CEGUER": 0, "T_ESPECTRO": 0, "T_VOZ_Y_HA": 0, "SISTEMICA": 0, "SORDOCEGUE": 0, "OTRA": 0, "TOT_EST_MA": 2, "AFRODESCEN": 0, "INDIGENAS": 0, "NEGRITUDES": 0, "PALENQUERO": 0, "RAIZALES": 1, "ROM": 0, "TOT_EST_ET": 1, "CAPACID_EX": 0, "DOBLE_EXCE": 0, "TE_ACTFISI": 0, "TE_ARTES": 0, "TE_CNATUR": 0, "TE_CSOCIAL": 0, "TE_LDSOCIA": 0, "TE_TECNOLO": 0, "TOT_EST_CA": 0, "TMATRIC_GE": 104, "Zona": 1 }, "geometry": { "type": "Point", "coordinates": [ -8251726.460699999704957, 521968.757699999958277 ] } },
{ "type": "Feature", "properties": { "NOMBRE_EST": "COLEGIO INTEGRADO DE FONTIBON IBEP (IED)", "NOMBRE_SED": "INTEGRADO DE FONTIBON", "ORDEN_DE_S": "A", "DIRECCION": "AK 106 # 18 - 77", "DISCAPACID": "AUDITIVA-FISICA-INTELECTUAL-MENTAL/PSICOSOCIAL-MULTIPLE-VISUAL", "TALENTOS_O": "TALENTO EXCEPCIONAL EN ACTIVIDAD FISICA, EJERCICIO Y DEPORTE", "GRUPOS_ETN": "AFRODESCENDIENTES-INDIGENAS-NEGRITUDES", "SECTOR": 2, "NATU_JUR": 9, "CALENDARIO": 1, "GENERO": 5, "COD_LOCA": "09", "ESPECIALID": 1, "CLASE_TIPO": 1, "BILINGUE": 5, "FECHA": "2025-04-30", "DANE12_EST": "111279000966", "DANE12_SED": "111279000966", "DA_HIPOACU": 2, "DA_SORDERA": 0, "DA_LENGUAS": 0, "DA_UCASTEL": 0, "DISCAP_FIS": 5, "DISCAP_FLE": 0, "DISCAP_PCE": 0, "DI_DCOGNIT": 144, "DI_SDOWN": 0, "DIS_MULTIP": 55, "DIS_PSICOS": 18, "DV_BAJAVIS": 4, "DIS_CEGUER": 0, "T_ESPECTRO": 0, "T_VOZ_Y_HA": 0, "SISTEMICA": 0, "SORDOCEGUE": 0, "OTRA": 0, "TOT_EST_MA": 228, "AFRODESCEN": 13, "INDIGENAS": 19, "NEGRITUDES": 27, "PALENQUERO": 0, "RAIZALES": 0, "ROM": 0, "TOT_EST_ET": 59, "CAPACID_EX": 0, "DOBLE_EXCE": 0, "TE_ACTFISI": 13, "TE_ARTES": 1, "TE_CNATUR": 0, "TE_CSOCIAL": 0, "TE_LDSOCIA": 1, "TE_TECNOLO": 2, "TOT_EST_CA": 17, "TMATRIC_GE": 2446, "Zona": 1 }, "geometry": { "type": "Point", "coordinates": [ -8254053.03800000064075, 521360.036200001835823 ] } },
{ "type": "Feature", "properties": { "NOMBRE_EST": "COLEGIO INTEGRADO DE FONTIBON IBEP (IED)", "NOMBRE_SED": "EMMA VILLEGAS DE GAITAN", "ORDEN_DE_S": "B", "DIRECCION": "CL 22 F # 109 B - 29", "DISCAPACID": "FISICA-INTELECTUAL-MENTAL/PSICOSOCIAL-MULTIPLE-VISUAL", "TALENTOS_O": "CAPACIDADES EXCEPCIONALES-TALENTO EXCEPCIONAL EN ACTIVIDAD FISICA, EJERCICIO Y DEPORTE-TALENTO EXCEPCIONAL EN ARTES Y LETRAS-TALENTO EXCEPCIONAL EN CIENCIAS SOCIALES O HUMANAS-TALENTO EXCEPCIONAL EN LIDERAZGO SOCIAL Y EMPRENDIMIENTO", "GRUPOS_ETN": "AFRODESCENDIENTES-INDIGENAS-NEGRITUDES", "SECTOR": 2, "NATU_JUR": 9, "CALENDARIO": 1, "GENERO": 5, "COD_LOCA": "09", "ESPECIALID": 13, "CLASE_TIPO": 1, "BILINGUE": 5, "FECHA": "2025-04-30", "DANE12_EST": "111279000966", "DANE12_SED": "111279000087", "DA_HIPOACU": 0, "DA_SORDERA": 0, "DA_LENGUAS": 0, "DA_UCASTEL": 0, "DISCAP_FIS": 6, "DISCAP_FLE": 0, "DISCAP_PCE": 0, "DI_DCOGNIT": 13, "DI_SDOWN": 0, "DIS_MULTIP": 5, "DIS_PSICOS": 2, "DV_BAJAVIS": 6, "DIS_CEGUER": 0, "T_ESPECTRO": 0, "T_VOZ_Y_HA": 0, "SISTEMICA": 0, "SORDOCEGUE": 0, "OTRA": 0, "TOT_EST_MA": 32, "AFRODESCEN": 4, "INDIGENAS": 3, "NEGRITUDES": 1, "PALENQUERO": 0, "RAIZALES": 0, "ROM": 0, "TOT_EST_ET": 8, "CAPACID_EX": 1, "DOBLE_EXCE": 0, "TE_ACTFISI": 7, "TE_ARTES": 5, "TE_CNATUR": 0, "TE_CSOCIAL": 1, "TE_LDSOCIA": 2, "TE_TECNOLO": 0, "TOT_EST_CA": 16, "TMATRIC_GE": 1033, "Zona": 1 }, "geometry": { "type": "Point", "coordinates": [ -8253912.775499999523163, 521912.911499999463558 ] } },
{ "type": "Feature", "properties": { "NOMBRE_EST": "COLEGIO INTEGRADO DE FONTIBON IBEP (IED)", "NOMBRE_SED": "PALESTINA", "ORDEN_DE_S": "D", "DIRECCION": "KR 113 # 19 A - 80", "DISCAPACID": "MULTIPLE-VISUAL", "TALENTOS_O": "TALENTO EXCEPCIONAL EN ACTIVIDAD FISICA, EJERCICIO Y DEPORTE-TALENTO EXCEPCIONAL EN CIENCIAS SOCIALES O HUMANAS", "GRUPOS_ETN": "AFRODESCENDIENTES-INDIGENAS", "SECTOR": 2, "NATU_JUR": 9, "CALENDARIO": 1, "GENERO": 5, "COD_LOCA": "09", "ESPECIALID": 13, "CLASE_TIPO": 1, "BILINGUE": 5, "FECHA": "2025-04-30", "DANE12_EST": "111279000966", "DANE12_SED": "111279000991", "DA_HIPOACU": 0, "DA_SORDERA": 0, "DA_LENGUAS": 0, "DA_UCASTEL": 0, "DISCAP_FIS": 0, "DISCAP_FLE": 0, "DISCAP_PCE": 0, "DI_DCOGNIT": 1, "DI_SDOWN": 0, "DIS_MULTIP": 1, "DIS_PSICOS": 0, "DV_BAJAVIS": 0, "DIS_CEGUER": 0, "T_ESPECTRO": 0, "T_VOZ_Y_HA": 0, "SISTEMICA": 0, "SORDOCEGUE": 0, "OTRA": 0, "TOT_EST_MA": 2, "AFRODESCEN": 2, "INDIGENAS": 3, "NEGRITUDES": 0, "PALENQUERO": 0, "RAIZALES": 0, "ROM": 0, "TOT_EST_ET": 5, "CAPACID_EX": 0, "DOBLE_EXCE": 0, "TE_ACTFISI": 0, "TE_ARTES": 1, "TE_CNATUR": 0, "TE_CSOCIAL": 0, "TE_LDSOCIA": 0, "TE_TECNOLO": 0, "TOT_EST_CA": 1, "TMATRIC_GE": 180, "Zona": 1 }, "geometry": { "type": "Point", "coordinates": [ -8254344.69510000012815, 521986.628499999642372 ] } },
{ "type": "Feature", "properties": { "NOMBRE_EST": "COLEGIO ATAHUALPA (IED)", "NOMBRE_SED": "ATAHUALPA", "ORDEN_DE_S": "A", "DIRECCION": "AK 116 # 22 I - 56", "DISCAPACID": "AUDITIVA-FISICA-INTELECTUAL-MENTAL/PSICOSOCIAL-MULTIPLE-SORDOCEGUERA-VISUAL", "TALENTOS_O": "CAPACIDADES EXCEPCIONALES-TALENTO EXCEPCIONAL EN ACTIVIDAD FISICA, EJERCICIO Y DEPORTE-TALENTO EXCEPCIONAL EN ARTES Y LETRAS-TALENTO EXCEPCIONAL EN CIENCIAS NATURALES O BASICAS-TALENTO EXCEPCIONAL EN LIDERAZGO SOCIAL Y EMPRENDIMIENTO", "GRUPOS_ETN": "AFRODESCENDIENTES-INDIGENAS", "SECTOR": 2, "NATU_JUR": 9, "CALENDARIO": 1, "GENERO": 5, "COD_LOCA": "09", "ESPECIALID": 1, "CLASE_TIPO": 1, "BILINGUE": 5, "FECHA": "2025-04-30", "DANE12_EST": "111279001296", "DANE12_SED": "111279001296", "DA_HIPOACU": 0, "DA_SORDERA": 0, "DA_LENGUAS": 0, "DA_UCASTEL": 0, "DISCAP_FIS": 1, "DISCAP_FLE": 0, "DISCAP_PCE": 0, "DI_DCOGNIT": 6, "DI_SDOWN": 0, "DIS_MULTIP": 4, "DIS_PSICOS": 3, "DV_BAJAVIS": 1, "DIS_CEGUER": 0, "T_ESPECTRO": 0, "T_VOZ_Y_HA": 0, "SISTEMICA": 0, "SORDOCEGUE": 0, "OTRA": 0, "TOT_EST_MA": 15, "AFRODESCEN": 4, "INDIGENAS": 5, "NEGRITUDES": 0, "PALENQUERO": 0, "RAIZALES": 0, "ROM": 0, "TOT_EST_ET": 9, "CAPACID_EX": 0, "DOBLE_EXCE": 0, "TE_ACTFISI": 3, "TE_ARTES": 3, "TE_CNATUR": 0, "TE_CSOCIAL": 0, "TE_LDSOCIA": 0, "TE_TECNOLO": 0, "TOT_EST_CA": 6, "TMATRIC_GE": 1189, "Zona": 1 }, "geometry": { "type": "Point", "coordinates": [ -8254161.017899999395013, 522479.193999998271465 ] } },
{ "type": "Feature", "properties": { "NOMBRE_EST": "COLEGIO INSTITUTO TECNICO LAUREANO GOMEZ (IED)", "NOMBRE_SED": "LAUREANO GOMEZ", "ORDEN_DE_S": "A", "DIRECCION": "CL 90 A # 95 D - 56  --  KR 95 G # 90 A - 40", "DISCAPACID": "AUDITIVA-INTELECTUAL-MENTAL/PSICOSOCIAL-MULTIPLE-VISUAL", "TALENTOS_O": "CAPACIDADES EXCEPCIONALES-TALENTO EXCEPCIONAL EN ACTIVIDAD FISICA, EJERCICIO Y DEPORTE-TALENTO EXCEPCIONAL EN ARTES Y LETRAS-TALENTO EXCEPCIONAL EN CIENCIAS SOCIALES O HUMANAS-TALENTO EXCEPCIONAL EN LIDERAZGO SOCIAL Y EMPRENDIMIENTO-TALENTO EXCEPCIONAL E", "GRUPOS_ETN": "AFRODESCENDIENTES-INDIGENAS-NEGRITUDES", "SECTOR": 2, "NATU_JUR": 9, "CALENDARIO": 1, "GENERO": 5, "COD_LOCA": "10", "ESPECIALID": 20, "CLASE_TIPO": 1, "BILINGUE": 5, "FECHA": "2025-04-30", "DANE12_EST": "111001000272", "DANE12_SED": "111001000272", "DA_HIPOACU": 2, "DA_SORDERA": 0, "DA_LENGUAS": 0, "DA_UCASTEL": 0, "DISCAP_FIS": 3, "DISCAP_FLE": 0, "DISCAP_PCE": 0, "DI_DCOGNIT": 10, "DI_SDOWN": 0, "DIS_MULTIP": 3, "DIS_PSICOS": 1, "DV_BAJAVIS": 1, "DIS_CEGUER": 0, "T_ESPECTRO": 0, "T_VOZ_Y_HA": 0, "SISTEMICA": 0, "SORDOCEGUE": 0, "OTRA": 0, "TOT_EST_MA": 20, "AFRODESCEN": 7, "INDIGENAS": 13, "NEGRITUDES": 7, "PALENQUERO": 0, "RAIZALES": 0, "ROM": 0, "TOT_EST_ET": 27, "CAPACID_EX": 0, "DOBLE_EXCE": 0, "TE_ACTFISI": 10, "TE_ARTES": 9, "TE_CNATUR": 0, "TE_CSOCIAL": 1, "TE_LDSOCIA": 1, "TE_TECNOLO": 2, "TOT_EST_CA": 23, "TMATRIC_GE": 1383, "Zona": 1 }, "geometry": { "type": "Point", "coordinates": [ -8248930.1151, 525799.9037000015378 ] } },
{ "type": "Feature", "properties": { "NOMBRE_EST": "COLEGIO INSTITUTO TECNICO LAUREANO GOMEZ (IED)", "NOMBRE_SED": "BACHUE", "ORDEN_DE_S": "B", "DIRECCION": "KR 95 G # 90 A - 24", "DISCAPACID": "FISICA-INTELECTUAL-MENTAL/PSICOSOCIAL-MULTIPLE-SORDOCEGUERA-VISUAL", "TALENTOS_O": "CAPACIDADES EXCEPCIONALES-TALENTO EXCEPCIONAL EN ACTIVIDAD FISICA, EJERCICIO Y DEPORTE-TALENTO EXCEPCIONAL EN ARTES Y LETRAS-TALENTO EXCEPCIONAL EN CIENCIAS SOCIALES O HUMANAS-TALENTO EXCEPCIONAL EN LIDERAZGO SOCIAL Y EMPRENDIMIENTO", "GRUPOS_ETN": "AFRODESCENDIENTES-INDIGENAS-NEGRITUDES", "SECTOR": 2, "NATU_JUR": 9, "CALENDARIO": 1, "GENERO": 5, "COD_LOCA": "10", "ESPECIALID": 13, "CLASE_TIPO": 1, "BILINGUE": 5, "FECHA": "2025-04-30", "DANE12_EST": "111001000272", "DANE12_SED": "111001029122", "DA_HIPOACU": 1, "DA_SORDERA": 0, "DA_LENGUAS": 0, "DA_UCASTEL": 0, "DISCAP_FIS": 8, "DISCAP_FLE": 0, "DISCAP_PCE": 0, "DI_DCOGNIT": 10, "DI_SDOWN": 0, "DIS_MULTIP": 15, "DIS_PSICOS": 2, "DV_BAJAVIS": 1, "DIS_CEGUER": 0, "T_ESPECTRO": 0, "T_VOZ_Y_HA": 0, "SISTEMICA": 0, "SORDOCEGUE": 0, "OTRA": 0, "TOT_EST_MA": 37, "AFRODESCEN": 6, "INDIGENAS": 17, "NEGRITUDES": 5, "PALENQUERO": 0, "RAIZALES": 0, "ROM": 0, "TOT_EST_ET": 28, "CAPACID_EX": 0, "DOBLE_EXCE": 0, "TE_ACTFISI": 10, "TE_ARTES": 7, "TE_CNATUR": 0, "TE_CSOCIAL": 0, "TE_LDSOCIA": 2, "TE_TECNOLO": 0, "TOT_EST_CA": 19, "TMATRIC_GE": 1321, "Zona": 1 }, "geometry": { "type": "Point", "coordinates": [ -8248993.567199999466538, 525866.922499999403954 ] } },
{ "type": "Feature", "properties": { "NOMBRE_EST": "COLEGIO MARCO TULIO FERNANDEZ (IED)", "NOMBRE_SED": "MARIANO OSPINA PEREZ", "ORDEN_DE_S": "A", "DIRECCION": "CL 63 B # 71 A - 16", "DISCAPACID": "INTELECTUAL-MENTAL/PSICOSOCIAL", "TALENTOS_O": "TALENTO EXCEPCIONAL EN ACTIVIDAD FISICA, EJERCICIO Y DEPORTE-TALENTO EXCEPCIONAL EN ARTES Y LETRAS", "GRUPOS_ETN": "AFRODESCENDIENTES-NEGRITUDES-RAIZALES", "SECTOR": 2, "NATU_JUR": 9, "CALENDARIO": 1, "GENERO": 5, "COD_LOCA": "10", "ESPECIALID": 1, "CLASE_TIPO": 1, "BILINGUE": 5, "FECHA": "2025-04-30", "DANE12_EST": "111001001121", "DANE12_SED": "111001001121", "DA_HIPOACU": 0, "DA_SORDERA": 0, "DA_LENGUAS": 0, "DA_UCASTEL": 0, "DISCAP_FIS": 0, "DISCAP_FLE": 0, "DISCAP_PCE": 0, "DI_DCOGNIT": 1, "DI_SDOWN": 0, "DIS_MULTIP": 0, "DIS_PSICOS": 0, "DV_BAJAVIS": 0, "DIS_CEGUER": 0, "T_ESPECTRO": 0, "T_VOZ_Y_HA": 0, "SISTEMICA": 0, "SORDOCEGUE": 0, "OTRA": 0, "TOT_EST_MA": 1, "AFRODESCEN": 2, "INDIGENAS": 0, "NEGRITUDES": 1, "PALENQUERO": 0, "RAIZALES": 2, "ROM": 0, "TOT_EST_ET": 5, "CAPACID_EX": 1, "DOBLE_EXCE": 0, "TE_ACTFISI": 0, "TE_ARTES": 0, "TE_CNATUR": 0, "TE_CSOCIAL": 0, "TE_LDSOCIA": 0, "TE_TECNOLO": 1, "TOT_EST_CA": 2, "TMATRIC_GE": 380, "Zona": 1 }, "geometry": { "type": "Point", "coordinates": [ -8249025.8498, 520916.621800001710653 ] } },
{ "type": "Feature", "properties": { "NOMBRE_EST": "COLEGIO MARCO TULIO FERNANDEZ (IED)", "NOMBRE_SED": "MERCEDES DE FERNANDEZ", "ORDEN_DE_S": "B", "DIRECCION": "CL 63 B # 70 C - 10", "DISCAPACID": "-INTELECTUAL-PSICOSOCIAL-", "TALENTOS_O": null, "GRUPOS_ETN": "NEGRITUDES-ROM", "SECTOR": 2, "NATU_JUR": 9, "CALENDARIO": 1, "GENERO": 5, "COD_LOCA": "10", "ESPECIALID": 1, "CLASE_TIPO": 1, "BILINGUE": 5, "FECHA": "2025-04-30", "DANE12_EST": "111001001121", "DANE12_SED": "111001013544", "DA_HIPOACU": 0, "DA_SORDERA": 0, "DA_LENGUAS": 0, "DA_UCASTEL": 0, "DISCAP_FIS": 0, "DISCAP_FLE": 0, "DISCAP_PCE": 0, "DI_DCOGNIT": 0, "DI_SDOWN": 0, "DIS_MULTIP": 0, "DIS_PSICOS": 1, "DV_BAJAVIS": 0, "DIS_CEGUER": 0, "T_ESPECTRO": 0, "T_VOZ_Y_HA": 0, "SISTEMICA": 0, "SORDOCEGUE": 0, "OTRA": 0, "TOT_EST_MA": 1, "AFRODESCEN": 1, "INDIGENAS": 0, "NEGRITUDES": 0, "PALENQUERO": 0, "RAIZALES": 0, "ROM": 0, "TOT_EST_ET": 1, "CAPACID_EX": 0, "DOBLE_EXCE": 0, "TE_ACTFISI": 0, "TE_ARTES": 1, "TE_CNATUR": 0, "TE_CSOCIAL": 0, "TE_LDSOCIA": 0, "TE_TECNOLO": 0, "TOT_EST_CA": 1, "TMATRIC_GE": 176, "Zona": 1 }, "geometry": { "type": "Point", "coordinates": [ -8248956.831700000911951, 520851.840999998152256 ] } },
{ "type": "Feature", "properties": { "NOMBRE_EST": "COLEGIO MARCO TULIO FERNANDEZ (IED)", "NOMBRE_SED": "SAN JOAQUIN", "ORDEN_DE_S": "C", "DIRECCION": "KR 71 # 64 C - 02  --  KR 70 D # 64 C - 02", "DISCAPACID": "FISICA-INTELECTUAL", "TALENTOS_O": "CAPACIDADES EXCEPCIONALES", "GRUPOS_ETN": "NEGRITUDES-RAIZALES-ROM", "SECTOR": 2, "NATU_JUR": 9, "CALENDARIO": 1, "GENERO": 5, "COD_LOCA": "10", "ESPECIALID": 1, "CLASE_TIPO": 1, "BILINGUE": 5, "FECHA": "2025-04-30", "DANE12_EST": "111001001121", "DANE12_SED": "111001013536", "DA_HIPOACU": 0, "DA_SORDERA": 0, "DA_LENGUAS": 0, "DA_UCASTEL": 0, "DISCAP_FIS": 0, "DISCAP_FLE": 0, "DISCAP_PCE": 0, "DI_DCOGNIT": 0, "DI_SDOWN": 0, "DIS_MULTIP": 0, "DIS_PSICOS": 0, "DV_BAJAVIS": 0, "DIS_CEGUER": 0, "T_ESPECTRO": 0, "T_VOZ_Y_HA": 0, "SISTEMICA": 0, "SORDOCEGUE": 0, "OTRA": 0, "TOT_EST_MA": 0, "AFRODESCEN": 1, "INDIGENAS": 0, "NEGRITUDES": 0, "PALENQUERO": 0, "RAIZALES": 0, "ROM": 0, "TOT_EST_ET": 1, "CAPACID_EX": 1, "DOBLE_EXCE": 0, "TE_ACTFISI": 0, "TE_ARTES": 0, "TE_CNATUR": 1, "TE_CSOCIAL": 0, "TE_LDSOCIA": 0, "TE_TECNOLO": 0, "TOT_EST_CA": 2, "TMATRIC_GE": 94, "Zona": 1 }, "geometry": { "type": "Point", "coordinates": [ -8248774.267799999564886, 521088.625999998301268 ] } },
{ "type": "Feature", "properties": { "NOMBRE_EST": "COLEGIO MARCO TULIO FERNANDEZ (IED)", "NOMBRE_SED": "SAN IGNACIO", "ORDEN_DE_S": "D", "DIRECCION": "TV 76 B # 51 A - 57", "DISCAPACID": null, "TALENTOS_O": "-TALENTO EXCEPCIONAL EN CIENCIAS SOCIALES O HUMANAS-", "GRUPOS_ETN": null, "SECTOR": 2, "NATU_JUR": 9, "CALENDARIO": 1, "GENERO": 5, "COD_LOCA": "10", "ESPECIALID": 1, "CLASE_TIPO": 1, "BILINGUE": 5, "FECHA": "2025-04-30", "DANE12_EST": "111001001121", "DANE12_SED": "111001013480", "DA_HIPOACU": 0, "DA_SORDERA": 0, "DA_LENGUAS": 0, "DA_UCASTEL": 0, "DISCAP_FIS": 0, "DISCAP_FLE": 0, "DISCAP_PCE": 0, "DI_DCOGNIT": 0, "DI_SDOWN": 0, "DIS_MULTIP": 1, "DIS_PSICOS": 0, "DV_BAJAVIS": 0, "DIS_CEGUER": 0, "T_ESPECTRO": 0, "T_VOZ_Y_HA": 0, "SISTEMICA": 0, "SORDOCEGUE": 0, "OTRA": 0, "TOT_EST_MA": 1, "AFRODESCEN": 2, "INDIGENAS": 0, "NEGRITUDES": 0, "PALENQUERO": 0, "RAIZALES": 0, "ROM": 0, "TOT_EST_ET": 2, "CAPACID_EX": 0, "DOBLE_EXCE": 0, "TE_ACTFISI": 1, "TE_ARTES": 1, "TE_CNATUR": 0, "TE_CSOCIAL": 0, "TE_LDSOCIA": 0, "TE_TECNOLO": 1, "TOT_EST_CA": 3, "TMATRIC_GE": 140, "Zona": 1 }, "geometry": { "type": "Point", "coordinates": [ -8250080.045399999246001, 520895.400499999523163 ] } },
{ "type": "Feature", "properties": { "NOMBRE_EST": "COLEGIO NUEVA CONSTITUCION (IED)", "NOMBRE_SED": "NUEVA CONSTITUCION", "ORDEN_DE_S": "A", "DIRECCION": "KR 107 B # 74 B - 31", "DISCAPACID": "AUDITIVA-FISICA-INTELECTUAL-MENTAL/PSICOSOCIAL-MULTIPLE-VISUAL", "TALENTOS_O": "CAPACIDADES EXCEPCIONALES-TALENTO EXCEPCIONAL EN ACTIVIDAD FISICA, EJERCICIO Y DEPORTE-TALENTO EXCEPCIONAL EN ARTES Y LETRAS-TALENTO EXCEPCIONAL EN LIDERAZGO SOCIAL Y EMPRENDIMIENTO-TALENTO EXCEPCIONAL EN TECNOLOGIA", "GRUPOS_ETN": "AFRODESCENDIENTES-INDIGENAS-NEGRITUDES", "SECTOR": 2, "NATU_JUR": 9, "CALENDARIO": 1, "GENERO": 5, "COD_LOCA": "10", "ESPECIALID": 1, "CLASE_TIPO": 1, "BILINGUE": 5, "FECHA": "2025-04-30", "DANE12_EST": "111001001538", "DANE12_SED": "111001001538", "DA_HIPOACU": 3, "DA_SORDERA": 0, "DA_LENGUAS": 0, "DA_UCASTEL": 0, "DISCAP_FIS": 7, "DISCAP_FLE": 0, "DISCAP_PCE": 0, "DI_DCOGNIT": 21, "DI_SDOWN": 0, "DIS_MULTIP": 10, "DIS_PSICOS": 9, "DV_BAJAVIS": 3, "DIS_CEGUER": 0, "T_ESPECTRO": 0, "T_VOZ_Y_HA": 0, "SISTEMICA": 0, "SORDOCEGUE": 0, "OTRA": 0, "TOT_EST_MA": 53, "AFRODESCEN": 5, "INDIGENAS": 12, "NEGRITUDES": 1, "PALENQUERO": 0, "RAIZALES": 0, "ROM": 0, "TOT_EST_ET": 18, "CAPACID_EX": 1, "DOBLE_EXCE": 0, "TE_ACTFISI": 23, "TE_ARTES": 6, "TE_CNATUR": 3, "TE_CSOCIAL": 2, "TE_LDSOCIA": 1, "TE_TECNOLO": 2, "TOT_EST_CA": 38, "TMATRIC_GE": 1947, "Zona": 1 }, "geometry": { "type": "Point", "coordinates": [ -8251204.372300000861287, 525005.735199999064207 ] } },
{ "type": "Feature", "properties": { "NOMBRE_EST": "COLEGIO ANTONIO NARIÑO (IED)", "NOMBRE_SED": "ANTONIO NARIÑO", "ORDEN_DE_S": "A", "DIRECCION": "KR 77 A # 67 - 17", "DISCAPACID": "AUDITIVA-FISICA-INTELECTUAL-MENTAL/PSICOSOCIAL-MULTIPLE-SORDOCEGUERA-VISUAL", "TALENTOS_O": "CAPACIDADES EXCEPCIONALES-TALENTO EXCEPCIONAL EN ACTIVIDAD FISICA, EJERCICIO Y DEPORTE-TALENTO EXCEPCIONAL EN ARTES Y LETRAS-TALENTO EXCEPCIONAL EN CIENCIAS SOCIALES O HUMANAS-TALENTO EXCEPCIONAL EN TECNOLOGIA", "GRUPOS_ETN": "AFRODESCENDIENTES-INDIGENAS-NEGRITUDES-RAIZALES", "SECTOR": 2, "NATU_JUR": 9, "CALENDARIO": 1, "GENERO": 5, "COD_LOCA": "10", "ESPECIALID": 1, "CLASE_TIPO": 1, "BILINGUE": 5, "FECHA": "2025-04-30", "DANE12_EST": "111001006483", "DANE12_SED": "111001006483", "DA_HIPOACU": 2, "DA_SORDERA": 0, "DA_LENGUAS": 0, "DA_UCASTEL": 0, "DISCAP_FIS": 0, "DISCAP_FLE": 0, "DISCAP_PCE": 0, "DI_DCOGNIT": 23, "DI_SDOWN": 0, "DIS_MULTIP": 5, "DIS_PSICOS": 0, "DV_BAJAVIS": 2, "DIS_CEGUER": 0, "T_ESPECTRO": 0, "T_VOZ_Y_HA": 0, "SISTEMICA": 0, "SORDOCEGUE": 0, "OTRA": 0, "TOT_EST_MA": 32, "AFRODESCEN": 13, "INDIGENAS": 7, "NEGRITUDES": 1, "PALENQUERO": 0, "RAIZALES": 1, "ROM": 0, "TOT_EST_ET": 22, "CAPACID_EX": 0, "DOBLE_EXCE": 0, "TE_ACTFISI": 9, "TE_ARTES": 3, "TE_CNATUR": 0, "TE_CSOCIAL": 0, "TE_LDSOCIA": 0, "TE_TECNOLO": 2, "TOT_EST_CA": 14, "TMATRIC_GE": 2151, "Zona": 1 }, "geometry": { "type": "Point", "coordinates": [ -8249221.772099999710917, 522199.961500000208616 ] } },
{ "type": "Feature", "properties": { "NOMBRE_EST": "COLEGIO ANTONIO NARIÑO (IED)", "NOMBRE_SED": "LA CONSOLACION", "ORDEN_DE_S": "B", "DIRECCION": "CL 67 # 73 A - 15", "DISCAPACID": "INTELECTUAL-MULTIPLE", "TALENTOS_O": "TALENTO EXCEPCIONAL EN CIENCIAS SOCIALES O HUMANAS", "GRUPOS_ETN": null, "SECTOR": 2, "NATU_JUR": 9, "CALENDARIO": 1, "GENERO": 5, "COD_LOCA": "10", "ESPECIALID": 13, "CLASE_TIPO": 1, "BILINGUE": 5, "FECHA": "2025-04-30", "DANE12_EST": "111001006483", "DANE12_SED": "111001013528", "DA_HIPOACU": 0, "DA_SORDERA": 0, "DA_LENGUAS": 0, "DA_UCASTEL": 0, "DISCAP_FIS": 0, "DISCAP_FLE": 0, "DISCAP_PCE": 0, "DI_DCOGNIT": 0, "DI_SDOWN": 0, "DIS_MULTIP": 0, "DIS_PSICOS": 0, "DV_BAJAVIS": 0, "DIS_CEGUER": 0, "T_ESPECTRO": 0, "T_VOZ_Y_HA": 0, "SISTEMICA": 0, "SORDOCEGUE": 0, "OTRA": 0, "TOT_EST_MA": 0, "AFRODESCEN": 0, "INDIGENAS": 0, "NEGRITUDES": 0, "PALENQUERO": 0, "RAIZALES": 0, "ROM": 0, "TOT_EST_ET": 0, "CAPACID_EX": 0, "DOBLE_EXCE": 0, "TE_ACTFISI": 0, "TE_ARTES": 0, "TE_CNATUR": 0, "TE_CSOCIAL": 0, "TE_LDSOCIA": 0, "TE_TECNOLO": 0, "TOT_EST_CA": 0, "TMATRIC_GE": 58, "Zona": 1 }, "geometry": { "type": "Point", "coordinates": [ -8248852.191400000825524, 521890.573100000619888 ] } },
{ "type": "Feature", "properties": { "NOMBRE_EST": "COLEGIO ROBERT F. KENNEDY (IED)", "NOMBRE_SED": "ROBERT F. KENNEDY", "ORDEN_DE_S": "A", "DIRECCION": "AV BOYACA # 64 H - 39", "DISCAPACID": "AUDITIVA-INTELECTUAL-MENTAL/PSICOSOCIAL-MULTIPLE", "TALENTOS_O": "CAPACIDADES EXCEPCIONALES-TALENTO EXCEPCIONAL EN ACTIVIDAD FISICA, EJERCICIO Y DEPORTE", "GRUPOS_ETN": "AFRODESCENDIENTES-INDIGENAS-NEGRITUDES", "SECTOR": 2, "NATU_JUR": 9, "CALENDARIO": 1, "GENERO": 5, "COD_LOCA": "10", "ESPECIALID": 1, "CLASE_TIPO": 1, "BILINGUE": 5, "FECHA": "2025-04-30", "DANE12_EST": "111001009521", "DANE12_SED": "111001009521", "DA_HIPOACU": 3, "DA_SORDERA": 0, "DA_LENGUAS": 0, "DA_UCASTEL": 0, "DISCAP_FIS": 2, "DISCAP_FLE": 0, "DISCAP_PCE": 0, "DI_DCOGNIT": 9, "DI_SDOWN": 0, "DIS_MULTIP": 6, "DIS_PSICOS": 3, "DV_BAJAVIS": 0, "DIS_CEGUER": 0, "T_ESPECTRO": 0, "T_VOZ_Y_HA": 0, "SISTEMICA": 0, "SORDOCEGUE": 0, "OTRA": 0, "TOT_EST_MA": 23, "AFRODESCEN": 4, "INDIGENAS": 7, "NEGRITUDES": 0, "PALENQUERO": 0, "RAIZALES": 0, "ROM": 0, "TOT_EST_ET": 11, "CAPACID_EX": 0, "DOBLE_EXCE": 0, "TE_ACTFISI": 3, "TE_ARTES": 2, "TE_CNATUR": 0, "TE_CSOCIAL": 0, "TE_LDSOCIA": 0, "TE_TECNOLO": 3, "TOT_EST_CA": 8, "TMATRIC_GE": 1120, "Zona": 1 }, "geometry": { "type": "Point", "coordinates": [ -8248920.096300000324845, 521444.921799998730421 ] } },
{ "type": "Feature", "properties": { "NOMBRE_EST": "COLEGIO ROBERT F. KENNEDY (IED)", "NOMBRE_SED": "EL REAL", "ORDEN_DE_S": "B", "DIRECCION": "CL 65 A # 76 - 47", "DISCAPACID": "AUDITIVA-INTELECTUAL-MULTIPLE", "TALENTOS_O": "TALENTO EXCEPCIONAL EN ACTIVIDAD FISICA, EJERCICIO Y DEPORTE-TALENTO EXCEPCIONAL EN CIENCIAS SOCIALES O HUMANAS", "GRUPOS_ETN": "INDIGENAS", "SECTOR": 2, "NATU_JUR": 9, "CALENDARIO": 1, "GENERO": 5, "COD_LOCA": "10", "ESPECIALID": 13, "CLASE_TIPO": 1, "BILINGUE": 5, "FECHA": "2025-04-30", "DANE12_EST": "111001009521", "DANE12_SED": "111001013510", "DA_HIPOACU": 1, "DA_SORDERA": 0, "DA_LENGUAS": 0, "DA_UCASTEL": 0, "DISCAP_FIS": 0, "DISCAP_FLE": 0, "DISCAP_PCE": 0, "DI_DCOGNIT": 1, "DI_SDOWN": 0, "DIS_MULTIP": 3, "DIS_PSICOS": 0, "DV_BAJAVIS": 1, "DIS_CEGUER": 0, "T_ESPECTRO": 0, "T_VOZ_Y_HA": 0, "SISTEMICA": 0, "SORDOCEGUE": 0, "OTRA": 0, "TOT_EST_MA": 6, "AFRODESCEN": 1, "INDIGENAS": 1, "NEGRITUDES": 0, "PALENQUERO": 0, "RAIZALES": 0, "ROM": 0, "TOT_EST_ET": 2, "CAPACID_EX": 1, "DOBLE_EXCE": 0, "TE_ACTFISI": 3, "TE_ARTES": 0, "TE_CNATUR": 0, "TE_CSOCIAL": 1, "TE_LDSOCIA": 1, "TE_TECNOLO": 0, "TOT_EST_CA": 6, "TMATRIC_GE": 284, "Zona": 1 }, "geometry": { "type": "Point", "coordinates": [ -8249251.828400000929832, 521902.859200000762939 ] } },
{ "type": "Feature", "properties": { "NOMBRE_EST": "COLEGIO INSTITUTO TECNICO JUAN DEL CORRAL (IED)", "NOMBRE_SED": "JUAN DEL CORRAL", "ORDEN_DE_S": "A", "DIRECCION": "KR 69 B # 79 A - 42", "DISCAPACID": "INTELECTUAL-MENTAL/PSICOSOCIAL-MULTIPLE", "TALENTOS_O": "TALENTO EXCEPCIONAL EN ACTIVIDAD FISICA, EJERCICIO Y DEPORTE-TALENTO EXCEPCIONAL EN ARTES Y LETRAS", "GRUPOS_ETN": "AFRODESCENDIENTES-INDIGENAS-NEGRITUDES", "SECTOR": 2, "NATU_JUR": 9, "CALENDARIO": 1, "GENERO": 5, "COD_LOCA": "10", "ESPECIALID": 3, "CLASE_TIPO": 1, "BILINGUE": 5, "FECHA": "2025-04-30", "DANE12_EST": "111001009580", "DANE12_SED": "111001009580", "DA_HIPOACU": 2, "DA_SORDERA": 0, "DA_LENGUAS": 0, "DA_UCASTEL": 0, "DISCAP_FIS": 0, "DISCAP_FLE": 0, "DISCAP_PCE": 0, "DI_DCOGNIT": 0, "DI_SDOWN": 0, "DIS_MULTIP": 4, "DIS_PSICOS": 0, "DV_BAJAVIS": 0, "DIS_CEGUER": 0, "T_ESPECTRO": 0, "T_VOZ_Y_HA": 0, "SISTEMICA": 0, "SORDOCEGUE": 0, "OTRA": 0, "TOT_EST_MA": 6, "AFRODESCEN": 1, "INDIGENAS": 5, "NEGRITUDES": 4, "PALENQUERO": 0, "RAIZALES": 0, "ROM": 0, "TOT_EST_ET": 10, "CAPACID_EX": 0, "DOBLE_EXCE": 0, "TE_ACTFISI": 4, "TE_ARTES": 1, "TE_CNATUR": 0, "TE_CSOCIAL": 1, "TE_LDSOCIA": 0, "TE_TECNOLO": 1, "TOT_EST_CA": 7, "TMATRIC_GE": 677, "Zona": 1 }, "geometry": { "type": "Point", "coordinates": [ -8246827.289899999275804, 522363.03319999948144 ] } },
{ "type": "Feature", "properties": { "NOMBRE_EST": "COLEGIO INSTITUTO TECNICO JUAN DEL CORRAL (IED)", "NOMBRE_SED": "SANTA FE DE BOGOTA", "ORDEN_DE_S": "B", "DIRECCION": "KR 68 G # 78 - 20/50", "DISCAPACID": "AUDITIVA-INTELECTUAL-MULTIPLE", "TALENTOS_O": "TALENTO EXCEPCIONAL EN ACTIVIDAD FISICA, EJERCICIO Y DEPORTE-TALENTO EXCEPCIONAL EN ARTES Y LETRAS-TALENTO EXCEPCIONAL EN TECNOLOGIA", "GRUPOS_ETN": "AFRODESCENDIENTES-INDIGENAS-NEGRITUDES", "SECTOR": 2, "NATU_JUR": 9, "CALENDARIO": 1, "GENERO": 5, "COD_LOCA": "10", "ESPECIALID": 13, "CLASE_TIPO": 1, "BILINGUE": 5, "FECHA": "2025-04-30", "DANE12_EST": "111001009580", "DANE12_SED": "111001015199", "DA_HIPOACU": 2, "DA_SORDERA": 0, "DA_LENGUAS": 0, "DA_UCASTEL": 0, "DISCAP_FIS": 0, "DISCAP_FLE": 0, "DISCAP_PCE": 0, "DI_DCOGNIT": 3, "DI_SDOWN": 0, "DIS_MULTIP": 3, "DIS_PSICOS": 0, "DV_BAJAVIS": 0, "DIS_CEGUER": 0, "T_ESPECTRO": 0, "T_VOZ_Y_HA": 0, "SISTEMICA": 0, "SORDOCEGUE": 0, "OTRA": 0, "TOT_EST_MA": 8, "AFRODESCEN": 0, "INDIGENAS": 7, "NEGRITUDES": 0, "PALENQUERO": 0, "RAIZALES": 0, "ROM": 0, "TOT_EST_ET": 7, "CAPACID_EX": 0, "DOBLE_EXCE": 0, "TE_ACTFISI": 4, "TE_ARTES": 2, "TE_CNATUR": 0, "TE_CSOCIAL": 0, "TE_LDSOCIA": 0, "TE_TECNOLO": 4, "TOT_EST_CA": 10, "TMATRIC_GE": 463, "Zona": 1 }, "geometry": { "type": "Point", "coordinates": [ -8246778.309299999848008, 522044.708700001239777 ] } },
{ "type": "Feature", "properties": { "NOMBRE_EST": "COLEGIO REPUBLICA DE COLOMBIA (IED)", "NOMBRE_SED": "REPUBLICA DE COLOMBIA", "ORDEN_DE_S": "A", "DIRECCION": "CL 68 # 69 - 10", "DISCAPACID": "FISICA-INTELECTUAL-MENTAL/PSICOSOCIAL-MULTIPLE", "TALENTOS_O": "CAPACIDADES EXCEPCIONALES-TALENTO EXCEPCIONAL EN CIENCIAS SOCIALES O HUMANAS-TALENTO EXCEPCIONAL EN TECNOLOGIA", "GRUPOS_ETN": "AFRODESCENDIENTES-INDIGENAS-NEGRITUDES", "SECTOR": 2, "NATU_JUR": 9, "CALENDARIO": 1, "GENERO": 5, "COD_LOCA": "10", "ESPECIALID": 1, "CLASE_TIPO": 1, "BILINGUE": 5, "FECHA": "2025-04-30", "DANE12_EST": "111001009971", "DANE12_SED": "111001009971", "DA_HIPOACU": 0, "DA_SORDERA": 0, "DA_LENGUAS": 0, "DA_UCASTEL": 0, "DISCAP_FIS": 2, "DISCAP_FLE": 0, "DISCAP_PCE": 0, "DI_DCOGNIT": 29, "DI_SDOWN": 0, "DIS_MULTIP": 10, "DIS_PSICOS": 16, "DV_BAJAVIS": 0, "DIS_CEGUER": 0, "T_ESPECTRO": 0, "T_VOZ_Y_HA": 0, "SISTEMICA": 0, "SORDOCEGUE": 0, "OTRA": 0, "TOT_EST_MA": 57, "AFRODESCEN": 8, "INDIGENAS": 23, "NEGRITUDES": 5, "PALENQUERO": 0, "RAIZALES": 0, "ROM": 0, "TOT_EST_ET": 36, "CAPACID_EX": 1, "DOBLE_EXCE": 0, "TE_ACTFISI": 2, "TE_ARTES": 1, "TE_CNATUR": 0, "TE_CSOCIAL": 0, "TE_LDSOCIA": 1, "TE_TECNOLO": 3, "TOT_EST_CA": 8, "TMATRIC_GE": 1332, "Zona": 1 }, "geometry": { "type": "Point", "coordinates": [ -8247838.070900000631809, 521261.747600000351667 ] } },
{ "type": "Feature", "properties": { "NOMBRE_EST": "COLEGIO REPUBLICA DE COLOMBIA (IED)", "NOMBRE_SED": "REPUBLICA DE CHILE", "ORDEN_DE_S": "B", "DIRECCION": "KR 69 C # 69 - 20", "DISCAPACID": "AUDITIVA-FISICA-INTELECTUAL-MULTIPLE-VISUAL", "TALENTOS_O": "TALENTO EXCEPCIONAL EN ACTIVIDAD FISICA, EJERCICIO Y DEPORTE-TALENTO EXCEPCIONAL EN TECNOLOGIA", "GRUPOS_ETN": "AFRODESCENDIENTES-INDIGENAS", "SECTOR": 2, "NATU_JUR": 9, "CALENDARIO": 1, "GENERO": 5, "COD_LOCA": "10", "ESPECIALID": 13, "CLASE_TIPO": 1, "BILINGUE": 5, "FECHA": "2025-04-30", "DANE12_EST": "111001009971", "DANE12_SED": "111001015385", "DA_HIPOACU": 1, "DA_SORDERA": 0, "DA_LENGUAS": 0, "DA_UCASTEL": 0, "DISCAP_FIS": 0, "DISCAP_FLE": 0, "DISCAP_PCE": 0, "DI_DCOGNIT": 4, "DI_SDOWN": 0, "DIS_MULTIP": 3, "DIS_PSICOS": 0, "DV_BAJAVIS": 0, "DIS_CEGUER": 0, "T_ESPECTRO": 0, "T_VOZ_Y_HA": 0, "SISTEMICA": 0, "SORDOCEGUE": 0, "OTRA": 0, "TOT_EST_MA": 8, "AFRODESCEN": 1, "INDIGENAS": 26, "NEGRITUDES": 0, "PALENQUERO": 0, "RAIZALES": 0, "ROM": 0, "TOT_EST_ET": 27, "CAPACID_EX": 0, "DOBLE_EXCE": 0, "TE_ACTFISI": 0, "TE_ARTES": 0, "TE_CNATUR": 0, "TE_CSOCIAL": 0, "TE_LDSOCIA": 0, "TE_TECNOLO": 1, "TOT_EST_CA": 1, "TMATRIC_GE": 296, "Zona": 1 }, "geometry": { "type": "Point", "coordinates": [ -8247825.8257, 521431.518800001591444 ] } },
{ "type": "Feature", "properties": { "NOMBRE_EST": "COLEGIO REPUBLICA DE COLOMBIA (IED)", "NOMBRE_SED": "NUEVA ESTRADA", "ORDEN_DE_S": "C", "DIRECCION": "KR 69 # 71 - 16", "DISCAPACID": "FISICA-INTELECTUAL-MENTAL/PSICOSOCIAL-MULTIPLE", "TALENTOS_O": "TALENTO EXCEPCIONAL EN ACTIVIDAD FISICA, EJERCICIO Y DEPORTE", "GRUPOS_ETN": "AFRODESCENDIENTES-INDIGENAS-NEGRITUDES", "SECTOR": 2, "NATU_JUR": 9, "CALENDARIO": 1, "GENERO": 5, "COD_LOCA": "10", "ESPECIALID": 13, "CLASE_TIPO": 1, "BILINGUE": 5, "FECHA": "2025-04-30", "DANE12_EST": "111001009971", "DANE12_SED": "111001015415", "DA_HIPOACU": 0, "DA_SORDERA": 0, "DA_LENGUAS": 0, "DA_UCASTEL": 0, "DISCAP_FIS": 2, "DISCAP_FLE": 0, "DISCAP_PCE": 0, "DI_DCOGNIT": 6, "DI_SDOWN": 0, "DIS_MULTIP": 4, "DIS_PSICOS": 0, "DV_BAJAVIS": 0, "DIS_CEGUER": 0, "T_ESPECTRO": 0, "T_VOZ_Y_HA": 0, "SISTEMICA": 0, "SORDOCEGUE": 0, "OTRA": 0, "TOT_EST_MA": 12, "AFRODESCEN": 3, "INDIGENAS": 30, "NEGRITUDES": 2, "PALENQUERO": 0, "RAIZALES": 0, "ROM": 0, "TOT_EST_ET": 35, "CAPACID_EX": 0, "DOBLE_EXCE": 0, "TE_ACTFISI": 2, "TE_ARTES": 0, "TE_CNATUR": 0, "TE_CSOCIAL": 0, "TE_LDSOCIA": 0, "TE_TECNOLO": 1, "TOT_EST_CA": 3, "TMATRIC_GE": 372, "Zona": 1 }, "geometry": { "type": "Point", "coordinates": [ -8247556.432600000873208, 521604.641100000590086 ] } },
{ "type": "Feature", "properties": { "NOMBRE_EST": "COLEGIO INSTITUTO TECNICO INDUSTRIAL FRANCISCO JOSE DE CALDAS (IED)", "NOMBRE_SED": "FRANCISCO JOSE DE CALDAS", "ORDEN_DE_S": "A", "DIRECCION": "KR 68 F # 63 B - 02", "DISCAPACID": "FISICA-INTELECTUAL-MENTAL/PSICOSOCIAL-MULTIPLE", "TALENTOS_O": "CAPACIDADES EXCEPCIONALES-TALENTO EXCEPCIONAL EN ACTIVIDAD FISICA, EJERCICIO Y DEPORTE-TALENTO EXCEPCIONAL EN ARTES Y LETRAS-TALENTO EXCEPCIONAL EN CIENCIAS NATURALES O BASICAS-TALENTO EXCEPCIONAL EN TECNOLOGIA", "GRUPOS_ETN": "AFRODESCENDIENTES-INDIGENAS-NEGRITUDES", "SECTOR": 2, "NATU_JUR": 9, "CALENDARIO": 1, "GENERO": 5, "COD_LOCA": "10", "ESPECIALID": 10, "CLASE_TIPO": 1, "BILINGUE": 5, "FECHA": "2025-04-30", "DANE12_EST": "111001010740", "DANE12_SED": "111001010740", "DA_HIPOACU": 0, "DA_SORDERA": 0, "DA_LENGUAS": 0, "DA_UCASTEL": 0, "DISCAP_FIS": 6, "DISCAP_FLE": 0, "DISCAP_PCE": 0, "DI_DCOGNIT": 12, "DI_SDOWN": 0, "DIS_MULTIP": 3, "DIS_PSICOS": 5, "DV_BAJAVIS": 0, "DIS_CEGUER": 0, "T_ESPECTRO": 0, "T_VOZ_Y_HA": 0, "SISTEMICA": 0, "SORDOCEGUE": 0, "OTRA": 0, "TOT_EST_MA": 27, "AFRODESCEN": 2, "INDIGENAS": 8, "NEGRITUDES": 2, "PALENQUERO": 0, "RAIZALES": 0, "ROM": 0, "TOT_EST_ET": 12, "CAPACID_EX": 1, "DOBLE_EXCE": 0, "TE_ACTFISI": 22, "TE_ARTES": 9, "TE_CNATUR": 2, "TE_CSOCIAL": 0, "TE_LDSOCIA": 0, "TE_TECNOLO": 8, "TOT_EST_CA": 42, "TMATRIC_GE": 2176, "Zona": 1 }, "geometry": { "type": "Point", "coordinates": [ -8248262.198100000619888, 520315.726700000464916 ] } },
{ "type": "Feature", "properties": { "NOMBRE_EST": "COLEGIO INSTITUTO TECNICO INDUSTRIAL FRANCISCO JOSE DE CALDAS (IED)", "NOMBRE_SED": "CIUDAD DE HONDA", "ORDEN_DE_S": "B", "DIRECCION": "CL 64 F BIS # 68 G - 16", "DISCAPACID": "FISICA-INTELECTUAL-MULTIPLE", "TALENTOS_O": "TALENTO EXCEPCIONAL EN ACTIVIDAD FISICA, EJERCICIO Y DEPORTE-TALENTO EXCEPCIONAL EN ARTES Y LETRAS-TALENTO EXCEPCIONAL EN TECNOLOGIA", "GRUPOS_ETN": "AFRODESCENDIENTES-INDIGENAS-NEGRITUDES", "SECTOR": 2, "NATU_JUR": 9, "CALENDARIO": 1, "GENERO": 5, "COD_LOCA": "10", "ESPECIALID": 13, "CLASE_TIPO": 1, "BILINGUE": 5, "FECHA": "2025-04-30", "DANE12_EST": "111001010740", "DANE12_SED": "111001015351", "DA_HIPOACU": 2, "DA_SORDERA": 0, "DA_LENGUAS": 0, "DA_UCASTEL": 0, "DISCAP_FIS": 0, "DISCAP_FLE": 0, "DISCAP_PCE": 0, "DI_DCOGNIT": 8, "DI_SDOWN": 0, "DIS_MULTIP": 8, "DIS_PSICOS": 0, "DV_BAJAVIS": 0, "DIS_CEGUER": 0, "T_ESPECTRO": 0, "T_VOZ_Y_HA": 0, "SISTEMICA": 0, "SORDOCEGUE": 0, "OTRA": 0, "TOT_EST_MA": 18, "AFRODESCEN": 1, "INDIGENAS": 4, "NEGRITUDES": 0, "PALENQUERO": 0, "RAIZALES": 0, "ROM": 0, "TOT_EST_ET": 5, "CAPACID_EX": 1, "DOBLE_EXCE": 0, "TE_ACTFISI": 9, "TE_ARTES": 2, "TE_CNATUR": 2, "TE_CSOCIAL": 0, "TE_LDSOCIA": 1, "TE_TECNOLO": 1, "TOT_EST_CA": 16, "TMATRIC_GE": 863, "Zona": 1 }, "geometry": { "type": "Point", "coordinates": [ -8248061.823000000789762, 520765.839099999517202 ] } },
{ "type": "Feature", "properties": { "NOMBRE_EST": "COLEGIO INSTITUTO TECNICO INDUSTRIAL FRANCISCO JOSE DE CALDAS (IED)", "NOMBRE_SED": "CLEMENCIA DE CAYCEDO", "ORDEN_DE_S": "C", "DIRECCION": "CL 68 A # 68 D - 51  --  KR 60 # 67 - 84", "DISCAPACID": "AUDITIVA-INTELECTUAL-MULTIPLE-VISUAL", "TALENTOS_O": "TALENTO EXCEPCIONAL EN ACTIVIDAD FISICA, EJERCICIO Y DEPORTE-TALENTO EXCEPCIONAL EN TECNOLOGIA", "GRUPOS_ETN": "AFRODESCENDIENTES", "SECTOR": 2, "NATU_JUR": 9, "CALENDARIO": 1, "GENERO": 5, "COD_LOCA": "10", "ESPECIALID": 13, "CLASE_TIPO": 1, "BILINGUE": 5, "FECHA": "2025-04-30", "DANE12_EST": "111001010740", "DANE12_SED": "111001015431", "DA_HIPOACU": 0, "DA_SORDERA": 0, "DA_LENGUAS": 0, "DA_UCASTEL": 0, "DISCAP_FIS": 0, "DISCAP_FLE": 0, "DISCAP_PCE": 0, "DI_DCOGNIT": 2, "DI_SDOWN": 0, "DIS_MULTIP": 4, "DIS_PSICOS": 0, "DV_BAJAVIS": 0, "DIS_CEGUER": 0, "T_ESPECTRO": 0, "T_VOZ_Y_HA": 0, "SISTEMICA": 0, "SORDOCEGUE": 0, "OTRA": 0, "TOT_EST_MA": 6, "AFRODESCEN": 2, "INDIGENAS": 3, "NEGRITUDES": 0, "PALENQUERO": 0, "RAIZALES": 0, "ROM": 0, "TOT_EST_ET": 5, "CAPACID_EX": 0, "DOBLE_EXCE": 0, "TE_ACTFISI": 12, "TE_ARTES": 7, "TE_CNATUR": 0, "TE_CSOCIAL": 0, "TE_LDSOCIA": 3, "TE_TECNOLO": 1, "TOT_EST_CA": 23, "TMATRIC_GE": 449, "Zona": 1 }, "geometry": { "type": "Point", "coordinates": [ -8247655.506899999454618, 521179.096000000834465 ] } },
{ "type": "Feature", "properties": { "NOMBRE_EST": "COLEGIO INSTITUTO TECNICO INDUSTRIAL FRANCISCO JOSE DE CALDAS (IED)", "NOMBRE_SED": "DAMASO ZAPATA", "ORDEN_DE_S": "D", "DIRECCION": "CL 68 A # 68 D - 51", "DISCAPACID": "AUDITIVA-MULTIPLE", "TALENTOS_O": "TALENTO EXCEPCIONAL EN ACTIVIDAD FISICA, EJERCICIO Y DEPORTE-TALENTO EXCEPCIONAL EN ARTES Y LETRAS-TALENTO EXCEPCIONAL EN CIENCIAS NATURALES O BASICAS-TALENTO EXCEPCIONAL EN LIDERAZGO SOCIAL Y EMPRENDIMIENTO-TALENTO EXCEPCIONAL EN TECNOLOGIA", "GRUPOS_ETN": "INDIGENAS", "SECTOR": 2, "NATU_JUR": 9, "CALENDARIO": 1, "GENERO": 5, "COD_LOCA": "10", "ESPECIALID": 13, "CLASE_TIPO": 1, "BILINGUE": 5, "FECHA": "2025-04-30", "DANE12_EST": "111001010740", "DANE12_SED": "111001015393", "DA_HIPOACU": 0, "DA_SORDERA": 0, "DA_LENGUAS": 0, "DA_UCASTEL": 0, "DISCAP_FIS": 1, "DISCAP_FLE": 0, "DISCAP_PCE": 0, "DI_DCOGNIT": 3, "DI_SDOWN": 0, "DIS_MULTIP": 3, "DIS_PSICOS": 0, "DV_BAJAVIS": 0, "DIS_CEGUER": 0, "T_ESPECTRO": 0, "T_VOZ_Y_HA": 0, "SISTEMICA": 0, "SORDOCEGUE": 0, "OTRA": 0, "TOT_EST_MA": 7, "AFRODESCEN": 1, "INDIGENAS": 0, "NEGRITUDES": 0, "PALENQUERO": 0, "RAIZALES": 0, "ROM": 0, "TOT_EST_ET": 1, "CAPACID_EX": 0, "DOBLE_EXCE": 0, "TE_ACTFISI": 3, "TE_ARTES": 5, "TE_CNATUR": 0, "TE_CSOCIAL": 1, "TE_LDSOCIA": 1, "TE_TECNOLO": 1, "TOT_EST_CA": 11, "TMATRIC_GE": 383, "Zona": 1 }, "geometry": { "type": "Point", "coordinates": [ -8247655.506899999454618, 521179.096000000834465 ] } },
{ "type": "Feature", "properties": { "NOMBRE_EST": "COLEGIO MIGUEL ANTONIO CARO (IED)", "NOMBRE_SED": "MIGUEL ANTONIO CARO", "ORDEN_DE_S": "A", "DIRECCION": "TV 94 # 81 A - 29", "DISCAPACID": "AUDITIVA-FISICA-INTELECTUAL-MENTAL/PSICOSOCIAL-MULTIPLE", "TALENTOS_O": "CAPACIDADES EXCEPCIONALES-TALENTO EXCEPCIONAL EN ACTIVIDAD FISICA, EJERCICIO Y DEPORTE-TALENTO EXCEPCIONAL EN CIENCIAS NATURALES O BASICAS-TALENTO EXCEPCIONAL EN LIDERAZGO SOCIAL Y EMPRENDIMIENTO-TALENTO EXCEPCIONAL EN TECNOLOGIA", "GRUPOS_ETN": "AFRODESCENDIENTES-INDIGENAS-NEGRITUDES", "SECTOR": 2, "NATU_JUR": 9, "CALENDARIO": 1, "GENERO": 5, "COD_LOCA": "10", "ESPECIALID": 1, "CLASE_TIPO": 1, "BILINGUE": 5, "FECHA": "2025-04-30", "DANE12_EST": "111001011070", "DANE12_SED": "111001011070", "DA_HIPOACU": 1, "DA_SORDERA": 0, "DA_LENGUAS": 0, "DA_UCASTEL": 0, "DISCAP_FIS": 3, "DISCAP_FLE": 0, "DISCAP_PCE": 0, "DI_DCOGNIT": 28, "DI_SDOWN": 0, "DIS_MULTIP": 4, "DIS_PSICOS": 4, "DV_BAJAVIS": 0, "DIS_CEGUER": 0, "T_ESPECTRO": 0, "T_VOZ_Y_HA": 0, "SISTEMICA": 0, "SORDOCEGUE": 0, "OTRA": 0, "TOT_EST_MA": 40, "AFRODESCEN": 4, "INDIGENAS": 11, "NEGRITUDES": 4, "PALENQUERO": 0, "RAIZALES": 0, "ROM": 0, "TOT_EST_ET": 19, "CAPACID_EX": 1, "DOBLE_EXCE": 0, "TE_ACTFISI": 16, "TE_ARTES": 3, "TE_CNATUR": 1, "TE_CSOCIAL": 0, "TE_LDSOCIA": 0, "TE_TECNOLO": 3, "TOT_EST_CA": 24, "TMATRIC_GE": 1179, "Zona": 1 }, "geometry": { "type": "Point", "coordinates": [ -8249323.07289999909699, 524716.440900001674891 ] } },
{ "type": "Feature", "properties": { "NOMBRE_EST": "COLEGIO JOSE ASUNCION SILVA (IED)", "NOMBRE_SED": "JOSE ASUNCION SILVA", "ORDEN_DE_S": "A", "DIRECCION": "KR 92 # 89 - 79", "DISCAPACID": "AUDITIVA-INTELECTUAL-MULTIPLE", "TALENTOS_O": "TALENTO EXCEPCIONAL EN ACTIVIDAD FISICA, EJERCICIO Y DEPORTE", "GRUPOS_ETN": "AFRODESCENDIENTES-INDIGENAS-NEGRITUDES", "SECTOR": 2, "NATU_JUR": 9, "CALENDARIO": 1, "GENERO": 5, "COD_LOCA": "10", "ESPECIALID": 1, "CLASE_TIPO": 1, "BILINGUE": 5, "FECHA": "2025-04-30", "DANE12_EST": "111001011771", "DANE12_SED": "111001011771", "DA_HIPOACU": 0, "DA_SORDERA": 0, "DA_LENGUAS": 0, "DA_UCASTEL": 0, "DISCAP_FIS": 1, "DISCAP_FLE": 0, "DISCAP_PCE": 0, "DI_DCOGNIT": 20, "DI_SDOWN": 0, "DIS_MULTIP": 3, "DIS_PSICOS": 0, "DV_BAJAVIS": 0, "DIS_CEGUER": 0, "T_ESPECTRO": 0, "T_VOZ_Y_HA": 0, "SISTEMICA": 0, "SORDOCEGUE": 0, "OTRA": 0, "TOT_EST_MA": 24, "AFRODESCEN": 3, "INDIGENAS": 5, "NEGRITUDES": 1, "PALENQUERO": 0, "RAIZALES": 0, "ROM": 0, "TOT_EST_ET": 9, "CAPACID_EX": 0, "DOBLE_EXCE": 0, "TE_ACTFISI": 1, "TE_ARTES": 1, "TE_CNATUR": 0, "TE_CSOCIAL": 0, "TE_LDSOCIA": 0, "TE_TECNOLO": 0, "TOT_EST_CA": 2, "TMATRIC_GE": 538, "Zona": 1 }, "geometry": { "type": "Point", "coordinates": [ -8248612.854499999433756, 525212.374600000679493 ] } },
{ "type": "Feature", "properties": { "NOMBRE_EST": "COLEGIO JOSE ASUNCION SILVA (IED)", "NOMBRE_SED": "SIDAUTO", "ORDEN_DE_S": "B", "DIRECCION": "CL 91 # 89 A - 42", "DISCAPACID": "FISICA-INTELECTUAL", "TALENTOS_O": "TALENTO EXCEPCIONAL EN TECNOLOGIA", "GRUPOS_ETN": "AFRODESCENDIENTES", "SECTOR": 2, "NATU_JUR": 9, "CALENDARIO": 1, "GENERO": 5, "COD_LOCA": "10", "ESPECIALID": 13, "CLASE_TIPO": 1, "BILINGUE": 5, "FECHA": "2025-04-30", "DANE12_EST": "111001011771", "DANE12_SED": "111001024708", "DA_HIPOACU": 0, "DA_SORDERA": 0, "DA_LENGUAS": 0, "DA_UCASTEL": 0, "DISCAP_FIS": 1, "DISCAP_FLE": 0, "DISCAP_PCE": 0, "DI_DCOGNIT": 4, "DI_SDOWN": 0, "DIS_MULTIP": 0, "DIS_PSICOS": 0, "DV_BAJAVIS": 0, "DIS_CEGUER": 0, "T_ESPECTRO": 0, "T_VOZ_Y_HA": 0, "SISTEMICA": 0, "SORDOCEGUE": 0, "OTRA": 0, "TOT_EST_MA": 5, "AFRODESCEN": 1, "INDIGENAS": 0, "NEGRITUDES": 0, "PALENQUERO": 0, "RAIZALES": 0, "ROM": 0, "TOT_EST_ET": 1, "CAPACID_EX": 0, "DOBLE_EXCE": 0, "TE_ACTFISI": 2, "TE_ARTES": 0, "TE_CNATUR": 0, "TE_CSOCIAL": 0, "TE_LDSOCIA": 0, "TE_TECNOLO": 1, "TOT_EST_CA": 3, "TMATRIC_GE": 209, "Zona": 1 }, "geometry": { "type": "Point", "coordinates": [ -8248324.537000000476837, 525288.328600000590086 ] } },
{ "type": "Feature", "properties": { "NOMBRE_EST": "COLEGIO MORISCO (IED)", "NOMBRE_SED": "MORISCO", "ORDEN_DE_S": "A", "DIRECCION": "DG 83 # 73 A - 12  --  DG 83 # 73 - 12", "DISCAPACID": "FISICA-INTELECTUAL-MENTAL/PSICOSOCIAL-MULTIPLE", "TALENTOS_O": "CAPACIDADES EXCEPCIONALES-TALENTO EXCEPCIONAL EN ACTIVIDAD FISICA, EJERCICIO Y DEPORTE-TALENTO EXCEPCIONAL EN ARTES Y LETRAS-TALENTO EXCEPCIONAL EN TECNOLOGIA", "GRUPOS_ETN": "AFRODESCENDIENTES-INDIGENAS-NEGRITUDES", "SECTOR": 2, "NATU_JUR": 9, "CALENDARIO": 1, "GENERO": 5, "COD_LOCA": "10", "ESPECIALID": 1, "CLASE_TIPO": 1, "BILINGUE": 5, "FECHA": "2025-04-30", "DANE12_EST": "111001012441", "DANE12_SED": "111001012441", "DA_HIPOACU": 2, "DA_SORDERA": 0, "DA_LENGUAS": 0, "DA_UCASTEL": 0, "DISCAP_FIS": 4, "DISCAP_FLE": 0, "DISCAP_PCE": 0, "DI_DCOGNIT": 6, "DI_SDOWN": 0, "DIS_MULTIP": 14, "DIS_PSICOS": 1, "DV_BAJAVIS": 1, "DIS_CEGUER": 0, "T_ESPECTRO": 0, "T_VOZ_Y_HA": 0, "SISTEMICA": 0, "SORDOCEGUE": 0, "OTRA": 0, "TOT_EST_MA": 28, "AFRODESCEN": 3, "INDIGENAS": 4, "NEGRITUDES": 1, "PALENQUERO": 0, "RAIZALES": 0, "ROM": 0, "TOT_EST_ET": 8, "CAPACID_EX": 2, "DOBLE_EXCE": 0, "TE_ACTFISI": 14, "TE_ARTES": 13, "TE_CNATUR": 0, "TE_CSOCIAL": 1, "TE_LDSOCIA": 2, "TE_TECNOLO": 7, "TOT_EST_CA": 39, "TMATRIC_GE": 1000, "Zona": 1 }, "geometry": { "type": "Point", "coordinates": [ -8247721.185399999842048, 524420.445999998599291 ] } },
{ "type": "Feature", "properties": { "NOMBRE_EST": "COLEGIO SAN JOSE NORTE (IED)", "NOMBRE_SED": "SAN JOSE NORTE", "ORDEN_DE_S": "A", "DIRECCION": "KR 84 # 75 A - 09  --  KR 84 A # 75 A - 08", "DISCAPACID": "AUDITIVA-INTELECTUAL-MULTIPLE-VISUAL", "TALENTOS_O": "CAPACIDADES EXCEPCIONALES", "GRUPOS_ETN": null, "SECTOR": 2, "NATU_JUR": 9, "CALENDARIO": 1, "GENERO": 5, "COD_LOCA": "10", "ESPECIALID": 1, "CLASE_TIPO": 1, "BILINGUE": 5, "FECHA": "2025-04-30", "DANE12_EST": "111001012459", "DANE12_SED": "111001012459", "DA_HIPOACU": 1, "DA_SORDERA": 0, "DA_LENGUAS": 0, "DA_UCASTEL": 0, "DISCAP_FIS": 2, "DISCAP_FLE": 0, "DISCAP_PCE": 0, "DI_DCOGNIT": 12, "DI_SDOWN": 0, "DIS_MULTIP": 3, "DIS_PSICOS": 2, "DV_BAJAVIS": 0, "DIS_CEGUER": 0, "T_ESPECTRO": 0, "T_VOZ_Y_HA": 0, "SISTEMICA": 0, "SORDOCEGUE": 0, "OTRA": 0, "TOT_EST_MA": 20, "AFRODESCEN": 0, "INDIGENAS": 4, "NEGRITUDES": 0, "PALENQUERO": 0, "RAIZALES": 0, "ROM": 0, "TOT_EST_ET": 4, "CAPACID_EX": 0, "DOBLE_EXCE": 0, "TE_ACTFISI": 7, "TE_ARTES": 2, "TE_CNATUR": 0, "TE_CSOCIAL": 0, "TE_LDSOCIA": 0, "TE_TECNOLO": 2, "TOT_EST_CA": 11, "TMATRIC_GE": 710, "Zona": 1 }, "geometry": { "type": "Point", "coordinates": [ -8248996.9068, 523708.945799998939037 ] } },
{ "type": "Feature", "properties": { "NOMBRE_EST": "COLEGIO SAN JOSE NORTE (IED)", "NOMBRE_SED": "AGUAS CLARAS", "ORDEN_DE_S": "B", "DIRECCION": "KR 83 # 73 A - 80", "DISCAPACID": "INTELECTUAL-MULTIPLE-VISUAL", "TALENTOS_O": "CAPACIDADES EXCEPCIONALES-TALENTO EXCEPCIONAL EN ACTIVIDAD FISICA, EJERCICIO Y DEPORTE-TALENTO EXCEPCIONAL EN ARTES Y LETRAS", "GRUPOS_ETN": "AFRODESCENDIENTES-INDIGENAS", "SECTOR": 2, "NATU_JUR": 9, "CALENDARIO": 1, "GENERO": 5, "COD_LOCA": "10", "ESPECIALID": 1, "CLASE_TIPO": 1, "BILINGUE": 5, "FECHA": "2025-04-30", "DANE12_EST": "111001012459", "DANE12_SED": "111001033944", "DA_HIPOACU": 0, "DA_SORDERA": 0, "DA_LENGUAS": 0, "DA_UCASTEL": 0, "DISCAP_FIS": 1, "DISCAP_FLE": 0, "DISCAP_PCE": 0, "DI_DCOGNIT": 1, "DI_SDOWN": 0, "DIS_MULTIP": 3, "DIS_PSICOS": 1, "DV_BAJAVIS": 1, "DIS_CEGUER": 0, "T_ESPECTRO": 0, "T_VOZ_Y_HA": 0, "SISTEMICA": 0, "SORDOCEGUE": 0, "OTRA": 0, "TOT_EST_MA": 7, "AFRODESCEN": 1, "INDIGENAS": 3, "NEGRITUDES": 0, "PALENQUERO": 0, "RAIZALES": 0, "ROM": 0, "TOT_EST_ET": 4, "CAPACID_EX": 1, "DOBLE_EXCE": 0, "TE_ACTFISI": 5, "TE_ARTES": 3, "TE_CNATUR": 2, "TE_CSOCIAL": 0, "TE_LDSOCIA": 2, "TE_TECNOLO": 0, "TOT_EST_CA": 13, "TMATRIC_GE": 401, "Zona": 1 }, "geometry": { "type": "Point", "coordinates": [ -8249082.6228, 523335.885600000619888 ] } },
{ "type": "Feature", "properties": { "NOMBRE_EST": "COLEGIO TABORA (IED)", "NOMBRE_SED": "TABORA", "ORDEN_DE_S": "A", "DIRECCION": "KR 77 B # 74 A - 02", "DISCAPACID": "AUDITIVA-FISICA-INTELECTUAL-MENTAL/PSICOSOCIAL-MULTIPLE-VISUAL", "TALENTOS_O": "TALENTO EXCEPCIONAL EN ACTIVIDAD FISICA, EJERCICIO Y DEPORTE", "GRUPOS_ETN": "AFRODESCENDIENTES-INDIGENAS", "SECTOR": 2, "NATU_JUR": 9, "CALENDARIO": 1, "GENERO": 5, "COD_LOCA": "10", "ESPECIALID": 1, "CLASE_TIPO": 1, "BILINGUE": 5, "FECHA": "2025-04-30", "DANE12_EST": "111001012483", "DANE12_SED": "111001012483", "DA_HIPOACU": 3, "DA_SORDERA": 0, "DA_LENGUAS": 0, "DA_UCASTEL": 0, "DISCAP_FIS": 3, "DISCAP_FLE": 0, "DISCAP_PCE": 0, "DI_DCOGNIT": 16, "DI_SDOWN": 0, "DIS_MULTIP": 10, "DIS_PSICOS": 3, "DV_BAJAVIS": 1, "DIS_CEGUER": 0, "T_ESPECTRO": 0, "T_VOZ_Y_HA": 0, "SISTEMICA": 0, "SORDOCEGUE": 0, "OTRA": 0, "TOT_EST_MA": 36, "AFRODESCEN": 7, "INDIGENAS": 2, "NEGRITUDES": 1, "PALENQUERO": 0, "RAIZALES": 0, "ROM": 0, "TOT_EST_ET": 10, "CAPACID_EX": 0, "DOBLE_EXCE": 0, "TE_ACTFISI": 3, "TE_ARTES": 1, "TE_CNATUR": 1, "TE_CSOCIAL": 0, "TE_LDSOCIA": 1, "TE_TECNOLO": 0, "TOT_EST_CA": 6, "TMATRIC_GE": 1201, "Zona": 1 }, "geometry": { "type": "Point", "coordinates": [ -8248550.515599999576807, 523124.783399999141693 ] } },
{ "type": "Feature", "properties": { "NOMBRE_EST": "COLEGIO TABORA (IED)", "NOMBRE_SED": "SANTA MARIA DEL LAGO", "ORDEN_DE_S": "B", "DIRECCION": "CL 74 B # 73 A - 30", "DISCAPACID": "INTELECTUAL", "TALENTOS_O": "TALENTO EXCEPCIONAL EN ACTIVIDAD FISICA, EJERCICIO Y DEPORTE-TALENTO EXCEPCIONAL EN ARTES Y LETRAS-TALENTO EXCEPCIONAL EN CIENCIAS SOCIALES O HUMANAS", "GRUPOS_ETN": "AFRODESCENDIENTES-INDIGENAS", "SECTOR": 2, "NATU_JUR": 9, "CALENDARIO": 1, "GENERO": 5, "COD_LOCA": "10", "ESPECIALID": 13, "CLASE_TIPO": 1, "BILINGUE": 5, "FECHA": "2025-04-30", "DANE12_EST": "111001012483", "DANE12_SED": "111001013099", "DA_HIPOACU": 0, "DA_SORDERA": 0, "DA_LENGUAS": 0, "DA_UCASTEL": 0, "DISCAP_FIS": 0, "DISCAP_FLE": 0, "DISCAP_PCE": 0, "DI_DCOGNIT": 0, "DI_SDOWN": 0, "DIS_MULTIP": 4, "DIS_PSICOS": 1, "DV_BAJAVIS": 0, "DIS_CEGUER": 0, "T_ESPECTRO": 0, "T_VOZ_Y_HA": 0, "SISTEMICA": 0, "SORDOCEGUE": 0, "OTRA": 0, "TOT_EST_MA": 5, "AFRODESCEN": 4, "INDIGENAS": 6, "NEGRITUDES": 0, "PALENQUERO": 0, "RAIZALES": 0, "ROM": 0, "TOT_EST_ET": 10, "CAPACID_EX": 0, "DOBLE_EXCE": 0, "TE_ACTFISI": 2, "TE_ARTES": 3, "TE_CNATUR": 0, "TE_CSOCIAL": 2, "TE_LDSOCIA": 0, "TE_TECNOLO": 1, "TOT_EST_CA": 8, "TMATRIC_GE": 367, "Zona": 1 }, "geometry": { "type": "Point", "coordinates": [ -8248192.066800000146031, 522858.951799999922514 ] } },
{ "type": "Feature", "properties": { "NOMBRE_EST": "COLEGIO NACIONES UNIDAS (IED)", "NOMBRE_SED": "NACIONES UNIDAS", "ORDEN_DE_S": "A", "DIRECCION": "CL 73 BIS # 68 G - 27", "DISCAPACID": "FISICA-INTELECTUAL-MULTIPLE", "TALENTOS_O": null, "GRUPOS_ETN": "INDIGENAS", "SECTOR": 2, "NATU_JUR": 9, "CALENDARIO": 1, "GENERO": 5, "COD_LOCA": "10", "ESPECIALID": 1, "CLASE_TIPO": 1, "BILINGUE": 5, "FECHA": "2025-04-30", "DANE12_EST": "111001013293", "DANE12_SED": "111001013293", "DA_HIPOACU": 0, "DA_SORDERA": 0, "DA_LENGUAS": 0, "DA_UCASTEL": 0, "DISCAP_FIS": 3, "DISCAP_FLE": 0, "DISCAP_PCE": 0, "DI_DCOGNIT": 3, "DI_SDOWN": 0, "DIS_MULTIP": 5, "DIS_PSICOS": 0, "DV_BAJAVIS": 0, "DIS_CEGUER": 0, "T_ESPECTRO": 0, "T_VOZ_Y_HA": 0, "SISTEMICA": 0, "SORDOCEGUE": 0, "OTRA": 0, "TOT_EST_MA": 11, "AFRODESCEN": 0, "INDIGENAS": 1, "NEGRITUDES": 0, "PALENQUERO": 0, "RAIZALES": 0, "ROM": 0, "TOT_EST_ET": 1, "CAPACID_EX": 0, "DOBLE_EXCE": 0, "TE_ACTFISI": 0, "TE_ARTES": 0, "TE_CNATUR": 0, "TE_CSOCIAL": 0, "TE_LDSOCIA": 0, "TE_TECNOLO": 0, "TOT_EST_CA": 0, "TMATRIC_GE": 413, "Zona": 1 }, "geometry": { "type": "Point", "coordinates": [ -8247342.699100000783801, 521642.616399999707937 ] } },
{ "type": "Feature", "properties": { "NOMBRE_EST": "COLEGIO NACIONES UNIDAS (IED)", "NOMBRE_SED": "JAIRO ANIBAL NIÑO", "ORDEN_DE_S": "B", "DIRECCION": "CL 73 A # 69 J - 10", "DISCAPACID": "FISICA-INTELECTUAL-MULTIPLE", "TALENTOS_O": null, "GRUPOS_ETN": "INDIGENAS-NEGRITUDES-RAIZALES", "SECTOR": 2, "NATU_JUR": 9, "CALENDARIO": 1, "GENERO": 5, "COD_LOCA": "10", "ESPECIALID": 1, "CLASE_TIPO": 1, "BILINGUE": 5, "FECHA": "2025-04-30", "DANE12_EST": "111001013293", "DANE12_SED": "111001015181", "DA_HIPOACU": 0, "DA_SORDERA": 0, "DA_LENGUAS": 0, "DA_UCASTEL": 0, "DISCAP_FIS": 0, "DISCAP_FLE": 0, "DISCAP_PCE": 0, "DI_DCOGNIT": 15, "DI_SDOWN": 0, "DIS_MULTIP": 4, "DIS_PSICOS": 9, "DV_BAJAVIS": 0, "DIS_CEGUER": 0, "T_ESPECTRO": 0, "T_VOZ_Y_HA": 0, "SISTEMICA": 0, "SORDOCEGUE": 0, "OTRA": 0, "TOT_EST_MA": 28, "AFRODESCEN": 1, "INDIGENAS": 4, "NEGRITUDES": 0, "PALENQUERO": 0, "RAIZALES": 1, "ROM": 0, "TOT_EST_ET": 6, "CAPACID_EX": 0, "DOBLE_EXCE": 0, "TE_ACTFISI": 1, "TE_ARTES": 0, "TE_CNATUR": 0, "TE_CSOCIAL": 0, "TE_LDSOCIA": 0, "TE_TECNOLO": 0, "TOT_EST_CA": 1, "TMATRIC_GE": 526, "Zona": 1 }, "geometry": { "type": "Point", "coordinates": [ -8247502.999199999496341, 522043.591699998825788 ] } },
{ "type": "Feature", "properties": { "NOMBRE_EST": "COLEGIO FLORIDABLANCA (IED)", "NOMBRE_SED": "FLORIDABLANCA", "ORDEN_DE_S": "A", "DIRECCION": "CL 70 A # 94 - 38", "DISCAPACID": "INTELECTUAL-MULTIPLE", "TALENTOS_O": "TALENTO EXCEPCIONAL EN ACTIVIDAD FISICA, EJERCICIO Y DEPORTE-TALENTO EXCEPCIONAL EN TECNOLOGIA", "GRUPOS_ETN": "AFRODESCENDIENTES-INDIGENAS-NEGRITUDES", "SECTOR": 2, "NATU_JUR": 9, "CALENDARIO": 1, "GENERO": 5, "COD_LOCA": "10", "ESPECIALID": 1, "CLASE_TIPO": 1, "BILINGUE": 5, "FECHA": "2025-04-30", "DANE12_EST": "111001015458", "DANE12_SED": "111001015458", "DA_HIPOACU": 2, "DA_SORDERA": 0, "DA_LENGUAS": 0, "DA_UCASTEL": 0, "DISCAP_FIS": 1, "DISCAP_FLE": 0, "DISCAP_PCE": 0, "DI_DCOGNIT": 9, "DI_SDOWN": 0, "DIS_MULTIP": 3, "DIS_PSICOS": 1, "DV_BAJAVIS": 1, "DIS_CEGUER": 0, "T_ESPECTRO": 0, "T_VOZ_Y_HA": 0, "SISTEMICA": 0, "SORDOCEGUE": 0, "OTRA": 0, "TOT_EST_MA": 17, "AFRODESCEN": 5, "INDIGENAS": 5, "NEGRITUDES": 1, "PALENQUERO": 0, "RAIZALES": 0, "ROM": 0, "TOT_EST_ET": 11, "CAPACID_EX": 1, "DOBLE_EXCE": 0, "TE_ACTFISI": 2, "TE_ARTES": 6, "TE_CNATUR": 1, "TE_CSOCIAL": 0, "TE_LDSOCIA": 1, "TE_TECNOLO": 1, "TOT_EST_CA": 12, "TMATRIC_GE": 941, "Zona": 1 }, "geometry": { "type": "Point", "coordinates": [ -8250361.683700000867248, 523567.093400001525879 ] } },
{ "type": "Feature", "properties": { "NOMBRE_EST": "COLEGIO FLORIDABLANCA (IED)", "NOMBRE_SED": "RAFAEL POMBO", "ORDEN_DE_S": "B", "DIRECCION": "KR 89 # 66 A - 14", "DISCAPACID": "AUDITIVA-INTELECTUAL-VISUAL", "TALENTOS_O": "TALENTO EXCEPCIONAL EN ARTES Y LETRAS", "GRUPOS_ETN": "AFRODESCENDIENTES-INDIGENAS", "SECTOR": 2, "NATU_JUR": 9, "CALENDARIO": 1, "GENERO": 5, "COD_LOCA": "10", "ESPECIALID": 13, "CLASE_TIPO": 1, "BILINGUE": 5, "FECHA": "2025-04-30", "DANE12_EST": "111001015458", "DANE12_SED": "111001015342", "DA_HIPOACU": 0, "DA_SORDERA": 0, "DA_LENGUAS": 0, "DA_UCASTEL": 0, "DISCAP_FIS": 0, "DISCAP_FLE": 0, "DISCAP_PCE": 0, "DI_DCOGNIT": 1, "DI_SDOWN": 0, "DIS_MULTIP": 2, "DIS_PSICOS": 0, "DV_BAJAVIS": 0, "DIS_CEGUER": 0, "T_ESPECTRO": 0, "T_VOZ_Y_HA": 0, "SISTEMICA": 0, "SORDOCEGUE": 0, "OTRA": 0, "TOT_EST_MA": 3, "AFRODESCEN": 2, "INDIGENAS": 1, "NEGRITUDES": 0, "PALENQUERO": 0, "RAIZALES": 0, "ROM": 0, "TOT_EST_ET": 3, "CAPACID_EX": 0, "DOBLE_EXCE": 0, "TE_ACTFISI": 2, "TE_ARTES": 2, "TE_CNATUR": 2, "TE_CSOCIAL": 0, "TE_LDSOCIA": 1, "TE_TECNOLO": 0, "TOT_EST_CA": 7, "TMATRIC_GE": 565, "Zona": 1 }, "geometry": { "type": "Point", "coordinates": [ -8250056.668299999088049, 522837.730000000447035 ] } },
{ "type": "Feature", "properties": { "NOMBRE_EST": "COLEGIO FLORIDABLANCA (IED)", "NOMBRE_SED": "FLORIDABLANCA II", "ORDEN_DE_S": "C", "DIRECCION": "KR 90 B # 71 - 12", "DISCAPACID": "MULTIPLE", "TALENTOS_O": "TALENTO EXCEPCIONAL EN ACTIVIDAD FISICA, EJERCICIO Y DEPORTE-TALENTO EXCEPCIONAL EN ARTES Y LETRAS-TALENTO EXCEPCIONAL EN CIENCIAS NATURALES O BASICAS-TALENTO EXCEPCIONAL EN LIDERAZGO SOCIAL Y EMPRENDIMIENTO", "GRUPOS_ETN": "AFRODESCENDIENTES-INDIGENAS", "SECTOR": 2, "NATU_JUR": 9, "CALENDARIO": 1, "GENERO": 5, "COD_LOCA": "10", "ESPECIALID": 13, "CLASE_TIPO": 1, "BILINGUE": 5, "FECHA": "2025-04-30", "DANE12_EST": "111001015458", "DANE12_SED": "111001033995", "DA_HIPOACU": 0, "DA_SORDERA": 0, "DA_LENGUAS": 0, "DA_UCASTEL": 0, "DISCAP_FIS": 0, "DISCAP_FLE": 0, "DISCAP_PCE": 0, "DI_DCOGNIT": 0, "DI_SDOWN": 0, "DIS_MULTIP": 0, "DIS_PSICOS": 1, "DV_BAJAVIS": 0, "DIS_CEGUER": 0, "T_ESPECTRO": 0, "T_VOZ_Y_HA": 0, "SISTEMICA": 0, "SORDOCEGUE": 0, "OTRA": 0, "TOT_EST_MA": 1, "AFRODESCEN": 1, "INDIGENAS": 1, "NEGRITUDES": 0, "PALENQUERO": 0, "RAIZALES": 0, "ROM": 0, "TOT_EST_ET": 2, "CAPACID_EX": 0, "DOBLE_EXCE": 0, "TE_ACTFISI": 5, "TE_ARTES": 6, "TE_CNATUR": 0, "TE_CSOCIAL": 0, "TE_LDSOCIA": 0, "TE_TECNOLO": 0, "TOT_EST_CA": 11, "TMATRIC_GE": 266, "Zona": 1 }, "geometry": { "type": "Point", "coordinates": [ -8249927.537699999287724, 523435.293699998408556 ] } },
{ "type": "Feature", "properties": { "NOMBRE_EST": "COLEGIO JORGE GAITAN CORTES (IED)", "NOMBRE_SED": "JORGE GAITAN CORTES", "ORDEN_DE_S": "A", "DIRECCION": "KR 89 A # 86 - 24", "DISCAPACID": "INTELECTUAL-MENTAL/PSICOSOCIAL-MULTIPLE", "TALENTOS_O": "CAPACIDADES EXCEPCIONALES-TALENTO EXCEPCIONAL EN ARTES Y LETRAS-TALENTO EXCEPCIONAL EN LIDERAZGO SOCIAL Y EMPRENDIMIENTO", "GRUPOS_ETN": "AFRODESCENDIENTES-INDIGENAS", "SECTOR": 2, "NATU_JUR": 9, "CALENDARIO": 1, "GENERO": 5, "COD_LOCA": "10", "ESPECIALID": 13, "CLASE_TIPO": 1, "BILINGUE": 5, "FECHA": "2025-04-30", "DANE12_EST": "111001015806", "DANE12_SED": "111001015806", "DA_HIPOACU": 1, "DA_SORDERA": 0, "DA_LENGUAS": 0, "DA_UCASTEL": 0, "DISCAP_FIS": 0, "DISCAP_FLE": 0, "DISCAP_PCE": 0, "DI_DCOGNIT": 5, "DI_SDOWN": 0, "DIS_MULTIP": 4, "DIS_PSICOS": 0, "DV_BAJAVIS": 0, "DIS_CEGUER": 0, "T_ESPECTRO": 0, "T_VOZ_Y_HA": 0, "SISTEMICA": 0, "SORDOCEGUE": 0, "OTRA": 0, "TOT_EST_MA": 10, "AFRODESCEN": 2, "INDIGENAS": 2, "NEGRITUDES": 0, "PALENQUERO": 0, "RAIZALES": 0, "ROM": 0, "TOT_EST_ET": 4, "CAPACID_EX": 2, "DOBLE_EXCE": 0, "TE_ACTFISI": 6, "TE_ARTES": 0, "TE_CNATUR": 2, "TE_CSOCIAL": 0, "TE_LDSOCIA": 1, "TE_TECNOLO": 0, "TOT_EST_CA": 11, "TMATRIC_GE": 424, "Zona": 1 }, "geometry": { "type": "Point", "coordinates": [ -8248676.306600000709295, 524776.756999999284744 ] } },
{ "type": "Feature", "properties": { "NOMBRE_EST": "COLEGIO JORGE GAITAN CORTES (IED)", "NOMBRE_SED": "LA ESPAÑOLA", "ORDEN_DE_S": "B", "DIRECCION": "KR 84 # 83 - 71", "DISCAPACID": "INTELECTUAL-MULTIPLE", "TALENTOS_O": "CAPACIDADES EXCEPCIONALES-TALENTO EXCEPCIONAL EN ACTIVIDAD FISICA, EJERCICIO Y DEPORTE-TALENTO EXCEPCIONAL EN LIDERAZGO SOCIAL Y EMPRENDIMIENTO", "GRUPOS_ETN": null, "SECTOR": 2, "NATU_JUR": 9, "CALENDARIO": 1, "GENERO": 5, "COD_LOCA": "10", "ESPECIALID": 13, "CLASE_TIPO": 1, "BILINGUE": 5, "FECHA": "2025-04-30", "DANE12_EST": "111001015806", "DANE12_SED": "111001013561", "DA_HIPOACU": 0, "DA_SORDERA": 0, "DA_LENGUAS": 0, "DA_UCASTEL": 0, "DISCAP_FIS": 0, "DISCAP_FLE": 0, "DISCAP_PCE": 0, "DI_DCOGNIT": 0, "DI_SDOWN": 0, "DIS_MULTIP": 0, "DIS_PSICOS": 0, "DV_BAJAVIS": 0, "DIS_CEGUER": 0, "T_ESPECTRO": 0, "T_VOZ_Y_HA": 0, "SISTEMICA": 0, "SORDOCEGUE": 0, "OTRA": 0, "TOT_EST_MA": 0, "AFRODESCEN": 0, "INDIGENAS": 1, "NEGRITUDES": 0, "PALENQUERO": 0, "RAIZALES": 0, "ROM": 0, "TOT_EST_ET": 1, "CAPACID_EX": 0, "DOBLE_EXCE": 0, "TE_ACTFISI": 0, "TE_ARTES": 0, "TE_CNATUR": 0, "TE_CSOCIAL": 0, "TE_LDSOCIA": 0, "TE_TECNOLO": 0, "TOT_EST_CA": 0, "TMATRIC_GE": 74, "Zona": 1 }, "geometry": { "type": "Point", "coordinates": [ -8248537.157299999147654, 524326.621399998664856 ] } },
{ "type": "Feature", "properties": { "NOMBRE_EST": "COLEGIO JORGE GAITAN CORTES (IED)", "NOMBRE_SED": "ANDALUCIA", "ORDEN_DE_S": "C", "DIRECCION": "CL 82 D # 82 - 10", "DISCAPACID": "INTELECTUAL-MENTAL/PSICOSOCIAL-MULTIPLE", "TALENTOS_O": "TALENTO EXCEPCIONAL EN ACTIVIDAD FISICA, EJERCICIO Y DEPORTE-TALENTO EXCEPCIONAL EN ARTES Y LETRAS-TALENTO EXCEPCIONAL EN TECNOLOGIA", "GRUPOS_ETN": "AFRODESCENDIENTES-INDIGENAS-NEGRITUDES", "SECTOR": 2, "NATU_JUR": 9, "CALENDARIO": 1, "GENERO": 5, "COD_LOCA": "10", "ESPECIALID": 1, "CLASE_TIPO": 1, "BILINGUE": 5, "FECHA": "2025-04-30", "DANE12_EST": "111001015806", "DANE12_SED": "111001013609", "DA_HIPOACU": 0, "DA_SORDERA": 0, "DA_LENGUAS": 0, "DA_UCASTEL": 0, "DISCAP_FIS": 2, "DISCAP_FLE": 0, "DISCAP_PCE": 0, "DI_DCOGNIT": 13, "DI_SDOWN": 0, "DIS_MULTIP": 3, "DIS_PSICOS": 0, "DV_BAJAVIS": 0, "DIS_CEGUER": 0, "T_ESPECTRO": 0, "T_VOZ_Y_HA": 0, "SISTEMICA": 0, "SORDOCEGUE": 0, "OTRA": 0, "TOT_EST_MA": 18, "AFRODESCEN": 1, "INDIGENAS": 4, "NEGRITUDES": 1, "PALENQUERO": 0, "RAIZALES": 0, "ROM": 0, "TOT_EST_ET": 6, "CAPACID_EX": 1, "DOBLE_EXCE": 0, "TE_ACTFISI": 1, "TE_ARTES": 2, "TE_CNATUR": 0, "TE_CSOCIAL": 0, "TE_LDSOCIA": 0, "TE_TECNOLO": 0, "TOT_EST_CA": 4, "TMATRIC_GE": 492, "Zona": 1 }, "geometry": { "type": "Point", "coordinates": [ -8248380.19679999910295, 524134.504799999296665 ] } },
{ "type": "Feature", "properties": { "NOMBRE_EST": "COLEGIO REPUBLICA DE CHINA (IED)", "NOMBRE_SED": "REPUBLICA DE CHINA", "ORDEN_DE_S": "A", "DIRECCION": "KR 92 # 82 - 20", "DISCAPACID": "FISICA-INTELECTUAL-MENTAL/PSICOSOCIAL-MULTIPLE-SORDOCEGUERA-VISUAL", "TALENTOS_O": "TALENTO EXCEPCIONAL EN ACTIVIDAD FISICA, EJERCICIO Y DEPORTE-TALENTO EXCEPCIONAL EN ARTES Y LETRAS-TALENTO EXCEPCIONAL EN TECNOLOGIA", "GRUPOS_ETN": "AFRODESCENDIENTES-INDIGENAS-NEGRITUDES", "SECTOR": 2, "NATU_JUR": 9, "CALENDARIO": 1, "GENERO": 5, "COD_LOCA": "10", "ESPECIALID": 1, "CLASE_TIPO": 1, "BILINGUE": 5, "FECHA": "2025-04-30", "DANE12_EST": "111001015814", "DANE12_SED": "111001015814", "DA_HIPOACU": 2, "DA_SORDERA": 0, "DA_LENGUAS": 0, "DA_UCASTEL": 0, "DISCAP_FIS": 5, "DISCAP_FLE": 0, "DISCAP_PCE": 0, "DI_DCOGNIT": 52, "DI_SDOWN": 0, "DIS_MULTIP": 41, "DIS_PSICOS": 1, "DV_BAJAVIS": 11, "DIS_CEGUER": 0, "T_ESPECTRO": 0, "T_VOZ_Y_HA": 0, "SISTEMICA": 0, "SORDOCEGUE": 0, "OTRA": 0, "TOT_EST_MA": 112, "AFRODESCEN": 8, "INDIGENAS": 8, "NEGRITUDES": 8, "PALENQUERO": 0, "RAIZALES": 0, "ROM": 0, "TOT_EST_ET": 24, "CAPACID_EX": 2, "DOBLE_EXCE": 0, "TE_ACTFISI": 11, "TE_ARTES": 6, "TE_CNATUR": 0, "TE_CSOCIAL": 0, "TE_LDSOCIA": 1, "TE_TECNOLO": 1, "TOT_EST_CA": 21, "TMATRIC_GE": 1412, "Zona": 1 }, "geometry": { "type": "Point", "coordinates": [ -8249199.508199999108911, 524649.423099998384714 ] } },
{ "type": "Feature", "properties": { "NOMBRE_EST": "COLEGIO REPUBLICA DE CHINA (IED)", "NOMBRE_SED": "PRIMAVERA NORTE", "ORDEN_DE_S": "B", "DIRECCION": "CL 78 # 92 - 39  --  CL 80 B # 92 - 39", "DISCAPACID": "FISICA-INTELECTUAL-MENTAL/PSICOSOCIAL-MULTIPLE-VISUAL", "TALENTOS_O": "CAPACIDADES EXCEPCIONALES-TALENTO EXCEPCIONAL EN ACTIVIDAD FISICA, EJERCICIO Y DEPORTE-TALENTO EXCEPCIONAL EN ARTES Y LETRAS", "GRUPOS_ETN": "AFRODESCENDIENTES", "SECTOR": 2, "NATU_JUR": 9, "CALENDARIO": 1, "GENERO": 5, "COD_LOCA": "10", "ESPECIALID": 13, "CLASE_TIPO": 1, "BILINGUE": 5, "FECHA": "2025-04-30", "DANE12_EST": "111001015814", "DANE12_SED": "111001015784", "DA_HIPOACU": 0, "DA_SORDERA": 0, "DA_LENGUAS": 0, "DA_UCASTEL": 0, "DISCAP_FIS": 0, "DISCAP_FLE": 0, "DISCAP_PCE": 0, "DI_DCOGNIT": 3, "DI_SDOWN": 0, "DIS_MULTIP": 8, "DIS_PSICOS": 0, "DV_BAJAVIS": 3, "DIS_CEGUER": 0, "T_ESPECTRO": 0, "T_VOZ_Y_HA": 0, "SISTEMICA": 0, "SORDOCEGUE": 0, "OTRA": 0, "TOT_EST_MA": 14, "AFRODESCEN": 0, "INDIGENAS": 0, "NEGRITUDES": 1, "PALENQUERO": 0, "RAIZALES": 0, "ROM": 0, "TOT_EST_ET": 1, "CAPACID_EX": 1, "DOBLE_EXCE": 0, "TE_ACTFISI": 1, "TE_ARTES": 1, "TE_CNATUR": 0, "TE_CSOCIAL": 0, "TE_LDSOCIA": 0, "TE_TECNOLO": 0, "TOT_EST_CA": 3, "TMATRIC_GE": 291, "Zona": 1 }, "geometry": { "type": "Point", "coordinates": [ -8249442.184699999168515, 524462.890500001609325 ] } },
{ "type": "Feature", "properties": { "NOMBRE_EST": "COLEGIO MAGDALENA ORTEGA DE NARIÑO (IED)", "NOMBRE_SED": "MAGDALENA ORTEGA DE NARIÑO", "ORDEN_DE_S": "A", "DIRECCION": "KR 69 B # 78 A - 36", "DISCAPACID": "AUDITIVA-FISICA-INTELECTUAL-MENTAL/PSICOSOCIAL-MULTIPLE", "TALENTOS_O": "CAPACIDADES EXCEPCIONALES-TALENTO EXCEPCIONAL EN ACTIVIDAD FISICA, EJERCICIO Y DEPORTE-TALENTO EXCEPCIONAL EN ARTES Y LETRAS-TALENTO EXCEPCIONAL EN CIENCIAS SOCIALES O HUMANAS-TALENTO EXCEPCIONAL EN LIDERAZGO SOCIAL Y EMPRENDIMIENTO", "GRUPOS_ETN": "AFRODESCENDIENTES-INDIGENAS-NEGRITUDES", "SECTOR": 2, "NATU_JUR": 9, "CALENDARIO": 1, "GENERO": 5, "COD_LOCA": "10", "ESPECIALID": 1, "CLASE_TIPO": 1, "BILINGUE": 5, "FECHA": "2025-04-30", "DANE12_EST": "111001017795", "DANE12_SED": "111001017795", "DA_HIPOACU": 1, "DA_SORDERA": 0, "DA_LENGUAS": 0, "DA_UCASTEL": 0, "DISCAP_FIS": 4, "DISCAP_FLE": 0, "DISCAP_PCE": 0, "DI_DCOGNIT": 24, "DI_SDOWN": 0, "DIS_MULTIP": 8, "DIS_PSICOS": 8, "DV_BAJAVIS": 1, "DIS_CEGUER": 0, "T_ESPECTRO": 0, "T_VOZ_Y_HA": 0, "SISTEMICA": 0, "SORDOCEGUE": 0, "OTRA": 0, "TOT_EST_MA": 46, "AFRODESCEN": 8, "INDIGENAS": 6, "NEGRITUDES": 2, "PALENQUERO": 0, "RAIZALES": 0, "ROM": 0, "TOT_EST_ET": 16, "CAPACID_EX": 0, "DOBLE_EXCE": 0, "TE_ACTFISI": 12, "TE_ARTES": 9, "TE_CNATUR": 1, "TE_CSOCIAL": 0, "TE_LDSOCIA": 3, "TE_TECNOLO": 0, "TOT_EST_CA": 25, "TMATRIC_GE": 1433, "Zona": 1 }, "geometry": { "type": "Point", "coordinates": [ -8246906.3267, 522297.134300000965595 ] } },
{ "type": "Feature", "properties": { "NOMBRE_EST": "COLEGIO VILLA AMALIA (IED)", "NOMBRE_SED": "VILLA AMALIA", "ORDEN_DE_S": "A", "DIRECCION": "KR 110 B # 71 C - 45", "DISCAPACID": "AUDITIVA-FISICA-INTELECTUAL-MENTAL/PSICOSOCIAL-MULTIPLE-VISUAL", "TALENTOS_O": "TALENTO EXCEPCIONAL EN ACTIVIDAD FISICA, EJERCICIO Y DEPORTE-TALENTO EXCEPCIONAL EN ARTES Y LETRAS", "GRUPOS_ETN": "AFRODESCENDIENTES-INDIGENAS-NEGRITUDES", "SECTOR": 2, "NATU_JUR": 9, "CALENDARIO": 1, "GENERO": 5, "COD_LOCA": "10", "ESPECIALID": 1, "CLASE_TIPO": 1, "BILINGUE": 5, "FECHA": "2025-04-30", "DANE12_EST": "111001025216", "DANE12_SED": "111001025216", "DA_HIPOACU": 1, "DA_SORDERA": 0, "DA_LENGUAS": 0, "DA_UCASTEL": 0, "DISCAP_FIS": 2, "DISCAP_FLE": 0, "DISCAP_PCE": 0, "DI_DCOGNIT": 34, "DI_SDOWN": 0, "DIS_MULTIP": 8, "DIS_PSICOS": 3, "DV_BAJAVIS": 1, "DIS_CEGUER": 0, "T_ESPECTRO": 0, "T_VOZ_Y_HA": 0, "SISTEMICA": 0, "SORDOCEGUE": 0, "OTRA": 0, "TOT_EST_MA": 49, "AFRODESCEN": 5, "INDIGENAS": 5, "NEGRITUDES": 7, "PALENQUERO": 0, "RAIZALES": 0, "ROM": 0, "TOT_EST_ET": 17, "CAPACID_EX": 0, "DOBLE_EXCE": 0, "TE_ACTFISI": 9, "TE_ARTES": 2, "TE_CNATUR": 0, "TE_CSOCIAL": 0, "TE_LDSOCIA": 0, "TE_TECNOLO": 1, "TOT_EST_CA": 12, "TMATRIC_GE": 1385, "Zona": 1 }, "geometry": { "type": "Point", "coordinates": [ -8251654.103000000119209, 525012.436999998986721 ] } },
{ "type": "Feature", "properties": { "NOMBRE_EST": "COLEGIO GARCES NAVAS (IED)", "NOMBRE_SED": "GARCES NAVAS III", "ORDEN_DE_S": "A", "DIRECCION": "KR 104 A # 76 B - 09", "DISCAPACID": "AUDITIVA-FISICA-INTELECTUAL-MENTAL/PSICOSOCIAL-MULTIPLE-VISUAL", "TALENTOS_O": "TALENTO EXCEPCIONAL EN ACTIVIDAD FISICA, EJERCICIO Y DEPORTE", "GRUPOS_ETN": "AFRODESCENDIENTES-INDIGENAS-NEGRITUDES", "SECTOR": 2, "NATU_JUR": 9, "CALENDARIO": 1, "GENERO": 5, "COD_LOCA": "10", "ESPECIALID": 1, "CLASE_TIPO": 1, "BILINGUE": 5, "FECHA": "2025-04-30", "DANE12_EST": "111001033979", "DANE12_SED": "111001033979", "DA_HIPOACU": 2, "DA_SORDERA": 0, "DA_LENGUAS": 0, "DA_UCASTEL": 0, "DISCAP_FIS": 1, "DISCAP_FLE": 0, "DISCAP_PCE": 0, "DI_DCOGNIT": 14, "DI_SDOWN": 0, "DIS_MULTIP": 12, "DIS_PSICOS": 2, "DV_BAJAVIS": 4, "DIS_CEGUER": 0, "T_ESPECTRO": 0, "T_VOZ_Y_HA": 0, "SISTEMICA": 0, "SORDOCEGUE": 0, "OTRA": 0, "TOT_EST_MA": 35, "AFRODESCEN": 12, "INDIGENAS": 12, "NEGRITUDES": 4, "PALENQUERO": 0, "RAIZALES": 0, "ROM": 0, "TOT_EST_ET": 28, "CAPACID_EX": 0, "DOBLE_EXCE": 0, "TE_ACTFISI": 2, "TE_ARTES": 2, "TE_CNATUR": 0, "TE_CSOCIAL": 0, "TE_LDSOCIA": 0, "TE_TECNOLO": 2, "TOT_EST_CA": 6, "TMATRIC_GE": 1446, "Zona": 1 }, "geometry": { "type": "Point", "coordinates": [ -8250688.962999999523163, 524953.237700000405312 ] } },
{ "type": "Feature", "properties": { "NOMBRE_EST": "COLEGIO GARCES NAVAS (IED)", "NOMBRE_SED": "GARCES NAVAS II", "ORDEN_DE_S": "B", "DIRECCION": "KR 104 A # 77 C - 50", "DISCAPACID": "INTELECTUAL-MENTAL/PSICOSOCIAL-MULTIPLE", "TALENTOS_O": "TALENTO EXCEPCIONAL EN ACTIVIDAD FISICA, EJERCICIO Y DEPORTE-TALENTO EXCEPCIONAL EN ARTES Y LETRAS-TALENTO EXCEPCIONAL EN LIDERAZGO SOCIAL Y EMPRENDIMIENTO-TALENTO EXCEPCIONAL EN TECNOLOGIA", "GRUPOS_ETN": "AFRODESCENDIENTES", "SECTOR": 2, "NATU_JUR": 9, "CALENDARIO": 1, "GENERO": 5, "COD_LOCA": "10", "ESPECIALID": 13, "CLASE_TIPO": 1, "BILINGUE": 5, "FECHA": "2025-04-30", "DANE12_EST": "111001033979", "DANE12_SED": "111001015831", "DA_HIPOACU": 0, "DA_SORDERA": 0, "DA_LENGUAS": 0, "DA_UCASTEL": 0, "DISCAP_FIS": 1, "DISCAP_FLE": 0, "DISCAP_PCE": 0, "DI_DCOGNIT": 2, "DI_SDOWN": 0, "DIS_MULTIP": 7, "DIS_PSICOS": 1, "DV_BAJAVIS": 1, "DIS_CEGUER": 0, "T_ESPECTRO": 0, "T_VOZ_Y_HA": 0, "SISTEMICA": 0, "SORDOCEGUE": 0, "OTRA": 0, "TOT_EST_MA": 12, "AFRODESCEN": 3, "INDIGENAS": 2, "NEGRITUDES": 0, "PALENQUERO": 0, "RAIZALES": 0, "ROM": 0, "TOT_EST_ET": 5, "CAPACID_EX": 0, "DOBLE_EXCE": 0, "TE_ACTFISI": 2, "TE_ARTES": 1, "TE_CNATUR": 0, "TE_CSOCIAL": 1, "TE_LDSOCIA": 0, "TE_TECNOLO": 1, "TOT_EST_CA": 5, "TMATRIC_GE": 380, "Zona": 1 }, "geometry": { "type": "Point", "coordinates": [ -8250605.473400000482798, 525081.688999999314547 ] } },
{ "type": "Feature", "properties": { "NOMBRE_EST": "COLEGIO GUILLERMO LEON VALENCIA (IED)", "NOMBRE_SED": "GUILLERMO LEON VALENCIA", "ORDEN_DE_S": "A", "DIRECCION": "KR 93 A # 75 B - 80", "DISCAPACID": "FISICA-INTELECTUAL-MENTAL/PSICOSOCIAL-MULTIPLE", "TALENTOS_O": "CAPACIDADES EXCEPCIONALES-TALENTO EXCEPCIONAL EN ARTES Y LETRAS-TALENTO EXCEPCIONAL EN CIENCIAS SOCIALES O HUMANAS", "GRUPOS_ETN": "INDIGENAS-NEGRITUDES", "SECTOR": 2, "NATU_JUR": 9, "CALENDARIO": 1, "GENERO": 5, "COD_LOCA": "10", "ESPECIALID": 1, "CLASE_TIPO": 1, "BILINGUE": 5, "FECHA": "2025-04-30", "DANE12_EST": "111001034002", "DANE12_SED": "111001034002", "DA_HIPOACU": 2, "DA_SORDERA": 0, "DA_LENGUAS": 0, "DA_UCASTEL": 0, "DISCAP_FIS": 0, "DISCAP_FLE": 0, "DISCAP_PCE": 0, "DI_DCOGNIT": 9, "DI_SDOWN": 0, "DIS_MULTIP": 7, "DIS_PSICOS": 0, "DV_BAJAVIS": 1, "DIS_CEGUER": 0, "T_ESPECTRO": 0, "T_VOZ_Y_HA": 0, "SISTEMICA": 0, "SORDOCEGUE": 0, "OTRA": 0, "TOT_EST_MA": 19, "AFRODESCEN": 2, "INDIGENAS": 1, "NEGRITUDES": 1, "PALENQUERO": 0, "RAIZALES": 0, "ROM": 0, "TOT_EST_ET": 4, "CAPACID_EX": 1, "DOBLE_EXCE": 0, "TE_ACTFISI": 2, "TE_ARTES": 2, "TE_CNATUR": 1, "TE_CSOCIAL": 1, "TE_LDSOCIA": 0, "TE_TECNOLO": 0, "TOT_EST_CA": 7, "TMATRIC_GE": 502, "Zona": 1 }, "geometry": { "type": "Point", "coordinates": [ -8249720.4835, 524285.293999999761581 ] } },
{ "type": "Feature", "properties": { "NOMBRE_EST": "COLEGIO NESTOR FORERO ALCALA (IED)", "NOMBRE_SED": "NESTOR FORERO ALCALA", "ORDEN_DE_S": "A", "DIRECCION": "KR 70 C BIS # 71 - 33", "DISCAPACID": "INTELECTUAL-MENTAL/PSICOSOCIAL-MULTIPLE", "TALENTOS_O": "TALENTO EXCEPCIONAL EN ARTES Y LETRAS-TALENTO EXCEPCIONAL EN TECNOLOGIA", "GRUPOS_ETN": "AFRODESCENDIENTES-INDIGENAS-NEGRITUDES", "SECTOR": 2, "NATU_JUR": 9, "CALENDARIO": 1, "GENERO": 5, "COD_LOCA": "10", "ESPECIALID": 1, "CLASE_TIPO": 1, "BILINGUE": 5, "FECHA": "2025-04-30", "DANE12_EST": "111001035521", "DANE12_SED": "111001035521", "DA_HIPOACU": 1, "DA_SORDERA": 0, "DA_LENGUAS": 0, "DA_UCASTEL": 0, "DISCAP_FIS": 0, "DISCAP_FLE": 0, "DISCAP_PCE": 0, "DI_DCOGNIT": 7, "DI_SDOWN": 0, "DIS_MULTIP": 3, "DIS_PSICOS": 1, "DV_BAJAVIS": 0, "DIS_CEGUER": 0, "T_ESPECTRO": 0, "T_VOZ_Y_HA": 0, "SISTEMICA": 0, "SORDOCEGUE": 0, "OTRA": 0, "TOT_EST_MA": 12, "AFRODESCEN": 0, "INDIGENAS": 11, "NEGRITUDES": 1, "PALENQUERO": 0, "RAIZALES": 0, "ROM": 0, "TOT_EST_ET": 12, "CAPACID_EX": 0, "DOBLE_EXCE": 0, "TE_ACTFISI": 1, "TE_ARTES": 0, "TE_CNATUR": 0, "TE_CSOCIAL": 0, "TE_LDSOCIA": 1, "TE_TECNOLO": 2, "TOT_EST_CA": 4, "TMATRIC_GE": 399, "Zona": 1 }, "geometry": { "type": "Point", "coordinates": [ -8248052.917500000447035, 521977.69310000166297 ] } },
{ "type": "Feature", "properties": { "NOMBRE_EST": "COLEGIO NESTOR FORERO ALCALA (IED)", "NOMBRE_SED": "CLUB DEL COMERCIO", "ORDEN_DE_S": "B", "DIRECCION": "DG 70 # 70 - 40", "DISCAPACID": "FISICA-MULTIPLE", "TALENTOS_O": null, "GRUPOS_ETN": "INDIGENAS", "SECTOR": 2, "NATU_JUR": 9, "CALENDARIO": 1, "GENERO": 5, "COD_LOCA": "10", "ESPECIALID": 13, "CLASE_TIPO": 1, "BILINGUE": 5, "FECHA": "2025-04-30", "DANE12_EST": "111001035521", "DANE12_SED": "111001018236", "DA_HIPOACU": 0, "DA_SORDERA": 0, "DA_LENGUAS": 0, "DA_UCASTEL": 0, "DISCAP_FIS": 1, "DISCAP_FLE": 0, "DISCAP_PCE": 0, "DI_DCOGNIT": 2, "DI_SDOWN": 0, "DIS_MULTIP": 5, "DIS_PSICOS": 0, "DV_BAJAVIS": 0, "DIS_CEGUER": 0, "T_ESPECTRO": 0, "T_VOZ_Y_HA": 0, "SISTEMICA": 0, "SORDOCEGUE": 0, "OTRA": 0, "TOT_EST_MA": 8, "AFRODESCEN": 0, "INDIGENAS": 14, "NEGRITUDES": 0, "PALENQUERO": 0, "RAIZALES": 0, "ROM": 0, "TOT_EST_ET": 14, "CAPACID_EX": 0, "DOBLE_EXCE": 0, "TE_ACTFISI": 2, "TE_ARTES": 1, "TE_CNATUR": 1, "TE_CSOCIAL": 0, "TE_LDSOCIA": 0, "TE_TECNOLO": 0, "TOT_EST_CA": 4, "TMATRIC_GE": 193, "Zona": 1 }, "geometry": { "type": "Point", "coordinates": [ -8248022.86119999922812, 521777.763900000602007 ] } },
{ "type": "Feature", "properties": { "NOMBRE_EST": "COLEGIO NESTOR FORERO ALCALA (IED)", "NOMBRE_SED": "NUEVO LAUREL", "ORDEN_DE_S": "C", "DIRECCION": "CL 69 A # 70 - 55", "DISCAPACID": "AUDITIVA-INTELECTUAL-MENTAL/PSICOSOCIAL-MULTIPLE", "TALENTOS_O": "TALENTO EXCEPCIONAL EN LIDERAZGO SOCIAL Y EMPRENDIMIENTO", "GRUPOS_ETN": "INDIGENAS", "SECTOR": 2, "NATU_JUR": 9, "CALENDARIO": 1, "GENERO": 5, "COD_LOCA": "10", "ESPECIALID": 13, "CLASE_TIPO": 1, "BILINGUE": 5, "FECHA": "2025-04-30", "DANE12_EST": "111001035521", "DANE12_SED": "111001018139", "DA_HIPOACU": 0, "DA_SORDERA": 0, "DA_LENGUAS": 0, "DA_UCASTEL": 0, "DISCAP_FIS": 0, "DISCAP_FLE": 0, "DISCAP_PCE": 0, "DI_DCOGNIT": 2, "DI_SDOWN": 0, "DIS_MULTIP": 2, "DIS_PSICOS": 0, "DV_BAJAVIS": 1, "DIS_CEGUER": 0, "T_ESPECTRO": 0, "T_VOZ_Y_HA": 0, "SISTEMICA": 0, "SORDOCEGUE": 0, "OTRA": 0, "TOT_EST_MA": 5, "AFRODESCEN": 0, "INDIGENAS": 5, "NEGRITUDES": 0, "PALENQUERO": 0, "RAIZALES": 0, "ROM": 0, "TOT_EST_ET": 5, "CAPACID_EX": 0, "DOBLE_EXCE": 0, "TE_ACTFISI": 0, "TE_ARTES": 0, "TE_CNATUR": 0, "TE_CSOCIAL": 0, "TE_LDSOCIA": 0, "TE_TECNOLO": 0, "TOT_EST_CA": 0, "TMATRIC_GE": 169, "Zona": 1 }, "geometry": { "type": "Point", "coordinates": [ -8248116.369599999859929, 521714.099300000816584 ] } },
{ "type": "Feature", "properties": { "NOMBRE_EST": "COLEGIO INSTITUTO TECNICO DISTRITAL REPUBLICA DE GUATEMALA (IED)", "NOMBRE_SED": "REPUBLICA DE GUATEMALA", "ORDEN_DE_S": "A", "DIRECCION": "CL 78 BIS # 69 T - 45", "DISCAPACID": "INTELECTUAL-MULTIPLE", "TALENTOS_O": "CAPACIDADES EXCEPCIONALES-TALENTO EXCEPCIONAL EN ARTES Y LETRAS", "GRUPOS_ETN": "AFRODESCENDIENTES-INDIGENAS-NEGRITUDES", "SECTOR": 2, "NATU_JUR": 9, "CALENDARIO": 1, "GENERO": 5, "COD_LOCA": "10", "ESPECIALID": 7, "CLASE_TIPO": 1, "BILINGUE": 5, "FECHA": "2025-04-30", "DANE12_EST": "111001036625", "DANE12_SED": "111001036625", "DA_HIPOACU": 0, "DA_SORDERA": 0, "DA_LENGUAS": 0, "DA_UCASTEL": 0, "DISCAP_FIS": 0, "DISCAP_FLE": 0, "DISCAP_PCE": 0, "DI_DCOGNIT": 4, "DI_SDOWN": 0, "DIS_MULTIP": 1, "DIS_PSICOS": 0, "DV_BAJAVIS": 0, "DIS_CEGUER": 0, "T_ESPECTRO": 0, "T_VOZ_Y_HA": 0, "SISTEMICA": 0, "SORDOCEGUE": 0, "OTRA": 0, "TOT_EST_MA": 5, "AFRODESCEN": 4, "INDIGENAS": 9, "NEGRITUDES": 1, "PALENQUERO": 0, "RAIZALES": 0, "ROM": 0, "TOT_EST_ET": 14, "CAPACID_EX": 1, "DOBLE_EXCE": 0, "TE_ACTFISI": 1, "TE_ARTES": 3, "TE_CNATUR": 0, "TE_CSOCIAL": 0, "TE_LDSOCIA": 0, "TE_TECNOLO": 0, "TOT_EST_CA": 5, "TMATRIC_GE": 1094, "Zona": 1 }, "geometry": { "type": "Point", "coordinates": [ -8247304.85050000064075, 522690.294399999082088 ] } },
{ "type": "Feature", "properties": { "NOMBRE_EST": "COLEGIO MANUELA AYALA DE GAITAN (IED)", "NOMBRE_SED": "MANUELA AYALA DE GAITAN", "ORDEN_DE_S": "A", "DIRECCION": "CL 71 # 75 - 11", "DISCAPACID": "AUDITIVA-FISICA-INTELECTUAL-MENTAL/PSICOSOCIAL-MULTIPLE-VISUAL", "TALENTOS_O": "TALENTO EXCEPCIONAL EN ACTIVIDAD FISICA, EJERCICIO Y DEPORTE-TALENTO EXCEPCIONAL EN LIDERAZGO SOCIAL Y EMPRENDIMIENTO", "GRUPOS_ETN": "AFRODESCENDIENTES-INDIGENAS-NEGRITUDES-RAIZALES", "SECTOR": 2, "NATU_JUR": 9, "CALENDARIO": 1, "GENERO": 5, "COD_LOCA": "10", "ESPECIALID": 1, "CLASE_TIPO": 1, "BILINGUE": 5, "FECHA": "2025-04-30", "DANE12_EST": "111001046299", "DANE12_SED": "111001046299", "DA_HIPOACU": 0, "DA_SORDERA": 0, "DA_LENGUAS": 0, "DA_UCASTEL": 0, "DISCAP_FIS": 2, "DISCAP_FLE": 0, "DISCAP_PCE": 0, "DI_DCOGNIT": 9, "DI_SDOWN": 0, "DIS_MULTIP": 5, "DIS_PSICOS": 3, "DV_BAJAVIS": 1, "DIS_CEGUER": 0, "T_ESPECTRO": 0, "T_VOZ_Y_HA": 0, "SISTEMICA": 0, "SORDOCEGUE": 0, "OTRA": 0, "TOT_EST_MA": 20, "AFRODESCEN": 1, "INDIGENAS": 5, "NEGRITUDES": 1, "PALENQUERO": 0, "RAIZALES": 3, "ROM": 0, "TOT_EST_ET": 10, "CAPACID_EX": 0, "DOBLE_EXCE": 0, "TE_ACTFISI": 2, "TE_ARTES": 2, "TE_CNATUR": 0, "TE_CSOCIAL": 0, "TE_LDSOCIA": 1, "TE_TECNOLO": 1, "TOT_EST_CA": 6, "TMATRIC_GE": 916, "Zona": 1 }, "geometry": { "type": "Point", "coordinates": [ -8248723.060799999162555, 522470.258499998599291 ] } },
{ "type": "Feature", "properties": { "NOMBRE_EST": "COLEGIO MANUELA AYALA DE GAITAN (IED)", "NOMBRE_SED": "CARLOS LLERAS RESTREPO", "ORDEN_DE_S": "B", "DIRECCION": "KR 78 # 69 A - 11", "DISCAPACID": "AUDITIVA-INTELECTUAL-MULTIPLE", "TALENTOS_O": "CAPACIDADES EXCEPCIONALES-TALENTO EXCEPCIONAL EN ACTIVIDAD FISICA, EJERCICIO Y DEPORTE-TALENTO EXCEPCIONAL EN ARTES Y LETRAS-TALENTO EXCEPCIONAL EN TECNOLOGIA", "GRUPOS_ETN": "AFRODESCENDIENTES-INDIGENAS-NEGRITUDES", "SECTOR": 2, "NATU_JUR": 9, "CALENDARIO": 1, "GENERO": 5, "COD_LOCA": "10", "ESPECIALID": 13, "CLASE_TIPO": 1, "BILINGUE": 5, "FECHA": "2025-04-30", "DANE12_EST": "111001046299", "DANE12_SED": "111001018228", "DA_HIPOACU": 4, "DA_SORDERA": 0, "DA_LENGUAS": 0, "DA_UCASTEL": 0, "DISCAP_FIS": 1, "DISCAP_FLE": 0, "DISCAP_PCE": 0, "DI_DCOGNIT": 8, "DI_SDOWN": 0, "DIS_MULTIP": 2, "DIS_PSICOS": 0, "DV_BAJAVIS": 1, "DIS_CEGUER": 0, "T_ESPECTRO": 0, "T_VOZ_Y_HA": 0, "SISTEMICA": 0, "SORDOCEGUE": 0, "OTRA": 0, "TOT_EST_MA": 16, "AFRODESCEN": 2, "INDIGENAS": 2, "NEGRITUDES": 0, "PALENQUERO": 0, "RAIZALES": 0, "ROM": 0, "TOT_EST_ET": 4, "CAPACID_EX": 1, "DOBLE_EXCE": 0, "TE_ACTFISI": 5, "TE_ARTES": 4, "TE_CNATUR": 0, "TE_CSOCIAL": 0, "TE_LDSOCIA": 1, "TE_TECNOLO": 1, "TOT_EST_CA": 12, "TMATRIC_GE": 588, "Zona": 1 }, "geometry": { "type": "Point", "coordinates": [ -8249139.395700000226498, 522546.21000000089407 ] } },
{ "type": "Feature", "properties": { "NOMBRE_EST": "COLEGIO LAS MERCEDES (IED)", "NOMBRE_SED": "COLEGIO LAS MERCEDES (IED) - SEDE PRINCIPAL", "ORDEN_DE_S": "A", "DIRECCION": "KR 105 F # 66 - 33", "DISCAPACID": "AUDITIVA-FISICA-INTELECTUAL-MULTIPLE", "TALENTOS_O": "CAPACIDADES EXCEPCIONALES-TALENTO EXCEPCIONAL EN ACTIVIDAD FISICA, EJERCICIO Y DEPORTE-TALENTO EXCEPCIONAL EN ARTES Y LETRAS-TALENTO EXCEPCIONAL EN LIDERAZGO SOCIAL Y EMPRENDIMIENTO-TALENTO EXCEPCIONAL EN TECNOLOGIA", "GRUPOS_ETN": "AFRODESCENDIENTES-INDIGENAS-NEGRITUDES", "SECTOR": 2, "NATU_JUR": 9, "CALENDARIO": 1, "GENERO": 5, "COD_LOCA": "10", "ESPECIALID": 1, "CLASE_TIPO": 2, "BILINGUE": 5, "FECHA": "2025-04-30", "DANE12_EST": "111001098922", "DANE12_SED": "111001098922", "DA_HIPOACU": 3, "DA_SORDERA": 0, "DA_LENGUAS": 0, "DA_UCASTEL": 0, "DISCAP_FIS": 2, "DISCAP_FLE": 0, "DISCAP_PCE": 0, "DI_DCOGNIT": 15, "DI_SDOWN": 0, "DIS_MULTIP": 5, "DIS_PSICOS": 0, "DV_BAJAVIS": 0, "DIS_CEGUER": 0, "T_ESPECTRO": 0, "T_VOZ_Y_HA": 0, "SISTEMICA": 0, "SORDOCEGUE": 0, "OTRA": 0, "TOT_EST_MA": 25, "AFRODESCEN": 10, "INDIGENAS": 3, "NEGRITUDES": 0, "PALENQUERO": 0, "RAIZALES": 0, "ROM": 0, "TOT_EST_ET": 13, "CAPACID_EX": 2, "DOBLE_EXCE": 0, "TE_ACTFISI": 13, "TE_ARTES": 7, "TE_CNATUR": 0, "TE_CSOCIAL": 1, "TE_LDSOCIA": 1, "TE_TECNOLO": 0, "TOT_EST_CA": 24, "TMATRIC_GE": 1206, "Zona": 1 }, "geometry": { "type": "Point", "coordinates": [ -8251578.405799999833107, 523817.28999999910593 ] } },
{ "type": "Feature", "properties": { "NOMBRE_EST": "COLEGIO TORQUIGUA (IED)", "NOMBRE_SED": "COLEGIO TORQUIGUA (IED) - SEDE PRINCIPAL", "ORDEN_DE_S": "A", "DIRECCION": "CL 64 # 128 - 50", "DISCAPACID": "FISICA-INTELECTUAL-MULTIPLE", "TALENTOS_O": "TALENTO EXCEPCIONAL EN ACTIVIDAD FISICA, EJERCICIO Y DEPORTE-TALENTO EXCEPCIONAL EN ARTES Y LETRAS-TALENTO EXCEPCIONAL EN TECNOLOGIA", "GRUPOS_ETN": "AFRODESCENDIENTES-INDIGENAS-NEGRITUDES", "SECTOR": 2, "NATU_JUR": 9, "CALENDARIO": 1, "GENERO": 5, "COD_LOCA": "10", "ESPECIALID": 1, "CLASE_TIPO": 2, "BILINGUE": 5, "FECHA": "2025-04-30", "DANE12_EST": "111001098931", "DANE12_SED": "111001098931", "DA_HIPOACU": 0, "DA_SORDERA": 0, "DA_LENGUAS": 0, "DA_UCASTEL": 0, "DISCAP_FIS": 6, "DISCAP_FLE": 0, "DISCAP_PCE": 0, "DI_DCOGNIT": 13, "DI_SDOWN": 0, "DIS_MULTIP": 9, "DIS_PSICOS": 0, "DV_BAJAVIS": 0, "DIS_CEGUER": 0, "T_ESPECTRO": 0, "T_VOZ_Y_HA": 0, "SISTEMICA": 0, "SORDOCEGUE": 0, "OTRA": 0, "TOT_EST_MA": 28, "AFRODESCEN": 3, "INDIGENAS": 5, "NEGRITUDES": 0, "PALENQUERO": 0, "RAIZALES": 0, "ROM": 0, "TOT_EST_ET": 8, "CAPACID_EX": 1, "DOBLE_EXCE": 0, "TE_ACTFISI": 1, "TE_ARTES": 0, "TE_CNATUR": 0, "TE_CSOCIAL": 1, "TE_LDSOCIA": 0, "TE_TECNOLO": 0, "TOT_EST_CA": 3, "TMATRIC_GE": 1124, "Zona": 1 }, "geometry": { "type": "Point", "coordinates": [ -8253662.306600000709295, 526203.134399998933077 ] } },
{ "type": "Feature", "properties": { "NOMBRE_EST": "COLEGIO BOLIVIA (IED)", "NOMBRE_SED": "BOLIVIA", "ORDEN_DE_S": "A", "DIRECCION": "KR 68 G # 78 - 20", "DISCAPACID": "FISICA-INTELECTUAL-MENTAL/PSICOSOCIAL-MULTIPLE", "TALENTOS_O": "TALENTO EXCEPCIONAL EN CIENCIAS NATURALES O BASICAS", "GRUPOS_ETN": "INDIGENAS-NEGRITUDES", "SECTOR": 2, "NATU_JUR": 9, "CALENDARIO": 1, "GENERO": 5, "COD_LOCA": "10", "ESPECIALID": 1, "CLASE_TIPO": 1, "BILINGUE": 5, "FECHA": "2025-04-30", "DANE12_EST": "111001104035", "DANE12_SED": "111001104035", "DA_HIPOACU": 0, "DA_SORDERA": 0, "DA_LENGUAS": 0, "DA_UCASTEL": 0, "DISCAP_FIS": 1, "DISCAP_FLE": 0, "DISCAP_PCE": 0, "DI_DCOGNIT": 370, "DI_SDOWN": 0, "DIS_MULTIP": 37, "DIS_PSICOS": 10, "DV_BAJAVIS": 0, "DIS_CEGUER": 0, "T_ESPECTRO": 0, "T_VOZ_Y_HA": 0, "SISTEMICA": 0, "SORDOCEGUE": 0, "OTRA": 0, "TOT_EST_MA": 418, "AFRODESCEN": 0, "INDIGENAS": 2, "NEGRITUDES": 2, "PALENQUERO": 0, "RAIZALES": 0, "ROM": 0, "TOT_EST_ET": 4, "CAPACID_EX": 1, "DOBLE_EXCE": 0, "TE_ACTFISI": 0, "TE_ARTES": 0, "TE_CNATUR": 0, "TE_CSOCIAL": 0, "TE_LDSOCIA": 0, "TE_TECNOLO": 0, "TOT_EST_CA": 1, "TMATRIC_GE": 418, "Zona": 1 }, "geometry": { "type": "Point", "coordinates": [ -8246778.309299999848008, 522044.708700001239777 ] } },
{ "type": "Feature", "properties": { "NOMBRE_EST": "COLEGIO TOMAS CIPRIANO DE MOSQUERA (IED)", "NOMBRE_SED": "TOMAS CIPRIANO DE MOSQUERA", "ORDEN_DE_S": "A", "DIRECCION": "TV 113 # 66 - 95", "DISCAPACID": "AUDITIVA-FISICA-INTELECTUAL-MENTAL/PSICOSOCIAL-MULTIPLE", "TALENTOS_O": "CAPACIDADES EXCEPCIONALES-TALENTO EXCEPCIONAL EN ACTIVIDAD FISICA, EJERCICIO Y DEPORTE-TALENTO EXCEPCIONAL EN ARTES Y LETRAS-TALENTO EXCEPCIONAL EN CIENCIAS SOCIALES O HUMANAS-TALENTO EXCEPCIONAL EN LIDERAZGO SOCIAL Y EMPRENDIMIENTO-TALENTO EXCEPCIONAL E", "GRUPOS_ETN": "AFRODESCENDIENTES-INDIGENAS-NEGRITUDES", "SECTOR": 2, "NATU_JUR": 9, "CALENDARIO": 1, "GENERO": 5, "COD_LOCA": "10", "ESPECIALID": 1, "CLASE_TIPO": 1, "BILINGUE": 5, "FECHA": "2025-04-30", "DANE12_EST": "111001108456", "DANE12_SED": "111001108456", "DA_HIPOACU": 4, "DA_SORDERA": 0, "DA_LENGUAS": 0, "DA_UCASTEL": 0, "DISCAP_FIS": 7, "DISCAP_FLE": 0, "DISCAP_PCE": 0, "DI_DCOGNIT": 26, "DI_SDOWN": 0, "DIS_MULTIP": 8, "DIS_PSICOS": 5, "DV_BAJAVIS": 0, "DIS_CEGUER": 0, "T_ESPECTRO": 0, "T_VOZ_Y_HA": 0, "SISTEMICA": 0, "SORDOCEGUE": 0, "OTRA": 0, "TOT_EST_MA": 50, "AFRODESCEN": 11, "INDIGENAS": 9, "NEGRITUDES": 6, "PALENQUERO": 0, "RAIZALES": 0, "ROM": 0, "TOT_EST_ET": 26, "CAPACID_EX": 1, "DOBLE_EXCE": 0, "TE_ACTFISI": 13, "TE_ARTES": 1, "TE_CNATUR": 0, "TE_CSOCIAL": 1, "TE_LDSOCIA": 2, "TE_TECNOLO": 3, "TOT_EST_CA": 21, "TMATRIC_GE": 2038, "Zona": 1 }, "geometry": { "type": "Point", "coordinates": [ -8252623.695800000801682, 524697.452500000596046 ] } },
{ "type": "Feature", "properties": { "NOMBRE_EST": "COLEGIO CHARRY (IED)", "NOMBRE_SED": "CHARRY", "ORDEN_DE_S": "A", "DIRECCION": "KR 109 A # 77 A - 16", "DISCAPACID": "AUDITIVA-FISICA-INTELECTUAL-MENTAL/PSICOSOCIAL-MULTIPLE-SORDOCEGUERA", "TALENTOS_O": "CAPACIDADES EXCEPCIONALES-TALENTO EXCEPCIONAL EN ACTIVIDAD FISICA, EJERCICIO Y DEPORTE-TALENTO EXCEPCIONAL EN ARTES Y LETRAS-TALENTO EXCEPCIONAL EN LIDERAZGO SOCIAL Y EMPRENDIMIENTO-TALENTO EXCEPCIONAL EN TECNOLOGIA", "GRUPOS_ETN": "AFRODESCENDIENTES-INDIGENAS-NEGRITUDES-RAIZALES", "SECTOR": 2, "NATU_JUR": 9, "CALENDARIO": 1, "GENERO": 5, "COD_LOCA": "10", "ESPECIALID": 1, "CLASE_TIPO": 1, "BILINGUE": 5, "FECHA": "2025-04-30", "DANE12_EST": "111001108901", "DANE12_SED": "111001108901", "DA_HIPOACU": 0, "DA_SORDERA": 0, "DA_LENGUAS": 0, "DA_UCASTEL": 0, "DISCAP_FIS": 6, "DISCAP_FLE": 0, "DISCAP_PCE": 0, "DI_DCOGNIT": 46, "DI_SDOWN": 0, "DIS_MULTIP": 25, "DIS_PSICOS": 9, "DV_BAJAVIS": 1, "DIS_CEGUER": 0, "T_ESPECTRO": 0, "T_VOZ_Y_HA": 0, "SISTEMICA": 0, "SORDOCEGUE": 0, "OTRA": 0, "TOT_EST_MA": 87, "AFRODESCEN": 13, "INDIGENAS": 40, "NEGRITUDES": 9, "PALENQUERO": 0, "RAIZALES": 4, "ROM": 0, "TOT_EST_ET": 66, "CAPACID_EX": 3, "DOBLE_EXCE": 0, "TE_ACTFISI": 13, "TE_ARTES": 8, "TE_CNATUR": 1, "TE_CSOCIAL": 1, "TE_LDSOCIA": 2, "TE_TECNOLO": 1, "TOT_EST_CA": 29, "TMATRIC_GE": 2180, "Zona": 1 }, "geometry": { "type": "Point", "coordinates": [ -8251035.166600000113249, 525355.346999999135733 ] } },
{ "type": "Feature", "properties": { "NOMBRE_EST": "COLEGIO RODOLFO LLINAS (IED)", "NOMBRE_SED": "RODOLFO LLINAS", "ORDEN_DE_S": "A", "DIRECCION": "DG 86 A # 103 C - 80", "DISCAPACID": "AUDITIVA-FISICA-INTELECTUAL-MENTAL/PSICOSOCIAL-MULTIPLE", "TALENTOS_O": "TALENTO EXCEPCIONAL EN ACTIVIDAD FISICA, EJERCICIO Y DEPORTE-TALENTO EXCEPCIONAL EN ARTES Y LETRAS-TALENTO EXCEPCIONAL EN CIENCIAS NATURALES O BASICAS-TALENTO EXCEPCIONAL EN CIENCIAS SOCIALES O HUMANAS-TALENTO EXCEPCIONAL EN LIDERAZGO SOCIAL Y EMPRENDIMI", "GRUPOS_ETN": "AFRODESCENDIENTES-INDIGENAS-NEGRITUDES", "SECTOR": 2, "NATU_JUR": 9, "CALENDARIO": 1, "GENERO": 5, "COD_LOCA": "10", "ESPECIALID": 1, "CLASE_TIPO": 1, "BILINGUE": 5, "FECHA": "2025-04-30", "DANE12_EST": "111001109550", "DANE12_SED": "111001109550", "DA_HIPOACU": 1, "DA_SORDERA": 0, "DA_LENGUAS": 0, "DA_UCASTEL": 0, "DISCAP_FIS": 3, "DISCAP_FLE": 0, "DISCAP_PCE": 0, "DI_DCOGNIT": 4, "DI_SDOWN": 0, "DIS_MULTIP": 11, "DIS_PSICOS": 3, "DV_BAJAVIS": 0, "DIS_CEGUER": 0, "T_ESPECTRO": 0, "T_VOZ_Y_HA": 0, "SISTEMICA": 0, "SORDOCEGUE": 0, "OTRA": 0, "TOT_EST_MA": 22, "AFRODESCEN": 2, "INDIGENAS": 1, "NEGRITUDES": 0, "PALENQUERO": 0, "RAIZALES": 1, "ROM": 0, "TOT_EST_ET": 4, "CAPACID_EX": 0, "DOBLE_EXCE": 0, "TE_ACTFISI": 12, "TE_ARTES": 5, "TE_CNATUR": 1, "TE_CSOCIAL": 1, "TE_LDSOCIA": 3, "TE_TECNOLO": 1, "TOT_EST_CA": 23, "TMATRIC_GE": 1019, "Zona": 1 }, "geometry": { "type": "Point", "coordinates": [ -8249783.935599999502301, 525993.141399998217821 ] } },
{ "type": "Feature", "properties": { "NOMBRE_EST": "COLEGIO RODOLFO LLINAS (IED)", "NOMBRE_SED": "SEDE B", "ORDEN_DE_S": "B", "DIRECCION": "CL 87 # 102 - 55", "DISCAPACID": "AUDITIVA-INTELECTUAL-MENTAL/PSICOSOCIAL-MULTIPLE-VISUAL", "TALENTOS_O": "TALENTO EXCEPCIONAL EN ACTIVIDAD FISICA, EJERCICIO Y DEPORTE-TALENTO EXCEPCIONAL EN LIDERAZGO SOCIAL Y EMPRENDIMIENTO-TALENTO EXCEPCIONAL EN TECNOLOGIA", "GRUPOS_ETN": "INDIGENAS", "SECTOR": 2, "NATU_JUR": 9, "CALENDARIO": 1, "GENERO": 5, "COD_LOCA": "10", "ESPECIALID": 1, "CLASE_TIPO": 1, "BILINGUE": 5, "FECHA": "2025-04-30", "DANE12_EST": "111001109550", "DANE12_SED": "111001801004", "DA_HIPOACU": 5, "DA_SORDERA": 0, "DA_LENGUAS": 0, "DA_UCASTEL": 0, "DISCAP_FIS": 0, "DISCAP_FLE": 0, "DISCAP_PCE": 0, "DI_DCOGNIT": 19, "DI_SDOWN": 0, "DIS_MULTIP": 8, "DIS_PSICOS": 3, "DV_BAJAVIS": 2, "DIS_CEGUER": 0, "T_ESPECTRO": 0, "T_VOZ_Y_HA": 0, "SISTEMICA": 0, "SORDOCEGUE": 0, "OTRA": 0, "TOT_EST_MA": 37, "AFRODESCEN": 0, "INDIGENAS": 1, "NEGRITUDES": 0, "PALENQUERO": 0, "RAIZALES": 0, "ROM": 0, "TOT_EST_ET": 1, "CAPACID_EX": 0, "DOBLE_EXCE": 0, "TE_ACTFISI": 7, "TE_ARTES": 2, "TE_CNATUR": 2, "TE_CSOCIAL": 1, "TE_LDSOCIA": 2, "TE_TECNOLO": 4, "TOT_EST_CA": 18, "TMATRIC_GE": 1303, "Zona": 1 }, "geometry": { "type": "Point", "coordinates": [ -8249555.730599999427795, 525920.537599999457598 ] } },
{ "type": "Feature", "properties": { "NOMBRE_EST": "COLEGIO ABEL RODRIGUEZ CESPEDES (IED)", "NOMBRE_SED": "COLEGIO ABEL RODRIGUEZ CESPEDES (IED)", "ORDEN_DE_S": "A", "DIRECCION": "CL 72 F # 114 - 51 INT 17/38", "DISCAPACID": "FISICA-INTELECTUAL-MENTAL/PSICOSOCIAL-MULTIPLE-VISUAL", "TALENTOS_O": "TALENTO EXCEPCIONAL EN ARTES Y LETRAS-TALENTO EXCEPCIONAL EN CIENCIAS NATURALES O BASICAS", "GRUPOS_ETN": "AFRODESCENDIENTES-INDIGENAS-RAIZALES", "SECTOR": 2, "NATU_JUR": 9, "CALENDARIO": 1, "GENERO": 5, "COD_LOCA": "10", "ESPECIALID": 1, "CLASE_TIPO": 1, "BILINGUE": 5, "FECHA": "2025-04-30", "DANE12_EST": "111001801055", "DANE12_SED": "111001801055", "DA_HIPOACU": 3, "DA_SORDERA": 0, "DA_LENGUAS": 0, "DA_UCASTEL": 0, "DISCAP_FIS": 5, "DISCAP_FLE": 0, "DISCAP_PCE": 0, "DI_DCOGNIT": 22, "DI_SDOWN": 0, "DIS_MULTIP": 7, "DIS_PSICOS": 1, "DV_BAJAVIS": 0, "DIS_CEGUER": 0, "T_ESPECTRO": 0, "T_VOZ_Y_HA": 0, "SISTEMICA": 0, "SORDOCEGUE": 0, "OTRA": 0, "TOT_EST_MA": 38, "AFRODESCEN": 2, "INDIGENAS": 4, "NEGRITUDES": 0, "PALENQUERO": 0, "RAIZALES": 1, "ROM": 0, "TOT_EST_ET": 7, "CAPACID_EX": 0, "DOBLE_EXCE": 0, "TE_ACTFISI": 1, "TE_ARTES": 2, "TE_CNATUR": 1, "TE_CSOCIAL": 0, "TE_LDSOCIA": 0, "TE_TECNOLO": 0, "TOT_EST_CA": 4, "TMATRIC_GE": 1020, "Zona": 1 }, "geometry": { "type": "Point", "coordinates": [ -8252077.11710000038147, 525588.794799998402596 ] } },
{ "type": "Feature", "properties": { "NOMBRE_EST": "COLEGIO LUCILA RUBIO DE LAVERDE (IED)", "NOMBRE_SED": "COLEGIO LUCILA RUBIO DE LAVERDE (IED)", "ORDEN_DE_S": "A", "DIRECCION": "CL 78 C # 130 - 01", "DISCAPACID": "FISICA-INTELECTUAL-MENTAL/PSICOSOCIAL-MULTIPLE", "TALENTOS_O": "CAPACIDADES EXCEPCIONALES-TALENTO EXCEPCIONAL EN ACTIVIDAD FISICA, EJERCICIO Y DEPORTE-TALENTO EXCEPCIONAL EN TECNOLOGIA", "GRUPOS_ETN": "AFRODESCENDIENTES", "SECTOR": 2, "NATU_JUR": 9, "CALENDARIO": 1, "GENERO": 5, "COD_LOCA": "10", "ESPECIALID": 1, "CLASE_TIPO": 1, "BILINGUE": 5, "FECHA": "2025-04-30", "DANE12_EST": "111001801071", "DANE12_SED": "111001801071", "DA_HIPOACU": 1, "DA_SORDERA": 0, "DA_LENGUAS": 0, "DA_UCASTEL": 0, "DISCAP_FIS": 4, "DISCAP_FLE": 0, "DISCAP_PCE": 0, "DI_DCOGNIT": 4, "DI_SDOWN": 0, "DIS_MULTIP": 7, "DIS_PSICOS": 0, "DV_BAJAVIS": 0, "DIS_CEGUER": 0, "T_ESPECTRO": 0, "T_VOZ_Y_HA": 0, "SISTEMICA": 0, "SORDOCEGUE": 0, "OTRA": 0, "TOT_EST_MA": 16, "AFRODESCEN": 3, "INDIGENAS": 5, "NEGRITUDES": 0, "PALENQUERO": 0, "RAIZALES": 0, "ROM": 0, "TOT_EST_ET": 8, "CAPACID_EX": 1, "DOBLE_EXCE": 0, "TE_ACTFISI": 3, "TE_ARTES": 3, "TE_CNATUR": 0, "TE_CSOCIAL": 0, "TE_LDSOCIA": 2, "TE_TECNOLO": 1, "TOT_EST_CA": 10, "TMATRIC_GE": 1028, "Zona": 1 }, "geometry": { "type": "Point", "coordinates": [ -8252829.636800000444055, 526598.548200000077486 ] } },
{ "type": "Feature", "properties": { "NOMBRE_EST": "COLEGIO LA PALESTINA (IED)", "NOMBRE_SED": "CENTRO DE ESTUDIOS DEL NIÑO", "ORDEN_DE_S": "A", "DIRECCION": "KR 76 # 79 - 40", "DISCAPACID": "INTELECTUAL-MENTAL/PSICOSOCIAL-VISUAL", "TALENTOS_O": "TALENTO EXCEPCIONAL EN ACTIVIDAD FISICA, EJERCICIO Y DEPORTE-TALENTO EXCEPCIONAL EN LIDERAZGO SOCIAL Y EMPRENDIMIENTO-TALENTO EXCEPCIONAL EN TECNOLOGIA", "GRUPOS_ETN": "INDIGENAS-NEGRITUDES", "SECTOR": 2, "NATU_JUR": 9, "CALENDARIO": 1, "GENERO": 5, "COD_LOCA": "10", "ESPECIALID": 1, "CLASE_TIPO": 1, "BILINGUE": 5, "FECHA": "2025-04-30", "DANE12_EST": "111265000017", "DANE12_SED": "111265000017", "DA_HIPOACU": 0, "DA_SORDERA": 0, "DA_LENGUAS": 0, "DA_UCASTEL": 0, "DISCAP_FIS": 2, "DISCAP_FLE": 0, "DISCAP_PCE": 0, "DI_DCOGNIT": 3, "DI_SDOWN": 0, "DIS_MULTIP": 1, "DIS_PSICOS": 2, "DV_BAJAVIS": 0, "DIS_CEGUER": 0, "T_ESPECTRO": 0, "T_VOZ_Y_HA": 0, "SISTEMICA": 0, "SORDOCEGUE": 0, "OTRA": 0, "TOT_EST_MA": 8, "AFRODESCEN": 0, "INDIGENAS": 1, "NEGRITUDES": 0, "PALENQUERO": 0, "RAIZALES": 0, "ROM": 0, "TOT_EST_ET": 1, "CAPACID_EX": 0, "DOBLE_EXCE": 0, "TE_ACTFISI": 1, "TE_ARTES": 0, "TE_CNATUR": 0, "TE_CSOCIAL": 0, "TE_LDSOCIA": 0, "TE_TECNOLO": 1, "TOT_EST_CA": 2, "TMATRIC_GE": 311, "Zona": 1 }, "geometry": { "type": "Point", "coordinates": [ -8248058.4835, 523474.386799998581409 ] } },
{ "type": "Feature", "properties": { "NOMBRE_EST": "COLEGIO LA PALESTINA (IED)", "NOMBRE_SED": "LA PALESTINA", "ORDEN_DE_S": "B", "DIRECCION": "TV 77 # 81 B - 91", "DISCAPACID": "FISICA-INTELECTUAL-MENTAL/PSICOSOCIAL-MULTIPLE", "TALENTOS_O": "TALENTO EXCEPCIONAL EN ACTIVIDAD FISICA, EJERCICIO Y DEPORTE-TALENTO EXCEPCIONAL EN ARTES Y LETRAS-TALENTO EXCEPCIONAL EN LIDERAZGO SOCIAL Y EMPRENDIMIENTO", "GRUPOS_ETN": "INDIGENAS-RAIZALES", "SECTOR": 2, "NATU_JUR": 9, "CALENDARIO": 1, "GENERO": 5, "COD_LOCA": "10", "ESPECIALID": 1, "CLASE_TIPO": 1, "BILINGUE": 5, "FECHA": "2025-04-30", "DANE12_EST": "111265000017", "DANE12_SED": "111850001410", "DA_HIPOACU": 0, "DA_SORDERA": 0, "DA_LENGUAS": 0, "DA_UCASTEL": 0, "DISCAP_FIS": 0, "DISCAP_FLE": 0, "DISCAP_PCE": 0, "DI_DCOGNIT": 11, "DI_SDOWN": 0, "DIS_MULTIP": 7, "DIS_PSICOS": 1, "DV_BAJAVIS": 0, "DIS_CEGUER": 0, "T_ESPECTRO": 0, "T_VOZ_Y_HA": 0, "SISTEMICA": 0, "SORDOCEGUE": 0, "OTRA": 0, "TOT_EST_MA": 19, "AFRODESCEN": 1, "INDIGENAS": 7, "NEGRITUDES": 0, "PALENQUERO": 0, "RAIZALES": 1, "ROM": 0, "TOT_EST_ET": 9, "CAPACID_EX": 0, "DOBLE_EXCE": 0, "TE_ACTFISI": 7, "TE_ARTES": 4, "TE_CNATUR": 0, "TE_CSOCIAL": 0, "TE_LDSOCIA": 3, "TE_TECNOLO": 0, "TOT_EST_CA": 14, "TMATRIC_GE": 1050, "Zona": 1 }, "geometry": { "type": "Point", "coordinates": [ -8248109.690400000661612, 523760.325500000268221 ] } },
{ "type": "Feature", "properties": { "NOMBRE_EST": "COLEGIO GENERAL SANTANDER (IED)", "NOMBRE_SED": "GENERAL SANTANDER", "ORDEN_DE_S": "A", "DIRECCION": "KR 123 # 65 A - 03", "DISCAPACID": "AUDITIVA-FISICA-INTELECTUAL-MENTAL/PSICOSOCIAL-MULTIPLE-SORDOCEGUERA", "TALENTOS_O": "TALENTO EXCEPCIONAL EN ACTIVIDAD FISICA, EJERCICIO Y DEPORTE-TALENTO EXCEPCIONAL EN ARTES Y LETRAS-TALENTO EXCEPCIONAL EN CIENCIAS SOCIALES O HUMANAS-TALENTO EXCEPCIONAL EN LIDERAZGO SOCIAL Y EMPRENDIMIENTO", "GRUPOS_ETN": "AFRODESCENDIENTES-INDIGENAS-NEGRITUDES", "SECTOR": 2, "NATU_JUR": 9, "CALENDARIO": 1, "GENERO": 5, "COD_LOCA": "10", "ESPECIALID": 1, "CLASE_TIPO": 1, "BILINGUE": 5, "FECHA": "2025-04-30", "DANE12_EST": "111265000025", "DANE12_SED": "111265000025", "DA_HIPOACU": 1, "DA_SORDERA": 0, "DA_LENGUAS": 0, "DA_UCASTEL": 0, "DISCAP_FIS": 2, "DISCAP_FLE": 0, "DISCAP_PCE": 0, "DI_DCOGNIT": 45, "DI_SDOWN": 0, "DIS_MULTIP": 12, "DIS_PSICOS": 6, "DV_BAJAVIS": 4, "DIS_CEGUER": 0, "T_ESPECTRO": 0, "T_VOZ_Y_HA": 0, "SISTEMICA": 0, "SORDOCEGUE": 0, "OTRA": 0, "TOT_EST_MA": 72, "AFRODESCEN": 13, "INDIGENAS": 7, "NEGRITUDES": 7, "PALENQUERO": 0, "RAIZALES": 0, "ROM": 0, "TOT_EST_ET": 27, "CAPACID_EX": 0, "DOBLE_EXCE": 0, "TE_ACTFISI": 9, "TE_ARTES": 6, "TE_CNATUR": 0, "TE_CSOCIAL": 2, "TE_LDSOCIA": 0, "TE_TECNOLO": 0, "TOT_EST_CA": 17, "TMATRIC_GE": 1776, "Zona": 1 }, "geometry": { "type": "Point", "coordinates": [ -8253276.028000000864267, 525633.473900001496077 ] } },
{ "type": "Feature", "properties": { "NOMBRE_EST": "COLEGIO GENERAL SANTANDER (IED)", "NOMBRE_SED": "CARDENAL LUQUE", "ORDEN_DE_S": "B", "DIRECCION": "KR 122 A # 64 - 50", "DISCAPACID": "AUDITIVA-FISICA-INTELECTUAL-MENTAL/PSICOSOCIAL-MULTIPLE-SORDOCEGUERA", "TALENTOS_O": "TALENTO EXCEPCIONAL EN ACTIVIDAD FISICA, EJERCICIO Y DEPORTE-TALENTO EXCEPCIONAL EN ARTES Y LETRAS-TALENTO EXCEPCIONAL EN CIENCIAS NATURALES O BASICAS-TALENTO EXCEPCIONAL EN CIENCIAS SOCIALES O HUMANAS-TALENTO EXCEPCIONAL EN LIDERAZGO SOCIAL Y EMPRENDIMI", "GRUPOS_ETN": "AFRODESCENDIENTES-INDIGENAS-NEGRITUDES", "SECTOR": 2, "NATU_JUR": 9, "CALENDARIO": 1, "GENERO": 5, "COD_LOCA": "10", "ESPECIALID": 13, "CLASE_TIPO": 1, "BILINGUE": 5, "FECHA": "2025-04-30", "DANE12_EST": "111265000025", "DANE12_SED": "111001107042", "DA_HIPOACU": 3, "DA_SORDERA": 0, "DA_LENGUAS": 0, "DA_UCASTEL": 0, "DISCAP_FIS": 3, "DISCAP_FLE": 0, "DISCAP_PCE": 0, "DI_DCOGNIT": 21, "DI_SDOWN": 0, "DIS_MULTIP": 8, "DIS_PSICOS": 0, "DV_BAJAVIS": 2, "DIS_CEGUER": 0, "T_ESPECTRO": 0, "T_VOZ_Y_HA": 0, "SISTEMICA": 0, "SORDOCEGUE": 0, "OTRA": 0, "TOT_EST_MA": 37, "AFRODESCEN": 14, "INDIGENAS": 6, "NEGRITUDES": 7, "PALENQUERO": 0, "RAIZALES": 0, "ROM": 0, "TOT_EST_ET": 27, "CAPACID_EX": 2, "DOBLE_EXCE": 0, "TE_ACTFISI": 11, "TE_ARTES": 3, "TE_CNATUR": 0, "TE_CSOCIAL": 2, "TE_LDSOCIA": 1, "TE_TECNOLO": 2, "TOT_EST_CA": 21, "TMATRIC_GE": 1734, "Zona": 1 }, "geometry": { "type": "Point", "coordinates": [ -8253395.139799999073148, 525467.044399999082088 ] } },
{ "type": "Feature", "properties": { "NOMBRE_EST": "COLEGIO GENERAL SANTANDER (IED)", "NOMBRE_SED": "SEDE C", "ORDEN_DE_S": "C", "DIRECCION": "KR 122 A BIS # 69 C - 21", "DISCAPACID": "AUDITIVA-MULTIPLE", "TALENTOS_O": "TALENTO EXCEPCIONAL EN ACTIVIDAD FISICA, EJERCICIO Y DEPORTE", "GRUPOS_ETN": "AFRODESCENDIENTES-INDIGENAS", "SECTOR": 2, "NATU_JUR": 9, "CALENDARIO": 1, "GENERO": 5, "COD_LOCA": "10", "ESPECIALID": 1, "CLASE_TIPO": 1, "BILINGUE": 5, "FECHA": "2025-04-30", "DANE12_EST": "111265000025", "DANE12_SED": "111001110639", "DA_HIPOACU": 0, "DA_SORDERA": 0, "DA_LENGUAS": 0, "DA_UCASTEL": 0, "DISCAP_FIS": 0, "DISCAP_FLE": 0, "DISCAP_PCE": 0, "DI_DCOGNIT": 0, "DI_SDOWN": 0, "DIS_MULTIP": 2, "DIS_PSICOS": 0, "DV_BAJAVIS": 0, "DIS_CEGUER": 0, "T_ESPECTRO": 0, "T_VOZ_Y_HA": 0, "SISTEMICA": 0, "SORDOCEGUE": 0, "OTRA": 0, "TOT_EST_MA": 2, "AFRODESCEN": 0, "INDIGENAS": 0, "NEGRITUDES": 0, "PALENQUERO": 0, "RAIZALES": 0, "ROM": 0, "TOT_EST_ET": 0, "CAPACID_EX": 0, "DOBLE_EXCE": 0, "TE_ACTFISI": 0, "TE_ARTES": 0, "TE_CNATUR": 0, "TE_CSOCIAL": 0, "TE_LDSOCIA": 0, "TE_TECNOLO": 0, "TOT_EST_CA": 0, "TMATRIC_GE": 340, "Zona": 1 }, "geometry": { "type": "Point", "coordinates": [ -8252995.502900000661612, 525752.990499999374151 ] } },
{ "type": "Feature", "properties": { "NOMBRE_EST": "COLEGIO ANTONIO VILLAVICENCIO (IED)", "NOMBRE_SED": "ANTONIO VILLAVICENCIO", "ORDEN_DE_S": "A", "DIRECCION": "CL 65 # 112 A - 39", "DISCAPACID": "FISICA-INTELECTUAL-MENTAL/PSICOSOCIAL-SORDOCEGUERA", "TALENTOS_O": "TALENTO EXCEPCIONAL EN ACTIVIDAD FISICA, EJERCICIO Y DEPORTE-TALENTO EXCEPCIONAL EN ARTES Y LETRAS-TALENTO EXCEPCIONAL EN CIENCIAS SOCIALES O HUMANAS-TALENTO EXCEPCIONAL EN LIDERAZGO SOCIAL Y EMPRENDIMIENTO-TALENTO EXCEPCIONAL EN TECNOLOGIA", "GRUPOS_ETN": "AFRODESCENDIENTES-INDIGENAS-NEGRITUDES", "SECTOR": 2, "NATU_JUR": 9, "CALENDARIO": 1, "GENERO": 5, "COD_LOCA": "10", "ESPECIALID": 1, "CLASE_TIPO": 1, "BILINGUE": 5, "FECHA": "2025-04-30", "DANE12_EST": "111265000343", "DANE12_SED": "111265000343", "DA_HIPOACU": 2, "DA_SORDERA": 0, "DA_LENGUAS": 0, "DA_UCASTEL": 0, "DISCAP_FIS": 2, "DISCAP_FLE": 0, "DISCAP_PCE": 0, "DI_DCOGNIT": 14, "DI_SDOWN": 0, "DIS_MULTIP": 3, "DIS_PSICOS": 1, "DV_BAJAVIS": 0, "DIS_CEGUER": 0, "T_ESPECTRO": 0, "T_VOZ_Y_HA": 0, "SISTEMICA": 0, "SORDOCEGUE": 0, "OTRA": 0, "TOT_EST_MA": 22, "AFRODESCEN": 10, "INDIGENAS": 7, "NEGRITUDES": 0, "PALENQUERO": 0, "RAIZALES": 0, "ROM": 0, "TOT_EST_ET": 17, "CAPACID_EX": 0, "DOBLE_EXCE": 0, "TE_ACTFISI": 5, "TE_ARTES": 2, "TE_CNATUR": 0, "TE_CSOCIAL": 0, "TE_LDSOCIA": 1, "TE_TECNOLO": 1, "TOT_EST_CA": 9, "TMATRIC_GE": 758, "Zona": 1 }, "geometry": { "type": "Point", "coordinates": [ -8252585.847100000828505, 524359.013199999928474 ] } },
{ "type": "Feature", "properties": { "NOMBRE_EST": "COLEGIO ANTONIO VILLAVICENCIO (IED)", "NOMBRE_SED": "LOS LAURELES", "ORDEN_DE_S": "B", "DIRECCION": "KR 113 C # 63 F - 18", "DISCAPACID": "FISICA-INTELECTUAL", "TALENTOS_O": "CAPACIDADES EXCEPCIONALES-TALENTO EXCEPCIONAL EN ACTIVIDAD FISICA, EJERCICIO Y DEPORTE-TALENTO EXCEPCIONAL EN ARTES Y LETRAS-TALENTO EXCEPCIONAL EN LIDERAZGO SOCIAL Y EMPRENDIMIENTO", "GRUPOS_ETN": "AFRODESCENDIENTES", "SECTOR": 2, "NATU_JUR": 9, "CALENDARIO": 1, "GENERO": 5, "COD_LOCA": "10", "ESPECIALID": 13, "CLASE_TIPO": 1, "BILINGUE": 5, "FECHA": "2025-04-30", "DANE12_EST": "111265000343", "DANE12_SED": "111001030601", "DA_HIPOACU": 0, "DA_SORDERA": 0, "DA_LENGUAS": 0, "DA_UCASTEL": 0, "DISCAP_FIS": 0, "DISCAP_FLE": 0, "DISCAP_PCE": 0, "DI_DCOGNIT": 0, "DI_SDOWN": 0, "DIS_MULTIP": 3, "DIS_PSICOS": 0, "DV_BAJAVIS": 0, "DIS_CEGUER": 0, "T_ESPECTRO": 0, "T_VOZ_Y_HA": 0, "SISTEMICA": 0, "SORDOCEGUE": 0, "OTRA": 0, "TOT_EST_MA": 3, "AFRODESCEN": 2, "INDIGENAS": 0, "NEGRITUDES": 0, "PALENQUERO": 0, "RAIZALES": 0, "ROM": 0, "TOT_EST_ET": 2, "CAPACID_EX": 0, "DOBLE_EXCE": 0, "TE_ACTFISI": 2, "TE_ARTES": 0, "TE_CNATUR": 0, "TE_CSOCIAL": 0, "TE_LDSOCIA": 0, "TE_TECNOLO": 0, "TOT_EST_CA": 2, "TMATRIC_GE": 176, "Zona": 1 }, "geometry": { "type": "Point", "coordinates": [ -8253264.895999999716878, 524819.201699998229742 ] } },
{ "type": "Feature", "properties": { "NOMBRE_EST": "COLEGIO ANTONIO VILLAVICENCIO (IED)", "NOMBRE_SED": "BOSQUES DE MARIANA", "ORDEN_DE_S": "C", "DIRECCION": "CL 70 F # 110 - 11", "DISCAPACID": "FISICA-INTELECTUAL-MENTAL/PSICOSOCIAL", "TALENTOS_O": "TALENTO EXCEPCIONAL EN ARTES Y LETRAS-TALENTO EXCEPCIONAL EN CIENCIAS NATURALES O BASICAS-TALENTO EXCEPCIONAL EN CIENCIAS SOCIALES O HUMANAS-TALENTO EXCEPCIONAL EN LIDERAZGO SOCIAL Y EMPRENDIMIENTO-TALENTO EXCEPCIONAL EN TECNOLOGIA", "GRUPOS_ETN": "AFRODESCENDIENTES-INDIGENAS-NEGRITUDES", "SECTOR": 2, "NATU_JUR": 9, "CALENDARIO": 1, "GENERO": 5, "COD_LOCA": "10", "ESPECIALID": 1, "CLASE_TIPO": 1, "BILINGUE": 5, "FECHA": "2025-04-30", "DANE12_EST": "111265000343", "DANE12_SED": "111001800946", "DA_HIPOACU": 1, "DA_SORDERA": 0, "DA_LENGUAS": 0, "DA_UCASTEL": 0, "DISCAP_FIS": 1, "DISCAP_FLE": 0, "DISCAP_PCE": 0, "DI_DCOGNIT": 13, "DI_SDOWN": 0, "DIS_MULTIP": 0, "DIS_PSICOS": 2, "DV_BAJAVIS": 0, "DIS_CEGUER": 0, "T_ESPECTRO": 0, "T_VOZ_Y_HA": 0, "SISTEMICA": 0, "SORDOCEGUE": 0, "OTRA": 0, "TOT_EST_MA": 17, "AFRODESCEN": 10, "INDIGENAS": 3, "NEGRITUDES": 2, "PALENQUERO": 0, "RAIZALES": 0, "ROM": 0, "TOT_EST_ET": 15, "CAPACID_EX": 1, "DOBLE_EXCE": 0, "TE_ACTFISI": 3, "TE_ARTES": 0, "TE_CNATUR": 0, "TE_CSOCIAL": 0, "TE_LDSOCIA": 1, "TE_TECNOLO": 0, "TOT_EST_CA": 5, "TMATRIC_GE": 691, "Zona": 1 }, "geometry": { "type": "Point", "coordinates": [ -8251711.989099999889731, 524710.856100000441074 ] } },
{ "type": "Feature", "properties": { "NOMBRE_EST": "COLEGIO SIMON BOLIVAR (IED)", "NOMBRE_SED": "SIMON BOLIVAR", "ORDEN_DE_S": "A", "DIRECCION": "KR 92 # 87 A - 60", "DISCAPACID": "AUDITIVA-INTELECTUAL-MULTIPLE", "TALENTOS_O": "TALENTO EXCEPCIONAL EN ARTES Y LETRAS", "GRUPOS_ETN": "AFRODESCENDIENTES-INDIGENAS-NEGRITUDES", "SECTOR": 2, "NATU_JUR": 9, "CALENDARIO": 1, "GENERO": 5, "COD_LOCA": "10", "ESPECIALID": 1, "CLASE_TIPO": 1, "BILINGUE": 5, "FECHA": "2025-04-30", "DANE12_EST": "111265000394", "DANE12_SED": "111265000394", "DA_HIPOACU": 0, "DA_SORDERA": 0, "DA_LENGUAS": 0, "DA_UCASTEL": 0, "DISCAP_FIS": 3, "DISCAP_FLE": 0, "DISCAP_PCE": 0, "DI_DCOGNIT": 15, "DI_SDOWN": 0, "DIS_MULTIP": 4, "DIS_PSICOS": 1, "DV_BAJAVIS": 0, "DIS_CEGUER": 0, "T_ESPECTRO": 0, "T_VOZ_Y_HA": 0, "SISTEMICA": 0, "SORDOCEGUE": 0, "OTRA": 0, "TOT_EST_MA": 23, "AFRODESCEN": 9, "INDIGENAS": 21, "NEGRITUDES": 3, "PALENQUERO": 0, "RAIZALES": 0, "ROM": 0, "TOT_EST_ET": 33, "CAPACID_EX": 0, "DOBLE_EXCE": 0, "TE_ACTFISI": 3, "TE_ARTES": 1, "TE_CNATUR": 0, "TE_CSOCIAL": 1, "TE_LDSOCIA": 1, "TE_TECNOLO": 0, "TOT_EST_CA": 6, "TMATRIC_GE": 759, "Zona": 1 }, "geometry": { "type": "Point", "coordinates": [ -8248755.343499999493361, 525071.636300001293421 ] } },
{ "type": "Feature", "properties": { "NOMBRE_EST": "COLEGIO SIMON BOLIVAR (IED)", "NOMBRE_SED": "MATILDE ANARAY", "ORDEN_DE_S": "B", "DIRECCION": "KR 85 # 88 - 91", "DISCAPACID": "FISICA-INTELECTUAL-MULTIPLE", "TALENTOS_O": "CAPACIDADES EXCEPCIONALES-TALENTO EXCEPCIONAL EN ACTIVIDAD FISICA, EJERCICIO Y DEPORTE-TALENTO EXCEPCIONAL EN ARTES Y LETRAS-TALENTO EXCEPCIONAL EN CIENCIAS SOCIALES O HUMANAS-TALENTO EXCEPCIONAL EN LIDERAZGO SOCIAL Y EMPRENDIMIENTO", "GRUPOS_ETN": "AFRODESCENDIENTES-INDIGENAS-NEGRITUDES", "SECTOR": 2, "NATU_JUR": 9, "CALENDARIO": 1, "GENERO": 5, "COD_LOCA": "10", "ESPECIALID": 13, "CLASE_TIPO": 1, "BILINGUE": 5, "FECHA": "2025-04-30", "DANE12_EST": "111265000394", "DANE12_SED": "111001015792", "DA_HIPOACU": 0, "DA_SORDERA": 0, "DA_LENGUAS": 0, "DA_UCASTEL": 0, "DISCAP_FIS": 0, "DISCAP_FLE": 0, "DISCAP_PCE": 0, "DI_DCOGNIT": 1, "DI_SDOWN": 0, "DIS_MULTIP": 2, "DIS_PSICOS": 1, "DV_BAJAVIS": 0, "DIS_CEGUER": 0, "T_ESPECTRO": 0, "T_VOZ_Y_HA": 0, "SISTEMICA": 0, "SORDOCEGUE": 0, "OTRA": 0, "TOT_EST_MA": 4, "AFRODESCEN": 9, "INDIGENAS": 39, "NEGRITUDES": 6, "PALENQUERO": 0, "RAIZALES": 0, "ROM": 0, "TOT_EST_ET": 54, "CAPACID_EX": 0, "DOBLE_EXCE": 0, "TE_ACTFISI": 4, "TE_ARTES": 1, "TE_CNATUR": 0, "TE_CSOCIAL": 1, "TE_LDSOCIA": 1, "TE_TECNOLO": 0, "TOT_EST_CA": 7, "TMATRIC_GE": 559, "Zona": 1 }, "geometry": { "type": "Point", "coordinates": [ -8248205.425200000405312, 524753.300799999386072 ] } },
{ "type": "Feature", "properties": { "NOMBRE_EST": "COLEGIO NIDIA QUINTERO DE TURBAY (IED)", "NOMBRE_SED": "NIDYA QUINTERO DE TURBAY", "ORDEN_DE_S": "A", "DIRECCION": "CL 75 # 90 - 75", "DISCAPACID": "AUDITIVA-FISICA-INTELECTUAL-MENTAL/PSICOSOCIAL-MULTIPLE-VISUAL", "TALENTOS_O": "TALENTO EXCEPCIONAL EN ACTIVIDAD FISICA, EJERCICIO Y DEPORTE-TALENTO EXCEPCIONAL EN ARTES Y LETRAS-TALENTO EXCEPCIONAL EN CIENCIAS SOCIALES O HUMANAS-TALENTO EXCEPCIONAL EN TECNOLOGIA", "GRUPOS_ETN": "AFRODESCENDIENTES", "SECTOR": 2, "NATU_JUR": 9, "CALENDARIO": 1, "GENERO": 5, "COD_LOCA": "10", "ESPECIALID": 1, "CLASE_TIPO": 1, "BILINGUE": 5, "FECHA": "2025-04-30", "DANE12_EST": "111265000408", "DANE12_SED": "111265000408", "DA_HIPOACU": 0, "DA_SORDERA": 0, "DA_LENGUAS": 0, "DA_UCASTEL": 0, "DISCAP_FIS": 4, "DISCAP_FLE": 0, "DISCAP_PCE": 0, "DI_DCOGNIT": 19, "DI_SDOWN": 0, "DIS_MULTIP": 14, "DIS_PSICOS": 1, "DV_BAJAVIS": 0, "DIS_CEGUER": 0, "T_ESPECTRO": 0, "T_VOZ_Y_HA": 0, "SISTEMICA": 0, "SORDOCEGUE": 0, "OTRA": 0, "TOT_EST_MA": 38, "AFRODESCEN": 1, "INDIGENAS": 1, "NEGRITUDES": 0, "PALENQUERO": 0, "RAIZALES": 0, "ROM": 0, "TOT_EST_ET": 2, "CAPACID_EX": 0, "DOBLE_EXCE": 0, "TE_ACTFISI": 4, "TE_ARTES": 0, "TE_CNATUR": 0, "TE_CSOCIAL": 0, "TE_LDSOCIA": 0, "TE_TECNOLO": 1, "TOT_EST_CA": 5, "TMATRIC_GE": 1334, "Zona": 1 }, "geometry": { "type": "Point", "coordinates": [ -8249682.634800000116229, 524011.639800000935793 ] } },
{ "type": "Feature", "properties": { "NOMBRE_EST": "COLEGIO LA GAITANA (IED)", "NOMBRE_SED": "LA GAITANA", "ORDEN_DE_S": "A", "DIRECCION": "TV 126 # 134 - 88", "DISCAPACID": "AUDITIVA-FISICA-INTELECTUAL-MENTAL/PSICOSOCIAL", "TALENTOS_O": "TALENTO EXCEPCIONAL EN ACTIVIDAD FISICA, EJERCICIO Y DEPORTE-TALENTO EXCEPCIONAL EN ARTES Y LETRAS-TALENTO EXCEPCIONAL EN CIENCIAS NATURALES O BASICAS", "GRUPOS_ETN": "AFRODESCENDIENTES-INDIGENAS-NEGRITUDES", "SECTOR": 2, "NATU_JUR": 9, "CALENDARIO": 1, "GENERO": 5, "COD_LOCA": "11", "ESPECIALID": 1, "CLASE_TIPO": 1, "BILINGUE": 5, "FECHA": "2025-04-30", "DANE12_EST": "111001002330", "DANE12_SED": "111001002330", "DA_HIPOACU": 1, "DA_SORDERA": 0, "DA_LENGUAS": 0, "DA_UCASTEL": 0, "DISCAP_FIS": 3, "DISCAP_FLE": 0, "DISCAP_PCE": 0, "DI_DCOGNIT": 14, "DI_SDOWN": 0, "DIS_MULTIP": 3, "DIS_PSICOS": 1, "DV_BAJAVIS": 0, "DIS_CEGUER": 0, "T_ESPECTRO": 0, "T_VOZ_Y_HA": 0, "SISTEMICA": 0, "SORDOCEGUE": 0, "OTRA": 0, "TOT_EST_MA": 22, "AFRODESCEN": 19, "INDIGENAS": 14, "NEGRITUDES": 8, "PALENQUERO": 0, "RAIZALES": 0, "ROM": 0, "TOT_EST_ET": 41, "CAPACID_EX": 1, "DOBLE_EXCE": 0, "TE_ACTFISI": 9, "TE_ARTES": 3, "TE_CNATUR": 0, "TE_CSOCIAL": 1, "TE_LDSOCIA": 0, "TE_TECNOLO": 0, "TOT_EST_CA": 14, "TMATRIC_GE": 1149, "Zona": 1 }, "geometry": { "type": "Point", "coordinates": [ -8249732.72859999909997, 528505.275699999183416 ] } },
{ "type": "Feature", "properties": { "NOMBRE_EST": "COLEGIO LA GAITANA (IED)", "NOMBRE_SED": "VILLA MARIA", "ORDEN_DE_S": "B", "DIRECCION": "CL 132 D # 123 B - 65", "DISCAPACID": "AUDITIVA-FISICA-INTELECTUAL-MENTAL/PSICOSOCIAL-MULTIPLE", "TALENTOS_O": "TALENTO EXCEPCIONAL EN ACTIVIDAD FISICA, EJERCICIO Y DEPORTE-TALENTO EXCEPCIONAL EN ARTES Y LETRAS-TALENTO EXCEPCIONAL EN CIENCIAS SOCIALES O HUMANAS-TALENTO EXCEPCIONAL EN LIDERAZGO SOCIAL Y EMPRENDIMIENTO-TALENTO EXCEPCIONAL EN TECNOLOGIA", "GRUPOS_ETN": "AFRODESCENDIENTES-INDIGENAS-NEGRITUDES", "SECTOR": 2, "NATU_JUR": 9, "CALENDARIO": 1, "GENERO": 5, "COD_LOCA": "11", "ESPECIALID": 13, "CLASE_TIPO": 1, "BILINGUE": 5, "FECHA": "2025-04-30", "DANE12_EST": "111001002330", "DANE12_SED": "111001044288", "DA_HIPOACU": 0, "DA_SORDERA": 0, "DA_LENGUAS": 0, "DA_UCASTEL": 0, "DISCAP_FIS": 7, "DISCAP_FLE": 0, "DISCAP_PCE": 0, "DI_DCOGNIT": 21, "DI_SDOWN": 0, "DIS_MULTIP": 7, "DIS_PSICOS": 5, "DV_BAJAVIS": 1, "DIS_CEGUER": 0, "T_ESPECTRO": 0, "T_VOZ_Y_HA": 0, "SISTEMICA": 0, "SORDOCEGUE": 0, "OTRA": 0, "TOT_EST_MA": 41, "AFRODESCEN": 9, "INDIGENAS": 10, "NEGRITUDES": 1, "PALENQUERO": 0, "RAIZALES": 0, "ROM": 0, "TOT_EST_ET": 20, "CAPACID_EX": 3, "DOBLE_EXCE": 0, "TE_ACTFISI": 9, "TE_ARTES": 2, "TE_CNATUR": 0, "TE_CSOCIAL": 0, "TE_LDSOCIA": 4, "TE_TECNOLO": 1, "TOT_EST_CA": 19, "TMATRIC_GE": 938, "Zona": 1 }, "geometry": { "type": "Point", "coordinates": [ -8249508.976399999111891, 528246.12779999896884 ] } },
{ "type": "Feature", "properties": { "NOMBRE_EST": "COLEGIO INSTITUTO TECNICO DISTRITAL JULIO FLOREZ (IED)", "NOMBRE_SED": "SANTA ROSA", "ORDEN_DE_S": "A", "DIRECCION": "CL 102 A # 70 - 40", "DISCAPACID": "FISICA-INTELECTUAL-MENTAL/PSICOSOCIAL-MULTIPLE", "TALENTOS_O": "TALENTO EXCEPCIONAL EN ACTIVIDAD FISICA, EJERCICIO Y DEPORTE-TALENTO EXCEPCIONAL EN CIENCIAS SOCIALES O HUMANAS-TALENTO EXCEPCIONAL EN LIDERAZGO SOCIAL Y EMPRENDIMIENTO", "GRUPOS_ETN": "AFRODESCENDIENTES-INDIGENAS-NEGRITUDES", "SECTOR": 2, "NATU_JUR": 9, "CALENDARIO": 1, "GENERO": 5, "COD_LOCA": "11", "ESPECIALID": 13, "CLASE_TIPO": 1, "BILINGUE": 5, "FECHA": "2025-04-30", "DANE12_EST": "111001015776", "DANE12_SED": "111769000352", "DA_HIPOACU": 0, "DA_SORDERA": 0, "DA_LENGUAS": 0, "DA_UCASTEL": 0, "DISCAP_FIS": 0, "DISCAP_FLE": 0, "DISCAP_PCE": 0, "DI_DCOGNIT": 9, "DI_SDOWN": 0, "DIS_MULTIP": 8, "DIS_PSICOS": 0, "DV_BAJAVIS": 0, "DIS_CEGUER": 0, "T_ESPECTRO": 0, "T_VOZ_Y_HA": 0, "SISTEMICA": 0, "SORDOCEGUE": 0, "OTRA": 0, "TOT_EST_MA": 17, "AFRODESCEN": 3, "INDIGENAS": 6, "NEGRITUDES": 2, "PALENQUERO": 0, "RAIZALES": 0, "ROM": 0, "TOT_EST_ET": 11, "CAPACID_EX": 0, "DOBLE_EXCE": 0, "TE_ACTFISI": 4, "TE_ARTES": 3, "TE_CNATUR": 0, "TE_CSOCIAL": 1, "TE_LDSOCIA": 1, "TE_TECNOLO": 1, "TOT_EST_CA": 10, "TMATRIC_GE": 612, "Zona": 1 }, "geometry": { "type": "Point", "coordinates": [ -8245892.206199999898672, 523338.11939999833703 ] } },
{ "type": "Feature", "properties": { "NOMBRE_EST": "COLEGIO INSTITUTO TECNICO DISTRITAL JULIO FLOREZ (IED)", "NOMBRE_SED": "JULIO FLOREZ", "ORDEN_DE_S": "B", "DIRECCION": "KR 68 B # 94 - 12", "DISCAPACID": "FISICA-INTELECTUAL-MULTIPLE-VISUAL", "TALENTOS_O": "TALENTO EXCEPCIONAL EN ACTIVIDAD FISICA, EJERCICIO Y DEPORTE-TALENTO EXCEPCIONAL EN ARTES Y LETRAS-TALENTO EXCEPCIONAL EN CIENCIAS NATURALES O BASICAS", "GRUPOS_ETN": "AFRODESCENDIENTES-INDIGENAS", "SECTOR": 2, "NATU_JUR": 9, "CALENDARIO": 1, "GENERO": 5, "COD_LOCA": "11", "ESPECIALID": 12, "CLASE_TIPO": 1, "BILINGUE": 5, "FECHA": "2025-04-30", "DANE12_EST": "111001015776", "DANE12_SED": "111001015776", "DA_HIPOACU": 0, "DA_SORDERA": 0, "DA_LENGUAS": 0, "DA_UCASTEL": 0, "DISCAP_FIS": 1, "DISCAP_FLE": 0, "DISCAP_PCE": 0, "DI_DCOGNIT": 7, "DI_SDOWN": 0, "DIS_MULTIP": 0, "DIS_PSICOS": 1, "DV_BAJAVIS": 1, "DIS_CEGUER": 0, "T_ESPECTRO": 0, "T_VOZ_Y_HA": 0, "SISTEMICA": 0, "SORDOCEGUE": 0, "OTRA": 0, "TOT_EST_MA": 10, "AFRODESCEN": 2, "INDIGENAS": 12, "NEGRITUDES": 0, "PALENQUERO": 0, "RAIZALES": 1, "ROM": 0, "TOT_EST_ET": 15, "CAPACID_EX": 0, "DOBLE_EXCE": 0, "TE_ACTFISI": 3, "TE_ARTES": 3, "TE_CNATUR": 1, "TE_CSOCIAL": 0, "TE_LDSOCIA": 0, "TE_TECNOLO": 0, "TOT_EST_CA": 7, "TMATRIC_GE": 704, "Zona": 1 }, "geometry": { "type": "Point", "coordinates": [ -8246276.258400000631809, 522358.565400000661612 ] } },
{ "type": "Feature", "properties": { "NOMBRE_EST": "COLEGIO ALBERTO LLERAS CAMARGO (IED)", "NOMBRE_SED": "ALBERTO LLERAS CAMARGO", "ORDEN_DE_S": "A", "DIRECCION": "KR 111 A # 139 - 88", "DISCAPACID": "AUDITIVA-FISICA-INTELECTUAL-MENTAL/PSICOSOCIAL-MULTIPLE", "TALENTOS_O": "TALENTO EXCEPCIONAL EN ACTIVIDAD FISICA, EJERCICIO Y DEPORTE-TALENTO EXCEPCIONAL EN ARTES Y LETRAS-TALENTO EXCEPCIONAL EN LIDERAZGO SOCIAL Y EMPRENDIMIENTO-TALENTO EXCEPCIONAL EN TECNOLOGIA", "GRUPOS_ETN": "AFRODESCENDIENTES-INDIGENAS-NEGRITUDES", "SECTOR": 2, "NATU_JUR": 9, "CALENDARIO": 1, "GENERO": 5, "COD_LOCA": "11", "ESPECIALID": 1, "CLASE_TIPO": 1, "BILINGUE": 5, "FECHA": "2025-04-30", "DANE12_EST": "111001025020", "DANE12_SED": "111001025020", "DA_HIPOACU": 1, "DA_SORDERA": 0, "DA_LENGUAS": 0, "DA_UCASTEL": 0, "DISCAP_FIS": 3, "DISCAP_FLE": 0, "DISCAP_PCE": 0, "DI_DCOGNIT": 33, "DI_SDOWN": 0, "DIS_MULTIP": 14, "DIS_PSICOS": 1, "DV_BAJAVIS": 1, "DIS_CEGUER": 0, "T_ESPECTRO": 0, "T_VOZ_Y_HA": 0, "SISTEMICA": 0, "SORDOCEGUE": 0, "OTRA": 0, "TOT_EST_MA": 53, "AFRODESCEN": 19, "INDIGENAS": 34, "NEGRITUDES": 10, "PALENQUERO": 0, "RAIZALES": 0, "ROM": 0, "TOT_EST_ET": 63, "CAPACID_EX": 0, "DOBLE_EXCE": 0, "TE_ACTFISI": 19, "TE_ARTES": 13, "TE_CNATUR": 2, "TE_CSOCIAL": 2, "TE_LDSOCIA": 2, "TE_TECNOLO": 5, "TOT_EST_CA": 43, "TMATRIC_GE": 3160, "Zona": 1 }, "geometry": { "type": "Point", "coordinates": [ -8249050.340099999681115, 528647.137200001627207 ] } },
{ "type": "Feature", "properties": { "NOMBRE_EST": "COLEGIO TIBABUYES UNIVERSAL (IED)", "NOMBRE_SED": "TIBABUYES UNIVERSAL", "ORDEN_DE_S": "A", "DIRECCION": "KR 128 A # 139 - 13", "DISCAPACID": "AUDITIVA-FISICA-INTELECTUAL-MENTAL/PSICOSOCIAL-MULTIPLE-VISUAL", "TALENTOS_O": "CAPACIDADES EXCEPCIONALES-TALENTO EXCEPCIONAL EN ACTIVIDAD FISICA, EJERCICIO Y DEPORTE-TALENTO EXCEPCIONAL EN ARTES Y LETRAS-TALENTO EXCEPCIONAL EN CIENCIAS SOCIALES O HUMANAS", "GRUPOS_ETN": "AFRODESCENDIENTES-INDIGENAS-NEGRITUDES", "SECTOR": 2, "NATU_JUR": 9, "CALENDARIO": 1, "GENERO": 5, "COD_LOCA": "11", "ESPECIALID": 1, "CLASE_TIPO": 1, "BILINGUE": 5, "FECHA": "2025-04-30", "DANE12_EST": "111001045225", "DANE12_SED": "111001045225", "DA_HIPOACU": 3, "DA_SORDERA": 0, "DA_LENGUAS": 0, "DA_UCASTEL": 0, "DISCAP_FIS": 3, "DISCAP_FLE": 0, "DISCAP_PCE": 0, "DI_DCOGNIT": 35, "DI_SDOWN": 0, "DIS_MULTIP": 11, "DIS_PSICOS": 7, "DV_BAJAVIS": 1, "DIS_CEGUER": 0, "T_ESPECTRO": 0, "T_VOZ_Y_HA": 0, "SISTEMICA": 0, "SORDOCEGUE": 0, "OTRA": 0, "TOT_EST_MA": 60, "AFRODESCEN": 12, "INDIGENAS": 12, "NEGRITUDES": 4, "PALENQUERO": 0, "RAIZALES": 0, "ROM": 0, "TOT_EST_ET": 28, "CAPACID_EX": 0, "DOBLE_EXCE": 0, "TE_ACTFISI": 11, "TE_ARTES": 7, "TE_CNATUR": 1, "TE_CSOCIAL": 1, "TE_LDSOCIA": 1, "TE_TECNOLO": 2, "TOT_EST_CA": 23, "TMATRIC_GE": 1477, "Zona": 1 }, "geometry": { "type": "Point", "coordinates": [ -8249939.7829, 528950.967500001192093 ] } },
{ "type": "Feature", "properties": { "NOMBRE_EST": "COLEGIO TIBABUYES UNIVERSAL (IED)", "NOMBRE_SED": "SEDE B", "ORDEN_DE_S": "B", "DIRECCION": "AK 118 # 136 A - 14", "DISCAPACID": "AUDITIVA-FISICA-INTELECTUAL-MENTAL/PSICOSOCIAL-MULTIPLE-VISUAL", "TALENTOS_O": "TALENTO EXCEPCIONAL EN ACTIVIDAD FISICA, EJERCICIO Y DEPORTE-TALENTO EXCEPCIONAL EN ARTES Y LETRAS-TALENTO EXCEPCIONAL EN CIENCIAS SOCIALES O HUMANAS-TALENTO EXCEPCIONAL EN LIDERAZGO SOCIAL Y EMPRENDIMIENTO-TALENTO EXCEPCIONAL EN TECNOLOGIA", "GRUPOS_ETN": "AFRODESCENDIENTES-INDIGENAS-NEGRITUDES-PALENQUEROS", "SECTOR": 2, "NATU_JUR": 9, "CALENDARIO": 1, "GENERO": 5, "COD_LOCA": "11", "ESPECIALID": 1, "CLASE_TIPO": 1, "BILINGUE": 5, "FECHA": "2025-04-30", "DANE12_EST": "111001045225", "DANE12_SED": "111001110094", "DA_HIPOACU": 0, "DA_SORDERA": 0, "DA_LENGUAS": 0, "DA_UCASTEL": 0, "DISCAP_FIS": 2, "DISCAP_FLE": 0, "DISCAP_PCE": 0, "DI_DCOGNIT": 19, "DI_SDOWN": 0, "DIS_MULTIP": 1, "DIS_PSICOS": 4, "DV_BAJAVIS": 1, "DIS_CEGUER": 0, "T_ESPECTRO": 0, "T_VOZ_Y_HA": 0, "SISTEMICA": 0, "SORDOCEGUE": 0, "OTRA": 0, "TOT_EST_MA": 27, "AFRODESCEN": 10, "INDIGENAS": 8, "NEGRITUDES": 4, "PALENQUERO": 0, "RAIZALES": 0, "ROM": 0, "TOT_EST_ET": 22, "CAPACID_EX": 0, "DOBLE_EXCE": 0, "TE_ACTFISI": 10, "TE_ARTES": 6, "TE_CNATUR": 0, "TE_CSOCIAL": 0, "TE_LDSOCIA": 1, "TE_TECNOLO": 3, "TOT_EST_CA": 20, "TMATRIC_GE": 929, "Zona": 1 }, "geometry": { "type": "Point", "coordinates": [ -8249313.054099999368191, 528507.509799998253584 ] } },
{ "type": "Feature", "properties": { "NOMBRE_EST": "COLEGIO TIBABUYES UNIVERSAL (IED)", "NOMBRE_SED": "SEDE C", "ORDEN_DE_S": "C", "DIRECCION": "KR 107 # 139 - 98/78/72/66/60", "DISCAPACID": "FISICA-INTELECTUAL-MULTIPLE-SORDOCEGUERA-VISUAL", "TALENTOS_O": "TALENTO EXCEPCIONAL EN ACTIVIDAD FISICA, EJERCICIO Y DEPORTE-TALENTO EXCEPCIONAL EN ARTES Y LETRAS-TALENTO EXCEPCIONAL EN LIDERAZGO SOCIAL Y EMPRENDIMIENTO-TALENTO EXCEPCIONAL EN TECNOLOGIA", "GRUPOS_ETN": "AFRODESCENDIENTES-INDIGENAS-NEGRITUDES", "SECTOR": 2, "NATU_JUR": 9, "CALENDARIO": 1, "GENERO": 5, "COD_LOCA": "11", "ESPECIALID": 1, "CLASE_TIPO": 1, "BILINGUE": 5, "FECHA": "2025-04-30", "DANE12_EST": "111001045225", "DANE12_SED": "111001110337", "DA_HIPOACU": 0, "DA_SORDERA": 0, "DA_LENGUAS": 0, "DA_UCASTEL": 0, "DISCAP_FIS": 0, "DISCAP_FLE": 0, "DISCAP_PCE": 0, "DI_DCOGNIT": 25, "DI_SDOWN": 0, "DIS_MULTIP": 7, "DIS_PSICOS": 2, "DV_BAJAVIS": 2, "DIS_CEGUER": 0, "T_ESPECTRO": 0, "T_VOZ_Y_HA": 0, "SISTEMICA": 0, "SORDOCEGUE": 1, "OTRA": 0, "TOT_EST_MA": 37, "AFRODESCEN": 10, "INDIGENAS": 10, "NEGRITUDES": 6, "PALENQUERO": 0, "RAIZALES": 0, "ROM": 0, "TOT_EST_ET": 26, "CAPACID_EX": 1, "DOBLE_EXCE": 0, "TE_ACTFISI": 7, "TE_ARTES": 4, "TE_CNATUR": 0, "TE_CSOCIAL": 0, "TE_LDSOCIA": 1, "TE_TECNOLO": 2, "TOT_EST_CA": 15, "TMATRIC_GE": 1209, "Zona": 1 }, "geometry": { "type": "Point", "coordinates": [ -8248687.4386, 528606.924499999731779 ] } },
{ "type": "Feature", "properties": { "NOMBRE_EST": "COLEGIO NUEVA COLOMBIA (IED)", "NOMBRE_SED": "NUEVA COLOMBIA", "ORDEN_DE_S": "A", "DIRECCION": "KR 102 A # 128 A - 40", "DISCAPACID": "AUDITIVA-FISICA-INTELECTUAL-MENTAL/PSICOSOCIAL-MULTIPLE", "TALENTOS_O": "TALENTO EXCEPCIONAL EN ACTIVIDAD FISICA, EJERCICIO Y DEPORTE-TALENTO EXCEPCIONAL EN CIENCIAS NATURALES O BASICAS-TALENTO EXCEPCIONAL EN CIENCIAS SOCIALES O HUMANAS", "GRUPOS_ETN": "AFRODESCENDIENTES-INDIGENAS-NEGRITUDES-RAIZALES", "SECTOR": 2, "NATU_JUR": 9, "CALENDARIO": 1, "GENERO": 5, "COD_LOCA": "11", "ESPECIALID": 1, "CLASE_TIPO": 1, "BILINGUE": 5, "FECHA": "2025-04-30", "DANE12_EST": "111001075272", "DANE12_SED": "111001075272", "DA_HIPOACU": 3, "DA_SORDERA": 0, "DA_LENGUAS": 0, "DA_UCASTEL": 0, "DISCAP_FIS": 2, "DISCAP_FLE": 0, "DISCAP_PCE": 0, "DI_DCOGNIT": 22, "DI_SDOWN": 0, "DIS_MULTIP": 7, "DIS_PSICOS": 1, "DV_BAJAVIS": 1, "DIS_CEGUER": 0, "T_ESPECTRO": 0, "T_VOZ_Y_HA": 0, "SISTEMICA": 0, "SORDOCEGUE": 0, "OTRA": 0, "TOT_EST_MA": 36, "AFRODESCEN": 17, "INDIGENAS": 21, "NEGRITUDES": 5, "PALENQUERO": 0, "RAIZALES": 0, "ROM": 0, "TOT_EST_ET": 43, "CAPACID_EX": 0, "DOBLE_EXCE": 0, "TE_ACTFISI": 10, "TE_ARTES": 5, "TE_CNATUR": 1, "TE_CSOCIAL": 1, "TE_LDSOCIA": 0, "TE_TECNOLO": 0, "TOT_EST_CA": 17, "TMATRIC_GE": 1979, "Zona": 1 }, "geometry": { "type": "Point", "coordinates": [ -8248703.023299999535084, 526974.97520000115037 ] } },
{ "type": "Feature", "properties": { "NOMBRE_EST": "COLEGIO NUEVA COLOMBIA (IED)", "NOMBRE_SED": "AURES II", "ORDEN_DE_S": "B", "DIRECCION": "KR 105 A # 131 - 10", "DISCAPACID": "AUDITIVA-INTELECTUAL", "TALENTOS_O": "CAPACIDADES EXCEPCIONALES-TALENTO EXCEPCIONAL EN ACTIVIDAD FISICA, EJERCICIO Y DEPORTE-TALENTO EXCEPCIONAL EN CIENCIAS SOCIALES O HUMANAS-TALENTO EXCEPCIONAL EN LIDERAZGO SOCIAL Y EMPRENDIMIENTO-TALENTO EXCEPCIONAL EN TECNOLOGIA", "GRUPOS_ETN": "AFRODESCENDIENTES-INDIGENAS", "SECTOR": 2, "NATU_JUR": 9, "CALENDARIO": 1, "GENERO": 5, "COD_LOCA": "11", "ESPECIALID": 13, "CLASE_TIPO": 1, "BILINGUE": 5, "FECHA": "2025-04-30", "DANE12_EST": "111001075272", "DANE12_SED": "111001104141", "DA_HIPOACU": 0, "DA_SORDERA": 0, "DA_LENGUAS": 0, "DA_UCASTEL": 0, "DISCAP_FIS": 0, "DISCAP_FLE": 0, "DISCAP_PCE": 0, "DI_DCOGNIT": 6, "DI_SDOWN": 0, "DIS_MULTIP": 7, "DIS_PSICOS": 0, "DV_BAJAVIS": 0, "DIS_CEGUER": 0, "T_ESPECTRO": 0, "T_VOZ_Y_HA": 0, "SISTEMICA": 0, "SORDOCEGUE": 0, "OTRA": 0, "TOT_EST_MA": 13, "AFRODESCEN": 5, "INDIGENAS": 1, "NEGRITUDES": 1, "PALENQUERO": 0, "RAIZALES": 0, "ROM": 0, "TOT_EST_ET": 7, "CAPACID_EX": 2, "DOBLE_EXCE": 0, "TE_ACTFISI": 8, "TE_ARTES": 1, "TE_CNATUR": 0, "TE_CSOCIAL": 2, "TE_LDSOCIA": 0, "TE_TECNOLO": 0, "TOT_EST_CA": 13, "TMATRIC_GE": 759, "Zona": 1 }, "geometry": { "type": "Point", "coordinates": [ -8248906.737999999895692, 527663.048200000077486 ] } },
{ "type": "Feature", "properties": { "NOMBRE_EST": "COLEGIO GUSTAVO MORALES MORALES (IED)", "NOMBRE_SED": "GUSTAVO MORALES MORALES", "ORDEN_DE_S": "A", "DIRECCION": "CL 129 # 55 - 55", "DISCAPACID": "AUDITIVA-FISICA-INTELECTUAL-MENTAL/PSICOSOCIAL-MULTIPLE", "TALENTOS_O": "CAPACIDADES EXCEPCIONALES-TALENTO EXCEPCIONAL EN ACTIVIDAD FISICA, EJERCICIO Y DEPORTE-TALENTO EXCEPCIONAL EN ARTES Y LETRAS-TALENTO EXCEPCIONAL EN CIENCIAS NATURALES O BASICAS-TALENTO EXCEPCIONAL EN CIENCIAS SOCIALES O HUMANAS-TALENTO EXCEPCIONAL EN LID", "GRUPOS_ETN": "AFRODESCENDIENTES-INDIGENAS-NEGRITUDES-RAIZALES", "SECTOR": 2, "NATU_JUR": 9, "CALENDARIO": 1, "GENERO": 5, "COD_LOCA": "11", "ESPECIALID": 1, "CLASE_TIPO": 1, "BILINGUE": 5, "FECHA": "2025-04-30", "DANE12_EST": "111001075515", "DANE12_SED": "111001075515", "DA_HIPOACU": 5, "DA_SORDERA": 0, "DA_LENGUAS": 0, "DA_UCASTEL": 0, "DISCAP_FIS": 1, "DISCAP_FLE": 0, "DISCAP_PCE": 0, "DI_DCOGNIT": 55, "DI_SDOWN": 0, "DIS_MULTIP": 8, "DIS_PSICOS": 26, "DV_BAJAVIS": 0, "DIS_CEGUER": 0, "T_ESPECTRO": 0, "T_VOZ_Y_HA": 0, "SISTEMICA": 0, "SORDOCEGUE": 0, "OTRA": 0, "TOT_EST_MA": 95, "AFRODESCEN": 18, "INDIGENAS": 4, "NEGRITUDES": 4, "PALENQUERO": 0, "RAIZALES": 1, "ROM": 0, "TOT_EST_ET": 27, "CAPACID_EX": 3, "DOBLE_EXCE": 0, "TE_ACTFISI": 11, "TE_ARTES": 3, "TE_CNATUR": 1, "TE_CSOCIAL": 3, "TE_LDSOCIA": 1, "TE_TECNOLO": 2, "TOT_EST_CA": 24, "TMATRIC_GE": 1624, "Zona": 1 }, "geometry": { "type": "Point", "coordinates": [ -8244810.180700000375509, 525653.579500000923872 ] } },
{ "type": "Feature", "properties": { "NOMBRE_EST": "COLEGIO GUSTAVO MORALES MORALES (IED)", "NOMBRE_SED": "CIUDAD JARDIN NORTE", "ORDEN_DE_S": "B", "DIRECCION": "CL 129 B # 58 B - 45", "DISCAPACID": "INTELECTUAL-MULTIPLE", "TALENTOS_O": "TALENTO EXCEPCIONAL EN ACTIVIDAD FISICA, EJERCICIO Y DEPORTE-TALENTO EXCEPCIONAL EN ARTES Y LETRAS", "GRUPOS_ETN": "AFRODESCENDIENTES-INDIGENAS", "SECTOR": 2, "NATU_JUR": 9, "CALENDARIO": 1, "GENERO": 5, "COD_LOCA": "11", "ESPECIALID": 13, "CLASE_TIPO": 1, "BILINGUE": 5, "FECHA": "2025-04-30", "DANE12_EST": "111001075515", "DANE12_SED": "111769000280", "DA_HIPOACU": 0, "DA_SORDERA": 0, "DA_LENGUAS": 0, "DA_UCASTEL": 0, "DISCAP_FIS": 1, "DISCAP_FLE": 0, "DISCAP_PCE": 0, "DI_DCOGNIT": 2, "DI_SDOWN": 0, "DIS_MULTIP": 3, "DIS_PSICOS": 0, "DV_BAJAVIS": 0, "DIS_CEGUER": 0, "T_ESPECTRO": 0, "T_VOZ_Y_HA": 0, "SISTEMICA": 0, "SORDOCEGUE": 0, "OTRA": 0, "TOT_EST_MA": 6, "AFRODESCEN": 0, "INDIGENAS": 0, "NEGRITUDES": 0, "PALENQUERO": 0, "RAIZALES": 0, "ROM": 0, "TOT_EST_ET": 0, "CAPACID_EX": 1, "DOBLE_EXCE": 0, "TE_ACTFISI": 1, "TE_ARTES": 0, "TE_CNATUR": 0, "TE_CSOCIAL": 0, "TE_LDSOCIA": 0, "TE_TECNOLO": 0, "TOT_EST_CA": 2, "TMATRIC_GE": 324, "Zona": 1 }, "geometry": { "type": "Point", "coordinates": [ -8245410.192800000309944, 525948.462099999189377 ] } },
{ "type": "Feature", "properties": { "NOMBRE_EST": "COLEGIO RAMON DE ZUBIRIA (IED)", "NOMBRE_SED": "RAMON DE ZUBIRIA", "ORDEN_DE_S": "A", "DIRECCION": "DG 129 B BIS # 93 B - 51", "DISCAPACID": "AUDITIVA-FISICA-INTELECTUAL-MENTAL/PSICOSOCIAL-MULTIPLE", "TALENTOS_O": "CAPACIDADES EXCEPCIONALES-TALENTO EXCEPCIONAL EN ACTIVIDAD FISICA, EJERCICIO Y DEPORTE-TALENTO EXCEPCIONAL EN CIENCIAS SOCIALES O HUMANAS", "GRUPOS_ETN": "AFRODESCENDIENTES-INDIGENAS-NEGRITUDES", "SECTOR": 2, "NATU_JUR": 9, "CALENDARIO": 1, "GENERO": 5, "COD_LOCA": "11", "ESPECIALID": 1, "CLASE_TIPO": 1, "BILINGUE": 5, "FECHA": "2025-04-30", "DANE12_EST": "111001086665", "DANE12_SED": "111001086665", "DA_HIPOACU": 0, "DA_SORDERA": 0, "DA_LENGUAS": 0, "DA_UCASTEL": 0, "DISCAP_FIS": 0, "DISCAP_FLE": 0, "DISCAP_PCE": 0, "DI_DCOGNIT": 29, "DI_SDOWN": 0, "DIS_MULTIP": 4, "DIS_PSICOS": 1, "DV_BAJAVIS": 0, "DIS_CEGUER": 0, "T_ESPECTRO": 0, "T_VOZ_Y_HA": 0, "SISTEMICA": 0, "SORDOCEGUE": 0, "OTRA": 0, "TOT_EST_MA": 34, "AFRODESCEN": 17, "INDIGENAS": 20, "NEGRITUDES": 8, "PALENQUERO": 0, "RAIZALES": 0, "ROM": 0, "TOT_EST_ET": 45, "CAPACID_EX": 1, "DOBLE_EXCE": 0, "TE_ACTFISI": 2, "TE_ARTES": 0, "TE_CNATUR": 0, "TE_CSOCIAL": 0, "TE_LDSOCIA": 0, "TE_TECNOLO": 0, "TOT_EST_CA": 3, "TMATRIC_GE": 920, "Zona": 1 }, "geometry": { "type": "Point", "coordinates": [ -8247917.107699999585748, 526664.450800001621246 ] } },
{ "type": "Feature", "properties": { "NOMBRE_EST": "COLEGIO RAMON DE ZUBIRIA (IED)", "NOMBRE_SED": "LA PALMA", "ORDEN_DE_S": "B", "DIRECCION": "KR 88 C # 130 D - 41", "DISCAPACID": "AUDITIVA-FISICA-INTELECTUAL-MENTAL/PSICOSOCIAL-MULTIPLE", "TALENTOS_O": "TALENTO EXCEPCIONAL EN ACTIVIDAD FISICA, EJERCICIO Y DEPORTE-TALENTO EXCEPCIONAL EN ARTES Y LETRAS-TALENTO EXCEPCIONAL EN LIDERAZGO SOCIAL Y EMPRENDIMIENTO-TALENTO EXCEPCIONAL EN TECNOLOGIA", "GRUPOS_ETN": "AFRODESCENDIENTES-INDIGENAS-NEGRITUDES", "SECTOR": 2, "NATU_JUR": 9, "CALENDARIO": 1, "GENERO": 5, "COD_LOCA": "11", "ESPECIALID": 13, "CLASE_TIPO": 1, "BILINGUE": 5, "FECHA": "2025-04-30", "DANE12_EST": "111001086665", "DANE12_SED": "111769003106", "DA_HIPOACU": 4, "DA_SORDERA": 0, "DA_LENGUAS": 0, "DA_UCASTEL": 0, "DISCAP_FIS": 0, "DISCAP_FLE": 0, "DISCAP_PCE": 0, "DI_DCOGNIT": 16, "DI_SDOWN": 0, "DIS_MULTIP": 8, "DIS_PSICOS": 0, "DV_BAJAVIS": 0, "DIS_CEGUER": 0, "T_ESPECTRO": 0, "T_VOZ_Y_HA": 0, "SISTEMICA": 0, "SORDOCEGUE": 0, "OTRA": 0, "TOT_EST_MA": 28, "AFRODESCEN": 16, "INDIGENAS": 20, "NEGRITUDES": 2, "PALENQUERO": 0, "RAIZALES": 0, "ROM": 0, "TOT_EST_ET": 38, "CAPACID_EX": 0, "DOBLE_EXCE": 0, "TE_ACTFISI": 4, "TE_ARTES": 1, "TE_CNATUR": 0, "TE_CSOCIAL": 1, "TE_LDSOCIA": 1, "TE_TECNOLO": 1, "TOT_EST_CA": 8, "TMATRIC_GE": 1520, "Zona": 1 }, "geometry": { "type": "Point", "coordinates": [ -8247297.0581, 526868.860599998384714 ] } },
{ "type": "Feature", "properties": { "NOMBRE_EST": "COLEGIO RAMON DE ZUBIRIA (IED)", "NOMBRE_SED": "STEPHEN HAWKING", "ORDEN_DE_S": "C", "DIRECCION": "CL 128 C # 88 B - 50  --  CL 130 D # 88 B - 49", "DISCAPACID": "INTELECTUAL", "TALENTOS_O": "CAPACIDADES EXCEPCIONALES-TALENTO EXCEPCIONAL EN ACTIVIDAD FISICA, EJERCICIO Y DEPORTE-TALENTO EXCEPCIONAL EN ARTES Y LETRAS", "GRUPOS_ETN": "AFRODESCENDIENTES-INDIGENAS-NEGRITUDES", "SECTOR": 2, "NATU_JUR": 9, "CALENDARIO": 1, "GENERO": 5, "COD_LOCA": "11", "ESPECIALID": 1, "CLASE_TIPO": 1, "BILINGUE": 5, "FECHA": "2025-04-30", "DANE12_EST": "111001086665", "DANE12_SED": "111001104566", "DA_HIPOACU": 0, "DA_SORDERA": 0, "DA_LENGUAS": 0, "DA_UCASTEL": 0, "DISCAP_FIS": 3, "DISCAP_FLE": 0, "DISCAP_PCE": 0, "DI_DCOGNIT": 52, "DI_SDOWN": 0, "DIS_MULTIP": 3, "DIS_PSICOS": 0, "DV_BAJAVIS": 0, "DIS_CEGUER": 0, "T_ESPECTRO": 0, "T_VOZ_Y_HA": 0, "SISTEMICA": 0, "SORDOCEGUE": 0, "OTRA": 0, "TOT_EST_MA": 58, "AFRODESCEN": 14, "INDIGENAS": 31, "NEGRITUDES": 11, "PALENQUERO": 0, "RAIZALES": 0, "ROM": 0, "TOT_EST_ET": 56, "CAPACID_EX": 0, "DOBLE_EXCE": 0, "TE_ACTFISI": 1, "TE_ARTES": 0, "TE_CNATUR": 0, "TE_CSOCIAL": 0, "TE_LDSOCIA": 1, "TE_TECNOLO": 0, "TOT_EST_CA": 2, "TMATRIC_GE": 916, "Zona": 1 }, "geometry": { "type": "Point", "coordinates": [ -8247308.190099999308586, 526808.542899999767542 ] } },
{ "type": "Feature", "properties": { "NOMBRE_EST": "COLEGIO VISTA BELLA (IED)", "NOMBRE_SED": "VISTA BELLA", "ORDEN_DE_S": "A", "DIRECCION": "CL 167 A # 54 B - 40", "DISCAPACID": "FISICA-INTELECTUAL-MULTIPLE", "TALENTOS_O": "CAPACIDADES EXCEPCIONALES-TALENTO EXCEPCIONAL EN ACTIVIDAD FISICA, EJERCICIO Y DEPORTE-TALENTO EXCEPCIONAL EN ARTES Y LETRAS", "GRUPOS_ETN": "INDIGENAS-NEGRITUDES", "SECTOR": 2, "NATU_JUR": 9, "CALENDARIO": 1, "GENERO": 5, "COD_LOCA": "11", "ESPECIALID": 1, "CLASE_TIPO": 1, "BILINGUE": 5, "FECHA": "2025-04-30", "DANE12_EST": "111001092983", "DANE12_SED": "111001092983", "DA_HIPOACU": 0, "DA_SORDERA": 0, "DA_LENGUAS": 0, "DA_UCASTEL": 0, "DISCAP_FIS": 0, "DISCAP_FLE": 0, "DISCAP_PCE": 0, "DI_DCOGNIT": 10, "DI_SDOWN": 0, "DIS_MULTIP": 1, "DIS_PSICOS": 0, "DV_BAJAVIS": 0, "DIS_CEGUER": 0, "T_ESPECTRO": 0, "T_VOZ_Y_HA": 0, "SISTEMICA": 0, "SORDOCEGUE": 0, "OTRA": 0, "TOT_EST_MA": 11, "AFRODESCEN": 1, "INDIGENAS": 0, "NEGRITUDES": 0, "PALENQUERO": 0, "RAIZALES": 0, "ROM": 0, "TOT_EST_ET": 1, "CAPACID_EX": 1, "DOBLE_EXCE": 0, "TE_ACTFISI": 4, "TE_ARTES": 2, "TE_CNATUR": 0, "TE_CSOCIAL": 0, "TE_LDSOCIA": 0, "TE_TECNOLO": 0, "TOT_EST_CA": 7, "TMATRIC_GE": 375, "Zona": 1 }, "geometry": { "type": "Point", "coordinates": [ -8243702.551799999549985, 529355.331700000911951 ] } },
{ "type": "Feature", "properties": { "NOMBRE_EST": "COLEGIO VISTA BELLA (IED)", "NOMBRE_SED": "SAN CIPRIANO", "ORDEN_DE_S": "B", "DIRECCION": "CL 166 BIS # 54 C - 08", "DISCAPACID": "FISICA-INTELECTUAL-MENTAL/PSICOSOCIAL-MULTIPLE", "TALENTOS_O": "CAPACIDADES EXCEPCIONALES-TALENTO EXCEPCIONAL EN ACTIVIDAD FISICA, EJERCICIO Y DEPORTE-TALENTO EXCEPCIONAL EN ARTES Y LETRAS-TALENTO EXCEPCIONAL EN LIDERAZGO SOCIAL Y EMPRENDIMIENTO", "GRUPOS_ETN": "AFRODESCENDIENTES-INDIGENAS-NEGRITUDES-RAIZALES", "SECTOR": 2, "NATU_JUR": 9, "CALENDARIO": 1, "GENERO": 5, "COD_LOCA": "11", "ESPECIALID": 1, "CLASE_TIPO": 1, "BILINGUE": 5, "FECHA": "2025-04-30", "DANE12_EST": "111001092983", "DANE12_SED": "111769003114", "DA_HIPOACU": 0, "DA_SORDERA": 0, "DA_LENGUAS": 0, "DA_UCASTEL": 0, "DISCAP_FIS": 1, "DISCAP_FLE": 0, "DISCAP_PCE": 0, "DI_DCOGNIT": 11, "DI_SDOWN": 0, "DIS_MULTIP": 4, "DIS_PSICOS": 5, "DV_BAJAVIS": 1, "DIS_CEGUER": 0, "T_ESPECTRO": 0, "T_VOZ_Y_HA": 0, "SISTEMICA": 0, "SORDOCEGUE": 0, "OTRA": 0, "TOT_EST_MA": 22, "AFRODESCEN": 2, "INDIGENAS": 3, "NEGRITUDES": 1, "PALENQUERO": 0, "RAIZALES": 0, "ROM": 0, "TOT_EST_ET": 6, "CAPACID_EX": 4, "DOBLE_EXCE": 0, "TE_ACTFISI": 3, "TE_ARTES": 3, "TE_CNATUR": 1, "TE_CSOCIAL": 0, "TE_LDSOCIA": 1, "TE_TECNOLO": 1, "TOT_EST_CA": 13, "TMATRIC_GE": 630, "Zona": 1 }, "geometry": { "type": "Point", "coordinates": [ -8243766.003900000825524, 529235.809500001370907 ] } },
{ "type": "Feature", "properties": { "NOMBRE_EST": "COLEGIO VISTA BELLA (IED)", "NOMBRE_SED": "GRANADA NORTE", "ORDEN_DE_S": "C", "DIRECCION": "CL 168 A # 45 A - 51", "DISCAPACID": "INTELECTUAL-MENTAL/PSICOSOCIAL-MULTIPLE", "TALENTOS_O": "TALENTO EXCEPCIONAL EN ACTIVIDAD FISICA, EJERCICIO Y DEPORTE-TALENTO EXCEPCIONAL EN ARTES Y LETRAS-TALENTO EXCEPCIONAL EN LIDERAZGO SOCIAL Y EMPRENDIMIENTO", "GRUPOS_ETN": "AFRODESCENDIENTES-NEGRITUDES", "SECTOR": 2, "NATU_JUR": 9, "CALENDARIO": 1, "GENERO": 5, "COD_LOCA": "11", "ESPECIALID": 13, "CLASE_TIPO": 1, "BILINGUE": 5, "FECHA": "2025-04-30", "DANE12_EST": "111001092983", "DANE12_SED": "111769003777", "DA_HIPOACU": 0, "DA_SORDERA": 0, "DA_LENGUAS": 0, "DA_UCASTEL": 0, "DISCAP_FIS": 0, "DISCAP_FLE": 0, "DISCAP_PCE": 0, "DI_DCOGNIT": 1, "DI_SDOWN": 0, "DIS_MULTIP": 3, "DIS_PSICOS": 0, "DV_BAJAVIS": 0, "DIS_CEGUER": 0, "T_ESPECTRO": 0, "T_VOZ_Y_HA": 0, "SISTEMICA": 0, "SORDOCEGUE": 0, "OTRA": 0, "TOT_EST_MA": 4, "AFRODESCEN": 3, "INDIGENAS": 1, "NEGRITUDES": 0, "PALENQUERO": 0, "RAIZALES": 0, "ROM": 0, "TOT_EST_ET": 4, "CAPACID_EX": 0, "DOBLE_EXCE": 0, "TE_ACTFISI": 3, "TE_ARTES": 2, "TE_CNATUR": 0, "TE_CSOCIAL": 0, "TE_LDSOCIA": 0, "TE_TECNOLO": 1, "TOT_EST_CA": 6, "TMATRIC_GE": 393, "Zona": 1 }, "geometry": { "type": "Point", "coordinates": [ -8243013.484099999070168, 529377.6722999997437 ] } },
{ "type": "Feature", "properties": { "NOMBRE_EST": "COLEGIO ALVARO GOMEZ HURTADO (IED)", "NOMBRE_SED": "ALVARO GOMEZ HURTADO", "ORDEN_DE_S": "A", "DIRECCION": "KR 100 A # 130 - 18", "DISCAPACID": "INTELECTUAL-MENTAL/PSICOSOCIAL", "TALENTOS_O": "CAPACIDADES EXCEPCIONALES-TALENTO EXCEPCIONAL EN ACTIVIDAD FISICA, EJERCICIO Y DEPORTE-TALENTO EXCEPCIONAL EN ARTES Y LETRAS", "GRUPOS_ETN": "AFRODESCENDIENTES-INDIGENAS-NEGRITUDES-PALENQUEROS", "SECTOR": 2, "NATU_JUR": 9, "CALENDARIO": 1, "GENERO": 5, "COD_LOCA": "11", "ESPECIALID": 1, "CLASE_TIPO": 1, "BILINGUE": 5, "FECHA": "2025-04-30", "DANE12_EST": "111001093084", "DANE12_SED": "111001093084", "DA_HIPOACU": 0, "DA_SORDERA": 0, "DA_LENGUAS": 0, "DA_UCASTEL": 0, "DISCAP_FIS": 1, "DISCAP_FLE": 0, "DISCAP_PCE": 0, "DI_DCOGNIT": 13, "DI_SDOWN": 0, "DIS_MULTIP": 1, "DIS_PSICOS": 4, "DV_BAJAVIS": 0, "DIS_CEGUER": 0, "T_ESPECTRO": 0, "T_VOZ_Y_HA": 0, "SISTEMICA": 0, "SORDOCEGUE": 0, "OTRA": 0, "TOT_EST_MA": 19, "AFRODESCEN": 18, "INDIGENAS": 19, "NEGRITUDES": 8, "PALENQUERO": 0, "RAIZALES": 0, "ROM": 0, "TOT_EST_ET": 45, "CAPACID_EX": 2, "DOBLE_EXCE": 0, "TE_ACTFISI": 6, "TE_ARTES": 5, "TE_CNATUR": 0, "TE_CSOCIAL": 1, "TE_LDSOCIA": 0, "TE_TECNOLO": 2, "TOT_EST_CA": 16, "TMATRIC_GE": 1569, "Zona": 1 }, "geometry": { "type": "Point", "coordinates": [ -8248439.196100000292063, 527177.151900000870228 ] } },
{ "type": "Feature", "properties": { "NOMBRE_EST": "COLEGIO ALVARO GOMEZ HURTADO (IED)", "NOMBRE_SED": "LA CHUCUA NORTE", "ORDEN_DE_S": "B", "DIRECCION": "CL 133 # 98 B - 24", "DISCAPACID": "INTELECTUAL", "TALENTOS_O": "CAPACIDADES EXCEPCIONALES-TALENTO EXCEPCIONAL EN ACTIVIDAD FISICA, EJERCICIO Y DEPORTE-TALENTO EXCEPCIONAL EN ARTES Y LETRAS-TALENTO EXCEPCIONAL EN CIENCIAS SOCIALES O HUMANAS-TALENTO EXCEPCIONAL EN LIDERAZGO SOCIAL Y EMPRENDIMIENTO", "GRUPOS_ETN": "AFRODESCENDIENTES-INDIGENAS-NEGRITUDES", "SECTOR": 2, "NATU_JUR": 9, "CALENDARIO": 1, "GENERO": 5, "COD_LOCA": "11", "ESPECIALID": 13, "CLASE_TIPO": 1, "BILINGUE": 5, "FECHA": "2025-04-30", "DANE12_EST": "111001093084", "DANE12_SED": "211769000217", "DA_HIPOACU": 0, "DA_SORDERA": 0, "DA_LENGUAS": 0, "DA_UCASTEL": 0, "DISCAP_FIS": 0, "DISCAP_FLE": 0, "DISCAP_PCE": 0, "DI_DCOGNIT": 10, "DI_SDOWN": 0, "DIS_MULTIP": 5, "DIS_PSICOS": 0, "DV_BAJAVIS": 0, "DIS_CEGUER": 0, "T_ESPECTRO": 0, "T_VOZ_Y_HA": 0, "SISTEMICA": 0, "SORDOCEGUE": 0, "OTRA": 0, "TOT_EST_MA": 15, "AFRODESCEN": 5, "INDIGENAS": 14, "NEGRITUDES": 2, "PALENQUERO": 0, "RAIZALES": 0, "ROM": 0, "TOT_EST_ET": 21, "CAPACID_EX": 0, "DOBLE_EXCE": 0, "TE_ACTFISI": 9, "TE_ARTES": 1, "TE_CNATUR": 0, "TE_CSOCIAL": 1, "TE_LDSOCIA": 0, "TE_TECNOLO": 1, "TOT_EST_CA": 12, "TMATRIC_GE": 1000, "Zona": 1 }, "geometry": { "type": "Point", "coordinates": [ -8248039.559100000187755, 527715.547499999403954 ] } },
{ "type": "Feature", "properties": { "NOMBRE_EST": "COLEGIO ALVARO GOMEZ HURTADO (IED)", "NOMBRE_SED": "SEDE C", "ORDEN_DE_S": "C", "DIRECCION": "KR 102 # 131 - 66", "DISCAPACID": "INTELECTUAL", "TALENTOS_O": "TALENTO EXCEPCIONAL EN ARTES Y LETRAS", "GRUPOS_ETN": "AFRODESCENDIENTES-INDIGENAS", "SECTOR": 2, "NATU_JUR": 9, "CALENDARIO": 1, "GENERO": 5, "COD_LOCA": "11", "ESPECIALID": 13, "CLASE_TIPO": 1, "BILINGUE": 5, "FECHA": "2025-04-30", "DANE12_EST": "111001093084", "DANE12_SED": "111001110345", "DA_HIPOACU": 0, "DA_SORDERA": 0, "DA_LENGUAS": 0, "DA_UCASTEL": 0, "DISCAP_FIS": 0, "DISCAP_FLE": 0, "DISCAP_PCE": 0, "DI_DCOGNIT": 6, "DI_SDOWN": 0, "DIS_MULTIP": 0, "DIS_PSICOS": 0, "DV_BAJAVIS": 0, "DIS_CEGUER": 0, "T_ESPECTRO": 0, "T_VOZ_Y_HA": 0, "SISTEMICA": 0, "SORDOCEGUE": 0, "OTRA": 0, "TOT_EST_MA": 6, "AFRODESCEN": 1, "INDIGENAS": 4, "NEGRITUDES": 0, "PALENQUERO": 0, "RAIZALES": 0, "ROM": 0, "TOT_EST_ET": 5, "CAPACID_EX": 1, "DOBLE_EXCE": 0, "TE_ACTFISI": 4, "TE_ARTES": 2, "TE_CNATUR": 1, "TE_CSOCIAL": 1, "TE_LDSOCIA": 0, "TE_TECNOLO": 2, "TOT_EST_CA": 11, "TMATRIC_GE": 403, "Zona": 1 }, "geometry": { "type": "Point", "coordinates": [ -8248510.440600000321865, 527573.687699999660254 ] } },
{ "type": "Feature", "properties": { "NOMBRE_EST": "COLEGIO ALVARO GOMEZ HURTADO (IED)", "NOMBRE_SED": "SEDE D", "ORDEN_DE_S": "D", "DIRECCION": "CL 131 # 100 A - 35", "DISCAPACID": "FISICA", "TALENTOS_O": "TALENTO EXCEPCIONAL EN ACTIVIDAD FISICA, EJERCICIO Y DEPORTE-TALENTO EXCEPCIONAL EN ARTES Y LETRAS", "GRUPOS_ETN": "INDIGENAS", "SECTOR": 2, "NATU_JUR": 9, "CALENDARIO": 1, "GENERO": 5, "COD_LOCA": "11", "ESPECIALID": 13, "CLASE_TIPO": 1, "BILINGUE": 5, "FECHA": "2025-04-30", "DANE12_EST": "111001093084", "DANE12_SED": "111001110426", "DA_HIPOACU": 0, "DA_SORDERA": 0, "DA_LENGUAS": 0, "DA_UCASTEL": 0, "DISCAP_FIS": 0, "DISCAP_FLE": 0, "DISCAP_PCE": 0, "DI_DCOGNIT": 0, "DI_SDOWN": 0, "DIS_MULTIP": 0, "DIS_PSICOS": 0, "DV_BAJAVIS": 0, "DIS_CEGUER": 0, "T_ESPECTRO": 0, "T_VOZ_Y_HA": 0, "SISTEMICA": 0, "SORDOCEGUE": 0, "OTRA": 0, "TOT_EST_MA": 0, "AFRODESCEN": 2, "INDIGENAS": 2, "NEGRITUDES": 0, "PALENQUERO": 0, "RAIZALES": 0, "ROM": 0, "TOT_EST_ET": 4, "CAPACID_EX": 0, "DOBLE_EXCE": 0, "TE_ACTFISI": 0, "TE_ARTES": 0, "TE_CNATUR": 0, "TE_CSOCIAL": 0, "TE_LDSOCIA": 0, "TE_TECNOLO": 0, "TOT_EST_CA": 0, "TMATRIC_GE": 216, "Zona": 1 }, "geometry": { "type": "Point", "coordinates": [ -8248384.649599999189377, 527438.530200000852346 ] } },
{ "type": "Feature", "properties": { "NOMBRE_EST": "COLEGIO LA TOSCANA - LISBOA (IED)", "NOMBRE_SED": "LA TOSCANA", "ORDEN_DE_S": "A", "DIRECCION": "CL 132 D BIS # 132 - 05  --  CL 133 # 132 - 05", "DISCAPACID": "AUDITIVA-FISICA-INTELECTUAL-MENTAL/PSICOSOCIAL-MULTIPLE-SORDOCEGUERA-VISUAL", "TALENTOS_O": "TALENTO EXCEPCIONAL EN ACTIVIDAD FISICA, EJERCICIO Y DEPORTE-TALENTO EXCEPCIONAL EN ARTES Y LETRAS-TALENTO EXCEPCIONAL EN TECNOLOGIA", "GRUPOS_ETN": "AFRODESCENDIENTES-INDIGENAS-NEGRITUDES", "SECTOR": 2, "NATU_JUR": 9, "CALENDARIO": 1, "GENERO": 5, "COD_LOCA": "11", "ESPECIALID": 1, "CLASE_TIPO": 1, "BILINGUE": 5, "FECHA": "2025-04-30", "DANE12_EST": "111001094889", "DANE12_SED": "111001094889", "DA_HIPOACU": 2, "DA_SORDERA": 0, "DA_LENGUAS": 0, "DA_UCASTEL": 0, "DISCAP_FIS": 0, "DISCAP_FLE": 0, "DISCAP_PCE": 0, "DI_DCOGNIT": 22, "DI_SDOWN": 0, "DIS_MULTIP": 6, "DIS_PSICOS": 3, "DV_BAJAVIS": 0, "DIS_CEGUER": 0, "T_ESPECTRO": 0, "T_VOZ_Y_HA": 0, "SISTEMICA": 0, "SORDOCEGUE": 0, "OTRA": 0, "TOT_EST_MA": 33, "AFRODESCEN": 9, "INDIGENAS": 8, "NEGRITUDES": 5, "PALENQUERO": 0, "RAIZALES": 0, "ROM": 0, "TOT_EST_ET": 22, "CAPACID_EX": 0, "DOBLE_EXCE": 0, "TE_ACTFISI": 6, "TE_ARTES": 1, "TE_CNATUR": 0, "TE_CSOCIAL": 0, "TE_LDSOCIA": 0, "TE_TECNOLO": 2, "TOT_EST_CA": 9, "TMATRIC_GE": 791, "Zona": 1 }, "geometry": { "type": "Point", "coordinates": [ -8250269.288499999791384, 528654.956399999558926 ] } },
{ "type": "Feature", "properties": { "NOMBRE_EST": "COLEGIO LA TOSCANA - LISBOA (IED)", "NOMBRE_SED": "LISBOA", "ORDEN_DE_S": "B", "DIRECCION": "TV 151 A # 129 - 16", "DISCAPACID": "AUDITIVA-FISICA-INTELECTUAL", "TALENTOS_O": "TALENTO EXCEPCIONAL EN ACTIVIDAD FISICA, EJERCICIO Y DEPORTE-TALENTO EXCEPCIONAL EN ARTES Y LETRAS-TALENTO EXCEPCIONAL EN CIENCIAS SOCIALES O HUMANAS-TALENTO EXCEPCIONAL EN LIDERAZGO SOCIAL Y EMPRENDIMIENTO", "GRUPOS_ETN": "AFRODESCENDIENTES-INDIGENAS-NEGRITUDES", "SECTOR": 2, "NATU_JUR": 9, "CALENDARIO": 1, "GENERO": 5, "COD_LOCA": "11", "ESPECIALID": 13, "CLASE_TIPO": 1, "BILINGUE": 5, "FECHA": "2025-04-30", "DANE12_EST": "111001094889", "DANE12_SED": "111001012394", "DA_HIPOACU": 2, "DA_SORDERA": 0, "DA_LENGUAS": 0, "DA_UCASTEL": 0, "DISCAP_FIS": 0, "DISCAP_FLE": 0, "DISCAP_PCE": 0, "DI_DCOGNIT": 9, "DI_SDOWN": 0, "DIS_MULTIP": 4, "DIS_PSICOS": 0, "DV_BAJAVIS": 0, "DIS_CEGUER": 0, "T_ESPECTRO": 0, "T_VOZ_Y_HA": 0, "SISTEMICA": 0, "SORDOCEGUE": 0, "OTRA": 0, "TOT_EST_MA": 15, "AFRODESCEN": 7, "INDIGENAS": 4, "NEGRITUDES": 0, "PALENQUERO": 0, "RAIZALES": 0, "ROM": 0, "TOT_EST_ET": 11, "CAPACID_EX": 0, "DOBLE_EXCE": 0, "TE_ACTFISI": 6, "TE_ARTES": 3, "TE_CNATUR": 0, "TE_CSOCIAL": 1, "TE_LDSOCIA": 2, "TE_TECNOLO": 0, "TOT_EST_CA": 12, "TMATRIC_GE": 678, "Zona": 1 }, "geometry": { "type": "Point", "coordinates": [ -8251198.80629999935627, 528301.97859999909997 ] } },
{ "type": "Feature", "properties": { "NOMBRE_EST": "COLEGIO LA TOSCANA - LISBOA (IED)", "NOMBRE_SED": "SEDE C", "ORDEN_DE_S": "C", "DIRECCION": "CL 132 # 133 A – 43  --  KR 135 # 130 A – 06/09", "DISCAPACID": "AUDITIVA-INTELECTUAL", "TALENTOS_O": "TALENTO EXCEPCIONAL EN ACTIVIDAD FISICA, EJERCICIO Y DEPORTE-TALENTO EXCEPCIONAL EN ARTES Y LETRAS-TALENTO EXCEPCIONAL EN CIENCIAS SOCIALES O HUMANAS-TALENTO EXCEPCIONAL EN LIDERAZGO SOCIAL Y EMPRENDIMIENTO-TALENTO EXCEPCIONAL EN TECNOLOGIA", "GRUPOS_ETN": "AFRODESCENDIENTES-INDIGENAS-NEGRITUDES", "SECTOR": 2, "NATU_JUR": 9, "CALENDARIO": 1, "GENERO": 5, "COD_LOCA": "11", "ESPECIALID": 13, "CLASE_TIPO": 1, "BILINGUE": 5, "FECHA": "2025-04-30", "DANE12_EST": "111001094889", "DANE12_SED": "111001110434", "DA_HIPOACU": 1, "DA_SORDERA": 0, "DA_LENGUAS": 0, "DA_UCASTEL": 0, "DISCAP_FIS": 0, "DISCAP_FLE": 0, "DISCAP_PCE": 0, "DI_DCOGNIT": 16, "DI_SDOWN": 0, "DIS_MULTIP": 2, "DIS_PSICOS": 0, "DV_BAJAVIS": 0, "DIS_CEGUER": 0, "T_ESPECTRO": 0, "T_VOZ_Y_HA": 0, "SISTEMICA": 0, "SORDOCEGUE": 0, "OTRA": 0, "TOT_EST_MA": 19, "AFRODESCEN": 7, "INDIGENAS": 2, "NEGRITUDES": 2, "PALENQUERO": 0, "RAIZALES": 0, "ROM": 0, "TOT_EST_ET": 11, "CAPACID_EX": 0, "DOBLE_EXCE": 0, "TE_ACTFISI": 3, "TE_ARTES": 1, "TE_CNATUR": 0, "TE_CSOCIAL": 0, "TE_LDSOCIA": 1, "TE_TECNOLO": 2, "TOT_EST_CA": 7, "TMATRIC_GE": 545, "Zona": 1 }, "geometry": { "type": "Point", "coordinates": [ -8250514.191400000825524, 528451.6587999984622 ] } },
{ "type": "Feature", "properties": { "NOMBRE_EST": "COLEGIO LA TOSCANA - LISBOA (IED)", "NOMBRE_SED": "SEDE D PRIMERA INFANCIA - MARIA CRISTINA SALAZAR CAMACHO - SABANA DE TIBABUYES", "ORDEN_DE_S": "D", "DIRECCION": "CL 142 # 128 - 02", "DISCAPACID": null, "TALENTOS_O": null, "GRUPOS_ETN": null, "SECTOR": 2, "NATU_JUR": 9, "CALENDARIO": 1, "GENERO": 5, "COD_LOCA": "11", "ESPECIALID": 13, "CLASE_TIPO": 1, "BILINGUE": 5, "FECHA": "2025-04-30", "DANE12_EST": "111001094889", "DANE12_SED": "111001801161", "DA_HIPOACU": 1, "DA_SORDERA": 0, "DA_LENGUAS": 0, "DA_UCASTEL": 0, "DISCAP_FIS": 0, "DISCAP_FLE": 0, "DISCAP_PCE": 0, "DI_DCOGNIT": 0, "DI_SDOWN": 0, "DIS_MULTIP": 0, "DIS_PSICOS": 0, "DV_BAJAVIS": 0, "DIS_CEGUER": 0, "T_ESPECTRO": 0, "T_VOZ_Y_HA": 0, "SISTEMICA": 0, "SORDOCEGUE": 0, "OTRA": 0, "TOT_EST_MA": 1, "AFRODESCEN": 1, "INDIGENAS": 2, "NEGRITUDES": 0, "PALENQUERO": 0, "RAIZALES": 0, "ROM": 0, "TOT_EST_ET": 3, "CAPACID_EX": 0, "DOBLE_EXCE": 0, "TE_ACTFISI": 2, "TE_ARTES": 1, "TE_CNATUR": 0, "TE_CSOCIAL": 0, "TE_LDSOCIA": 1, "TE_TECNOLO": 0, "TOT_EST_CA": 4, "TMATRIC_GE": 354, "Zona": 1 }, "geometry": { "type": "Point", "coordinates": [ -8249910.839800000190735, 529063.787099998444319 ] } },
{ "type": "Feature", "properties": { "NOMBRE_EST": "COLEGIO BILBAO (IED)", "NOMBRE_SED": "COLEGIO BILBAO (IED) - SEDE PRINCIPAL", "ORDEN_DE_S": "A", "DIRECCION": "CL 143 A # 118 - 50", "DISCAPACID": "AUDITIVA-INTELECTUAL-MULTIPLE", "TALENTOS_O": "TALENTO EXCEPCIONAL EN ACTIVIDAD FISICA, EJERCICIO Y DEPORTE-TALENTO EXCEPCIONAL EN ARTES Y LETRAS", "GRUPOS_ETN": "AFRODESCENDIENTES-INDIGENAS", "SECTOR": 2, "NATU_JUR": 9, "CALENDARIO": 1, "GENERO": 5, "COD_LOCA": "11", "ESPECIALID": 1, "CLASE_TIPO": 2, "BILINGUE": 5, "FECHA": "2025-04-30", "DANE12_EST": "111001098949", "DANE12_SED": "111001098949", "DA_HIPOACU": 2, "DA_SORDERA": 0, "DA_LENGUAS": 0, "DA_UCASTEL": 0, "DISCAP_FIS": 0, "DISCAP_FLE": 0, "DISCAP_PCE": 0, "DI_DCOGNIT": 6, "DI_SDOWN": 0, "DIS_MULTIP": 9, "DIS_PSICOS": 1, "DV_BAJAVIS": 0, "DIS_CEGUER": 0, "T_ESPECTRO": 0, "T_VOZ_Y_HA": 0, "SISTEMICA": 0, "SORDOCEGUE": 0, "OTRA": 0, "TOT_EST_MA": 18, "AFRODESCEN": 7, "INDIGENAS": 7, "NEGRITUDES": 0, "PALENQUERO": 0, "RAIZALES": 0, "ROM": 0, "TOT_EST_ET": 14, "CAPACID_EX": 0, "DOBLE_EXCE": 0, "TE_ACTFISI": 3, "TE_ARTES": 3, "TE_CNATUR": 1, "TE_CSOCIAL": 0, "TE_LDSOCIA": 1, "TE_TECNOLO": 0, "TOT_EST_CA": 8, "TMATRIC_GE": 1190, "Zona": 1 }, "geometry": { "type": "Point", "coordinates": [ -8249594.692399999126792, 529353.097600001841784 ] } },
{ "type": "Feature", "properties": { "NOMBRE_EST": "COLEGIO JOSE MARIA VELAZ (IED)", "NOMBRE_SED": "COLEGIO JOSE MARIA VELAZ (IED) - SEDE PRINCIPAL", "ORDEN_DE_S": "A", "DIRECCION": "KR 131 # 133 - 44", "DISCAPACID": "AUDITIVA-FISICA-INTELECTUAL-MENTAL/PSICOSOCIAL-MULTIPLE", "TALENTOS_O": "TALENTO EXCEPCIONAL EN ACTIVIDAD FISICA, EJERCICIO Y DEPORTE-TALENTO EXCEPCIONAL EN ARTES Y LETRAS-TALENTO EXCEPCIONAL EN CIENCIAS SOCIALES O HUMANAS-TALENTO EXCEPCIONAL EN LIDERAZGO SOCIAL Y EMPRENDIMIENTO-TALENTO EXCEPCIONAL EN TECNOLOGIA", "GRUPOS_ETN": "AFRODESCENDIENTES-INDIGENAS", "SECTOR": 2, "NATU_JUR": 9, "CALENDARIO": 1, "GENERO": 5, "COD_LOCA": "11", "ESPECIALID": 1, "CLASE_TIPO": 2, "BILINGUE": 5, "FECHA": "2025-04-30", "DANE12_EST": "111001104043", "DANE12_SED": "111001104043", "DA_HIPOACU": 3, "DA_SORDERA": 0, "DA_LENGUAS": 0, "DA_UCASTEL": 0, "DISCAP_FIS": 3, "DISCAP_FLE": 0, "DISCAP_PCE": 0, "DI_DCOGNIT": 15, "DI_SDOWN": 0, "DIS_MULTIP": 4, "DIS_PSICOS": 0, "DV_BAJAVIS": 0, "DIS_CEGUER": 0, "T_ESPECTRO": 0, "T_VOZ_Y_HA": 0, "SISTEMICA": 0, "SORDOCEGUE": 0, "OTRA": 0, "TOT_EST_MA": 25, "AFRODESCEN": 11, "INDIGENAS": 10, "NEGRITUDES": 0, "PALENQUERO": 0, "RAIZALES": 0, "ROM": 0, "TOT_EST_ET": 21, "CAPACID_EX": 0, "DOBLE_EXCE": 0, "TE_ACTFISI": 9, "TE_ARTES": 3, "TE_CNATUR": 1, "TE_CSOCIAL": 0, "TE_LDSOCIA": 1, "TE_TECNOLO": 3, "TOT_EST_CA": 17, "TMATRIC_GE": 1273, "Zona": 1 }, "geometry": { "type": "Point", "coordinates": [ -8250174.666999999433756, 528774.477699998766184 ] } },
{ "type": "Feature", "properties": { "NOMBRE_EST": "COLEGIO DELIA ZAPATA OLIVELLA (IED)", "NOMBRE_SED": "DELIA ZAPATA OLIVELLA", "ORDEN_DE_S": "A", "DIRECCION": "CL 144 C # 141 A - 51", "DISCAPACID": "AUDITIVA-FISICA-INTELECTUAL-MENTAL/PSICOSOCIAL-MULTIPLE-VISUAL", "TALENTOS_O": "CAPACIDADES EXCEPCIONALES-TALENTO EXCEPCIONAL EN ACTIVIDAD FISICA, EJERCICIO Y DEPORTE-TALENTO EXCEPCIONAL EN ARTES Y LETRAS-TALENTO EXCEPCIONAL EN LIDERAZGO SOCIAL Y EMPRENDIMIENTO", "GRUPOS_ETN": "AFRODESCENDIENTES-INDIGENAS-NEGRITUDES", "SECTOR": 2, "NATU_JUR": 9, "CALENDARIO": 1, "GENERO": 5, "COD_LOCA": "11", "ESPECIALID": 1, "CLASE_TIPO": 1, "BILINGUE": 5, "FECHA": "2025-04-30", "DANE12_EST": "111001104256", "DANE12_SED": "111001104256", "DA_HIPOACU": 7, "DA_SORDERA": 0, "DA_LENGUAS": 0, "DA_UCASTEL": 0, "DISCAP_FIS": 9, "DISCAP_FLE": 0, "DISCAP_PCE": 0, "DI_DCOGNIT": 38, "DI_SDOWN": 0, "DIS_MULTIP": 16, "DIS_PSICOS": 9, "DV_BAJAVIS": 2, "DIS_CEGUER": 0, "T_ESPECTRO": 0, "T_VOZ_Y_HA": 0, "SISTEMICA": 0, "SORDOCEGUE": 0, "OTRA": 0, "TOT_EST_MA": 81, "AFRODESCEN": 30, "INDIGENAS": 14, "NEGRITUDES": 6, "PALENQUERO": 0, "RAIZALES": 0, "ROM": 0, "TOT_EST_ET": 50, "CAPACID_EX": 2, "DOBLE_EXCE": 0, "TE_ACTFISI": 7, "TE_ARTES": 4, "TE_CNATUR": 0, "TE_CSOCIAL": 0, "TE_LDSOCIA": 1, "TE_TECNOLO": 5, "TOT_EST_CA": 19, "TMATRIC_GE": 2186, "Zona": 1 }, "geometry": { "type": "Point", "coordinates": [ -8250258.156600000336766, 529732.88910000026226 ] } },
{ "type": "Feature", "properties": { "NOMBRE_EST": "COLEGIO GERARDO MOLINA RAMIREZ (IED)", "NOMBRE_SED": "GERARDO MOLINA RAMIREZ", "ORDEN_DE_S": "A", "DIRECCION": "KR 143 # 142 A - 62", "DISCAPACID": "AUDITIVA-FISICA-INTELECTUAL-MULTIPLE-VISUAL", "TALENTOS_O": "CAPACIDADES EXCEPCIONALES-TALENTO EXCEPCIONAL EN ACTIVIDAD FISICA, EJERCICIO Y DEPORTE-TALENTO EXCEPCIONAL EN ARTES Y LETRAS-TALENTO EXCEPCIONAL EN LIDERAZGO SOCIAL Y EMPRENDIMIENTO", "GRUPOS_ETN": "AFRODESCENDIENTES-INDIGENAS-NEGRITUDES", "SECTOR": 2, "NATU_JUR": 9, "CALENDARIO": 1, "GENERO": 5, "COD_LOCA": "11", "ESPECIALID": 1, "CLASE_TIPO": 1, "BILINGUE": 5, "FECHA": "2025-04-30", "DANE12_EST": "111001104264", "DANE12_SED": "111001104264", "DA_HIPOACU": 1, "DA_SORDERA": 0, "DA_LENGUAS": 0, "DA_UCASTEL": 0, "DISCAP_FIS": 3, "DISCAP_FLE": 0, "DISCAP_PCE": 0, "DI_DCOGNIT": 45, "DI_SDOWN": 0, "DIS_MULTIP": 14, "DIS_PSICOS": 4, "DV_BAJAVIS": 4, "DIS_CEGUER": 0, "T_ESPECTRO": 0, "T_VOZ_Y_HA": 0, "SISTEMICA": 0, "SORDOCEGUE": 0, "OTRA": 0, "TOT_EST_MA": 71, "AFRODESCEN": 32, "INDIGENAS": 35, "NEGRITUDES": 13, "PALENQUERO": 1, "RAIZALES": 0, "ROM": 0, "TOT_EST_ET": 81, "CAPACID_EX": 0, "DOBLE_EXCE": 0, "TE_ACTFISI": 19, "TE_ARTES": 5, "TE_CNATUR": 2, "TE_CSOCIAL": 0, "TE_LDSOCIA": 3, "TE_TECNOLO": 1, "TOT_EST_CA": 30, "TMATRIC_GE": 3139, "Zona": 1 }, "geometry": { "type": "Point", "coordinates": [ -8250535.3421, 529269.320300001651049 ] } },
{ "type": "Feature", "properties": { "NOMBRE_EST": "COLEGIO GONZALO ARANGO (IED)", "NOMBRE_SED": "GONZALO ARANGO", "ORDEN_DE_S": "A", "DIRECCION": "CL 130 C # 97 - 71  --  CL 130 A # 98 - 71", "DISCAPACID": "AUDITIVA-FISICA-INTELECTUAL-MENTAL/PSICOSOCIAL-MULTIPLE-VISUAL", "TALENTOS_O": "CAPACIDADES EXCEPCIONALES-TALENTO EXCEPCIONAL EN ACTIVIDAD FISICA, EJERCICIO Y DEPORTE-TALENTO EXCEPCIONAL EN ARTES Y LETRAS-TALENTO EXCEPCIONAL EN CIENCIAS SOCIALES O HUMANAS", "GRUPOS_ETN": "AFRODESCENDIENTES-INDIGENAS-NEGRITUDES-RAIZALES", "SECTOR": 2, "NATU_JUR": 9, "CALENDARIO": 1, "GENERO": 5, "COD_LOCA": "11", "ESPECIALID": 1, "CLASE_TIPO": 1, "BILINGUE": 5, "FECHA": "2025-04-30", "DANE12_EST": "111001104388", "DANE12_SED": "111001104388", "DA_HIPOACU": 3, "DA_SORDERA": 0, "DA_LENGUAS": 0, "DA_UCASTEL": 0, "DISCAP_FIS": 7, "DISCAP_FLE": 0, "DISCAP_PCE": 0, "DI_DCOGNIT": 44, "DI_SDOWN": 0, "DIS_MULTIP": 7, "DIS_PSICOS": 4, "DV_BAJAVIS": 3, "DIS_CEGUER": 0, "T_ESPECTRO": 0, "T_VOZ_Y_HA": 0, "SISTEMICA": 0, "SORDOCEGUE": 0, "OTRA": 0, "TOT_EST_MA": 68, "AFRODESCEN": 19, "INDIGENAS": 42, "NEGRITUDES": 6, "PALENQUERO": 0, "RAIZALES": 2, "ROM": 0, "TOT_EST_ET": 69, "CAPACID_EX": 0, "DOBLE_EXCE": 0, "TE_ACTFISI": 6, "TE_ARTES": 7, "TE_CNATUR": 3, "TE_CSOCIAL": 1, "TE_LDSOCIA": 1, "TE_TECNOLO": 1, "TOT_EST_CA": 19, "TMATRIC_GE": 2559, "Zona": 1 }, "geometry": { "type": "Point", "coordinates": [ -8248180.934900000691414, 527160.396899998188019 ] } },
{ "type": "Feature", "properties": { "NOMBRE_EST": "COLEGIO VIRGINIA GUTIERREZ DE PINEDA (IED)", "NOMBRE_SED": "VIRGINIA GUTIERREZ DE PINEDA", "ORDEN_DE_S": "A", "DIRECCION": "CL 131 B # 94 F - 31", "DISCAPACID": "FISICA-INTELECTUAL-MENTAL/PSICOSOCIAL-MULTIPLE-VISUAL", "TALENTOS_O": "CAPACIDADES EXCEPCIONALES-TALENTO EXCEPCIONAL EN ACTIVIDAD FISICA, EJERCICIO Y DEPORTE-TALENTO EXCEPCIONAL EN ARTES Y LETRAS-TALENTO EXCEPCIONAL EN LIDERAZGO SOCIAL Y EMPRENDIMIENTO", "GRUPOS_ETN": "AFRODESCENDIENTES-INDIGENAS-NEGRITUDES", "SECTOR": 2, "NATU_JUR": 9, "CALENDARIO": 1, "GENERO": 5, "COD_LOCA": "11", "ESPECIALID": 1, "CLASE_TIPO": 1, "BILINGUE": 5, "FECHA": "2025-04-30", "DANE12_EST": "111001107069", "DANE12_SED": "111001107069", "DA_HIPOACU": 2, "DA_SORDERA": 0, "DA_LENGUAS": 0, "DA_UCASTEL": 0, "DISCAP_FIS": 5, "DISCAP_FLE": 0, "DISCAP_PCE": 0, "DI_DCOGNIT": 39, "DI_SDOWN": 0, "DIS_MULTIP": 9, "DIS_PSICOS": 13, "DV_BAJAVIS": 1, "DIS_CEGUER": 0, "T_ESPECTRO": 0, "T_VOZ_Y_HA": 0, "SISTEMICA": 0, "SORDOCEGUE": 0, "OTRA": 0, "TOT_EST_MA": 69, "AFRODESCEN": 22, "INDIGENAS": 38, "NEGRITUDES": 7, "PALENQUERO": 0, "RAIZALES": 0, "ROM": 0, "TOT_EST_ET": 67, "CAPACID_EX": 1, "DOBLE_EXCE": 0, "TE_ACTFISI": 6, "TE_ARTES": 1, "TE_CNATUR": 0, "TE_CSOCIAL": 0, "TE_LDSOCIA": 0, "TE_TECNOLO": 0, "TOT_EST_CA": 8, "TMATRIC_GE": 2084, "Zona": 1 }, "geometry": { "type": "Point", "coordinates": [ -8247803.561799999326468, 527285.500900000333786 ] } },
{ "type": "Feature", "properties": { "NOMBRE_EST": "COLEGIO VEINTIUN ANGELES (IED)", "NOMBRE_SED": "VEINTIUN ANGELES", "ORDEN_DE_S": "A", "DIRECCION": "KR 90 # 154 A - 09", "DISCAPACID": "AUDITIVA-FISICA-INTELECTUAL-MULTIPLE-VISUAL", "TALENTOS_O": "CAPACIDADES EXCEPCIONALES-TALENTO EXCEPCIONAL EN ACTIVIDAD FISICA, EJERCICIO Y DEPORTE-TALENTO EXCEPCIONAL EN ARTES Y LETRAS-TALENTO EXCEPCIONAL EN CIENCIAS NATURALES O BASICAS-TALENTO EXCEPCIONAL EN CIENCIAS SOCIALES O HUMANAS", "GRUPOS_ETN": "AFRODESCENDIENTES-INDIGENAS-NEGRITUDES", "SECTOR": 2, "NATU_JUR": 9, "CALENDARIO": 1, "GENERO": 5, "COD_LOCA": "11", "ESPECIALID": 12, "CLASE_TIPO": 1, "BILINGUE": 5, "FECHA": "2025-04-30", "DANE12_EST": "111001107077", "DANE12_SED": "111001107077", "DA_HIPOACU": 4, "DA_SORDERA": 0, "DA_LENGUAS": 0, "DA_UCASTEL": 0, "DISCAP_FIS": 6, "DISCAP_FLE": 0, "DISCAP_PCE": 0, "DI_DCOGNIT": 53, "DI_SDOWN": 0, "DIS_MULTIP": 17, "DIS_PSICOS": 4, "DV_BAJAVIS": 4, "DIS_CEGUER": 0, "T_ESPECTRO": 0, "T_VOZ_Y_HA": 0, "SISTEMICA": 0, "SORDOCEGUE": 0, "OTRA": 0, "TOT_EST_MA": 88, "AFRODESCEN": 5, "INDIGENAS": 99, "NEGRITUDES": 0, "PALENQUERO": 0, "RAIZALES": 0, "ROM": 0, "TOT_EST_ET": 104, "CAPACID_EX": 1, "DOBLE_EXCE": 0, "TE_ACTFISI": 12, "TE_ARTES": 11, "TE_CNATUR": 0, "TE_CSOCIAL": 1, "TE_LDSOCIA": 1, "TE_TECNOLO": 2, "TOT_EST_CA": 28, "TMATRIC_GE": 2076, "Zona": 1 }, "geometry": { "type": "Point", "coordinates": [ -8246586.839800000190735, 529312.884500000625849 ] } },
{ "type": "Feature", "properties": { "NOMBRE_EST": "COLEGIO VEINTIUN ANGELES (IED)", "NOMBRE_SED": "TUNA ALTA", "ORDEN_DE_S": "B", "DIRECCION": "CL 155 A # 88 - 05  --  CL 155 # 88 - 11", "DISCAPACID": "AUDITIVA-FISICA-INTELECTUAL-MULTIPLE", "TALENTOS_O": "TALENTO EXCEPCIONAL EN ACTIVIDAD FISICA, EJERCICIO Y DEPORTE-TALENTO EXCEPCIONAL EN ARTES Y LETRAS-TALENTO EXCEPCIONAL EN LIDERAZGO SOCIAL Y EMPRENDIMIENTO-TALENTO EXCEPCIONAL EN TECNOLOGIA", "GRUPOS_ETN": "INDIGENAS", "SECTOR": 2, "NATU_JUR": 9, "CALENDARIO": 1, "GENERO": 5, "COD_LOCA": "11", "ESPECIALID": 13, "CLASE_TIPO": 1, "BILINGUE": 5, "FECHA": "2025-04-30", "DANE12_EST": "111001107077", "DANE12_SED": "211769003186", "DA_HIPOACU": 0, "DA_SORDERA": 0, "DA_LENGUAS": 0, "DA_UCASTEL": 0, "DISCAP_FIS": 0, "DISCAP_FLE": 0, "DISCAP_PCE": 0, "DI_DCOGNIT": 10, "DI_SDOWN": 0, "DIS_MULTIP": 4, "DIS_PSICOS": 1, "DV_BAJAVIS": 0, "DIS_CEGUER": 0, "T_ESPECTRO": 0, "T_VOZ_Y_HA": 0, "SISTEMICA": 0, "SORDOCEGUE": 0, "OTRA": 0, "TOT_EST_MA": 15, "AFRODESCEN": 2, "INDIGENAS": 11, "NEGRITUDES": 0, "PALENQUERO": 0, "RAIZALES": 0, "ROM": 0, "TOT_EST_ET": 13, "CAPACID_EX": 0, "DOBLE_EXCE": 0, "TE_ACTFISI": 1, "TE_ARTES": 3, "TE_CNATUR": 1, "TE_CSOCIAL": 0, "TE_LDSOCIA": 1, "TE_TECNOLO": 1, "TOT_EST_CA": 7, "TMATRIC_GE": 300, "Zona": 1 }, "geometry": { "type": "Point", "coordinates": [ -8246397.596699999645352, 529364.267900001257658 ] } },
{ "type": "Feature", "properties": { "NOMBRE_EST": "COLEGIO VEINTIUN ANGELES (IED)", "NOMBRE_SED": "CASABLANCA", "ORDEN_DE_S": "C", "DIRECCION": "CL 146 B # 78 - 51", "DISCAPACID": "INTELECTUAL-MENTAL/PSICOSOCIAL-MULTIPLE", "TALENTOS_O": "CAPACIDADES EXCEPCIONALES-TALENTO EXCEPCIONAL EN ACTIVIDAD FISICA, EJERCICIO Y DEPORTE-TALENTO EXCEPCIONAL EN TECNOLOGIA", "GRUPOS_ETN": "AFRODESCENDIENTES-INDIGENAS", "SECTOR": 2, "NATU_JUR": 9, "CALENDARIO": 1, "GENERO": 5, "COD_LOCA": "11", "ESPECIALID": 13, "CLASE_TIPO": 1, "BILINGUE": 5, "FECHA": "2025-04-30", "DANE12_EST": "111001107077", "DANE12_SED": "111769000263", "DA_HIPOACU": 1, "DA_SORDERA": 0, "DA_LENGUAS": 0, "DA_UCASTEL": 0, "DISCAP_FIS": 0, "DISCAP_FLE": 0, "DISCAP_PCE": 0, "DI_DCOGNIT": 5, "DI_SDOWN": 0, "DIS_MULTIP": 2, "DIS_PSICOS": 1, "DV_BAJAVIS": 0, "DIS_CEGUER": 0, "T_ESPECTRO": 0, "T_VOZ_Y_HA": 0, "SISTEMICA": 0, "SORDOCEGUE": 0, "OTRA": 0, "TOT_EST_MA": 9, "AFRODESCEN": 0, "INDIGENAS": 5, "NEGRITUDES": 0, "PALENQUERO": 0, "RAIZALES": 0, "ROM": 0, "TOT_EST_ET": 5, "CAPACID_EX": 1, "DOBLE_EXCE": 0, "TE_ACTFISI": 3, "TE_ARTES": 1, "TE_CNATUR": 0, "TE_CSOCIAL": 0, "TE_LDSOCIA": 1, "TE_TECNOLO": 1, "TOT_EST_CA": 7, "TMATRIC_GE": 329, "Zona": 1 }, "geometry": { "type": "Point", "coordinates": [ -8246083.675699999555945, 528041.714299999177456 ] } },
{ "type": "Feature", "properties": { "NOMBRE_EST": "COLEGIO VEINTIUN ANGELES (IED)", "NOMBRE_SED": "SEDE D", "ORDEN_DE_S": "D", "DIRECCION": "KR 90 # 159 A - 21", "DISCAPACID": "AUDITIVA-FISICA-INTELECTUAL", "TALENTOS_O": "TALENTO EXCEPCIONAL EN ACTIVIDAD FISICA, EJERCICIO Y DEPORTE-TALENTO EXCEPCIONAL EN ARTES Y LETRAS", "GRUPOS_ETN": "AFRODESCENDIENTES-INDIGENAS", "SECTOR": 2, "NATU_JUR": 9, "CALENDARIO": 1, "GENERO": 5, "COD_LOCA": "11", "ESPECIALID": 13, "CLASE_TIPO": 1, "BILINGUE": 5, "FECHA": "2025-04-30", "DANE12_EST": "111001107077", "DANE12_SED": "111001110353", "DA_HIPOACU": 0, "DA_SORDERA": 0, "DA_LENGUAS": 0, "DA_UCASTEL": 0, "DISCAP_FIS": 0, "DISCAP_FLE": 0, "DISCAP_PCE": 0, "DI_DCOGNIT": 0, "DI_SDOWN": 0, "DIS_MULTIP": 1, "DIS_PSICOS": 0, "DV_BAJAVIS": 0, "DIS_CEGUER": 0, "T_ESPECTRO": 0, "T_VOZ_Y_HA": 0, "SISTEMICA": 0, "SORDOCEGUE": 0, "OTRA": 0, "TOT_EST_MA": 1, "AFRODESCEN": 0, "INDIGENAS": 1, "NEGRITUDES": 0, "PALENQUERO": 0, "RAIZALES": 0, "ROM": 0, "TOT_EST_ET": 1, "CAPACID_EX": 0, "DOBLE_EXCE": 0, "TE_ACTFISI": 0, "TE_ARTES": 0, "TE_CNATUR": 0, "TE_CSOCIAL": 0, "TE_LDSOCIA": 0, "TE_TECNOLO": 0, "TOT_EST_CA": 0, "TMATRIC_GE": 144, "Zona": 1 }, "geometry": { "type": "Point", "coordinates": [ -8246114.845100000500679, 529897.093699999153614 ] } },
{ "type": "Feature", "properties": { "NOMBRE_EST": "COLEGIO NICOLAS BUENAVENTURA (IED)", "NOMBRE_SED": "NICOLAS BUENAVENTURA", "ORDEN_DE_S": "A", "DIRECCION": "KR 103 B # 153 - 01", "DISCAPACID": "AUDITIVA-FISICA-INTELECTUAL-MENTAL/PSICOSOCIAL-MULTIPLE-VISUAL", "TALENTOS_O": "TALENTO EXCEPCIONAL EN ACTIVIDAD FISICA, EJERCICIO Y DEPORTE-TALENTO EXCEPCIONAL EN ARTES Y LETRAS-TALENTO EXCEPCIONAL EN LIDERAZGO SOCIAL Y EMPRENDIMIENTO-TALENTO EXCEPCIONAL EN TECNOLOGIA", "GRUPOS_ETN": "AFRODESCENDIENTES-INDIGENAS-NEGRITUDES", "SECTOR": 2, "NATU_JUR": 9, "CALENDARIO": 1, "GENERO": 5, "COD_LOCA": "11", "ESPECIALID": 1, "CLASE_TIPO": 1, "BILINGUE": 5, "FECHA": "2025-04-30", "DANE12_EST": "111001107786", "DANE12_SED": "111001107786", "DA_HIPOACU": 0, "DA_SORDERA": 0, "DA_LENGUAS": 0, "DA_UCASTEL": 0, "DISCAP_FIS": 9, "DISCAP_FLE": 0, "DISCAP_PCE": 0, "DI_DCOGNIT": 28, "DI_SDOWN": 0, "DIS_MULTIP": 20, "DIS_PSICOS": 2, "DV_BAJAVIS": 1, "DIS_CEGUER": 0, "T_ESPECTRO": 0, "T_VOZ_Y_HA": 0, "SISTEMICA": 0, "SORDOCEGUE": 0, "OTRA": 0, "TOT_EST_MA": 60, "AFRODESCEN": 9, "INDIGENAS": 14, "NEGRITUDES": 3, "PALENQUERO": 0, "RAIZALES": 0, "ROM": 0, "TOT_EST_ET": 26, "CAPACID_EX": 4, "DOBLE_EXCE": 0, "TE_ACTFISI": 13, "TE_ARTES": 6, "TE_CNATUR": 2, "TE_CSOCIAL": 0, "TE_LDSOCIA": 1, "TE_TECNOLO": 2, "TOT_EST_CA": 28, "TMATRIC_GE": 1869, "Zona": 1 }, "geometry": { "type": "Point", "coordinates": [ -8247775.731899999082088, 529825.603199999779463 ] } },
{ "type": "Feature", "properties": { "NOMBRE_EST": "COLEGIO NICOLAS BUENAVENTURA (IED)", "NOMBRE_SED": "CHORRILLOS", "ORDEN_DE_S": "B", "DIRECCION": "KM 7 VIA SUBA - COTA", "DISCAPACID": "FISICA-INTELECTUAL-MENTAL/PSICOSOCIAL-VISUAL", "TALENTOS_O": "TALENTO EXCEPCIONAL EN ACTIVIDAD FISICA, EJERCICIO Y DEPORTE-TALENTO EXCEPCIONAL EN ARTES Y LETRAS", "GRUPOS_ETN": "AFRODESCENDIENTES-INDIGENAS", "SECTOR": 2, "NATU_JUR": 9, "CALENDARIO": 1, "GENERO": 5, "COD_LOCA": "11", "ESPECIALID": 1, "CLASE_TIPO": 1, "BILINGUE": 5, "FECHA": "2025-04-30", "DANE12_EST": "111001107786", "DANE12_SED": "211769003151", "DA_HIPOACU": 0, "DA_SORDERA": 0, "DA_LENGUAS": 0, "DA_UCASTEL": 0, "DISCAP_FIS": 0, "DISCAP_FLE": 0, "DISCAP_PCE": 0, "DI_DCOGNIT": 3, "DI_SDOWN": 0, "DIS_MULTIP": 2, "DIS_PSICOS": 1, "DV_BAJAVIS": 0, "DIS_CEGUER": 0, "T_ESPECTRO": 0, "T_VOZ_Y_HA": 0, "SISTEMICA": 0, "SORDOCEGUE": 0, "OTRA": 0, "TOT_EST_MA": 6, "AFRODESCEN": 2, "INDIGENAS": 4, "NEGRITUDES": 0, "PALENQUERO": 0, "RAIZALES": 0, "ROM": 0, "TOT_EST_ET": 6, "CAPACID_EX": 0, "DOBLE_EXCE": 0, "TE_ACTFISI": 5, "TE_ARTES": 2, "TE_CNATUR": 0, "TE_CSOCIAL": 0, "TE_LDSOCIA": 0, "TE_TECNOLO": 0, "TOT_EST_CA": 7, "TMATRIC_GE": 288, "Zona": 2 }, "geometry": { "type": "Point", "coordinates": [ -8247796.8827, 533275.093699999153614 ] } },
{ "type": "Feature", "properties": { "NOMBRE_EST": "COLEGIO FILARMONICO JORGE MARIO BERGOGLIO (IED)", "NOMBRE_SED": "FILARMONICO JORGE MARIO BERGOGLIO", "ORDEN_DE_S": "A", "DIRECCION": "KR 113 C # 142 B - 21", "DISCAPACID": "AUDITIVA-FISICA-INTELECTUAL-MULTIPLE", "TALENTOS_O": "CAPACIDADES EXCEPCIONALES-TALENTO EXCEPCIONAL EN ACTIVIDAD FISICA, EJERCICIO Y DEPORTE-TALENTO EXCEPCIONAL EN ARTES Y LETRAS", "GRUPOS_ETN": "INDIGENAS", "SECTOR": 2, "NATU_JUR": 9, "CALENDARIO": 1, "GENERO": 5, "COD_LOCA": "11", "ESPECIALID": 1, "CLASE_TIPO": 1, "BILINGUE": 5, "FECHA": "2025-04-30", "DANE12_EST": "111001800163", "DANE12_SED": "111001800163", "DA_HIPOACU": 2, "DA_SORDERA": 0, "DA_LENGUAS": 0, "DA_UCASTEL": 0, "DISCAP_FIS": 4, "DISCAP_FLE": 0, "DISCAP_PCE": 0, "DI_DCOGNIT": 8, "DI_SDOWN": 0, "DIS_MULTIP": 5, "DIS_PSICOS": 1, "DV_BAJAVIS": 0, "DIS_CEGUER": 0, "T_ESPECTRO": 0, "T_VOZ_Y_HA": 0, "SISTEMICA": 0, "SORDOCEGUE": 0, "OTRA": 0, "TOT_EST_MA": 20, "AFRODESCEN": 0, "INDIGENAS": 5, "NEGRITUDES": 0, "PALENQUERO": 0, "RAIZALES": 0, "ROM": 0, "TOT_EST_ET": 5, "CAPACID_EX": 3, "DOBLE_EXCE": 0, "TE_ACTFISI": 3, "TE_ARTES": 3, "TE_CNATUR": 0, "TE_CSOCIAL": 0, "TE_LDSOCIA": 0, "TE_TECNOLO": 0, "TOT_EST_CA": 9, "TMATRIC_GE": 520, "Zona": 1 }, "geometry": { "type": "Point", "coordinates": [ -8249119.358200000599027, 529221.288100000470877 ] } },
{ "type": "Feature", "properties": { "NOMBRE_EST": "COLEGIO COMPARTIR SUBA (IED)", "NOMBRE_SED": "COMPARTIR SUBA", "ORDEN_DE_S": "A", "DIRECCION": "KR 128 # 146 - 52", "DISCAPACID": "FISICA-INTELECTUAL-MENTAL/PSICOSOCIAL-MULTIPLE", "TALENTOS_O": "TALENTO EXCEPCIONAL EN ACTIVIDAD FISICA, EJERCICIO Y DEPORTE-TALENTO EXCEPCIONAL EN ARTES Y LETRAS-TALENTO EXCEPCIONAL EN TECNOLOGIA", "GRUPOS_ETN": "AFRODESCENDIENTES-INDIGENAS-NEGRITUDES", "SECTOR": 2, "NATU_JUR": 9, "CALENDARIO": 1, "GENERO": 5, "COD_LOCA": "11", "ESPECIALID": 1, "CLASE_TIPO": 1, "BILINGUE": 5, "FECHA": "2025-04-30", "DANE12_EST": "111001800813", "DANE12_SED": "111001800813", "DA_HIPOACU": 0, "DA_SORDERA": 0, "DA_LENGUAS": 0, "DA_UCASTEL": 0, "DISCAP_FIS": 0, "DISCAP_FLE": 0, "DISCAP_PCE": 0, "DI_DCOGNIT": 10, "DI_SDOWN": 0, "DIS_MULTIP": 9, "DIS_PSICOS": 1, "DV_BAJAVIS": 0, "DIS_CEGUER": 0, "T_ESPECTRO": 0, "T_VOZ_Y_HA": 0, "SISTEMICA": 0, "SORDOCEGUE": 0, "OTRA": 0, "TOT_EST_MA": 20, "AFRODESCEN": 0, "INDIGENAS": 4, "NEGRITUDES": 2, "PALENQUERO": 0, "RAIZALES": 0, "ROM": 0, "TOT_EST_ET": 6, "CAPACID_EX": 0, "DOBLE_EXCE": 0, "TE_ACTFISI": 1, "TE_ARTES": 6, "TE_CNATUR": 0, "TE_CSOCIAL": 0, "TE_LDSOCIA": 2, "TE_TECNOLO": 1, "TOT_EST_CA": 10, "TMATRIC_GE": 672, "Zona": 1 }, "geometry": { "type": "Point", "coordinates": [ -8249487.8257, 529928.370799999684095 ] } },
{ "type": "Feature", "properties": { "NOMBRE_EST": "COLEGIO COMPARTIR SUBA (IED)", "NOMBRE_SED": "SEDE B", "ORDEN_DE_S": "B", "DIRECCION": "CL 149 # 117 - 35", "DISCAPACID": null, "TALENTOS_O": null, "GRUPOS_ETN": null, "SECTOR": 2, "NATU_JUR": 9, "CALENDARIO": 1, "GENERO": 5, "COD_LOCA": "11", "ESPECIALID": 1, "CLASE_TIPO": 1, "BILINGUE": 5, "FECHA": "2025-04-30", "DANE12_EST": "111001800813", "DANE12_SED": "111001801144", "DA_HIPOACU": 0, "DA_SORDERA": 0, "DA_LENGUAS": 0, "DA_UCASTEL": 0, "DISCAP_FIS": 3, "DISCAP_FLE": 0, "DISCAP_PCE": 0, "DI_DCOGNIT": 3, "DI_SDOWN": 0, "DIS_MULTIP": 3, "DIS_PSICOS": 0, "DV_BAJAVIS": 0, "DIS_CEGUER": 0, "T_ESPECTRO": 0, "T_VOZ_Y_HA": 0, "SISTEMICA": 0, "SORDOCEGUE": 0, "OTRA": 0, "TOT_EST_MA": 9, "AFRODESCEN": 1, "INDIGENAS": 2, "NEGRITUDES": 0, "PALENQUERO": 0, "RAIZALES": 0, "ROM": 0, "TOT_EST_ET": 3, "CAPACID_EX": 0, "DOBLE_EXCE": 0, "TE_ACTFISI": 2, "TE_ARTES": 2, "TE_CNATUR": 0, "TE_CSOCIAL": 1, "TE_LDSOCIA": 0, "TE_TECNOLO": 1, "TOT_EST_CA": 6, "TMATRIC_GE": 474, "Zona": 1 }, "geometry": { "type": "Point", "coordinates": [ -8249251.828400000929832, 529749.64469999819994 ] } },
{ "type": "Feature", "properties": { "NOMBRE_EST": "COLEGIO JAIME NIÑO DIEZ (IED)", "NOMBRE_SED": "COLEGIO JAIME NIÑO DIEZ (IED)", "ORDEN_DE_S": "A", "DIRECCION": "KR 109 B # 145 - 17", "DISCAPACID": null, "TALENTOS_O": null, "GRUPOS_ETN": null, "SECTOR": 2, "NATU_JUR": 9, "CALENDARIO": 1, "GENERO": 5, "COD_LOCA": "11", "ESPECIALID": 1, "CLASE_TIPO": 1, "BILINGUE": 5, "FECHA": "2025-04-30", "DANE12_EST": "111001801250", "DANE12_SED": "111001801250", "DA_HIPOACU": 1, "DA_SORDERA": 0, "DA_LENGUAS": 0, "DA_UCASTEL": 0, "DISCAP_FIS": 1, "DISCAP_FLE": 0, "DISCAP_PCE": 0, "DI_DCOGNIT": 3, "DI_SDOWN": 0, "DIS_MULTIP": 5, "DIS_PSICOS": 5, "DV_BAJAVIS": 2, "DIS_CEGUER": 0, "T_ESPECTRO": 0, "T_VOZ_Y_HA": 0, "SISTEMICA": 0, "SORDOCEGUE": 0, "OTRA": 0, "TOT_EST_MA": 17, "AFRODESCEN": 2, "INDIGENAS": 3, "NEGRITUDES": 0, "PALENQUERO": 0, "RAIZALES": 0, "ROM": 0, "TOT_EST_ET": 5, "CAPACID_EX": 0, "DOBLE_EXCE": 0, "TE_ACTFISI": 0, "TE_ARTES": 2, "TE_CNATUR": 0, "TE_CSOCIAL": 0, "TE_LDSOCIA": 0, "TE_TECNOLO": 0, "TOT_EST_CA": 2, "TMATRIC_GE": 574, "Zona": 1 }, "geometry": { "type": "Point", "coordinates": [ -8248668.5143, 529246.979800000786781 ] } },
{ "type": "Feature", "properties": { "NOMBRE_EST": "COLEGIO ELISA MUJICA VELASQUEZ (IED)", "NOMBRE_SED": "COLEGIO ELISA MUJICA VELASQUEZ (IED)", "ORDEN_DE_S": "A", "DIRECCION": "KR 132 # 133 - 30", "DISCAPACID": null, "TALENTOS_O": null, "GRUPOS_ETN": null, "SECTOR": 2, "NATU_JUR": 9, "CALENDARIO": 1, "GENERO": 5, "COD_LOCA": "11", "ESPECIALID": 1, "CLASE_TIPO": 1, "BILINGUE": 5, "FECHA": "2025-04-30", "DANE12_EST": "111001801349", "DANE12_SED": "111001801349", "DA_HIPOACU": 0, "DA_SORDERA": 0, "DA_LENGUAS": 0, "DA_UCASTEL": 0, "DISCAP_FIS": 4, "DISCAP_FLE": 0, "DISCAP_PCE": 0, "DI_DCOGNIT": 16, "DI_SDOWN": 0, "DIS_MULTIP": 12, "DIS_PSICOS": 2, "DV_BAJAVIS": 0, "DIS_CEGUER": 0, "T_ESPECTRO": 0, "T_VOZ_Y_HA": 0, "SISTEMICA": 0, "SORDOCEGUE": 0, "OTRA": 0, "TOT_EST_MA": 34, "AFRODESCEN": 11, "INDIGENAS": 12, "NEGRITUDES": 2, "PALENQUERO": 0, "RAIZALES": 0, "ROM": 0, "TOT_EST_ET": 25, "CAPACID_EX": 2, "DOBLE_EXCE": 0, "TE_ACTFISI": 9, "TE_ARTES": 6, "TE_CNATUR": 0, "TE_CSOCIAL": 1, "TE_LDSOCIA": 0, "TE_TECNOLO": 1, "TOT_EST_CA": 19, "TMATRIC_GE": 848, "Zona": 1 }, "geometry": { "type": "Point", "coordinates": [ -8250213.628799999132752, 528770.00959999859333 ] } },
{ "type": "Feature", "properties": { "NOMBRE_EST": "COLEGIO ELISA MUJICA VELASQUEZ (IED)", "NOMBRE_SED": "SEDE B", "ORDEN_DE_S": "B", "DIRECCION": "CL 131 C # 126 - 48", "DISCAPACID": null, "TALENTOS_O": null, "GRUPOS_ETN": null, "SECTOR": 2, "NATU_JUR": 9, "CALENDARIO": 1, "GENERO": 5, "COD_LOCA": "11", "ESPECIALID": 13, "CLASE_TIPO": 1, "BILINGUE": 5, "FECHA": "2025-04-30", "DANE12_EST": "111001801349", "DANE12_SED": "111001801373", "DA_HIPOACU": 0, "DA_SORDERA": 0, "DA_LENGUAS": 0, "DA_UCASTEL": 0, "DISCAP_FIS": 0, "DISCAP_FLE": 0, "DISCAP_PCE": 0, "DI_DCOGNIT": 1, "DI_SDOWN": 0, "DIS_MULTIP": 3, "DIS_PSICOS": 0, "DV_BAJAVIS": 0, "DIS_CEGUER": 0, "T_ESPECTRO": 0, "T_VOZ_Y_HA": 0, "SISTEMICA": 0, "SORDOCEGUE": 0, "OTRA": 0, "TOT_EST_MA": 4, "AFRODESCEN": 1, "INDIGENAS": 1, "NEGRITUDES": 0, "PALENQUERO": 0, "RAIZALES": 0, "ROM": 0, "TOT_EST_ET": 2, "CAPACID_EX": 0, "DOBLE_EXCE": 0, "TE_ACTFISI": 1, "TE_ARTES": 1, "TE_CNATUR": 0, "TE_CSOCIAL": 0, "TE_LDSOCIA": 0, "TE_TECNOLO": 0, "TOT_EST_CA": 2, "TMATRIC_GE": 243, "Zona": 1 }, "geometry": { "type": "Point", "coordinates": [ -8250111.2149, 528176.872900001704693 ] } },
{ "type": "Feature", "properties": { "NOMBRE_EST": "COLEGIO FILARMONICO SIMON BOLIVAR (IED)", "NOMBRE_SED": "FILARMONICO SIMON BOLIVAR", "ORDEN_DE_S": "A", "DIRECCION": "KR 91 # 146 C - 63  --   / KRA 92 # 146 C - 38", "DISCAPACID": "AUDITIVA-FISICA-INTELECTUAL-MENTAL/PSICOSOCIAL-MULTIPLE-SORDOCEGUERA-VISUAL", "TALENTOS_O": "CAPACIDADES EXCEPCIONALES-TALENTO EXCEPCIONAL EN ACTIVIDAD FISICA, EJERCICIO Y DEPORTE-TALENTO EXCEPCIONAL EN ARTES Y LETRAS-TALENTO EXCEPCIONAL EN TECNOLOGIA", "GRUPOS_ETN": "AFRODESCENDIENTES-INDIGENAS-NEGRITUDES-PALENQUEROS", "SECTOR": 2, "NATU_JUR": 9, "CALENDARIO": 1, "GENERO": 5, "COD_LOCA": "11", "ESPECIALID": 1, "CLASE_TIPO": 1, "BILINGUE": 5, "FECHA": "2025-04-30", "DANE12_EST": "111769000174", "DANE12_SED": "111769000174", "DA_HIPOACU": 3, "DA_SORDERA": 0, "DA_LENGUAS": 0, "DA_UCASTEL": 0, "DISCAP_FIS": 1, "DISCAP_FLE": 0, "DISCAP_PCE": 0, "DI_DCOGNIT": 35, "DI_SDOWN": 0, "DIS_MULTIP": 14, "DIS_PSICOS": 8, "DV_BAJAVIS": 2, "DIS_CEGUER": 0, "T_ESPECTRO": 0, "T_VOZ_Y_HA": 0, "SISTEMICA": 0, "SORDOCEGUE": 1, "OTRA": 0, "TOT_EST_MA": 64, "AFRODESCEN": 20, "INDIGENAS": 58, "NEGRITUDES": 10, "PALENQUERO": 0, "RAIZALES": 0, "ROM": 0, "TOT_EST_ET": 88, "CAPACID_EX": 4, "DOBLE_EXCE": 0, "TE_ACTFISI": 9, "TE_ARTES": 16, "TE_CNATUR": 0, "TE_CSOCIAL": 1, "TE_LDSOCIA": 2, "TE_TECNOLO": 1, "TOT_EST_CA": 33, "TMATRIC_GE": 1671, "Zona": 1 }, "geometry": { "type": "Point", "coordinates": [ -8247012.080199999734759, 528410.329199999570847 ] } },
{ "type": "Feature", "properties": { "NOMBRE_EST": "COLEGIO FILARMONICO SIMON BOLIVAR (IED)", "NOMBRE_SED": "SEDE B", "ORDEN_DE_S": "B", "DIRECCION": "KR 90 # 145 - 39", "DISCAPACID": "AUDITIVA-INTELECTUAL-MENTAL/PSICOSOCIAL-VISUAL", "TALENTOS_O": "TALENTO EXCEPCIONAL EN ARTES Y LETRAS-TALENTO EXCEPCIONAL EN CIENCIAS SOCIALES O HUMANAS", "GRUPOS_ETN": "AFRODESCENDIENTES-INDIGENAS-NEGRITUDES", "SECTOR": 2, "NATU_JUR": 9, "CALENDARIO": 1, "GENERO": 5, "COD_LOCA": "11", "ESPECIALID": 1, "CLASE_TIPO": 1, "BILINGUE": 5, "FECHA": "2025-04-30", "DANE12_EST": "111769000174", "DANE12_SED": "111001110361", "DA_HIPOACU": 0, "DA_SORDERA": 0, "DA_LENGUAS": 0, "DA_UCASTEL": 0, "DISCAP_FIS": 0, "DISCAP_FLE": 0, "DISCAP_PCE": 0, "DI_DCOGNIT": 5, "DI_SDOWN": 0, "DIS_MULTIP": 0, "DIS_PSICOS": 0, "DV_BAJAVIS": 2, "DIS_CEGUER": 0, "T_ESPECTRO": 0, "T_VOZ_Y_HA": 0, "SISTEMICA": 0, "SORDOCEGUE": 0, "OTRA": 0, "TOT_EST_MA": 7, "AFRODESCEN": 3, "INDIGENAS": 3, "NEGRITUDES": 3, "PALENQUERO": 0, "RAIZALES": 0, "ROM": 0, "TOT_EST_ET": 9, "CAPACID_EX": 0, "DOBLE_EXCE": 0, "TE_ACTFISI": 1, "TE_ARTES": 3, "TE_CNATUR": 1, "TE_CSOCIAL": 0, "TE_LDSOCIA": 1, "TE_TECNOLO": 0, "TOT_EST_CA": 6, "TMATRIC_GE": 240, "Zona": 1 }, "geometry": { "type": "Point", "coordinates": [ -8246996.495500000193715, 528079.692800000309944 ] } },
{ "type": "Feature", "properties": { "NOMBRE_EST": "COLEGIO EL SALITRE - SUBA (IED)", "NOMBRE_SED": "EL SALITRE", "ORDEN_DE_S": "A", "DIRECCION": "CL 163 # 92 - 96", "DISCAPACID": "FISICA-INTELECTUAL-MENTAL/PSICOSOCIAL-MULTIPLE", "TALENTOS_O": "TALENTO EXCEPCIONAL EN ACTIVIDAD FISICA, EJERCICIO Y DEPORTE-TALENTO EXCEPCIONAL EN ARTES Y LETRAS", "GRUPOS_ETN": "AFRODESCENDIENTES-INDIGENAS-NEGRITUDES", "SECTOR": 2, "NATU_JUR": 9, "CALENDARIO": 1, "GENERO": 5, "COD_LOCA": "11", "ESPECIALID": 1, "CLASE_TIPO": 1, "BILINGUE": 5, "FECHA": "2025-04-30", "DANE12_EST": "111769000247", "DANE12_SED": "111769000247", "DA_HIPOACU": 2, "DA_SORDERA": 0, "DA_LENGUAS": 0, "DA_UCASTEL": 0, "DISCAP_FIS": 1, "DISCAP_FLE": 0, "DISCAP_PCE": 0, "DI_DCOGNIT": 13, "DI_SDOWN": 0, "DIS_MULTIP": 7, "DIS_PSICOS": 8, "DV_BAJAVIS": 0, "DIS_CEGUER": 0, "T_ESPECTRO": 0, "T_VOZ_Y_HA": 0, "SISTEMICA": 0, "SORDOCEGUE": 0, "OTRA": 0, "TOT_EST_MA": 31, "AFRODESCEN": 1, "INDIGENAS": 13, "NEGRITUDES": 7, "PALENQUERO": 0, "RAIZALES": 0, "ROM": 0, "TOT_EST_ET": 21, "CAPACID_EX": 0, "DOBLE_EXCE": 0, "TE_ACTFISI": 2, "TE_ARTES": 2, "TE_CNATUR": 0, "TE_CSOCIAL": 1, "TE_LDSOCIA": 1, "TE_TECNOLO": 0, "TOT_EST_CA": 6, "TMATRIC_GE": 843, "Zona": 2 }, "geometry": { "type": "Point", "coordinates": [ -8246227.277799999341369, 530450.029899999499321 ] } },
{ "type": "Feature", "properties": { "NOMBRE_EST": "COLEGIO EL SALITRE - SUBA (IED)", "NOMBRE_SED": "SAN CARLOS DE SUBA", "ORDEN_DE_S": "B", "DIRECCION": "CL 153 # 100 - 44", "DISCAPACID": "AUDITIVA-FISICA-INTELECTUAL-MENTAL/PSICOSOCIAL-MULTIPLE", "TALENTOS_O": "CAPACIDADES EXCEPCIONALES-TALENTO EXCEPCIONAL EN ACTIVIDAD FISICA, EJERCICIO Y DEPORTE-TALENTO EXCEPCIONAL EN ARTES Y LETRAS-TALENTO EXCEPCIONAL EN CIENCIAS NATURALES O BASICAS-TALENTO EXCEPCIONAL EN LIDERAZGO SOCIAL Y EMPRENDIMIENTO-TALENTO EXCEPCIONAL", "GRUPOS_ETN": "AFRODESCENDIENTES-INDIGENAS-NEGRITUDES", "SECTOR": 2, "NATU_JUR": 9, "CALENDARIO": 1, "GENERO": 5, "COD_LOCA": "11", "ESPECIALID": 13, "CLASE_TIPO": 1, "BILINGUE": 5, "FECHA": "2025-04-30", "DANE12_EST": "111769000247", "DANE12_SED": "211769000845", "DA_HIPOACU": 0, "DA_SORDERA": 0, "DA_LENGUAS": 0, "DA_UCASTEL": 0, "DISCAP_FIS": 3, "DISCAP_FLE": 0, "DISCAP_PCE": 0, "DI_DCOGNIT": 9, "DI_SDOWN": 0, "DIS_MULTIP": 15, "DIS_PSICOS": 4, "DV_BAJAVIS": 0, "DIS_CEGUER": 0, "T_ESPECTRO": 0, "T_VOZ_Y_HA": 0, "SISTEMICA": 0, "SORDOCEGUE": 0, "OTRA": 0, "TOT_EST_MA": 31, "AFRODESCEN": 4, "INDIGENAS": 13, "NEGRITUDES": 0, "PALENQUERO": 0, "RAIZALES": 0, "ROM": 0, "TOT_EST_ET": 17, "CAPACID_EX": 1, "DOBLE_EXCE": 0, "TE_ACTFISI": 9, "TE_ARTES": 7, "TE_CNATUR": 0, "TE_CSOCIAL": 2, "TE_LDSOCIA": 1, "TE_TECNOLO": 2, "TOT_EST_CA": 22, "TMATRIC_GE": 1168, "Zona": 1 }, "geometry": { "type": "Point", "coordinates": [ -8247458.471400000154972, 529679.27140000090003 ] } },
{ "type": "Feature", "properties": { "NOMBRE_EST": "COLEGIO EL SALITRE - SUBA (IED)", "NOMBRE_SED": "LICEO MIXTO DEL DAS", "ORDEN_DE_S": "C", "DIRECCION": "KR 92 # 152 A - 52", "DISCAPACID": "AUDITIVA-FISICA-INTELECTUAL-MENTAL/PSICOSOCIAL-MULTIPLE", "TALENTOS_O": "TALENTO EXCEPCIONAL EN ACTIVIDAD FISICA, EJERCICIO Y DEPORTE-TALENTO EXCEPCIONAL EN ARTES Y LETRAS-TALENTO EXCEPCIONAL EN CIENCIAS SOCIALES O HUMANAS", "GRUPOS_ETN": "AFRODESCENDIENTES-INDIGENAS-NEGRITUDES", "SECTOR": 2, "NATU_JUR": 9, "CALENDARIO": 1, "GENERO": 5, "COD_LOCA": "11", "ESPECIALID": 13, "CLASE_TIPO": 1, "BILINGUE": 5, "FECHA": "2025-04-30", "DANE12_EST": "111769000247", "DANE12_SED": "111001017698", "DA_HIPOACU": 0, "DA_SORDERA": 0, "DA_LENGUAS": 0, "DA_UCASTEL": 0, "DISCAP_FIS": 1, "DISCAP_FLE": 0, "DISCAP_PCE": 0, "DI_DCOGNIT": 27, "DI_SDOWN": 0, "DIS_MULTIP": 3, "DIS_PSICOS": 1, "DV_BAJAVIS": 0, "DIS_CEGUER": 0, "T_ESPECTRO": 0, "T_VOZ_Y_HA": 0, "SISTEMICA": 0, "SORDOCEGUE": 0, "OTRA": 0, "TOT_EST_MA": 32, "AFRODESCEN": 6, "INDIGENAS": 14, "NEGRITUDES": 3, "PALENQUERO": 0, "RAIZALES": 0, "ROM": 0, "TOT_EST_ET": 23, "CAPACID_EX": 0, "DOBLE_EXCE": 0, "TE_ACTFISI": 13, "TE_ARTES": 3, "TE_CNATUR": 1, "TE_CSOCIAL": 0, "TE_LDSOCIA": 2, "TE_TECNOLO": 1, "TOT_EST_CA": 20, "TMATRIC_GE": 1176, "Zona": 1 }, "geometry": { "type": "Point", "coordinates": [ -8246900.760800000280142, 529265.969300001859665 ] } },
{ "type": "Feature", "properties": { "NOMBRE_EST": "COLEGIO PRADO VERANIEGO (IED)", "NOMBRE_SED": "PRADO VERANIEGO II", "ORDEN_DE_S": "A", "DIRECCION": "KR 46 # 130 - 65", "DISCAPACID": "FISICA-INTELECTUAL-MENTAL/PSICOSOCIAL-MULTIPLE", "TALENTOS_O": "CAPACIDADES EXCEPCIONALES-TALENTO EXCEPCIONAL EN ACTIVIDAD FISICA, EJERCICIO Y DEPORTE-TALENTO EXCEPCIONAL EN ARTES Y LETRAS-TALENTO EXCEPCIONAL EN TECNOLOGIA", "GRUPOS_ETN": "AFRODESCENDIENTES-INDIGENAS-NEGRITUDES", "SECTOR": 2, "NATU_JUR": 9, "CALENDARIO": 1, "GENERO": 5, "COD_LOCA": "11", "ESPECIALID": 1, "CLASE_TIPO": 1, "BILINGUE": 5, "FECHA": "2025-04-30", "DANE12_EST": "111769000956", "DANE12_SED": "111769000956", "DA_HIPOACU": 0, "DA_SORDERA": 0, "DA_LENGUAS": 0, "DA_UCASTEL": 0, "DISCAP_FIS": 3, "DISCAP_FLE": 0, "DISCAP_PCE": 0, "DI_DCOGNIT": 38, "DI_SDOWN": 0, "DIS_MULTIP": 4, "DIS_PSICOS": 3, "DV_BAJAVIS": 1, "DIS_CEGUER": 0, "T_ESPECTRO": 0, "T_VOZ_Y_HA": 0, "SISTEMICA": 0, "SORDOCEGUE": 0, "OTRA": 0, "TOT_EST_MA": 49, "AFRODESCEN": 2, "INDIGENAS": 0, "NEGRITUDES": 4, "PALENQUERO": 0, "RAIZALES": 1, "ROM": 0, "TOT_EST_ET": 7, "CAPACID_EX": 1, "DOBLE_EXCE": 0, "TE_ACTFISI": 4, "TE_ARTES": 5, "TE_CNATUR": 0, "TE_CSOCIAL": 0, "TE_LDSOCIA": 2, "TE_TECNOLO": 2, "TOT_EST_CA": 14, "TMATRIC_GE": 846, "Zona": 1 }, "geometry": { "type": "Point", "coordinates": [ -8243712.570499999448657, 525681.503899998962879 ] } },
{ "type": "Feature", "properties": { "NOMBRE_EST": "COLEGIO PRADO VERANIEGO (IED)", "NOMBRE_SED": "PRADO VERANIEGO I", "ORDEN_DE_S": "B", "DIRECCION": "KR 53 A # 128 - 51", "DISCAPACID": "INTELECTUAL-MULTIPLE", "TALENTOS_O": null, "GRUPOS_ETN": "AFRODESCENDIENTES-RAIZALES", "SECTOR": 2, "NATU_JUR": 9, "CALENDARIO": 1, "GENERO": 5, "COD_LOCA": "11", "ESPECIALID": 13, "CLASE_TIPO": 1, "BILINGUE": 5, "FECHA": "2025-04-30", "DANE12_EST": "111769000956", "DANE12_SED": "111769000948", "DA_HIPOACU": 0, "DA_SORDERA": 0, "DA_LENGUAS": 0, "DA_UCASTEL": 0, "DISCAP_FIS": 0, "DISCAP_FLE": 0, "DISCAP_PCE": 0, "DI_DCOGNIT": 9, "DI_SDOWN": 0, "DIS_MULTIP": 3, "DIS_PSICOS": 1, "DV_BAJAVIS": 0, "DIS_CEGUER": 0, "T_ESPECTRO": 0, "T_VOZ_Y_HA": 0, "SISTEMICA": 0, "SORDOCEGUE": 0, "OTRA": 0, "TOT_EST_MA": 13, "AFRODESCEN": 3, "INDIGENAS": 1, "NEGRITUDES": 0, "PALENQUERO": 0, "RAIZALES": 0, "ROM": 0, "TOT_EST_ET": 4, "CAPACID_EX": 0, "DOBLE_EXCE": 0, "TE_ACTFISI": 4, "TE_ARTES": 1, "TE_CNATUR": 0, "TE_CSOCIAL": 0, "TE_LDSOCIA": 1, "TE_TECNOLO": 0, "TOT_EST_CA": 6, "TMATRIC_GE": 565, "Zona": 1 }, "geometry": { "type": "Point", "coordinates": [ -8244392.732599999755621, 525288.328600000590086 ] } },
{ "type": "Feature", "properties": { "NOMBRE_EST": "COLEGIO ANIBAL FERNANDEZ DE SOTO (IED)", "NOMBRE_SED": "ANIBAL FERNANDEZ DE SOTO", "ORDEN_DE_S": "A", "DIRECCION": "KR 53 # 135 - 13", "DISCAPACID": "INTELECTUAL-MENTAL/PSICOSOCIAL", "TALENTOS_O": "CAPACIDADES EXCEPCIONALES-TALENTO EXCEPCIONAL EN ACTIVIDAD FISICA, EJERCICIO Y DEPORTE-TALENTO EXCEPCIONAL EN ARTES Y LETRAS-TALENTO EXCEPCIONAL EN LIDERAZGO SOCIAL Y EMPRENDIMIENTO-TALENTO EXCEPCIONAL EN TECNOLOGIA", "GRUPOS_ETN": "AFRODESCENDIENTES-INDIGENAS", "SECTOR": 2, "NATU_JUR": 9, "CALENDARIO": 1, "GENERO": 5, "COD_LOCA": "11", "ESPECIALID": 1, "CLASE_TIPO": 1, "BILINGUE": 5, "FECHA": "2025-04-30", "DANE12_EST": "111769001502", "DANE12_SED": "111769001502", "DA_HIPOACU": 0, "DA_SORDERA": 0, "DA_LENGUAS": 0, "DA_UCASTEL": 0, "DISCAP_FIS": 0, "DISCAP_FLE": 0, "DISCAP_PCE": 0, "DI_DCOGNIT": 11, "DI_SDOWN": 0, "DIS_MULTIP": 4, "DIS_PSICOS": 0, "DV_BAJAVIS": 0, "DIS_CEGUER": 0, "T_ESPECTRO": 0, "T_VOZ_Y_HA": 0, "SISTEMICA": 0, "SORDOCEGUE": 0, "OTRA": 0, "TOT_EST_MA": 15, "AFRODESCEN": 6, "INDIGENAS": 4, "NEGRITUDES": 0, "PALENQUERO": 0, "RAIZALES": 0, "ROM": 0, "TOT_EST_ET": 10, "CAPACID_EX": 1, "DOBLE_EXCE": 0, "TE_ACTFISI": 8, "TE_ARTES": 3, "TE_CNATUR": 0, "TE_CSOCIAL": 0, "TE_LDSOCIA": 1, "TE_TECNOLO": 3, "TOT_EST_CA": 16, "TMATRIC_GE": 774, "Zona": 1 }, "geometry": { "type": "Point", "coordinates": [ -8244025.3783, 526366.214400000870228 ] } },
{ "type": "Feature", "properties": { "NOMBRE_EST": "COLEGIO ANIBAL FERNANDEZ DE SOTO (IED)", "NOMBRE_SED": "PRADO PINZON", "ORDEN_DE_S": "B", "DIRECCION": "KR 50 # 143 - 33", "DISCAPACID": "FISICA-INTELECTUAL-MENTAL/PSICOSOCIAL-MULTIPLE-VISUAL", "TALENTOS_O": "CAPACIDADES EXCEPCIONALES-TALENTO EXCEPCIONAL EN ACTIVIDAD FISICA, EJERCICIO Y DEPORTE-TALENTO EXCEPCIONAL EN ARTES Y LETRAS-TALENTO EXCEPCIONAL EN LIDERAZGO SOCIAL Y EMPRENDIMIENTO", "GRUPOS_ETN": "AFRODESCENDIENTES-INDIGENAS", "SECTOR": 2, "NATU_JUR": 9, "CALENDARIO": 1, "GENERO": 5, "COD_LOCA": "11", "ESPECIALID": 13, "CLASE_TIPO": 1, "BILINGUE": 5, "FECHA": "2025-04-30", "DANE12_EST": "111769001502", "DANE12_SED": "111769000328", "DA_HIPOACU": 0, "DA_SORDERA": 0, "DA_LENGUAS": 0, "DA_UCASTEL": 0, "DISCAP_FIS": 1, "DISCAP_FLE": 0, "DISCAP_PCE": 0, "DI_DCOGNIT": 6, "DI_SDOWN": 0, "DIS_MULTIP": 12, "DIS_PSICOS": 0, "DV_BAJAVIS": 0, "DIS_CEGUER": 0, "T_ESPECTRO": 0, "T_VOZ_Y_HA": 0, "SISTEMICA": 0, "SORDOCEGUE": 0, "OTRA": 0, "TOT_EST_MA": 19, "AFRODESCEN": 2, "INDIGENAS": 3, "NEGRITUDES": 0, "PALENQUERO": 0, "RAIZALES": 0, "ROM": 0, "TOT_EST_ET": 5, "CAPACID_EX": 0, "DOBLE_EXCE": 0, "TE_ACTFISI": 8, "TE_ARTES": 2, "TE_CNATUR": 0, "TE_CSOCIAL": 1, "TE_LDSOCIA": 1, "TE_TECNOLO": 1, "TOT_EST_CA": 13, "TMATRIC_GE": 610, "Zona": 1 }, "geometry": { "type": "Point", "coordinates": [ -8243685.853900000452995, 526771.682100001722574 ] } },
{ "type": "Feature", "properties": { "NOMBRE_EST": "COLEGIO NUEVA ZELANDIA (IED)", "NOMBRE_SED": "NUEVA ZELANDIA", "ORDEN_DE_S": "A", "DIRECCION": "CL 181 # 51 A - 31", "DISCAPACID": "AUDITIVA-INTELECTUAL-MULTIPLE", "TALENTOS_O": "CAPACIDADES EXCEPCIONALES", "GRUPOS_ETN": "AFRODESCENDIENTES-INDIGENAS-NEGRITUDES", "SECTOR": 2, "NATU_JUR": 9, "CALENDARIO": 1, "GENERO": 5, "COD_LOCA": "11", "ESPECIALID": 1, "CLASE_TIPO": 1, "BILINGUE": 5, "FECHA": "2025-04-30", "DANE12_EST": "111769001871", "DANE12_SED": "111769001871", "DA_HIPOACU": 1, "DA_SORDERA": 0, "DA_LENGUAS": 0, "DA_UCASTEL": 0, "DISCAP_FIS": 1, "DISCAP_FLE": 0, "DISCAP_PCE": 0, "DI_DCOGNIT": 6, "DI_SDOWN": 0, "DIS_MULTIP": 6, "DIS_PSICOS": 0, "DV_BAJAVIS": 1, "DIS_CEGUER": 0, "T_ESPECTRO": 0, "T_VOZ_Y_HA": 0, "SISTEMICA": 0, "SORDOCEGUE": 0, "OTRA": 0, "TOT_EST_MA": 15, "AFRODESCEN": 9, "INDIGENAS": 4, "NEGRITUDES": 4, "PALENQUERO": 0, "RAIZALES": 1, "ROM": 0, "TOT_EST_ET": 18, "CAPACID_EX": 0, "DOBLE_EXCE": 0, "TE_ACTFISI": 1, "TE_ARTES": 1, "TE_CNATUR": 0, "TE_CSOCIAL": 0, "TE_LDSOCIA": 0, "TE_TECNOLO": 1, "TOT_EST_CA": 3, "TMATRIC_GE": 875, "Zona": 1 }, "geometry": { "type": "Point", "coordinates": [ -8243169.331399999558926, 530399.762800000607967 ] } },
{ "type": "Feature", "properties": { "NOMBRE_EST": "COLEGIO NUEVA ZELANDIA (IED)", "NOMBRE_SED": "ABC", "ORDEN_DE_S": "B", "DIRECCION": "CL 187 # 49 - 42", "DISCAPACID": "AUDITIVA-INTELECTUAL-MULTIPLE", "TALENTOS_O": "CAPACIDADES EXCEPCIONALES-TALENTO EXCEPCIONAL EN ACTIVIDAD FISICA, EJERCICIO Y DEPORTE", "GRUPOS_ETN": "INDIGENAS-NEGRITUDES-PALENQUEROS", "SECTOR": 2, "NATU_JUR": 9, "CALENDARIO": 1, "GENERO": 5, "COD_LOCA": "11", "ESPECIALID": 13, "CLASE_TIPO": 1, "BILINGUE": 5, "FECHA": "2025-04-30", "DANE12_EST": "111769001871", "DANE12_SED": "111769002193", "DA_HIPOACU": 2, "DA_SORDERA": 0, "DA_LENGUAS": 0, "DA_UCASTEL": 0, "DISCAP_FIS": 3, "DISCAP_FLE": 0, "DISCAP_PCE": 0, "DI_DCOGNIT": 6, "DI_SDOWN": 0, "DIS_MULTIP": 9, "DIS_PSICOS": 0, "DV_BAJAVIS": 0, "DIS_CEGUER": 0, "T_ESPECTRO": 0, "T_VOZ_Y_HA": 0, "SISTEMICA": 0, "SORDOCEGUE": 0, "OTRA": 0, "TOT_EST_MA": 20, "AFRODESCEN": 2, "INDIGENAS": 3, "NEGRITUDES": 0, "PALENQUERO": 1, "RAIZALES": 1, "ROM": 0, "TOT_EST_ET": 7, "CAPACID_EX": 2, "DOBLE_EXCE": 0, "TE_ACTFISI": 3, "TE_ARTES": 2, "TE_CNATUR": 1, "TE_CSOCIAL": 0, "TE_LDSOCIA": 1, "TE_TECNOLO": 0, "TOT_EST_CA": 9, "TMATRIC_GE": 644, "Zona": 1 }, "geometry": { "type": "Point", "coordinates": [ -8242866.542400000616908, 531107.973400000482798 ] } },
{ "type": "Feature", "properties": { "NOMBRE_EST": "COLEGIO VILLA ELISA (IED)", "NOMBRE_SED": "VILLA ELISA", "ORDEN_DE_S": "A", "DIRECCION": "CL 132 C # 92 A - 71", "DISCAPACID": "AUDITIVA-INTELECTUAL-MENTAL/PSICOSOCIAL-MULTIPLE", "TALENTOS_O": "TALENTO EXCEPCIONAL EN ACTIVIDAD FISICA, EJERCICIO Y DEPORTE-TALENTO EXCEPCIONAL EN ARTES Y LETRAS-TALENTO EXCEPCIONAL EN TECNOLOGIA", "GRUPOS_ETN": "AFRODESCENDIENTES-INDIGENAS-NEGRITUDES", "SECTOR": 2, "NATU_JUR": 9, "CALENDARIO": 1, "GENERO": 5, "COD_LOCA": "11", "ESPECIALID": 1, "CLASE_TIPO": 1, "BILINGUE": 5, "FECHA": "2025-04-30", "DANE12_EST": "111769003122", "DANE12_SED": "111769003122", "DA_HIPOACU": 0, "DA_SORDERA": 0, "DA_LENGUAS": 0, "DA_UCASTEL": 0, "DISCAP_FIS": 0, "DISCAP_FLE": 0, "DISCAP_PCE": 0, "DI_DCOGNIT": 16, "DI_SDOWN": 0, "DIS_MULTIP": 3, "DIS_PSICOS": 1, "DV_BAJAVIS": 1, "DIS_CEGUER": 0, "T_ESPECTRO": 0, "T_VOZ_Y_HA": 0, "SISTEMICA": 0, "SORDOCEGUE": 0, "OTRA": 0, "TOT_EST_MA": 21, "AFRODESCEN": 14, "INDIGENAS": 12, "NEGRITUDES": 7, "PALENQUERO": 0, "RAIZALES": 0, "ROM": 0, "TOT_EST_ET": 33, "CAPACID_EX": 0, "DOBLE_EXCE": 0, "TE_ACTFISI": 2, "TE_ARTES": 5, "TE_CNATUR": 0, "TE_CSOCIAL": 0, "TE_LDSOCIA": 3, "TE_TECNOLO": 1, "TOT_EST_CA": 11, "TMATRIC_GE": 738, "Zona": 1 }, "geometry": { "type": "Point", "coordinates": [ -8247426.188699999824166, 527408.371100001037121 ] } },
{ "type": "Feature", "properties": { "NOMBRE_EST": "COLEGIO VILLA ELISA (IED)", "NOMBRE_SED": "EL RUBI-JAPON", "ORDEN_DE_S": "B", "DIRECCION": "CL 128 BIS # 93 - 80", "DISCAPACID": "INTELECTUAL-MENTAL/PSICOSOCIAL-MULTIPLE", "TALENTOS_O": "TALENTO EXCEPCIONAL EN ACTIVIDAD FISICA, EJERCICIO Y DEPORTE-TALENTO EXCEPCIONAL EN ARTES Y LETRAS-TALENTO EXCEPCIONAL EN CIENCIAS NATURALES O BASICAS-TALENTO EXCEPCIONAL EN CIENCIAS SOCIALES O HUMANAS", "GRUPOS_ETN": "AFRODESCENDIENTES-INDIGENAS-NEGRITUDES", "SECTOR": 2, "NATU_JUR": 9, "CALENDARIO": 1, "GENERO": 5, "COD_LOCA": "11", "ESPECIALID": 13, "CLASE_TIPO": 1, "BILINGUE": 5, "FECHA": "2025-04-30", "DANE12_EST": "111769003122", "DANE12_SED": "111769003165", "DA_HIPOACU": 0, "DA_SORDERA": 0, "DA_LENGUAS": 0, "DA_UCASTEL": 0, "DISCAP_FIS": 0, "DISCAP_FLE": 0, "DISCAP_PCE": 0, "DI_DCOGNIT": 12, "DI_SDOWN": 0, "DIS_MULTIP": 1, "DIS_PSICOS": 1, "DV_BAJAVIS": 0, "DIS_CEGUER": 0, "T_ESPECTRO": 0, "T_VOZ_Y_HA": 0, "SISTEMICA": 0, "SORDOCEGUE": 0, "OTRA": 0, "TOT_EST_MA": 14, "AFRODESCEN": 12, "INDIGENAS": 9, "NEGRITUDES": 4, "PALENQUERO": 0, "RAIZALES": 0, "ROM": 0, "TOT_EST_ET": 25, "CAPACID_EX": 0, "DOBLE_EXCE": 0, "TE_ACTFISI": 2, "TE_ARTES": 2, "TE_CNATUR": 1, "TE_CSOCIAL": 1, "TE_LDSOCIA": 0, "TE_TECNOLO": 0, "TOT_EST_CA": 6, "TMATRIC_GE": 862, "Zona": 1 }, "geometry": { "type": "Point", "coordinates": [ -8248035.1064, 526329.353799998760223 ] } },
{ "type": "Feature", "properties": { "NOMBRE_EST": "COLEGIO VILLA ELISA (IED)", "NOMBRE_SED": "NUEVA COLOMBIA", "ORDEN_DE_S": "C", "DIRECCION": "KR 91 # 130 C - 41", "DISCAPACID": "INTELECTUAL-MULTIPLE-VISUAL", "TALENTOS_O": "TALENTO EXCEPCIONAL EN ACTIVIDAD FISICA, EJERCICIO Y DEPORTE", "GRUPOS_ETN": "AFRODESCENDIENTES-INDIGENAS-NEGRITUDES-RAIZALES", "SECTOR": 2, "NATU_JUR": 9, "CALENDARIO": 1, "GENERO": 5, "COD_LOCA": "11", "ESPECIALID": 13, "CLASE_TIPO": 1, "BILINGUE": 5, "FECHA": "2025-04-30", "DANE12_EST": "111769003122", "DANE12_SED": "111001107735", "DA_HIPOACU": 0, "DA_SORDERA": 0, "DA_LENGUAS": 0, "DA_UCASTEL": 0, "DISCAP_FIS": 1, "DISCAP_FLE": 0, "DISCAP_PCE": 0, "DI_DCOGNIT": 3, "DI_SDOWN": 0, "DIS_MULTIP": 1, "DIS_PSICOS": 1, "DV_BAJAVIS": 0, "DIS_CEGUER": 0, "T_ESPECTRO": 0, "T_VOZ_Y_HA": 0, "SISTEMICA": 0, "SORDOCEGUE": 0, "OTRA": 0, "TOT_EST_MA": 6, "AFRODESCEN": 13, "INDIGENAS": 1, "NEGRITUDES": 1, "PALENQUERO": 0, "RAIZALES": 0, "ROM": 0, "TOT_EST_ET": 15, "CAPACID_EX": 0, "DOBLE_EXCE": 0, "TE_ACTFISI": 6, "TE_ARTES": 0, "TE_CNATUR": 0, "TE_CSOCIAL": 0, "TE_LDSOCIA": 1, "TE_TECNOLO": 0, "TOT_EST_CA": 7, "TMATRIC_GE": 374, "Zona": 1 }, "geometry": { "type": "Point", "coordinates": [ -8247519.697100000455976, 526899.019499998539686 ] } },
{ "type": "Feature", "properties": { "NOMBRE_EST": "COLEGIO REPUBLICA DOMINICANA (IED)", "NOMBRE_SED": "REPUBLICA DOMINICANA", "ORDEN_DE_S": "A", "DIRECCION": "CL 131 A # 125 - 43", "DISCAPACID": "AUDITIVA-FISICA-INTELECTUAL-MENTAL/PSICOSOCIAL-MULTIPLE-SORDOCEGUERA", "TALENTOS_O": "CAPACIDADES EXCEPCIONALES-TALENTO EXCEPCIONAL EN ACTIVIDAD FISICA, EJERCICIO Y DEPORTE-TALENTO EXCEPCIONAL EN ARTES Y LETRAS-TALENTO EXCEPCIONAL EN CIENCIAS NATURALES O BASICAS-TALENTO EXCEPCIONAL EN CIENCIAS SOCIALES O HUMANAS-TALENTO EXCEPCIONAL EN LID", "GRUPOS_ETN": "AFRODESCENDIENTES-INDIGENAS-NEGRITUDES-PALENQUEROS-RAIZALES", "SECTOR": 2, "NATU_JUR": 9, "CALENDARIO": 1, "GENERO": 5, "COD_LOCA": "11", "ESPECIALID": 1, "CLASE_TIPO": 1, "BILINGUE": 5, "FECHA": "2025-04-30", "DANE12_EST": "111769003360", "DANE12_SED": "111769003360", "DA_HIPOACU": 46, "DA_SORDERA": 0, "DA_LENGUAS": 0, "DA_UCASTEL": 0, "DISCAP_FIS": 4, "DISCAP_FLE": 0, "DISCAP_PCE": 0, "DI_DCOGNIT": 32, "DI_SDOWN": 0, "DIS_MULTIP": 19, "DIS_PSICOS": 4, "DV_BAJAVIS": 2, "DIS_CEGUER": 0, "T_ESPECTRO": 0, "T_VOZ_Y_HA": 0, "SISTEMICA": 0, "SORDOCEGUE": 1, "OTRA": 0, "TOT_EST_MA": 108, "AFRODESCEN": 38, "INDIGENAS": 37, "NEGRITUDES": 11, "PALENQUERO": 1, "RAIZALES": 0, "ROM": 0, "TOT_EST_ET": 87, "CAPACID_EX": 2, "DOBLE_EXCE": 0, "TE_ACTFISI": 27, "TE_ARTES": 17, "TE_CNATUR": 0, "TE_CSOCIAL": 2, "TE_LDSOCIA": 1, "TE_TECNOLO": 2, "TOT_EST_CA": 51, "TMATRIC_GE": 3291, "Zona": 1 }, "geometry": { "type": "Point", "coordinates": [ -8249772.803600000217557, 528174.638900000602007 ] } },
{ "type": "Feature", "properties": { "NOMBRE_EST": "COLEGIO REPUBLICA DOMINICANA (IED)", "NOMBRE_SED": "SEDE B", "ORDEN_DE_S": "B", "DIRECCION": "KR 123 # 129 D - 25/55", "DISCAPACID": "FISICA-INTELECTUAL-MENTAL/PSICOSOCIAL-MULTIPLE-SORDOCEGUERA", "TALENTOS_O": "CAPACIDADES EXCEPCIONALES-TALENTO EXCEPCIONAL EN ACTIVIDAD FISICA, EJERCICIO Y DEPORTE-TALENTO EXCEPCIONAL EN ARTES Y LETRAS", "GRUPOS_ETN": "AFRODESCENDIENTES-INDIGENAS-NEGRITUDES", "SECTOR": 2, "NATU_JUR": 9, "CALENDARIO": 1, "GENERO": 5, "COD_LOCA": "11", "ESPECIALID": 1, "CLASE_TIPO": 1, "BILINGUE": 5, "FECHA": "2025-04-30", "DANE12_EST": "111769003360", "DANE12_SED": "111001110116", "DA_HIPOACU": 2, "DA_SORDERA": 0, "DA_LENGUAS": 0, "DA_UCASTEL": 0, "DISCAP_FIS": 2, "DISCAP_FLE": 0, "DISCAP_PCE": 0, "DI_DCOGNIT": 14, "DI_SDOWN": 0, "DIS_MULTIP": 2, "DIS_PSICOS": 6, "DV_BAJAVIS": 2, "DIS_CEGUER": 0, "T_ESPECTRO": 0, "T_VOZ_Y_HA": 0, "SISTEMICA": 0, "SORDOCEGUE": 0, "OTRA": 0, "TOT_EST_MA": 28, "AFRODESCEN": 15, "INDIGENAS": 10, "NEGRITUDES": 3, "PALENQUERO": 0, "RAIZALES": 0, "ROM": 0, "TOT_EST_ET": 28, "CAPACID_EX": 1, "DOBLE_EXCE": 0, "TE_ACTFISI": 8, "TE_ARTES": 7, "TE_CNATUR": 0, "TE_CSOCIAL": 0, "TE_LDSOCIA": 2, "TE_TECNOLO": 0, "TOT_EST_CA": 18, "TMATRIC_GE": 1679, "Zona": 1 }, "geometry": { "type": "Point", "coordinates": [ -8249633.65430000051856, 527671.984200000762939 ] } },
{ "type": "Feature", "properties": { "NOMBRE_EST": "COLEGIO JUAN LOZANO Y LOZANO (IED)", "NOMBRE_SED": "JUAN LOZANO Y LOZANO", "ORDEN_DE_S": "A", "DIRECCION": "CL 140 A # 100 - 30", "DISCAPACID": "FISICA-INTELECTUAL-MENTAL/PSICOSOCIAL-MULTIPLE-SORDOCEGUERA", "TALENTOS_O": "TALENTO EXCEPCIONAL EN ACTIVIDAD FISICA, EJERCICIO Y DEPORTE-TALENTO EXCEPCIONAL EN ARTES Y LETRAS-TALENTO EXCEPCIONAL EN CIENCIAS NATURALES O BASICAS-TALENTO EXCEPCIONAL EN LIDERAZGO SOCIAL Y EMPRENDIMIENTO", "GRUPOS_ETN": "AFRODESCENDIENTES-INDIGENAS-NEGRITUDES", "SECTOR": 2, "NATU_JUR": 9, "CALENDARIO": 1, "GENERO": 5, "COD_LOCA": "11", "ESPECIALID": 1, "CLASE_TIPO": 1, "BILINGUE": 5, "FECHA": "2025-04-30", "DANE12_EST": "111769003416", "DANE12_SED": "111769003416", "DA_HIPOACU": 0, "DA_SORDERA": 0, "DA_LENGUAS": 0, "DA_UCASTEL": 0, "DISCAP_FIS": 1, "DISCAP_FLE": 0, "DISCAP_PCE": 0, "DI_DCOGNIT": 19, "DI_SDOWN": 0, "DIS_MULTIP": 3, "DIS_PSICOS": 2, "DV_BAJAVIS": 0, "DIS_CEGUER": 0, "T_ESPECTRO": 0, "T_VOZ_Y_HA": 0, "SISTEMICA": 0, "SORDOCEGUE": 0, "OTRA": 0, "TOT_EST_MA": 25, "AFRODESCEN": 15, "INDIGENAS": 16, "NEGRITUDES": 2, "PALENQUERO": 0, "RAIZALES": 0, "ROM": 0, "TOT_EST_ET": 33, "CAPACID_EX": 0, "DOBLE_EXCE": 0, "TE_ACTFISI": 9, "TE_ARTES": 2, "TE_CNATUR": 0, "TE_CSOCIAL": 0, "TE_LDSOCIA": 1, "TE_TECNOLO": 1, "TOT_EST_CA": 13, "TMATRIC_GE": 1126, "Zona": 1 }, "geometry": { "type": "Point", "coordinates": [ -8247999.484099999070168, 528357.8293999992311 ] } },
{ "type": "Feature", "properties": { "NOMBRE_EST": "COLEGIO JUAN LOZANO Y LOZANO (IED)", "NOMBRE_SED": "SUBA CENTRO", "ORDEN_DE_S": "B", "DIRECCION": "KR 99 # 155 - 96  --  KRA 99 # 154 - 26", "DISCAPACID": "AUDITIVA-FISICA-INTELECTUAL-MENTAL/PSICOSOCIAL-MULTIPLE", "TALENTOS_O": "CAPACIDADES EXCEPCIONALES-TALENTO EXCEPCIONAL EN ACTIVIDAD FISICA, EJERCICIO Y DEPORTE-TALENTO EXCEPCIONAL EN ARTES Y LETRAS-TALENTO EXCEPCIONAL EN LIDERAZGO SOCIAL Y EMPRENDIMIENTO-TALENTO EXCEPCIONAL EN TECNOLOGIA", "GRUPOS_ETN": "AFRODESCENDIENTES-INDIGENAS-NEGRITUDES-PALENQUEROS", "SECTOR": 2, "NATU_JUR": 9, "CALENDARIO": 1, "GENERO": 5, "COD_LOCA": "11", "ESPECIALID": 1, "CLASE_TIPO": 1, "BILINGUE": 5, "FECHA": "2025-04-30", "DANE12_EST": "111769003416", "DANE12_SED": "111769000182", "DA_HIPOACU": 2, "DA_SORDERA": 0, "DA_LENGUAS": 0, "DA_UCASTEL": 0, "DISCAP_FIS": 6, "DISCAP_FLE": 0, "DISCAP_PCE": 0, "DI_DCOGNIT": 35, "DI_SDOWN": 0, "DIS_MULTIP": 15, "DIS_PSICOS": 1, "DV_BAJAVIS": 0, "DIS_CEGUER": 0, "T_ESPECTRO": 0, "T_VOZ_Y_HA": 0, "SISTEMICA": 0, "SORDOCEGUE": 0, "OTRA": 0, "TOT_EST_MA": 59, "AFRODESCEN": 8, "INDIGENAS": 28, "NEGRITUDES": 2, "PALENQUERO": 2, "RAIZALES": 0, "ROM": 0, "TOT_EST_ET": 40, "CAPACID_EX": 1, "DOBLE_EXCE": 0, "TE_ACTFISI": 16, "TE_ARTES": 12, "TE_CNATUR": 0, "TE_CSOCIAL": 0, "TE_LDSOCIA": 0, "TE_TECNOLO": 2, "TOT_EST_CA": 31, "TMATRIC_GE": 1792, "Zona": 1 }, "geometry": { "type": "Point", "coordinates": [ -8247251.417099999263883, 529902.678899999707937 ] } },
{ "type": "Feature", "properties": { "NOMBRE_EST": "COLEGIO JUAN LOZANO Y LOZANO (IED)", "NOMBRE_SED": "PRIMERA INFANCIA ANA MERCEDES HOYOS MEJIA", "ORDEN_DE_S": "C", "DIRECCION": "KR  106 B # 151 C - 92", "DISCAPACID": null, "TALENTOS_O": null, "GRUPOS_ETN": null, "SECTOR": 2, "NATU_JUR": 9, "CALENDARIO": 1, "GENERO": 5, "COD_LOCA": "11", "ESPECIALID": 13, "CLASE_TIPO": 1, "BILINGUE": 5, "FECHA": "2025-04-30", "DANE12_EST": "111769003416", "DANE12_SED": "111001801217", "DA_HIPOACU": 2, "DA_SORDERA": 0, "DA_LENGUAS": 0, "DA_UCASTEL": 0, "DISCAP_FIS": 0, "DISCAP_FLE": 0, "DISCAP_PCE": 0, "DI_DCOGNIT": 1, "DI_SDOWN": 0, "DIS_MULTIP": 8, "DIS_PSICOS": 0, "DV_BAJAVIS": 0, "DIS_CEGUER": 0, "T_ESPECTRO": 0, "T_VOZ_Y_HA": 0, "SISTEMICA": 0, "SORDOCEGUE": 0, "OTRA": 0, "TOT_EST_MA": 11, "AFRODESCEN": 1, "INDIGENAS": 2, "NEGRITUDES": 0, "PALENQUERO": 0, "RAIZALES": 0, "ROM": 0, "TOT_EST_ET": 3, "CAPACID_EX": 0, "DOBLE_EXCE": 0, "TE_ACTFISI": 4, "TE_ARTES": 0, "TE_CNATUR": 0, "TE_CSOCIAL": 0, "TE_LDSOCIA": 0, "TE_TECNOLO": 0, "TOT_EST_CA": 4, "TMATRIC_GE": 384, "Zona": 1 }, "geometry": { "type": "Point", "coordinates": [ -8248158.671, 529678.15430000051856 ] } },
{ "type": "Feature", "properties": { "NOMBRE_EST": "COLEGIO GERARDO PAREDES (IED)", "NOMBRE_SED": "GERARDO PAREDES MARTINEZ", "ORDEN_DE_S": "A", "DIRECCION": "KR 94 C # 129 A - 04", "DISCAPACID": "AUDITIVA-FISICA-INTELECTUAL-MENTAL/PSICOSOCIAL-MULTIPLE-SORDOCEGUERA-VISUAL", "TALENTOS_O": "TALENTO EXCEPCIONAL EN ACTIVIDAD FISICA, EJERCICIO Y DEPORTE-TALENTO EXCEPCIONAL EN ARTES Y LETRAS-TALENTO EXCEPCIONAL EN CIENCIAS SOCIALES O HUMANAS-TALENTO EXCEPCIONAL EN LIDERAZGO SOCIAL Y EMPRENDIMIENTO-TALENTO EXCEPCIONAL EN TECNOLOGIA", "GRUPOS_ETN": "AFRODESCENDIENTES-INDIGENAS-NEGRITUDES-PALENQUEROS-RAIZALES", "SECTOR": 2, "NATU_JUR": 9, "CALENDARIO": 1, "GENERO": 5, "COD_LOCA": "11", "ESPECIALID": 1, "CLASE_TIPO": 1, "BILINGUE": 5, "FECHA": "2025-04-30", "DANE12_EST": "111769003424", "DANE12_SED": "111769003424", "DA_HIPOACU": 2, "DA_SORDERA": 0, "DA_LENGUAS": 0, "DA_UCASTEL": 0, "DISCAP_FIS": 7, "DISCAP_FLE": 0, "DISCAP_PCE": 0, "DI_DCOGNIT": 104, "DI_SDOWN": 0, "DIS_MULTIP": 25, "DIS_PSICOS": 14, "DV_BAJAVIS": 14, "DIS_CEGUER": 0, "T_ESPECTRO": 0, "T_VOZ_Y_HA": 0, "SISTEMICA": 0, "SORDOCEGUE": 0, "OTRA": 0, "TOT_EST_MA": 166, "AFRODESCEN": 50, "INDIGENAS": 73, "NEGRITUDES": 37, "PALENQUERO": 0, "RAIZALES": 1, "ROM": 0, "TOT_EST_ET": 161, "CAPACID_EX": 0, "DOBLE_EXCE": 0, "TE_ACTFISI": 11, "TE_ARTES": 3, "TE_CNATUR": 0, "TE_CSOCIAL": 1, "TE_LDSOCIA": 1, "TE_TECNOLO": 0, "TOT_EST_CA": 16, "TMATRIC_GE": 4802, "Zona": 1 }, "geometry": { "type": "Point", "coordinates": [ -8248067.389000000432134, 526680.088599998503923 ] } },
{ "type": "Feature", "properties": { "NOMBRE_EST": "COLEGIO GERARDO PAREDES (IED)", "NOMBRE_SED": "LA FRONTERA", "ORDEN_DE_S": "B", "DIRECCION": "DG 127 BIS # 91 B - 10", "DISCAPACID": "AUDITIVA-FISICA-INTELECTUAL-MULTIPLE", "TALENTOS_O": "TALENTO EXCEPCIONAL EN ACTIVIDAD FISICA, EJERCICIO Y DEPORTE-TALENTO EXCEPCIONAL EN LIDERAZGO SOCIAL Y EMPRENDIMIENTO-TALENTO EXCEPCIONAL EN TECNOLOGIA", "GRUPOS_ETN": "AFRODESCENDIENTES-INDIGENAS-NEGRITUDES", "SECTOR": 2, "NATU_JUR": 9, "CALENDARIO": 1, "GENERO": 5, "COD_LOCA": "11", "ESPECIALID": 13, "CLASE_TIPO": 1, "BILINGUE": 5, "FECHA": "2025-04-30", "DANE12_EST": "111769003424", "DANE12_SED": "111001096539", "DA_HIPOACU": 0, "DA_SORDERA": 0, "DA_LENGUAS": 0, "DA_UCASTEL": 0, "DISCAP_FIS": 1, "DISCAP_FLE": 0, "DISCAP_PCE": 0, "DI_DCOGNIT": 3, "DI_SDOWN": 0, "DIS_MULTIP": 0, "DIS_PSICOS": 2, "DV_BAJAVIS": 0, "DIS_CEGUER": 0, "T_ESPECTRO": 0, "T_VOZ_Y_HA": 0, "SISTEMICA": 0, "SORDOCEGUE": 0, "OTRA": 0, "TOT_EST_MA": 6, "AFRODESCEN": 2, "INDIGENAS": 6, "NEGRITUDES": 2, "PALENQUERO": 0, "RAIZALES": 0, "ROM": 0, "TOT_EST_ET": 10, "CAPACID_EX": 1, "DOBLE_EXCE": 0, "TE_ACTFISI": 1, "TE_ARTES": 0, "TE_CNATUR": 0, "TE_CSOCIAL": 0, "TE_LDSOCIA": 1, "TE_TECNOLO": 0, "TOT_EST_CA": 3, "TMATRIC_GE": 402, "Zona": 1 }, "geometry": { "type": "Point", "coordinates": [ -8247980.559800000861287, 525875.858300000429153 ] } },
{ "type": "Feature", "properties": { "NOMBRE_EST": "COLEGIO HUNZA (IED)", "NOMBRE_SED": "LA AGUADITA", "ORDEN_DE_S": "A", "DIRECCION": "KR 84 # 129 A - 40  --  KR 84 A # 129 A BIS - 40", "DISCAPACID": "AUDITIVA-FISICA-INTELECTUAL-MULTIPLE", "TALENTOS_O": "TALENTO EXCEPCIONAL EN ACTIVIDAD FISICA, EJERCICIO Y DEPORTE-TALENTO EXCEPCIONAL EN LIDERAZGO SOCIAL Y EMPRENDIMIENTO", "GRUPOS_ETN": "AFRODESCENDIENTES-INDIGENAS-NEGRITUDES", "SECTOR": 2, "NATU_JUR": 9, "CALENDARIO": 1, "GENERO": 5, "COD_LOCA": "11", "ESPECIALID": 13, "CLASE_TIPO": 1, "BILINGUE": 5, "FECHA": "2025-04-30", "DANE12_EST": "111769004188", "DANE12_SED": "111769004188", "DA_HIPOACU": 0, "DA_SORDERA": 0, "DA_LENGUAS": 0, "DA_UCASTEL": 0, "DISCAP_FIS": 0, "DISCAP_FLE": 0, "DISCAP_PCE": 0, "DI_DCOGNIT": 14, "DI_SDOWN": 0, "DIS_MULTIP": 2, "DIS_PSICOS": 0, "DV_BAJAVIS": 0, "DIS_CEGUER": 0, "T_ESPECTRO": 0, "T_VOZ_Y_HA": 0, "SISTEMICA": 0, "SORDOCEGUE": 0, "OTRA": 0, "TOT_EST_MA": 16, "AFRODESCEN": 9, "INDIGENAS": 12, "NEGRITUDES": 1, "PALENQUERO": 0, "RAIZALES": 0, "ROM": 0, "TOT_EST_ET": 22, "CAPACID_EX": 0, "DOBLE_EXCE": 0, "TE_ACTFISI": 1, "TE_ARTES": 0, "TE_CNATUR": 0, "TE_CSOCIAL": 0, "TE_LDSOCIA": 0, "TE_TECNOLO": 0, "TOT_EST_CA": 1, "TMATRIC_GE": 473, "Zona": 1 }, "geometry": { "type": "Point", "coordinates": [ -8246898.534399999305606, 526395.256099998950958 ] } },
{ "type": "Feature", "properties": { "NOMBRE_EST": "COLEGIO HUNZA (IED)", "NOMBRE_SED": "DIVINO NIÑO JESUS EL CONDOR", "ORDEN_DE_S": "B", "DIRECCION": "CL 128 B # 87 D - 05 -- SEDE ADMINISTRATIVA", "DISCAPACID": "INTELECTUAL-MULTIPLE", "TALENTOS_O": "TALENTO EXCEPCIONAL EN ACTIVIDAD FISICA, EJERCICIO Y DEPORTE-TALENTO EXCEPCIONAL EN TECNOLOGIA", "GRUPOS_ETN": "AFRODESCENDIENTES-INDIGENAS-NEGRITUDES", "SECTOR": 2, "NATU_JUR": 9, "CALENDARIO": 1, "GENERO": 5, "COD_LOCA": "11", "ESPECIALID": 1, "CLASE_TIPO": 1, "BILINGUE": 5, "FECHA": "2025-04-30", "DANE12_EST": "111769004188", "DANE12_SED": "111001086363", "DA_HIPOACU": 1, "DA_SORDERA": 0, "DA_LENGUAS": 0, "DA_UCASTEL": 0, "DISCAP_FIS": 1, "DISCAP_FLE": 0, "DISCAP_PCE": 0, "DI_DCOGNIT": 5, "DI_SDOWN": 0, "DIS_MULTIP": 1, "DIS_PSICOS": 0, "DV_BAJAVIS": 0, "DIS_CEGUER": 0, "T_ESPECTRO": 0, "T_VOZ_Y_HA": 0, "SISTEMICA": 0, "SORDOCEGUE": 0, "OTRA": 0, "TOT_EST_MA": 8, "AFRODESCEN": 8, "INDIGENAS": 9, "NEGRITUDES": 2, "PALENQUERO": 0, "RAIZALES": 0, "ROM": 0, "TOT_EST_ET": 19, "CAPACID_EX": 0, "DOBLE_EXCE": 0, "TE_ACTFISI": 1, "TE_ARTES": 0, "TE_CNATUR": 0, "TE_CSOCIAL": 0, "TE_LDSOCIA": 0, "TE_TECNOLO": 1, "TOT_EST_CA": 2, "TMATRIC_GE": 398, "Zona": 1 }, "geometry": { "type": "Point", "coordinates": [ -8247357.170700000599027, 526103.722699999809265 ] } },
{ "type": "Feature", "properties": { "NOMBRE_EST": "COLEGIO HUNZA (IED)", "NOMBRE_SED": "CIUDAD HUNZA", "ORDEN_DE_S": "C", "DIRECCION": "KR 86 B # 128 - 75", "DISCAPACID": "INTELECTUAL-MULTIPLE-SORDOCEGUERA", "TALENTOS_O": "CAPACIDADES EXCEPCIONALES-TALENTO EXCEPCIONAL EN ACTIVIDAD FISICA, EJERCICIO Y DEPORTE", "GRUPOS_ETN": "AFRODESCENDIENTES-INDIGENAS-NEGRITUDES", "SECTOR": 2, "NATU_JUR": 9, "CALENDARIO": 1, "GENERO": 5, "COD_LOCA": "11", "ESPECIALID": 13, "CLASE_TIPO": 1, "BILINGUE": 5, "FECHA": "2025-04-30", "DANE12_EST": "111769004188", "DANE12_SED": "111001086592", "DA_HIPOACU": 0, "DA_SORDERA": 0, "DA_LENGUAS": 0, "DA_UCASTEL": 0, "DISCAP_FIS": 0, "DISCAP_FLE": 0, "DISCAP_PCE": 0, "DI_DCOGNIT": 7, "DI_SDOWN": 0, "DIS_MULTIP": 2, "DIS_PSICOS": 0, "DV_BAJAVIS": 0, "DIS_CEGUER": 0, "T_ESPECTRO": 0, "T_VOZ_Y_HA": 0, "SISTEMICA": 0, "SORDOCEGUE": 0, "OTRA": 0, "TOT_EST_MA": 9, "AFRODESCEN": 9, "INDIGENAS": 7, "NEGRITUDES": 3, "PALENQUERO": 0, "RAIZALES": 0, "ROM": 0, "TOT_EST_ET": 19, "CAPACID_EX": 0, "DOBLE_EXCE": 0, "TE_ACTFISI": 1, "TE_ARTES": 2, "TE_CNATUR": 0, "TE_CSOCIAL": 0, "TE_LDSOCIA": 0, "TE_TECNOLO": 0, "TOT_EST_CA": 3, "TMATRIC_GE": 573, "Zona": 1 }, "geometry": { "type": "Point", "coordinates": [ -8247174.606699999421835, 526078.0320999994874 ] } },
{ "type": "Feature", "properties": { "NOMBRE_EST": "COLEGIO HUNZA (IED)", "NOMBRE_SED": "SEDE D", "ORDEN_DE_S": "D", "DIRECCION": "KR 88 C # 128 B - 29", "DISCAPACID": "-INTELECTUAL-", "TALENTOS_O": null, "GRUPOS_ETN": "NEGRITUDES", "SECTOR": 2, "NATU_JUR": 9, "CALENDARIO": 1, "GENERO": 5, "COD_LOCA": "11", "ESPECIALID": 13, "CLASE_TIPO": 1, "BILINGUE": 5, "FECHA": "2025-04-30", "DANE12_EST": "111769004188", "DANE12_SED": "111001110604", "DA_HIPOACU": 2, "DA_SORDERA": 0, "DA_LENGUAS": 0, "DA_UCASTEL": 0, "DISCAP_FIS": 0, "DISCAP_FLE": 0, "DISCAP_PCE": 0, "DI_DCOGNIT": 0, "DI_SDOWN": 0, "DIS_MULTIP": 0, "DIS_PSICOS": 0, "DV_BAJAVIS": 0, "DIS_CEGUER": 0, "T_ESPECTRO": 0, "T_VOZ_Y_HA": 0, "SISTEMICA": 0, "SORDOCEGUE": 0, "OTRA": 0, "TOT_EST_MA": 2, "AFRODESCEN": 0, "INDIGENAS": 0, "NEGRITUDES": 0, "PALENQUERO": 0, "RAIZALES": 0, "ROM": 0, "TOT_EST_ET": 0, "CAPACID_EX": 0, "DOBLE_EXCE": 0, "TE_ACTFISI": 0, "TE_ARTES": 0, "TE_CNATUR": 0, "TE_CSOCIAL": 0, "TE_LDSOCIA": 0, "TE_TECNOLO": 0, "TOT_EST_CA": 0, "TMATRIC_GE": 100, "Zona": 1 }, "geometry": { "type": "Point", "coordinates": [ -8247469.60329999960959, 526198.666400000452995 ] } },
{ "type": "Feature", "properties": { "NOMBRE_EST": "COLEGIO FEMENINO LORENCITA VILLEGAS DE SANTOS (IED)", "NOMBRE_SED": "SEDE A", "ORDEN_DE_S": "A", "DIRECCION": "KR 52 # 76 - 63", "DISCAPACID": "FISICA-INTELECTUAL-MENTAL/PSICOSOCIAL", "TALENTOS_O": null, "GRUPOS_ETN": "AFRODESCENDIENTES-INDIGENAS-NEGRITUDES-ROM", "SECTOR": 2, "NATU_JUR": 9, "CALENDARIO": 1, "GENERO": 1, "COD_LOCA": "12", "ESPECIALID": 1, "CLASE_TIPO": 1, "BILINGUE": 5, "FECHA": "2025-04-30", "DANE12_EST": "111001000612", "DANE12_SED": "111001000612", "DA_HIPOACU": 0, "DA_SORDERA": 0, "DA_LENGUAS": 0, "DA_UCASTEL": 0, "DISCAP_FIS": 1, "DISCAP_FLE": 0, "DISCAP_PCE": 0, "DI_DCOGNIT": 4, "DI_SDOWN": 0, "DIS_MULTIP": 2, "DIS_PSICOS": 0, "DV_BAJAVIS": 1, "DIS_CEGUER": 0, "T_ESPECTRO": 0, "T_VOZ_Y_HA": 0, "SISTEMICA": 0, "SORDOCEGUE": 0, "OTRA": 0, "TOT_EST_MA": 8, "AFRODESCEN": 3, "INDIGENAS": 4, "NEGRITUDES": 2, "PALENQUERO": 0, "RAIZALES": 0, "ROM": 1, "TOT_EST_ET": 10, "CAPACID_EX": 0, "DOBLE_EXCE": 0, "TE_ACTFISI": 0, "TE_ARTES": 0, "TE_CNATUR": 0, "TE_CSOCIAL": 0, "TE_LDSOCIA": 1, "TE_TECNOLO": 0, "TOT_EST_CA": 1, "TMATRIC_GE": 447, "Zona": 1 }, "geometry": { "type": "Point", "coordinates": [ -8245650.642899999395013, 520731.214999999850988 ] } },
{ "type": "Feature", "properties": { "NOMBRE_EST": "COLEGIO FEMENINO LORENCITA VILLEGAS DE SANTOS (IED)", "NOMBRE_SED": "SEDE B", "ORDEN_DE_S": "C", "DIRECCION": "KR 51 # 78 - 88", "DISCAPACID": "-INTELECTUAL-", "TALENTOS_O": null, "GRUPOS_ETN": null, "SECTOR": 2, "NATU_JUR": 9, "CALENDARIO": 1, "GENERO": 1, "COD_LOCA": "12", "ESPECIALID": 13, "CLASE_TIPO": 1, "BILINGUE": 5, "FECHA": "2025-04-30", "DANE12_EST": "111001000612", "DANE12_SED": "111001110124", "DA_HIPOACU": 0, "DA_SORDERA": 0, "DA_LENGUAS": 0, "DA_UCASTEL": 0, "DISCAP_FIS": 0, "DISCAP_FLE": 0, "DISCAP_PCE": 0, "DI_DCOGNIT": 1, "DI_SDOWN": 0, "DIS_MULTIP": 2, "DIS_PSICOS": 0, "DV_BAJAVIS": 0, "DIS_CEGUER": 0, "T_ESPECTRO": 0, "T_VOZ_Y_HA": 0, "SISTEMICA": 0, "SORDOCEGUE": 0, "OTRA": 0, "TOT_EST_MA": 3, "AFRODESCEN": 1, "INDIGENAS": 1, "NEGRITUDES": 0, "PALENQUERO": 0, "RAIZALES": 0, "ROM": 0, "TOT_EST_ET": 2, "CAPACID_EX": 0, "DOBLE_EXCE": 0, "TE_ACTFISI": 1, "TE_ARTES": 0, "TE_CNATUR": 0, "TE_CSOCIAL": 0, "TE_LDSOCIA": 1, "TE_TECNOLO": 0, "TOT_EST_CA": 2, "TMATRIC_GE": 135, "Zona": 1 }, "geometry": { "type": "Point", "coordinates": [ -8245481.43720000050962, 520791.528000000864267 ] } },
{ "type": "Feature", "properties": { "NOMBRE_EST": "COLEGIO TECNICO DOMINGO FAUSTINO SARMIENTO (IED)", "NOMBRE_SED": "DOMINGO FAUSTINO SARMIENTO", "ORDEN_DE_S": "A", "DIRECCION": "TV 60 C # 95 - 51", "DISCAPACID": "AUDITIVA-FISICA-INTELECTUAL-MULTIPLE", "TALENTOS_O": "TALENTO EXCEPCIONAL EN ARTES Y LETRAS", "GRUPOS_ETN": "INDIGENAS", "SECTOR": 2, "NATU_JUR": 9, "CALENDARIO": 1, "GENERO": 5, "COD_LOCA": "12", "ESPECIALID": 19, "CLASE_TIPO": 1, "BILINGUE": 5, "FECHA": "2025-04-30", "DANE12_EST": "111001008389", "DANE12_SED": "111001008389", "DA_HIPOACU": 0, "DA_SORDERA": 0, "DA_LENGUAS": 0, "DA_UCASTEL": 0, "DISCAP_FIS": 2, "DISCAP_FLE": 0, "DISCAP_PCE": 0, "DI_DCOGNIT": 10, "DI_SDOWN": 0, "DIS_MULTIP": 5, "DIS_PSICOS": 0, "DV_BAJAVIS": 0, "DIS_CEGUER": 0, "T_ESPECTRO": 0, "T_VOZ_Y_HA": 0, "SISTEMICA": 0, "SORDOCEGUE": 0, "OTRA": 0, "TOT_EST_MA": 17, "AFRODESCEN": 1, "INDIGENAS": 6, "NEGRITUDES": 0, "PALENQUERO": 0, "RAIZALES": 1, "ROM": 0, "TOT_EST_ET": 8, "CAPACID_EX": 0, "DOBLE_EXCE": 0, "TE_ACTFISI": 2, "TE_ARTES": 2, "TE_CNATUR": 0, "TE_CSOCIAL": 0, "TE_LDSOCIA": 0, "TE_TECNOLO": 0, "TOT_EST_CA": 4, "TMATRIC_GE": 638, "Zona": 1 }, "geometry": { "type": "Point", "coordinates": [ -8245050.630799999460578, 522091.619600001722574 ] } },
{ "type": "Feature", "properties": { "NOMBRE_EST": "COLEGIO TECNICO DOMINGO FAUSTINO SARMIENTO (IED)", "NOMBRE_SED": "SEVILLA", "ORDEN_DE_S": "B", "DIRECCION": "CL 91 A # 60 - 01", "DISCAPACID": "INTELECTUAL-MENTAL/PSICOSOCIAL-MULTIPLE", "TALENTOS_O": null, "GRUPOS_ETN": "INDIGENAS", "SECTOR": 2, "NATU_JUR": 9, "CALENDARIO": 1, "GENERO": 5, "COD_LOCA": "12", "ESPECIALID": 13, "CLASE_TIPO": 1, "BILINGUE": 5, "FECHA": "2025-04-30", "DANE12_EST": "111001008389", "DANE12_SED": "111001012882", "DA_HIPOACU": 0, "DA_SORDERA": 0, "DA_LENGUAS": 0, "DA_UCASTEL": 0, "DISCAP_FIS": 0, "DISCAP_FLE": 0, "DISCAP_PCE": 0, "DI_DCOGNIT": 3, "DI_SDOWN": 0, "DIS_MULTIP": 2, "DIS_PSICOS": 0, "DV_BAJAVIS": 0, "DIS_CEGUER": 0, "T_ESPECTRO": 0, "T_VOZ_Y_HA": 0, "SISTEMICA": 0, "SORDOCEGUE": 0, "OTRA": 0, "TOT_EST_MA": 5, "AFRODESCEN": 1, "INDIGENAS": 2, "NEGRITUDES": 0, "PALENQUERO": 0, "RAIZALES": 0, "ROM": 0, "TOT_EST_ET": 3, "CAPACID_EX": 1, "DOBLE_EXCE": 0, "TE_ACTFISI": 0, "TE_ARTES": 1, "TE_CNATUR": 0, "TE_CSOCIAL": 0, "TE_LDSOCIA": 0, "TE_TECNOLO": 0, "TOT_EST_CA": 2, "TMATRIC_GE": 167, "Zona": 1 }, "geometry": { "type": "Point", "coordinates": [ -8245065.102299999445677, 521616.927299998700619 ] } },
{ "type": "Feature", "properties": { "NOMBRE_EST": "COLEGIO TECNICO DOMINGO FAUSTINO SARMIENTO (IED)", "NOMBRE_SED": "CARLOS SANZ DE SANTAMARIA", "ORDEN_DE_S": "C", "DIRECCION": "KR 56 # 94 C - 23", "DISCAPACID": "INTELECTUAL-MULTIPLE", "TALENTOS_O": "TALENTO EXCEPCIONAL EN ACTIVIDAD FISICA, EJERCICIO Y DEPORTE", "GRUPOS_ETN": null, "SECTOR": 2, "NATU_JUR": 9, "CALENDARIO": 1, "GENERO": 5, "COD_LOCA": "12", "ESPECIALID": 13, "CLASE_TIPO": 1, "BILINGUE": 5, "FECHA": "2025-04-30", "DANE12_EST": "111001008389", "DANE12_SED": "111001012904", "DA_HIPOACU": 0, "DA_SORDERA": 0, "DA_LENGUAS": 0, "DA_UCASTEL": 0, "DISCAP_FIS": 0, "DISCAP_FLE": 0, "DISCAP_PCE": 0, "DI_DCOGNIT": 2, "DI_SDOWN": 0, "DIS_MULTIP": 2, "DIS_PSICOS": 1, "DV_BAJAVIS": 0, "DIS_CEGUER": 0, "T_ESPECTRO": 0, "T_VOZ_Y_HA": 0, "SISTEMICA": 0, "SORDOCEGUE": 0, "OTRA": 0, "TOT_EST_MA": 5, "AFRODESCEN": 2, "INDIGENAS": 0, "NEGRITUDES": 0, "PALENQUERO": 0, "RAIZALES": 0, "ROM": 0, "TOT_EST_ET": 2, "CAPACID_EX": 0, "DOBLE_EXCE": 0, "TE_ACTFISI": 0, "TE_ARTES": 1, "TE_CNATUR": 0, "TE_CSOCIAL": 0, "TE_LDSOCIA": 0, "TE_TECNOLO": 0, "TOT_EST_CA": 1, "TMATRIC_GE": 128, "Zona": 1 }, "geometry": { "type": "Point", "coordinates": [ -8244697.747999999672174, 522026.837900001555681 ] } },
{ "type": "Feature", "properties": { "NOMBRE_EST": "COLEGIO TECNICO DOMINGO FAUSTINO SARMIENTO (IED)", "NOMBRE_SED": "JOSE ANTONIO RICAURTE", "ORDEN_DE_S": "D", "DIRECCION": "KR 56 # 94 - 02", "DISCAPACID": "INTELECTUAL-MENTAL/PSICOSOCIAL-MULTIPLE", "TALENTOS_O": "TALENTO EXCEPCIONAL EN ARTES Y LETRAS", "GRUPOS_ETN": "INDIGENAS", "SECTOR": 2, "NATU_JUR": 9, "CALENDARIO": 1, "GENERO": 5, "COD_LOCA": "12", "ESPECIALID": 13, "CLASE_TIPO": 1, "BILINGUE": 5, "FECHA": "2025-04-30", "DANE12_EST": "111001008389", "DANE12_SED": "111001012921", "DA_HIPOACU": 0, "DA_SORDERA": 0, "DA_LENGUAS": 0, "DA_UCASTEL": 0, "DISCAP_FIS": 1, "DISCAP_FLE": 0, "DISCAP_PCE": 0, "DI_DCOGNIT": 8, "DI_SDOWN": 0, "DIS_MULTIP": 2, "DIS_PSICOS": 0, "DV_BAJAVIS": 0, "DIS_CEGUER": 0, "T_ESPECTRO": 0, "T_VOZ_Y_HA": 0, "SISTEMICA": 0, "SORDOCEGUE": 0, "OTRA": 0, "TOT_EST_MA": 11, "AFRODESCEN": 1, "INDIGENAS": 2, "NEGRITUDES": 0, "PALENQUERO": 0, "RAIZALES": 0, "ROM": 0, "TOT_EST_ET": 3, "CAPACID_EX": 0, "DOBLE_EXCE": 0, "TE_ACTFISI": 0, "TE_ARTES": 0, "TE_CNATUR": 0, "TE_CSOCIAL": 0, "TE_LDSOCIA": 0, "TE_TECNOLO": 0, "TOT_EST_CA": 0, "TMATRIC_GE": 177, "Zona": 1 }, "geometry": { "type": "Point", "coordinates": [ -8244702.200799999758601, 521897.274599999189377 ] } },
{ "type": "Feature", "properties": { "NOMBRE_EST": "COLEGIO HELADIA MEJIA (IED)", "NOMBRE_SED": "MODELO DEL NORTE", "ORDEN_DE_S": "A", "DIRECCION": "CL 65 # 15 A - 04", "DISCAPACID": "AUDITIVA-FISICA-INTELECTUAL-MENTAL/PSICOSOCIAL-MULTIPLE-VISUAL", "TALENTOS_O": "TALENTO EXCEPCIONAL EN ACTIVIDAD FISICA, EJERCICIO Y DEPORTE-TALENTO EXCEPCIONAL EN ARTES Y LETRAS", "GRUPOS_ETN": "AFRODESCENDIENTES-NEGRITUDES", "SECTOR": 2, "NATU_JUR": 9, "CALENDARIO": 1, "GENERO": 5, "COD_LOCA": "12", "ESPECIALID": 13, "CLASE_TIPO": 1, "BILINGUE": 5, "FECHA": "2025-04-30", "DANE12_EST": "111001009148", "DANE12_SED": "111001009148", "DA_HIPOACU": 1, "DA_SORDERA": 0, "DA_LENGUAS": 0, "DA_UCASTEL": 0, "DISCAP_FIS": 1, "DISCAP_FLE": 0, "DISCAP_PCE": 0, "DI_DCOGNIT": 6, "DI_SDOWN": 0, "DIS_MULTIP": 1, "DIS_PSICOS": 0, "DV_BAJAVIS": 1, "DIS_CEGUER": 0, "T_ESPECTRO": 0, "T_VOZ_Y_HA": 0, "SISTEMICA": 0, "SORDOCEGUE": 0, "OTRA": 0, "TOT_EST_MA": 10, "AFRODESCEN": 1, "INDIGENAS": 4, "NEGRITUDES": 3, "PALENQUERO": 0, "RAIZALES": 0, "ROM": 0, "TOT_EST_ET": 8, "CAPACID_EX": 0, "DOBLE_EXCE": 0, "TE_ACTFISI": 3, "TE_ARTES": 1, "TE_CNATUR": 0, "TE_CSOCIAL": 0, "TE_LDSOCIA": 0, "TE_TECNOLO": 0, "TOT_EST_CA": 4, "TMATRIC_GE": 527, "Zona": 1 }, "geometry": { "type": "Point", "coordinates": [ -8244960.46199999935925, 518553.276500001549721 ] } },
{ "type": "Feature", "properties": { "NOMBRE_EST": "COLEGIO HELADIA MEJIA (IED)", "NOMBRE_SED": "HELADIA MEJIA HIJOS DE EDUCADORES", "ORDEN_DE_S": "B", "DIRECCION": "CL 64 # 20 - 21", "DISCAPACID": "AUDITIVA-INTELECTUAL", "TALENTOS_O": "TALENTO EXCEPCIONAL EN ARTES Y LETRAS-TALENTO EXCEPCIONAL EN CIENCIAS SOCIALES O HUMANAS-TALENTO EXCEPCIONAL EN LIDERAZGO SOCIAL Y EMPRENDIMIENTO", "GRUPOS_ETN": "AFRODESCENDIENTES-INDIGENAS", "SECTOR": 2, "NATU_JUR": 9, "CALENDARIO": 1, "GENERO": 5, "COD_LOCA": "12", "ESPECIALID": 1, "CLASE_TIPO": 1, "BILINGUE": 5, "FECHA": "2025-04-30", "DANE12_EST": "111001009148", "DANE12_SED": "111001014079", "DA_HIPOACU": 3, "DA_SORDERA": 0, "DA_LENGUAS": 0, "DA_UCASTEL": 0, "DISCAP_FIS": 0, "DISCAP_FLE": 0, "DISCAP_PCE": 0, "DI_DCOGNIT": 9, "DI_SDOWN": 0, "DIS_MULTIP": 0, "DIS_PSICOS": 0, "DV_BAJAVIS": 0, "DIS_CEGUER": 0, "T_ESPECTRO": 0, "T_VOZ_Y_HA": 0, "SISTEMICA": 0, "SORDOCEGUE": 0, "OTRA": 0, "TOT_EST_MA": 12, "AFRODESCEN": 0, "INDIGENAS": 3, "NEGRITUDES": 0, "PALENQUERO": 0, "RAIZALES": 0, "ROM": 0, "TOT_EST_ET": 3, "CAPACID_EX": 0, "DOBLE_EXCE": 0, "TE_ACTFISI": 3, "TE_ARTES": 1, "TE_CNATUR": 0, "TE_CSOCIAL": 1, "TE_LDSOCIA": 1, "TE_TECNOLO": 0, "TOT_EST_CA": 6, "TMATRIC_GE": 515, "Zona": 1 }, "geometry": { "type": "Point", "coordinates": [ -8245364.551799999549985, 518711.873100001364946 ] } },
{ "type": "Feature", "properties": { "NOMBRE_EST": "COLEGIO JORGE ELIECER GAITAN (IED)", "NOMBRE_SED": "JORGE ELIECER GAITAN", "ORDEN_DE_S": "A", "DIRECCION": "CL 66 A # 56 - 25", "DISCAPACID": "AUDITIVA-FISICA-INTELECTUAL-MENTAL/PSICOSOCIAL-MULTIPLE", "TALENTOS_O": "CAPACIDADES EXCEPCIONALES-TALENTO EXCEPCIONAL EN ACTIVIDAD FISICA, EJERCICIO Y DEPORTE-TALENTO EXCEPCIONAL EN ARTES Y LETRAS-TALENTO EXCEPCIONAL EN CIENCIAS NATURALES O BASICAS-TALENTO EXCEPCIONAL EN CIENCIAS SOCIALES O HUMANAS-TALENTO EXCEPCIONAL EN LID", "GRUPOS_ETN": "AFRODESCENDIENTES-INDIGENAS", "SECTOR": 2, "NATU_JUR": 9, "CALENDARIO": 1, "GENERO": 5, "COD_LOCA": "12", "ESPECIALID": 1, "CLASE_TIPO": 1, "BILINGUE": 5, "FECHA": "2025-04-30", "DANE12_EST": "111001010421", "DANE12_SED": "111001010421", "DA_HIPOACU": 4, "DA_SORDERA": 0, "DA_LENGUAS": 0, "DA_UCASTEL": 0, "DISCAP_FIS": 4, "DISCAP_FLE": 0, "DISCAP_PCE": 0, "DI_DCOGNIT": 13, "DI_SDOWN": 0, "DIS_MULTIP": 6, "DIS_PSICOS": 9, "DV_BAJAVIS": 0, "DIS_CEGUER": 0, "T_ESPECTRO": 0, "T_VOZ_Y_HA": 0, "SISTEMICA": 0, "SORDOCEGUE": 0, "OTRA": 0, "TOT_EST_MA": 38, "AFRODESCEN": 3, "INDIGENAS": 3, "NEGRITUDES": 0, "PALENQUERO": 0, "RAIZALES": 0, "ROM": 0, "TOT_EST_ET": 6, "CAPACID_EX": 0, "DOBLE_EXCE": 0, "TE_ACTFISI": 4, "TE_ARTES": 3, "TE_CNATUR": 1, "TE_CSOCIAL": 2, "TE_LDSOCIA": 1, "TE_TECNOLO": 1, "TOT_EST_CA": 12, "TMATRIC_GE": 776, "Zona": 1 }, "geometry": { "type": "Point", "coordinates": [ -8246668.103000000119209, 519887.954700000584126 ] } },
{ "type": "Feature", "properties": { "NOMBRE_EST": "COLEGIO JORGE ELIECER GAITAN (IED)", "NOMBRE_SED": "MANUEL MURILLO TORO", "ORDEN_DE_S": "B", "DIRECCION": "KR 58 # 71 - 89", "DISCAPACID": "AUDITIVA-FISICA-INTELECTUAL-MENTAL/PSICOSOCIAL-MULTIPLE-VISUAL", "TALENTOS_O": "TALENTO EXCEPCIONAL EN ACTIVIDAD FISICA, EJERCICIO Y DEPORTE-TALENTO EXCEPCIONAL EN CIENCIAS NATURALES O BASICAS", "GRUPOS_ETN": "INDIGENAS-NEGRITUDES", "SECTOR": 2, "NATU_JUR": 9, "CALENDARIO": 1, "GENERO": 5, "COD_LOCA": "12", "ESPECIALID": 13, "CLASE_TIPO": 1, "BILINGUE": 5, "FECHA": "2025-04-30", "DANE12_EST": "111001010421", "DANE12_SED": "111001014150", "DA_HIPOACU": 0, "DA_SORDERA": 0, "DA_LENGUAS": 0, "DA_UCASTEL": 0, "DISCAP_FIS": 0, "DISCAP_FLE": 0, "DISCAP_PCE": 0, "DI_DCOGNIT": 5, "DI_SDOWN": 0, "DIS_MULTIP": 6, "DIS_PSICOS": 3, "DV_BAJAVIS": 0, "DIS_CEGUER": 0, "T_ESPECTRO": 0, "T_VOZ_Y_HA": 0, "SISTEMICA": 0, "SORDOCEGUE": 0, "OTRA": 0, "TOT_EST_MA": 14, "AFRODESCEN": 3, "INDIGENAS": 3, "NEGRITUDES": 1, "PALENQUERO": 0, "RAIZALES": 0, "ROM": 0, "TOT_EST_ET": 7, "CAPACID_EX": 1, "DOBLE_EXCE": 0, "TE_ACTFISI": 2, "TE_ARTES": 1, "TE_CNATUR": 0, "TE_CSOCIAL": 0, "TE_LDSOCIA": 0, "TE_TECNOLO": 0, "TOT_EST_CA": 4, "TMATRIC_GE": 504, "Zona": 1 }, "geometry": { "type": "Point", "coordinates": [ -8246479.973099999129772, 520653.031500000506639 ] } },
{ "type": "Feature", "properties": { "NOMBRE_EST": "COLEGIO JORGE ELIECER GAITAN (IED)", "NOMBRE_SED": "JARDIN INFANTIL NACIONAL POPULAR No 1", "ORDEN_DE_S": "C", "DIRECCION": "CL 66 A # 54 - 40", "DISCAPACID": "MULTIPLE", "TALENTOS_O": "TALENTO EXCEPCIONAL EN ACTIVIDAD FISICA, EJERCICIO Y DEPORTE", "GRUPOS_ETN": "PALENQUEROS", "SECTOR": 2, "NATU_JUR": 9, "CALENDARIO": 1, "GENERO": 5, "COD_LOCA": "12", "ESPECIALID": 13, "CLASE_TIPO": 1, "BILINGUE": 5, "FECHA": "2025-04-30", "DANE12_EST": "111001010421", "DANE12_SED": "111001009725", "DA_HIPOACU": 0, "DA_SORDERA": 0, "DA_LENGUAS": 0, "DA_UCASTEL": 0, "DISCAP_FIS": 0, "DISCAP_FLE": 0, "DISCAP_PCE": 0, "DI_DCOGNIT": 1, "DI_SDOWN": 0, "DIS_MULTIP": 2, "DIS_PSICOS": 0, "DV_BAJAVIS": 0, "DIS_CEGUER": 0, "T_ESPECTRO": 0, "T_VOZ_Y_HA": 0, "SISTEMICA": 0, "SORDOCEGUE": 0, "OTRA": 0, "TOT_EST_MA": 3, "AFRODESCEN": 0, "INDIGENAS": 1, "NEGRITUDES": 0, "PALENQUERO": 0, "RAIZALES": 0, "ROM": 0, "TOT_EST_ET": 1, "CAPACID_EX": 0, "DOBLE_EXCE": 0, "TE_ACTFISI": 1, "TE_ARTES": 2, "TE_CNATUR": 0, "TE_CSOCIAL": 0, "TE_LDSOCIA": 0, "TE_TECNOLO": 0, "TOT_EST_CA": 3, "TMATRIC_GE": 123, "Zona": 1 }, "geometry": { "type": "Point", "coordinates": [ -8246599.084899999201298, 519853.331000000238419 ] } },
{ "type": "Feature", "properties": { "NOMBRE_EST": "COLEGIO REPUBLICA DE PANAMA (IED)", "NOMBRE_SED": "REPUBLICA DE PANAMA", "ORDEN_DE_S": "A", "DIRECCION": "KR 57 A # 74 A - 32", "DISCAPACID": "AUDITIVA-FISICA-INTELECTUAL-MENTAL/PSICOSOCIAL-MULTIPLE", "TALENTOS_O": "TALENTO EXCEPCIONAL EN ACTIVIDAD FISICA, EJERCICIO Y DEPORTE-TALENTO EXCEPCIONAL EN ARTES Y LETRAS-TALENTO EXCEPCIONAL EN CIENCIAS NATURALES O BASICAS", "GRUPOS_ETN": "NEGRITUDES", "SECTOR": 2, "NATU_JUR": 9, "CALENDARIO": 1, "GENERO": 5, "COD_LOCA": "12", "ESPECIALID": 1, "CLASE_TIPO": 1, "BILINGUE": 5, "FECHA": "2025-04-30", "DANE12_EST": "111001011088", "DANE12_SED": "111001011088", "DA_HIPOACU": 31, "DA_SORDERA": 0, "DA_LENGUAS": 0, "DA_UCASTEL": 0, "DISCAP_FIS": 2, "DISCAP_FLE": 0, "DISCAP_PCE": 0, "DI_DCOGNIT": 8, "DI_SDOWN": 0, "DIS_MULTIP": 11, "DIS_PSICOS": 0, "DV_BAJAVIS": 0, "DIS_CEGUER": 0, "T_ESPECTRO": 0, "T_VOZ_Y_HA": 0, "SISTEMICA": 0, "SORDOCEGUE": 0, "OTRA": 0, "TOT_EST_MA": 52, "AFRODESCEN": 0, "INDIGENAS": 0, "NEGRITUDES": 0, "PALENQUERO": 0, "RAIZALES": 0, "ROM": 0, "TOT_EST_ET": 0, "CAPACID_EX": 0, "DOBLE_EXCE": 0, "TE_ACTFISI": 1, "TE_ARTES": 1, "TE_CNATUR": 0, "TE_CSOCIAL": 0, "TE_LDSOCIA": 0, "TE_TECNOLO": 0, "TOT_EST_CA": 2, "TMATRIC_GE": 459, "Zona": 1 }, "geometry": { "type": "Point", "coordinates": [ -8246203.900699999183416, 520816.100000001490116 ] } },
{ "type": "Feature", "properties": { "NOMBRE_EST": "COLEGIO REPUBLICA DE PANAMA (IED)", "NOMBRE_SED": "AVENIDA CHILE", "ORDEN_DE_S": "B", "DIRECCION": "KR 62 # 70 C - 31", "DISCAPACID": "INTELECTUAL", "TALENTOS_O": null, "GRUPOS_ETN": "AFRODESCENDIENTES-INDIGENAS", "SECTOR": 2, "NATU_JUR": 9, "CALENDARIO": 1, "GENERO": 5, "COD_LOCA": "12", "ESPECIALID": 13, "CLASE_TIPO": 1, "BILINGUE": 5, "FECHA": "2025-04-30", "DANE12_EST": "111001011088", "DANE12_SED": "111001012742", "DA_HIPOACU": 0, "DA_SORDERA": 0, "DA_LENGUAS": 0, "DA_UCASTEL": 0, "DISCAP_FIS": 0, "DISCAP_FLE": 0, "DISCAP_PCE": 0, "DI_DCOGNIT": 0, "DI_SDOWN": 0, "DIS_MULTIP": 1, "DIS_PSICOS": 0, "DV_BAJAVIS": 0, "DIS_CEGUER": 0, "T_ESPECTRO": 0, "T_VOZ_Y_HA": 0, "SISTEMICA": 0, "SORDOCEGUE": 0, "OTRA": 0, "TOT_EST_MA": 1, "AFRODESCEN": 0, "INDIGENAS": 1, "NEGRITUDES": 0, "PALENQUERO": 0, "RAIZALES": 0, "ROM": 0, "TOT_EST_ET": 1, "CAPACID_EX": 0, "DOBLE_EXCE": 0, "TE_ACTFISI": 0, "TE_ARTES": 0, "TE_CNATUR": 0, "TE_CSOCIAL": 0, "TE_LDSOCIA": 0, "TE_TECNOLO": 0, "TOT_EST_CA": 0, "TMATRIC_GE": 67, "Zona": 1 }, "geometry": { "type": "Point", "coordinates": [ -8246734.8947, 520810.515399999916553 ] } },
{ "type": "Feature", "properties": { "NOMBRE_EST": "COLEGIO REPUBLICA DE PANAMA (IED)", "NOMBRE_SED": "SIMON BOLIVAR", "ORDEN_DE_S": "C", "DIRECCION": "CL 78 # 58 - 60", "DISCAPACID": "AUDITIVA-INTELECTUAL", "TALENTOS_O": null, "GRUPOS_ETN": "AFRODESCENDIENTES", "SECTOR": 2, "NATU_JUR": 9, "CALENDARIO": 1, "GENERO": 5, "COD_LOCA": "12", "ESPECIALID": 13, "CLASE_TIPO": 1, "BILINGUE": 5, "FECHA": "2025-04-30", "DANE12_EST": "111001011088", "DANE12_SED": "111001012751", "DA_HIPOACU": 5, "DA_SORDERA": 0, "DA_LENGUAS": 0, "DA_UCASTEL": 0, "DISCAP_FIS": 0, "DISCAP_FLE": 0, "DISCAP_PCE": 0, "DI_DCOGNIT": 1, "DI_SDOWN": 0, "DIS_MULTIP": 1, "DIS_PSICOS": 0, "DV_BAJAVIS": 0, "DIS_CEGUER": 0, "T_ESPECTRO": 0, "T_VOZ_Y_HA": 0, "SISTEMICA": 0, "SORDOCEGUE": 0, "OTRA": 0, "TOT_EST_MA": 7, "AFRODESCEN": 2, "INDIGENAS": 0, "NEGRITUDES": 0, "PALENQUERO": 0, "RAIZALES": 0, "ROM": 0, "TOT_EST_ET": 2, "CAPACID_EX": 0, "DOBLE_EXCE": 0, "TE_ACTFISI": 0, "TE_ARTES": 0, "TE_CNATUR": 0, "TE_CSOCIAL": 0, "TE_LDSOCIA": 0, "TE_TECNOLO": 0, "TOT_EST_CA": 0, "TMATRIC_GE": 181, "Zona": 1 }, "geometry": { "type": "Point", "coordinates": [ -8246169.391699999570847, 521152.290100000798702 ] } },
{ "type": "Feature", "properties": { "NOMBRE_EST": "COLEGIO FRANCISCO PRIMERO S.S. (IED)", "NOMBRE_SED": "SEDE PRINCIPAL", "ORDEN_DE_S": "A", "DIRECCION": "KR 28 # 63 - 64", "DISCAPACID": "FISICA-INTELECTUAL-MENTAL/PSICOSOCIAL-MULTIPLE", "TALENTOS_O": "TALENTO EXCEPCIONAL EN CIENCIAS NATURALES O BASICAS", "GRUPOS_ETN": "AFRODESCENDIENTES-INDIGENAS-NEGRITUDES", "SECTOR": 2, "NATU_JUR": 9, "CALENDARIO": 1, "GENERO": 5, "COD_LOCA": "12", "ESPECIALID": 1, "CLASE_TIPO": 1, "BILINGUE": 5, "FECHA": "2025-04-30", "DANE12_EST": "111001024830", "DANE12_SED": "111001024830", "DA_HIPOACU": 0, "DA_SORDERA": 0, "DA_LENGUAS": 0, "DA_UCASTEL": 0, "DISCAP_FIS": 0, "DISCAP_FLE": 0, "DISCAP_PCE": 0, "DI_DCOGNIT": 13, "DI_SDOWN": 0, "DIS_MULTIP": 3, "DIS_PSICOS": 1, "DV_BAJAVIS": 1, "DIS_CEGUER": 0, "T_ESPECTRO": 0, "T_VOZ_Y_HA": 0, "SISTEMICA": 0, "SORDOCEGUE": 0, "OTRA": 0, "TOT_EST_MA": 18, "AFRODESCEN": 2, "INDIGENAS": 9, "NEGRITUDES": 0, "PALENQUERO": 0, "RAIZALES": 0, "ROM": 0, "TOT_EST_ET": 11, "CAPACID_EX": 0, "DOBLE_EXCE": 0, "TE_ACTFISI": 3, "TE_ARTES": 0, "TE_CNATUR": 0, "TE_CSOCIAL": 0, "TE_LDSOCIA": 0, "TE_TECNOLO": 1, "TOT_EST_CA": 4, "TMATRIC_GE": 396, "Zona": 1 }, "geometry": { "type": "Point", "coordinates": [ -8246071.430500000715256, 518443.822700001299381 ] } },
{ "type": "Feature", "properties": { "NOMBRE_EST": "COLEGIO FRANCISCO PRIMERO S.S. (IED)", "NOMBRE_SED": "SEDE B", "ORDEN_DE_S": "B", "DIRECCION": "KR 28 B # 65 - 80", "DISCAPACID": "FISICA-INTELECTUAL-MENTAL/PSICOSOCIAL-MULTIPLE", "TALENTOS_O": "TALENTO EXCEPCIONAL EN ACTIVIDAD FISICA, EJERCICIO Y DEPORTE-TALENTO EXCEPCIONAL EN ARTES Y LETRAS", "GRUPOS_ETN": "NEGRITUDES", "SECTOR": 2, "NATU_JUR": 9, "CALENDARIO": 1, "GENERO": 5, "COD_LOCA": "12", "ESPECIALID": 1, "CLASE_TIPO": 1, "BILINGUE": 5, "FECHA": "2025-04-30", "DANE12_EST": "111001024830", "DANE12_SED": "111001011991", "DA_HIPOACU": 0, "DA_SORDERA": 0, "DA_LENGUAS": 0, "DA_UCASTEL": 0, "DISCAP_FIS": 1, "DISCAP_FLE": 0, "DISCAP_PCE": 0, "DI_DCOGNIT": 10, "DI_SDOWN": 0, "DIS_MULTIP": 6, "DIS_PSICOS": 1, "DV_BAJAVIS": 0, "DIS_CEGUER": 0, "T_ESPECTRO": 0, "T_VOZ_Y_HA": 0, "SISTEMICA": 0, "SORDOCEGUE": 0, "OTRA": 0, "TOT_EST_MA": 18, "AFRODESCEN": 1, "INDIGENAS": 7, "NEGRITUDES": 1, "PALENQUERO": 0, "RAIZALES": 0, "ROM": 0, "TOT_EST_ET": 9, "CAPACID_EX": 0, "DOBLE_EXCE": 0, "TE_ACTFISI": 0, "TE_ARTES": 0, "TE_CNATUR": 0, "TE_CSOCIAL": 0, "TE_LDSOCIA": 0, "TE_TECNOLO": 0, "TOT_EST_CA": 0, "TMATRIC_GE": 322, "Zona": 1 }, "geometry": { "type": "Point", "coordinates": [ -8246015.7708, 519350.730000000447035 ] } },
{ "type": "Feature", "properties": { "NOMBRE_EST": "COLEGIO FRANCISCO PRIMERO S.S. (IED)", "NOMBRE_SED": "SEDE C", "ORDEN_DE_S": "D", "DIRECCION": "KR 29 C # 71 C - 11", "DISCAPACID": "FISICA-INTELECTUAL-MENTAL/PSICOSOCIAL-MULTIPLE-SORDOCEGUERA", "TALENTOS_O": "TALENTO EXCEPCIONAL EN ACTIVIDAD FISICA, EJERCICIO Y DEPORTE", "GRUPOS_ETN": "INDIGENAS", "SECTOR": 2, "NATU_JUR": 9, "CALENDARIO": 1, "GENERO": 5, "COD_LOCA": "12", "ESPECIALID": 1, "CLASE_TIPO": 1, "BILINGUE": 5, "FECHA": "2025-04-30", "DANE12_EST": "111001024830", "DANE12_SED": "111001077321", "DA_HIPOACU": 0, "DA_SORDERA": 0, "DA_LENGUAS": 0, "DA_UCASTEL": 0, "DISCAP_FIS": 0, "DISCAP_FLE": 0, "DISCAP_PCE": 0, "DI_DCOGNIT": 4, "DI_SDOWN": 0, "DIS_MULTIP": 2, "DIS_PSICOS": 0, "DV_BAJAVIS": 0, "DIS_CEGUER": 0, "T_ESPECTRO": 0, "T_VOZ_Y_HA": 0, "SISTEMICA": 0, "SORDOCEGUE": 0, "OTRA": 0, "TOT_EST_MA": 6, "AFRODESCEN": 0, "INDIGENAS": 1, "NEGRITUDES": 1, "PALENQUERO": 0, "RAIZALES": 0, "ROM": 0, "TOT_EST_ET": 2, "CAPACID_EX": 1, "DOBLE_EXCE": 0, "TE_ACTFISI": 0, "TE_ARTES": 1, "TE_CNATUR": 0, "TE_CSOCIAL": 0, "TE_LDSOCIA": 0, "TE_TECNOLO": 0, "TOT_EST_CA": 2, "TMATRIC_GE": 306, "Zona": 1 }, "geometry": { "type": "Point", "coordinates": [ -8245805.377000000327826, 520091.229899998754263 ] } },
{ "type": "Feature", "properties": { "NOMBRE_EST": "COLEGIO RAFAEL BERNAL JIMENEZ (IED)", "NOMBRE_SED": "RAFAEL BERNAL JIMENEZ", "ORDEN_DE_S": "A", "DIRECCION": "KR 53 # 75 - 17", "DISCAPACID": "INTELECTUAL-MULTIPLE", "TALENTOS_O": "TALENTO EXCEPCIONAL EN ACTIVIDAD FISICA, EJERCICIO Y DEPORTE-TALENTO EXCEPCIONAL EN LIDERAZGO SOCIAL Y EMPRENDIMIENTO", "GRUPOS_ETN": "INDIGENAS-NEGRITUDES", "SECTOR": 2, "NATU_JUR": 9, "CALENDARIO": 1, "GENERO": 5, "COD_LOCA": "12", "ESPECIALID": 1, "CLASE_TIPO": 1, "BILINGUE": 5, "FECHA": "2025-04-30", "DANE12_EST": "111001028258", "DANE12_SED": "111001028258", "DA_HIPOACU": 0, "DA_SORDERA": 0, "DA_LENGUAS": 0, "DA_UCASTEL": 0, "DISCAP_FIS": 0, "DISCAP_FLE": 0, "DISCAP_PCE": 0, "DI_DCOGNIT": 5, "DI_SDOWN": 0, "DIS_MULTIP": 0, "DIS_PSICOS": 0, "DV_BAJAVIS": 0, "DIS_CEGUER": 0, "T_ESPECTRO": 0, "T_VOZ_Y_HA": 0, "SISTEMICA": 0, "SORDOCEGUE": 0, "OTRA": 0, "TOT_EST_MA": 5, "AFRODESCEN": 1, "INDIGENAS": 4, "NEGRITUDES": 0, "PALENQUERO": 0, "RAIZALES": 0, "ROM": 0, "TOT_EST_ET": 5, "CAPACID_EX": 0, "DOBLE_EXCE": 0, "TE_ACTFISI": 2, "TE_ARTES": 0, "TE_CNATUR": 0, "TE_CSOCIAL": 0, "TE_LDSOCIA": 1, "TE_TECNOLO": 0, "TOT_EST_CA": 3, "TMATRIC_GE": 707, "Zona": 1 }, "geometry": { "type": "Point", "coordinates": [ -8245824.301300000399351, 520645.213199999183416 ] } },
{ "type": "Feature", "properties": { "NOMBRE_EST": "COLEGIO RAFAEL BERNAL JIMENEZ (IED)", "NOMBRE_SED": "GLORIA GAITAN", "ORDEN_DE_S": "B", "DIRECCION": "KR 54 # 78 - 85", "DISCAPACID": "FISICA-INTELECTUAL", "TALENTOS_O": "TALENTO EXCEPCIONAL EN ACTIVIDAD FISICA, EJERCICIO Y DEPORTE-TALENTO EXCEPCIONAL EN ARTES Y LETRAS", "GRUPOS_ETN": "INDIGENAS", "SECTOR": 2, "NATU_JUR": 9, "CALENDARIO": 1, "GENERO": 5, "COD_LOCA": "12", "ESPECIALID": 13, "CLASE_TIPO": 1, "BILINGUE": 5, "FECHA": "2025-04-30", "DANE12_EST": "111001028258", "DANE12_SED": "111001012653", "DA_HIPOACU": 0, "DA_SORDERA": 0, "DA_LENGUAS": 0, "DA_UCASTEL": 0, "DISCAP_FIS": 1, "DISCAP_FLE": 0, "DISCAP_PCE": 0, "DI_DCOGNIT": 5, "DI_SDOWN": 0, "DIS_MULTIP": 2, "DIS_PSICOS": 0, "DV_BAJAVIS": 0, "DIS_CEGUER": 0, "T_ESPECTRO": 0, "T_VOZ_Y_HA": 0, "SISTEMICA": 0, "SORDOCEGUE": 0, "OTRA": 0, "TOT_EST_MA": 8, "AFRODESCEN": 0, "INDIGENAS": 5, "NEGRITUDES": 0, "PALENQUERO": 0, "RAIZALES": 0, "ROM": 0, "TOT_EST_ET": 5, "CAPACID_EX": 0, "DOBLE_EXCE": 0, "TE_ACTFISI": 4, "TE_ARTES": 2, "TE_CNATUR": 0, "TE_CSOCIAL": 0, "TE_LDSOCIA": 0, "TE_TECNOLO": 0, "TOT_EST_CA": 6, "TMATRIC_GE": 512, "Zona": 1 }, "geometry": { "type": "Point", "coordinates": [ -8245697.397099999710917, 520911.037200000137091 ] } },
{ "type": "Feature", "properties": { "NOMBRE_EST": "COLEGIO JUAN FRANCISCO BERBEO (IED)", "NOMBRE_SED": "JUAN FRANCISCO BERBEO", "ORDEN_DE_S": "A", "DIRECCION": "KR 28 B # 78 - 40", "DISCAPACID": "AUDITIVA-FISICA-INTELECTUAL-MENTAL/PSICOSOCIAL-MULTIPLE", "TALENTOS_O": "TALENTO EXCEPCIONAL EN ACTIVIDAD FISICA, EJERCICIO Y DEPORTE", "GRUPOS_ETN": "AFRODESCENDIENTES-INDIGENAS-NEGRITUDES", "SECTOR": 2, "NATU_JUR": 9, "CALENDARIO": 1, "GENERO": 5, "COD_LOCA": "12", "ESPECIALID": 1, "CLASE_TIPO": 1, "BILINGUE": 5, "FECHA": "2025-04-30", "DANE12_EST": "111001029912", "DANE12_SED": "111001029912", "DA_HIPOACU": 2, "DA_SORDERA": 0, "DA_LENGUAS": 0, "DA_UCASTEL": 0, "DISCAP_FIS": 2, "DISCAP_FLE": 0, "DISCAP_PCE": 0, "DI_DCOGNIT": 197, "DI_SDOWN": 0, "DIS_MULTIP": 36, "DIS_PSICOS": 6, "DV_BAJAVIS": 2, "DIS_CEGUER": 0, "T_ESPECTRO": 0, "T_VOZ_Y_HA": 0, "SISTEMICA": 0, "SORDOCEGUE": 0, "OTRA": 0, "TOT_EST_MA": 246, "AFRODESCEN": 5, "INDIGENAS": 4, "NEGRITUDES": 3, "PALENQUERO": 0, "RAIZALES": 0, "ROM": 0, "TOT_EST_ET": 12, "CAPACID_EX": 0, "DOBLE_EXCE": 0, "TE_ACTFISI": 2, "TE_ARTES": 1, "TE_CNATUR": 0, "TE_CSOCIAL": 0, "TE_LDSOCIA": 0, "TE_TECNOLO": 0, "TOT_EST_CA": 3, "TMATRIC_GE": 870, "Zona": 1 }, "geometry": { "type": "Point", "coordinates": [ -8245086.253100000321865, 520554.743900001049042 ] } },
{ "type": "Feature", "properties": { "NOMBRE_EST": "COLEGIO JUAN FRANCISCO BERBEO (IED)", "NOMBRE_SED": "POLICARPA SALAVARRIETA", "ORDEN_DE_S": "B", "DIRECCION": "CL 77 # 22 - 66", "DISCAPACID": "INTELECTUAL-MULTIPLE", "TALENTOS_O": null, "GRUPOS_ETN": "INDIGENAS", "SECTOR": 2, "NATU_JUR": 9, "CALENDARIO": 1, "GENERO": 5, "COD_LOCA": "12", "ESPECIALID": 13, "CLASE_TIPO": 1, "BILINGUE": 5, "FECHA": "2025-04-30", "DANE12_EST": "111001029912", "DANE12_SED": "111001012718", "DA_HIPOACU": 0, "DA_SORDERA": 0, "DA_LENGUAS": 0, "DA_UCASTEL": 0, "DISCAP_FIS": 0, "DISCAP_FLE": 0, "DISCAP_PCE": 0, "DI_DCOGNIT": 5, "DI_SDOWN": 0, "DIS_MULTIP": 8, "DIS_PSICOS": 0, "DV_BAJAVIS": 0, "DIS_CEGUER": 0, "T_ESPECTRO": 0, "T_VOZ_Y_HA": 0, "SISTEMICA": 0, "SORDOCEGUE": 0, "OTRA": 0, "TOT_EST_MA": 13, "AFRODESCEN": 0, "INDIGENAS": 3, "NEGRITUDES": 0, "PALENQUERO": 0, "RAIZALES": 0, "ROM": 0, "TOT_EST_ET": 3, "CAPACID_EX": 0, "DOBLE_EXCE": 0, "TE_ACTFISI": 0, "TE_ARTES": 1, "TE_CNATUR": 0, "TE_CSOCIAL": 0, "TE_LDSOCIA": 0, "TE_TECNOLO": 0, "TOT_EST_CA": 1, "TMATRIC_GE": 231, "Zona": 1 }, "geometry": { "type": "Point", "coordinates": [ -8244709.993200000375509, 520087.879200000315905 ] } },
{ "type": "Feature", "properties": { "NOMBRE_EST": "COLEGIO TOMAS CARRASQUILLA (IED)", "NOMBRE_SED": "TOMAS CARRASQUILLA", "ORDEN_DE_S": "A", "DIRECCION": "CL 74 A # 63 - 04", "DISCAPACID": "AUDITIVA-FISICA-INTELECTUAL-MENTAL/PSICOSOCIAL-MULTIPLE", "TALENTOS_O": "TALENTO EXCEPCIONAL EN ARTES Y LETRAS-TALENTO EXCEPCIONAL EN CIENCIAS SOCIALES O HUMANAS-TALENTO EXCEPCIONAL EN LIDERAZGO SOCIAL Y EMPRENDIMIENTO", "GRUPOS_ETN": "AFRODESCENDIENTES-INDIGENAS-NEGRITUDES", "SECTOR": 2, "NATU_JUR": 9, "CALENDARIO": 1, "GENERO": 5, "COD_LOCA": "12", "ESPECIALID": 12, "CLASE_TIPO": 1, "BILINGUE": 5, "FECHA": "2025-04-30", "DANE12_EST": "111001032255", "DANE12_SED": "111001032255", "DA_HIPOACU": 0, "DA_SORDERA": 0, "DA_LENGUAS": 0, "DA_UCASTEL": 0, "DISCAP_FIS": 1, "DISCAP_FLE": 0, "DISCAP_PCE": 0, "DI_DCOGNIT": 6, "DI_SDOWN": 0, "DIS_MULTIP": 4, "DIS_PSICOS": 0, "DV_BAJAVIS": 1, "DIS_CEGUER": 0, "T_ESPECTRO": 0, "T_VOZ_Y_HA": 0, "SISTEMICA": 0, "SORDOCEGUE": 0, "OTRA": 0, "TOT_EST_MA": 12, "AFRODESCEN": 3, "INDIGENAS": 3, "NEGRITUDES": 1, "PALENQUERO": 1, "RAIZALES": 0, "ROM": 0, "TOT_EST_ET": 8, "CAPACID_EX": 0, "DOBLE_EXCE": 0, "TE_ACTFISI": 4, "TE_ARTES": 3, "TE_CNATUR": 0, "TE_CSOCIAL": 0, "TE_LDSOCIA": 1, "TE_TECNOLO": 2, "TOT_EST_CA": 10, "TMATRIC_GE": 833, "Zona": 1 }, "geometry": { "type": "Point", "coordinates": [ -8246609.103700000792742, 521104.262800000607967 ] } },
{ "type": "Feature", "properties": { "NOMBRE_EST": "COLEGIO TOMAS CARRASQUILLA (IED)", "NOMBRE_SED": "PANAMERICANA", "ORDEN_DE_S": "B", "DIRECCION": "CL 75 A # 63 - 55", "DISCAPACID": "INTELECTUAL-MENTAL/PSICOSOCIAL-MULTIPLE", "TALENTOS_O": "TALENTO EXCEPCIONAL EN ACTIVIDAD FISICA, EJERCICIO Y DEPORTE-TALENTO EXCEPCIONAL EN ARTES Y LETRAS-TALENTO EXCEPCIONAL EN CIENCIAS NATURALES O BASICAS", "GRUPOS_ETN": "AFRODESCENDIENTES-INDIGENAS-NEGRITUDES", "SECTOR": 2, "NATU_JUR": 9, "CALENDARIO": 1, "GENERO": 5, "COD_LOCA": "12", "ESPECIALID": 13, "CLASE_TIPO": 1, "BILINGUE": 5, "FECHA": "2025-04-30", "DANE12_EST": "111001032255", "DANE12_SED": "111001045713", "DA_HIPOACU": 0, "DA_SORDERA": 0, "DA_LENGUAS": 0, "DA_UCASTEL": 0, "DISCAP_FIS": 0, "DISCAP_FLE": 0, "DISCAP_PCE": 0, "DI_DCOGNIT": 2, "DI_SDOWN": 0, "DIS_MULTIP": 2, "DIS_PSICOS": 0, "DV_BAJAVIS": 0, "DIS_CEGUER": 0, "T_ESPECTRO": 0, "T_VOZ_Y_HA": 0, "SISTEMICA": 0, "SORDOCEGUE": 0, "OTRA": 0, "TOT_EST_MA": 4, "AFRODESCEN": 3, "INDIGENAS": 3, "NEGRITUDES": 3, "PALENQUERO": 0, "RAIZALES": 0, "ROM": 0, "TOT_EST_ET": 9, "CAPACID_EX": 0, "DOBLE_EXCE": 0, "TE_ACTFISI": 2, "TE_ARTES": 1, "TE_CNATUR": 0, "TE_CSOCIAL": 0, "TE_LDSOCIA": 0, "TE_TECNOLO": 0, "TOT_EST_CA": 3, "TMATRIC_GE": 534, "Zona": 1 }, "geometry": { "type": "Point", "coordinates": [ -8246587.95299999974668, 521208.13569999858737 ] } },
{ "type": "Feature", "properties": { "NOMBRE_EST": "COLEGIO MANUELA BELTRAN (IED)", "NOMBRE_SED": "MANUELA BELTRAN", "ORDEN_DE_S": "A", "DIRECCION": "KR 14 A # 57 - 28", "DISCAPACID": "AUDITIVA-FISICA-INTELECTUAL-MENTAL/PSICOSOCIAL-MULTIPLE", "TALENTOS_O": "TALENTO EXCEPCIONAL EN ACTIVIDAD FISICA, EJERCICIO Y DEPORTE-TALENTO EXCEPCIONAL EN ARTES Y LETRAS-TALENTO EXCEPCIONAL EN LIDERAZGO SOCIAL Y EMPRENDIMIENTO-TALENTO EXCEPCIONAL EN TECNOLOGIA", "GRUPOS_ETN": "AFRODESCENDIENTES-INDIGENAS-NEGRITUDES", "SECTOR": 2, "NATU_JUR": 9, "CALENDARIO": 1, "GENERO": 5, "COD_LOCA": "13", "ESPECIALID": 16, "CLASE_TIPO": 1, "BILINGUE": 5, "FECHA": "2025-04-30", "DANE12_EST": "111001010731", "DANE12_SED": "111001010731", "DA_HIPOACU": 34, "DA_SORDERA": 0, "DA_LENGUAS": 0, "DA_UCASTEL": 0, "DISCAP_FIS": 5, "DISCAP_FLE": 0, "DISCAP_PCE": 0, "DI_DCOGNIT": 8, "DI_SDOWN": 0, "DIS_MULTIP": 10, "DIS_PSICOS": 4, "DV_BAJAVIS": 2, "DIS_CEGUER": 0, "T_ESPECTRO": 0, "T_VOZ_Y_HA": 0, "SISTEMICA": 0, "SORDOCEGUE": 0, "OTRA": 0, "TOT_EST_MA": 63, "AFRODESCEN": 2, "INDIGENAS": 13, "NEGRITUDES": 2, "PALENQUERO": 0, "RAIZALES": 0, "ROM": 0, "TOT_EST_ET": 17, "CAPACID_EX": 0, "DOBLE_EXCE": 0, "TE_ACTFISI": 7, "TE_ARTES": 2, "TE_CNATUR": 0, "TE_CSOCIAL": 1, "TE_LDSOCIA": 1, "TE_TECNOLO": 0, "TOT_EST_CA": 11, "TMATRIC_GE": 984, "Zona": 1 }, "geometry": { "type": "Point", "coordinates": [ -8245036.159299999475479, 517584.9510000012815 ] } },
{ "type": "Feature", "properties": { "NOMBRE_EST": "COLEGIO MANUELA BELTRAN (IED)", "NOMBRE_SED": "ANTONIO NARIÑO", "ORDEN_DE_S": "B", "DIRECCION": "KR 32 A # 27 - 18", "DISCAPACID": "FISICA-INTELECTUAL-MENTAL/PSICOSOCIAL-MULTIPLE-VISUAL", "TALENTOS_O": "TALENTO EXCEPCIONAL EN ACTIVIDAD FISICA, EJERCICIO Y DEPORTE-TALENTO EXCEPCIONAL EN ARTES Y LETRAS", "GRUPOS_ETN": "AFRODESCENDIENTES-INDIGENAS", "SECTOR": 2, "NATU_JUR": 9, "CALENDARIO": 1, "GENERO": 5, "COD_LOCA": "13", "ESPECIALID": 13, "CLASE_TIPO": 1, "BILINGUE": 5, "FECHA": "2025-04-30", "DANE12_EST": "111001010731", "DANE12_SED": "111001012122", "DA_HIPOACU": 1, "DA_SORDERA": 0, "DA_LENGUAS": 0, "DA_UCASTEL": 0, "DISCAP_FIS": 2, "DISCAP_FLE": 0, "DISCAP_PCE": 0, "DI_DCOGNIT": 4, "DI_SDOWN": 0, "DIS_MULTIP": 4, "DIS_PSICOS": 0, "DV_BAJAVIS": 0, "DIS_CEGUER": 0, "T_ESPECTRO": 0, "T_VOZ_Y_HA": 0, "SISTEMICA": 0, "SORDOCEGUE": 0, "OTRA": 0, "TOT_EST_MA": 11, "AFRODESCEN": 1, "INDIGENAS": 5, "NEGRITUDES": 0, "PALENQUERO": 0, "RAIZALES": 1, "ROM": 0, "TOT_EST_ET": 7, "CAPACID_EX": 1, "DOBLE_EXCE": 0, "TE_ACTFISI": 4, "TE_ARTES": 3, "TE_CNATUR": 0, "TE_CSOCIAL": 0, "TE_LDSOCIA": 0, "TE_TECNOLO": 0, "TOT_EST_CA": 8, "TMATRIC_GE": 424, "Zona": 1 }, "geometry": { "type": "Point", "coordinates": [ -8246736.00789999961853, 515939.829999998211861 ] } },
{ "type": "Feature", "properties": { "NOMBRE_EST": "COLEGIO TECNICO PALERMO (IED)", "NOMBRE_SED": "PALERMO", "ORDEN_DE_S": "A", "DIRECCION": "KR 23 # 49 - 37", "DISCAPACID": "AUDITIVA-FISICA-INTELECTUAL-MENTAL/PSICOSOCIAL-MULTIPLE", "TALENTOS_O": "CAPACIDADES EXCEPCIONALES-TALENTO EXCEPCIONAL EN ACTIVIDAD FISICA, EJERCICIO Y DEPORTE-TALENTO EXCEPCIONAL EN ARTES Y LETRAS-TALENTO EXCEPCIONAL EN LIDERAZGO SOCIAL Y EMPRENDIMIENTO-TALENTO EXCEPCIONAL EN TECNOLOGIA", "GRUPOS_ETN": "AFRODESCENDIENTES-INDIGENAS-NEGRITUDES-PALENQUEROS-RAIZALES", "SECTOR": 2, "NATU_JUR": 9, "CALENDARIO": 1, "GENERO": 5, "COD_LOCA": "13", "ESPECIALID": 19, "CLASE_TIPO": 1, "BILINGUE": 5, "FECHA": "2025-04-30", "DANE12_EST": "111001094897", "DANE12_SED": "111001094897", "DA_HIPOACU": 1, "DA_SORDERA": 0, "DA_LENGUAS": 0, "DA_UCASTEL": 0, "DISCAP_FIS": 3, "DISCAP_FLE": 0, "DISCAP_PCE": 0, "DI_DCOGNIT": 7, "DI_SDOWN": 0, "DIS_MULTIP": 10, "DIS_PSICOS": 4, "DV_BAJAVIS": 0, "DIS_CEGUER": 0, "T_ESPECTRO": 0, "T_VOZ_Y_HA": 0, "SISTEMICA": 0, "SORDOCEGUE": 0, "OTRA": 0, "TOT_EST_MA": 25, "AFRODESCEN": 5, "INDIGENAS": 6, "NEGRITUDES": 2, "PALENQUERO": 2, "RAIZALES": 1, "ROM": 0, "TOT_EST_ET": 16, "CAPACID_EX": 4, "DOBLE_EXCE": 0, "TE_ACTFISI": 4, "TE_ARTES": 5, "TE_CNATUR": 0, "TE_CSOCIAL": 0, "TE_LDSOCIA": 1, "TE_TECNOLO": 0, "TOT_EST_CA": 14, "TMATRIC_GE": 1229, "Zona": 1 }, "geometry": { "type": "Point", "coordinates": [ -8245905.564500000327826, 516876.863499999046326 ] } },
{ "type": "Feature", "properties": { "NOMBRE_EST": "COLEGIO EDUARDO SANTOS (IED)", "NOMBRE_SED": "EDUARDO SANTOS", "ORDEN_DE_S": "A", "DIRECCION": "KR 19 A BIS # 1 C - 55", "DISCAPACID": "FISICA-INTELECTUAL-MENTAL/PSICOSOCIAL-MULTIPLE-VISUAL", "TALENTOS_O": null, "GRUPOS_ETN": "AFRODESCENDIENTES-INDIGENAS", "SECTOR": 2, "NATU_JUR": 9, "CALENDARIO": 1, "GENERO": 5, "COD_LOCA": "14", "ESPECIALID": 1, "CLASE_TIPO": 1, "BILINGUE": 5, "FECHA": "2025-04-30", "DANE12_EST": "111001014001", "DANE12_SED": "111001014001", "DA_HIPOACU": 2, "DA_SORDERA": 0, "DA_LENGUAS": 0, "DA_UCASTEL": 0, "DISCAP_FIS": 2, "DISCAP_FLE": 0, "DISCAP_PCE": 0, "DI_DCOGNIT": 17, "DI_SDOWN": 0, "DIS_MULTIP": 9, "DIS_PSICOS": 2, "DV_BAJAVIS": 2, "DIS_CEGUER": 0, "T_ESPECTRO": 0, "T_VOZ_Y_HA": 0, "SISTEMICA": 0, "SORDOCEGUE": 0, "OTRA": 0, "TOT_EST_MA": 34, "AFRODESCEN": 4, "INDIGENAS": 4, "NEGRITUDES": 1, "PALENQUERO": 0, "RAIZALES": 0, "ROM": 0, "TOT_EST_ET": 9, "CAPACID_EX": 0, "DOBLE_EXCE": 0, "TE_ACTFISI": 0, "TE_ARTES": 0, "TE_CNATUR": 0, "TE_CSOCIAL": 0, "TE_LDSOCIA": 1, "TE_TECNOLO": 0, "TOT_EST_CA": 1, "TMATRIC_GE": 1035, "Zona": 1 }, "geometry": { "type": "Point", "coordinates": [ -8247905.97580000013113, 511995.252900000661612 ] } },
{ "type": "Feature", "properties": { "NOMBRE_EST": "COLEGIO EDUARDO SANTOS (IED)", "NOMBRE_SED": "SEDE B", "ORDEN_DE_S": "B", "DIRECCION": "KR 24 # 1 H - 19", "DISCAPACID": "INTELECTUAL-MULTIPLE", "TALENTOS_O": null, "GRUPOS_ETN": null, "SECTOR": 2, "NATU_JUR": 9, "CALENDARIO": 1, "GENERO": 5, "COD_LOCA": "14", "ESPECIALID": 1, "CLASE_TIPO": 1, "BILINGUE": 5, "FECHA": "2025-04-30", "DANE12_EST": "111001014001", "DANE12_SED": "111001110388", "DA_HIPOACU": 0, "DA_SORDERA": 0, "DA_LENGUAS": 0, "DA_UCASTEL": 0, "DISCAP_FIS": 0, "DISCAP_FLE": 0, "DISCAP_PCE": 0, "DI_DCOGNIT": 0, "DI_SDOWN": 0, "DIS_MULTIP": 2, "DIS_PSICOS": 0, "DV_BAJAVIS": 0, "DIS_CEGUER": 0, "T_ESPECTRO": 0, "T_VOZ_Y_HA": 0, "SISTEMICA": 0, "SORDOCEGUE": 0, "OTRA": 0, "TOT_EST_MA": 2, "AFRODESCEN": 0, "INDIGENAS": 0, "NEGRITUDES": 0, "PALENQUERO": 0, "RAIZALES": 0, "ROM": 0, "TOT_EST_ET": 0, "CAPACID_EX": 0, "DOBLE_EXCE": 0, "TE_ACTFISI": 0, "TE_ARTES": 0, "TE_CNATUR": 0, "TE_CSOCIAL": 0, "TE_LDSOCIA": 0, "TE_TECNOLO": 0, "TOT_EST_CA": 0, "TMATRIC_GE": 113, "Zona": 1 }, "geometry": { "type": "Point", "coordinates": [ -8248306.7259, 512265.514899998903275 ] } },
{ "type": "Feature", "properties": { "NOMBRE_EST": "COLEGIO REPUBLICA BOLIVARIANA DE VENEZUELA (IED)", "NOMBRE_SED": "REPUBLICA BOLIVARIANA DE VENEZUELA", "ORDEN_DE_S": "A", "DIRECCION": "CL 22 A # 18 B - 42", "DISCAPACID": "AUDITIVA-INTELECTUAL-MENTAL/PSICOSOCIAL-MULTIPLE", "TALENTOS_O": null, "GRUPOS_ETN": "AFRODESCENDIENTES-INDIGENAS-NEGRITUDES", "SECTOR": 2, "NATU_JUR": 9, "CALENDARIO": 1, "GENERO": 5, "COD_LOCA": "14", "ESPECIALID": 1, "CLASE_TIPO": 1, "BILINGUE": 5, "FECHA": "2025-04-30", "DANE12_EST": "111001016250", "DANE12_SED": "111001016250", "DA_HIPOACU": 0, "DA_SORDERA": 0, "DA_LENGUAS": 0, "DA_UCASTEL": 0, "DISCAP_FIS": 0, "DISCAP_FLE": 0, "DISCAP_PCE": 0, "DI_DCOGNIT": 34, "DI_SDOWN": 0, "DIS_MULTIP": 47, "DIS_PSICOS": 4, "DV_BAJAVIS": 0, "DIS_CEGUER": 0, "T_ESPECTRO": 0, "T_VOZ_Y_HA": 0, "SISTEMICA": 0, "SORDOCEGUE": 0, "OTRA": 0, "TOT_EST_MA": 85, "AFRODESCEN": 4, "INDIGENAS": 1, "NEGRITUDES": 2, "PALENQUERO": 0, "RAIZALES": 0, "ROM": 0, "TOT_EST_ET": 7, "CAPACID_EX": 0, "DOBLE_EXCE": 0, "TE_ACTFISI": 1, "TE_ARTES": 0, "TE_CNATUR": 0, "TE_CSOCIAL": 0, "TE_LDSOCIA": 1, "TE_TECNOLO": 0, "TOT_EST_CA": 2, "TMATRIC_GE": 335, "Zona": 1 }, "geometry": { "type": "Point", "coordinates": [ -8246488.878599999472499, 514312.612300001084805 ] } },
{ "type": "Feature", "properties": { "NOMBRE_EST": "COLEGIO REPUBLICA BOLIVARIANA DE VENEZUELA (IED)", "NOMBRE_SED": "SAMPER MENDOZA", "ORDEN_DE_S": "B", "DIRECCION": "CL 22 A # 25 - 52", "DISCAPACID": "AUDITIVA-FISICA-INTELECTUAL-MENTAL/PSICOSOCIAL-MULTIPLE", "TALENTOS_O": "TALENTO EXCEPCIONAL EN ACTIVIDAD FISICA, EJERCICIO Y DEPORTE", "GRUPOS_ETN": "AFRODESCENDIENTES-INDIGENAS-NEGRITUDES", "SECTOR": 2, "NATU_JUR": 9, "CALENDARIO": 1, "GENERO": 5, "COD_LOCA": "14", "ESPECIALID": 13, "CLASE_TIPO": 1, "BILINGUE": 5, "FECHA": "2025-04-30", "DANE12_EST": "111001016250", "DANE12_SED": "111001016195", "DA_HIPOACU": 0, "DA_SORDERA": 0, "DA_LENGUAS": 0, "DA_UCASTEL": 0, "DISCAP_FIS": 0, "DISCAP_FLE": 0, "DISCAP_PCE": 0, "DI_DCOGNIT": 8, "DI_SDOWN": 0, "DIS_MULTIP": 31, "DIS_PSICOS": 2, "DV_BAJAVIS": 0, "DIS_CEGUER": 0, "T_ESPECTRO": 0, "T_VOZ_Y_HA": 0, "SISTEMICA": 0, "SORDOCEGUE": 0, "OTRA": 0, "TOT_EST_MA": 41, "AFRODESCEN": 5, "INDIGENAS": 0, "NEGRITUDES": 0, "PALENQUERO": 0, "RAIZALES": 0, "ROM": 0, "TOT_EST_ET": 5, "CAPACID_EX": 0, "DOBLE_EXCE": 0, "TE_ACTFISI": 1, "TE_ARTES": 0, "TE_CNATUR": 0, "TE_CSOCIAL": 0, "TE_LDSOCIA": 0, "TE_TECNOLO": 0, "TOT_EST_CA": 1, "TMATRIC_GE": 331, "Zona": 1 }, "geometry": { "type": "Point", "coordinates": [ -8246904.100299999117851, 514677.811999998986721 ] } },
{ "type": "Feature", "properties": { "NOMBRE_EST": "COLEGIO SAN FRANCISCO DE ASIS (IED)", "NOMBRE_SED": "POLITECNICO NACIONAL FEMENINO", "ORDEN_DE_S": "A", "DIRECCION": "DG 1  # 19 - 79  --  CL 1 C BIS # 19 - 79", "DISCAPACID": "AUDITIVA-INTELECTUAL-MENTAL/PSICOSOCIAL-MULTIPLE-VISUAL", "TALENTOS_O": "TALENTO EXCEPCIONAL EN ACTIVIDAD FISICA, EJERCICIO Y DEPORTE", "GRUPOS_ETN": "INDIGENAS", "SECTOR": 2, "NATU_JUR": 9, "CALENDARIO": 1, "GENERO": 5, "COD_LOCA": "14", "ESPECIALID": 1, "CLASE_TIPO": 1, "BILINGUE": 5, "FECHA": "2025-04-30", "DANE12_EST": "111001016772", "DANE12_SED": "111001016772", "DA_HIPOACU": 2, "DA_SORDERA": 0, "DA_LENGUAS": 0, "DA_UCASTEL": 0, "DISCAP_FIS": 1, "DISCAP_FLE": 0, "DISCAP_PCE": 0, "DI_DCOGNIT": 15, "DI_SDOWN": 0, "DIS_MULTIP": 3, "DIS_PSICOS": 11, "DV_BAJAVIS": 2, "DIS_CEGUER": 0, "T_ESPECTRO": 0, "T_VOZ_Y_HA": 0, "SISTEMICA": 0, "SORDOCEGUE": 0, "OTRA": 0, "TOT_EST_MA": 34, "AFRODESCEN": 1, "INDIGENAS": 9, "NEGRITUDES": 0, "PALENQUERO": 0, "RAIZALES": 0, "ROM": 0, "TOT_EST_ET": 10, "CAPACID_EX": 0, "DOBLE_EXCE": 0, "TE_ACTFISI": 1, "TE_ARTES": 0, "TE_CNATUR": 0, "TE_CSOCIAL": 0, "TE_LDSOCIA": 0, "TE_TECNOLO": 0, "TOT_EST_CA": 1, "TMATRIC_GE": 593, "Zona": 1 }, "geometry": { "type": "Point", "coordinates": [ -8247910.42850000038743, 511971.800400000065565 ] } },
{ "type": "Feature", "properties": { "NOMBRE_EST": "COLEGIO SAN FRANCISCO DE ASIS (IED)", "NOMBRE_SED": "EMMA VILLEGAS DE GAITAN", "ORDEN_DE_S": "B", "DIRECCION": "KR 21 # 1 H - 06", "DISCAPACID": "AUDITIVA-FISICA-INTELECTUAL-MENTAL/PSICOSOCIAL-MULTIPLE-VISUAL", "TALENTOS_O": "CAPACIDADES EXCEPCIONALES-TALENTO EXCEPCIONAL EN ACTIVIDAD FISICA, EJERCICIO Y DEPORTE-TALENTO EXCEPCIONAL EN ARTES Y LETRAS-TALENTO EXCEPCIONAL EN LIDERAZGO SOCIAL Y EMPRENDIMIENTO", "GRUPOS_ETN": "AFRODESCENDIENTES-INDIGENAS", "SECTOR": 2, "NATU_JUR": 9, "CALENDARIO": 1, "GENERO": 5, "COD_LOCA": "14", "ESPECIALID": 13, "CLASE_TIPO": 1, "BILINGUE": 5, "FECHA": "2025-04-30", "DANE12_EST": "111001016772", "DANE12_SED": "111001016225", "DA_HIPOACU": 2, "DA_SORDERA": 0, "DA_LENGUAS": 0, "DA_UCASTEL": 0, "DISCAP_FIS": 0, "DISCAP_FLE": 0, "DISCAP_PCE": 0, "DI_DCOGNIT": 11, "DI_SDOWN": 0, "DIS_MULTIP": 7, "DIS_PSICOS": 2, "DV_BAJAVIS": 0, "DIS_CEGUER": 0, "T_ESPECTRO": 0, "T_VOZ_Y_HA": 0, "SISTEMICA": 0, "SORDOCEGUE": 0, "OTRA": 0, "TOT_EST_MA": 22, "AFRODESCEN": 1, "INDIGENAS": 4, "NEGRITUDES": 0, "PALENQUERO": 0, "RAIZALES": 0, "ROM": 0, "TOT_EST_ET": 5, "CAPACID_EX": 1, "DOBLE_EXCE": 0, "TE_ACTFISI": 3, "TE_ARTES": 1, "TE_CNATUR": 0, "TE_CSOCIAL": 0, "TE_LDSOCIA": 1, "TE_TECNOLO": 0, "TOT_EST_CA": 6, "TMATRIC_GE": 608, "Zona": 1 }, "geometry": { "type": "Point", "coordinates": [ -8248137.520300000905991, 512213.02589999884367 ] } },
{ "type": "Feature", "properties": { "NOMBRE_EST": "COLEGIO LICEO NACIONAL ANTONIA SANTOS (IED)", "NOMBRE_SED": "ANTONIA SANTOS", "ORDEN_DE_S": "A", "DIRECCION": "KR 22 # 12 - 49", "DISCAPACID": "FISICA-INTELECTUAL-MENTAL/PSICOSOCIAL-MULTIPLE", "TALENTOS_O": "TALENTO EXCEPCIONAL EN ACTIVIDAD FISICA, EJERCICIO Y DEPORTE", "GRUPOS_ETN": "AFRODESCENDIENTES-INDIGENAS-NEGRITUDES", "SECTOR": 2, "NATU_JUR": 9, "CALENDARIO": 1, "GENERO": 5, "COD_LOCA": "14", "ESPECIALID": 1, "CLASE_TIPO": 1, "BILINGUE": 5, "FECHA": "2025-04-30", "DANE12_EST": "111001019526", "DANE12_SED": "111001019526", "DA_HIPOACU": 0, "DA_SORDERA": 0, "DA_LENGUAS": 0, "DA_UCASTEL": 0, "DISCAP_FIS": 4, "DISCAP_FLE": 0, "DISCAP_PCE": 0, "DI_DCOGNIT": 6, "DI_SDOWN": 0, "DIS_MULTIP": 6, "DIS_PSICOS": 4, "DV_BAJAVIS": 0, "DIS_CEGUER": 0, "T_ESPECTRO": 0, "T_VOZ_Y_HA": 0, "SISTEMICA": 0, "SORDOCEGUE": 0, "OTRA": 0, "TOT_EST_MA": 20, "AFRODESCEN": 7, "INDIGENAS": 54, "NEGRITUDES": 1, "PALENQUERO": 0, "RAIZALES": 0, "ROM": 0, "TOT_EST_ET": 62, "CAPACID_EX": 1, "DOBLE_EXCE": 0, "TE_ACTFISI": 0, "TE_ARTES": 0, "TE_CNATUR": 0, "TE_CSOCIAL": 0, "TE_LDSOCIA": 1, "TE_TECNOLO": 0, "TOT_EST_CA": 2, "TMATRIC_GE": 733, "Zona": 1 }, "geometry": { "type": "Point", "coordinates": [ -8247437.320699999108911, 513547.596999999135733 ] } },
{ "type": "Feature", "properties": { "NOMBRE_EST": "COLEGIO LICEO NACIONAL ANTONIA SANTOS (IED)", "NOMBRE_SED": "SEDE B", "ORDEN_DE_S": "B", "DIRECCION": "CL 12 # 21 - 14", "DISCAPACID": "FISICA-INTELECTUAL-MENTAL/PSICOSOCIAL-MULTIPLE", "TALENTOS_O": "CAPACIDADES EXCEPCIONALES-TALENTO EXCEPCIONAL EN ACTIVIDAD FISICA, EJERCICIO Y DEPORTE", "GRUPOS_ETN": "AFRODESCENDIENTES-INDIGENAS-NEGRITUDES-RAIZALES", "SECTOR": 2, "NATU_JUR": 9, "CALENDARIO": 1, "GENERO": 5, "COD_LOCA": "14", "ESPECIALID": 13, "CLASE_TIPO": 1, "BILINGUE": 5, "FECHA": "2025-04-30", "DANE12_EST": "111001019526", "DANE12_SED": "111001800066", "DA_HIPOACU": 0, "DA_SORDERA": 0, "DA_LENGUAS": 0, "DA_UCASTEL": 0, "DISCAP_FIS": 1, "DISCAP_FLE": 0, "DISCAP_PCE": 0, "DI_DCOGNIT": 10, "DI_SDOWN": 0, "DIS_MULTIP": 4, "DIS_PSICOS": 2, "DV_BAJAVIS": 0, "DIS_CEGUER": 0, "T_ESPECTRO": 0, "T_VOZ_Y_HA": 0, "SISTEMICA": 0, "SORDOCEGUE": 0, "OTRA": 0, "TOT_EST_MA": 17, "AFRODESCEN": 7, "INDIGENAS": 75, "NEGRITUDES": 0, "PALENQUERO": 0, "RAIZALES": 0, "ROM": 0, "TOT_EST_ET": 82, "CAPACID_EX": 0, "DOBLE_EXCE": 0, "TE_ACTFISI": 0, "TE_ARTES": 0, "TE_CNATUR": 0, "TE_CSOCIAL": 0, "TE_LDSOCIA": 0, "TE_TECNOLO": 2, "TOT_EST_CA": 2, "TMATRIC_GE": 698, "Zona": 1 }, "geometry": { "type": "Point", "coordinates": [ -8247439.5471, 513496.223999999463558 ] } },
{ "type": "Feature", "properties": { "NOMBRE_EST": "COLEGIO LICEO NACIONAL AGUSTIN NIETO CABALLERO (IED)", "NOMBRE_SED": "AGUSTIN NIETO CABALLERO", "ORDEN_DE_S": "A", "DIRECCION": "KR 19 # 11 - 17", "DISCAPACID": "AUDITIVA-INTELECTUAL-MENTAL/PSICOSOCIAL-MULTIPLE", "TALENTOS_O": "TALENTO EXCEPCIONAL EN ARTES Y LETRAS", "GRUPOS_ETN": "AFRODESCENDIENTES-INDIGENAS-NEGRITUDES", "SECTOR": 2, "NATU_JUR": 9, "CALENDARIO": 1, "GENERO": 5, "COD_LOCA": "14", "ESPECIALID": 12, "CLASE_TIPO": 1, "BILINGUE": 5, "FECHA": "2025-04-30", "DANE12_EST": "111001025313", "DANE12_SED": "111001025313", "DA_HIPOACU": 3, "DA_SORDERA": 0, "DA_LENGUAS": 0, "DA_UCASTEL": 0, "DISCAP_FIS": 1, "DISCAP_FLE": 0, "DISCAP_PCE": 0, "DI_DCOGNIT": 13, "DI_SDOWN": 0, "DIS_MULTIP": 3, "DIS_PSICOS": 0, "DV_BAJAVIS": 1, "DIS_CEGUER": 0, "T_ESPECTRO": 0, "T_VOZ_Y_HA": 0, "SISTEMICA": 0, "SORDOCEGUE": 0, "OTRA": 0, "TOT_EST_MA": 21, "AFRODESCEN": 14, "INDIGENAS": 22, "NEGRITUDES": 3, "PALENQUERO": 0, "RAIZALES": 0, "ROM": 0, "TOT_EST_ET": 39, "CAPACID_EX": 0, "DOBLE_EXCE": 0, "TE_ACTFISI": 0, "TE_ARTES": 2, "TE_CNATUR": 0, "TE_CSOCIAL": 0, "TE_LDSOCIA": 0, "TE_TECNOLO": 0, "TOT_EST_CA": 2, "TMATRIC_GE": 762, "Zona": 1 }, "geometry": { "type": "Point", "coordinates": [ -8247205.776200000196695, 513234.892200000584126 ] } },
{ "type": "Feature", "properties": { "NOMBRE_EST": "COLEGIO TECNICO MENORAH (IED)", "NOMBRE_SED": "MENORAH", "ORDEN_DE_S": "A", "DIRECCION": "KR 19 A # 1 C - 19", "DISCAPACID": "FISICA-INTELECTUAL-MULTIPLE-VISUAL", "TALENTOS_O": "CAPACIDADES EXCEPCIONALES-TALENTO EXCEPCIONAL EN ACTIVIDAD FISICA, EJERCICIO Y DEPORTE-TALENTO EXCEPCIONAL EN ARTES Y LETRAS-TALENTO EXCEPCIONAL EN CIENCIAS SOCIALES O HUMANAS-TALENTO EXCEPCIONAL EN LIDERAZGO SOCIAL Y EMPRENDIMIENTO", "GRUPOS_ETN": "AFRODESCENDIENTES-INDIGENAS", "SECTOR": 2, "NATU_JUR": 9, "CALENDARIO": 1, "GENERO": 1, "COD_LOCA": "14", "ESPECIALID": 9, "CLASE_TIPO": 1, "BILINGUE": 5, "FECHA": "2025-04-30", "DANE12_EST": "111001026069", "DANE12_SED": "111001026069", "DA_HIPOACU": 0, "DA_SORDERA": 0, "DA_LENGUAS": 0, "DA_UCASTEL": 0, "DISCAP_FIS": 1, "DISCAP_FLE": 0, "DISCAP_PCE": 0, "DI_DCOGNIT": 17, "DI_SDOWN": 0, "DIS_MULTIP": 6, "DIS_PSICOS": 0, "DV_BAJAVIS": 1, "DIS_CEGUER": 0, "T_ESPECTRO": 0, "T_VOZ_Y_HA": 0, "SISTEMICA": 0, "SORDOCEGUE": 0, "OTRA": 0, "TOT_EST_MA": 25, "AFRODESCEN": 1, "INDIGENAS": 3, "NEGRITUDES": 0, "PALENQUERO": 0, "RAIZALES": 0, "ROM": 0, "TOT_EST_ET": 4, "CAPACID_EX": 1, "DOBLE_EXCE": 0, "TE_ACTFISI": 5, "TE_ARTES": 2, "TE_CNATUR": 0, "TE_CSOCIAL": 0, "TE_LDSOCIA": 3, "TE_TECNOLO": 0, "TOT_EST_CA": 11, "TMATRIC_GE": 1224, "Zona": 1 }, "geometry": { "type": "Point", "coordinates": [ -8247959.409099999815226, 511963.982900001108646 ] } },
{ "type": "Feature", "properties": { "NOMBRE_EST": "COLEGIO TECNICO MENORAH (IED)", "NOMBRE_SED": "SEDE B", "ORDEN_DE_S": "B", "DIRECCION": "CL 1 # 27 A - 59", "DISCAPACID": null, "TALENTOS_O": null, "GRUPOS_ETN": null, "SECTOR": 2, "NATU_JUR": 9, "CALENDARIO": 1, "GENERO": 1, "COD_LOCA": "14", "ESPECIALID": 13, "CLASE_TIPO": 1, "BILINGUE": 5, "FECHA": "2025-04-30", "DANE12_EST": "111001026069", "DANE12_SED": "111001801179", "DA_HIPOACU": 0, "DA_SORDERA": 0, "DA_LENGUAS": 0, "DA_UCASTEL": 0, "DISCAP_FIS": 0, "DISCAP_FLE": 0, "DISCAP_PCE": 0, "DI_DCOGNIT": 0, "DI_SDOWN": 0, "DIS_MULTIP": 0, "DIS_PSICOS": 0, "DV_BAJAVIS": 1, "DIS_CEGUER": 0, "T_ESPECTRO": 0, "T_VOZ_Y_HA": 0, "SISTEMICA": 0, "SORDOCEGUE": 0, "OTRA": 0, "TOT_EST_MA": 1, "AFRODESCEN": 0, "INDIGENAS": 0, "NEGRITUDES": 0, "PALENQUERO": 0, "RAIZALES": 0, "ROM": 0, "TOT_EST_ET": 0, "CAPACID_EX": 0, "DOBLE_EXCE": 0, "TE_ACTFISI": 0, "TE_ARTES": 0, "TE_CNATUR": 0, "TE_CSOCIAL": 0, "TE_LDSOCIA": 0, "TE_TECNOLO": 0, "TOT_EST_CA": 0, "TMATRIC_GE": 53, "Zona": 1 }, "geometry": { "type": "Point", "coordinates": [ -8249154.980399999767542, 512195.157400000840425 ] } },
{ "type": "Feature", "properties": { "NOMBRE_EST": "COLEGIO PANAMERICANO (IED)", "NOMBRE_SED": "PANAMERICANO", "ORDEN_DE_S": "A", "DIRECCION": "AK 27 # 24 C - 19", "DISCAPACID": "FISICA-INTELECTUAL-MENTAL/PSICOSOCIAL-MULTIPLE", "TALENTOS_O": null, "GRUPOS_ETN": "AFRODESCENDIENTES-INDIGENAS-NEGRITUDES", "SECTOR": 2, "NATU_JUR": 9, "CALENDARIO": 1, "GENERO": 5, "COD_LOCA": "14", "ESPECIALID": 1, "CLASE_TIPO": 1, "BILINGUE": 5, "FECHA": "2025-04-30", "DANE12_EST": "111001030856", "DANE12_SED": "111001030856", "DA_HIPOACU": 0, "DA_SORDERA": 0, "DA_LENGUAS": 0, "DA_UCASTEL": 0, "DISCAP_FIS": 4, "DISCAP_FLE": 0, "DISCAP_PCE": 0, "DI_DCOGNIT": 46, "DI_SDOWN": 0, "DIS_MULTIP": 16, "DIS_PSICOS": 16, "DV_BAJAVIS": 1, "DIS_CEGUER": 0, "T_ESPECTRO": 0, "T_VOZ_Y_HA": 0, "SISTEMICA": 0, "SORDOCEGUE": 0, "OTRA": 0, "TOT_EST_MA": 83, "AFRODESCEN": 7, "INDIGENAS": 6, "NEGRITUDES": 7, "PALENQUERO": 0, "RAIZALES": 0, "ROM": 0, "TOT_EST_ET": 20, "CAPACID_EX": 1, "DOBLE_EXCE": 0, "TE_ACTFISI": 2, "TE_ARTES": 1, "TE_CNATUR": 0, "TE_CSOCIAL": 0, "TE_LDSOCIA": 0, "TE_TECNOLO": 0, "TOT_EST_CA": 4, "TMATRIC_GE": 1489, "Zona": 1 }, "geometry": { "type": "Point", "coordinates": [ -8246415.407800000160933, 515193.785100001841784 ] } },
{ "type": "Feature", "properties": { "NOMBRE_EST": "COLEGIO RICAURTE (IED)", "NOMBRE_SED": "RICAURTE", "ORDEN_DE_S": "A", "DIRECCION": "AK 27 # 7 - 48 - KR 26 # 7 – 41/61", "DISCAPACID": "FISICA-INTELECTUAL-MENTAL/PSICOSOCIAL-MULTIPLE-SORDOCEGUERA-VISUAL", "TALENTOS_O": "TALENTO EXCEPCIONAL EN ARTES Y LETRAS-TALENTO EXCEPCIONAL EN LIDERAZGO SOCIAL Y EMPRENDIMIENTO", "GRUPOS_ETN": "AFRODESCENDIENTES-INDIGENAS-NEGRITUDES", "SECTOR": 2, "NATU_JUR": 9, "CALENDARIO": 1, "GENERO": 5, "COD_LOCA": "14", "ESPECIALID": 13, "CLASE_TIPO": 1, "BILINGUE": 5, "FECHA": "2025-04-30", "DANE12_EST": "111001041459", "DANE12_SED": "111001041459", "DA_HIPOACU": 0, "DA_SORDERA": 0, "DA_LENGUAS": 0, "DA_UCASTEL": 0, "DISCAP_FIS": 0, "DISCAP_FLE": 0, "DISCAP_PCE": 0, "DI_DCOGNIT": 6, "DI_SDOWN": 0, "DIS_MULTIP": 6, "DIS_PSICOS": 1, "DV_BAJAVIS": 1, "DIS_CEGUER": 0, "T_ESPECTRO": 0, "T_VOZ_Y_HA": 0, "SISTEMICA": 0, "SORDOCEGUE": 0, "OTRA": 0, "TOT_EST_MA": 14, "AFRODESCEN": 1, "INDIGENAS": 0, "NEGRITUDES": 2, "PALENQUERO": 0, "RAIZALES": 0, "ROM": 0, "TOT_EST_ET": 3, "CAPACID_EX": 0, "DOBLE_EXCE": 0, "TE_ACTFISI": 1, "TE_ARTES": 2, "TE_CNATUR": 0, "TE_CSOCIAL": 0, "TE_LDSOCIA": 1, "TE_TECNOLO": 0, "TOT_EST_CA": 4, "TMATRIC_GE": 525, "Zona": 1 }, "geometry": { "type": "Point", "coordinates": [ -8248105.237600000575185, 513308.601100001484156 ] } },
{ "type": "Feature", "properties": { "NOMBRE_EST": "COLEGIO RICAURTE (IED)", "NOMBRE_SED": "ANTONIO RICAURTE", "ORDEN_DE_S": "B", "DIRECCION": "CL 10 # 29 - 64", "DISCAPACID": "INTELECTUAL-MULTIPLE", "TALENTOS_O": "CAPACIDADES EXCEPCIONALES-TALENTO EXCEPCIONAL EN ACTIVIDAD FISICA, EJERCICIO Y DEPORTE-TALENTO EXCEPCIONAL EN ARTES Y LETRAS", "GRUPOS_ETN": "INDIGENAS", "SECTOR": 2, "NATU_JUR": 9, "CALENDARIO": 1, "GENERO": 5, "COD_LOCA": "14", "ESPECIALID": 1, "CLASE_TIPO": 1, "BILINGUE": 5, "FECHA": "2025-04-30", "DANE12_EST": "111001041459", "DANE12_SED": "111001013986", "DA_HIPOACU": 0, "DA_SORDERA": 0, "DA_LENGUAS": 0, "DA_UCASTEL": 0, "DISCAP_FIS": 1, "DISCAP_FLE": 0, "DISCAP_PCE": 0, "DI_DCOGNIT": 5, "DI_SDOWN": 0, "DIS_MULTIP": 3, "DIS_PSICOS": 1, "DV_BAJAVIS": 0, "DIS_CEGUER": 0, "T_ESPECTRO": 0, "T_VOZ_Y_HA": 0, "SISTEMICA": 0, "SORDOCEGUE": 0, "OTRA": 0, "TOT_EST_MA": 10, "AFRODESCEN": 1, "INDIGENAS": 2, "NEGRITUDES": 1, "PALENQUERO": 0, "RAIZALES": 0, "ROM": 0, "TOT_EST_ET": 4, "CAPACID_EX": 1, "DOBLE_EXCE": 0, "TE_ACTFISI": 2, "TE_ARTES": 0, "TE_CNATUR": 0, "TE_CSOCIAL": 0, "TE_LDSOCIA": 0, "TE_TECNOLO": 0, "TOT_EST_CA": 3, "TMATRIC_GE": 391, "Zona": 1 }, "geometry": { "type": "Point", "coordinates": [ -8248186.500900000333786, 513759.790300000458956 ] } },
{ "type": "Feature", "properties": { "NOMBRE_EST": "COLEGIO GUILLERMO LEON VALENCIA (IED)", "NOMBRE_SED": "GUILLERMO LEON VALENCIA", "ORDEN_DE_S": "A", "DIRECCION": "KR 22 # 16 - 03 SUR", "DISCAPACID": "AUDITIVA-FISICA-INTELECTUAL-MENTAL/PSICOSOCIAL-MULTIPLE-VISUAL", "TALENTOS_O": "CAPACIDADES EXCEPCIONALES-TALENTO EXCEPCIONAL EN ACTIVIDAD FISICA, EJERCICIO Y DEPORTE-TALENTO EXCEPCIONAL EN ARTES Y LETRAS-TALENTO EXCEPCIONAL EN CIENCIAS NATURALES O BASICAS-TALENTO EXCEPCIONAL EN LIDERAZGO SOCIAL Y EMPRENDIMIENTO-TALENTO EXCEPCIONAL", "GRUPOS_ETN": "AFRODESCENDIENTES-INDIGENAS-NEGRITUDES-RAIZALES", "SECTOR": 2, "NATU_JUR": 9, "CALENDARIO": 1, "GENERO": 5, "COD_LOCA": "15", "ESPECIALID": 1, "CLASE_TIPO": 1, "BILINGUE": 5, "FECHA": "2025-04-30", "DANE12_EST": "111001011053", "DANE12_SED": "111001011053", "DA_HIPOACU": 2, "DA_SORDERA": 0, "DA_LENGUAS": 0, "DA_UCASTEL": 0, "DISCAP_FIS": 1, "DISCAP_FLE": 0, "DISCAP_PCE": 0, "DI_DCOGNIT": 22, "DI_SDOWN": 0, "DIS_MULTIP": 9, "DIS_PSICOS": 5, "DV_BAJAVIS": 1, "DIS_CEGUER": 0, "T_ESPECTRO": 0, "T_VOZ_Y_HA": 0, "SISTEMICA": 0, "SORDOCEGUE": 0, "OTRA": 0, "TOT_EST_MA": 40, "AFRODESCEN": 8, "INDIGENAS": 13, "NEGRITUDES": 7, "PALENQUERO": 0, "RAIZALES": 0, "ROM": 0, "TOT_EST_ET": 28, "CAPACID_EX": 1, "DOBLE_EXCE": 0, "TE_ACTFISI": 2, "TE_ARTES": 3, "TE_CNATUR": 1, "TE_CSOCIAL": 1, "TE_LDSOCIA": 2, "TE_TECNOLO": 0, "TOT_EST_CA": 10, "TMATRIC_GE": 1239, "Zona": 1 }, "geometry": { "type": "Point", "coordinates": [ -8248895.606000000610948, 511184.472199998795986 ] } },
{ "type": "Feature", "properties": { "NOMBRE_EST": "COLEGIO GUILLERMO LEON VALENCIA (IED)", "NOMBRE_SED": "NUESTRA SEÑORA DE LA SABIDURIA", "ORDEN_DE_S": "B", "DIRECCION": "DG 16 SUR # 23 - 53  --  DG 16 A SUR # 24 C - 79", "DISCAPACID": "INTELECTUAL", "TALENTOS_O": null, "GRUPOS_ETN": "INDIGENAS-NEGRITUDES", "SECTOR": 2, "NATU_JUR": 9, "CALENDARIO": 1, "GENERO": 5, "COD_LOCA": "15", "ESPECIALID": 13, "CLASE_TIPO": 1, "BILINGUE": 5, "FECHA": "2025-04-30", "DANE12_EST": "111001011053", "DANE12_SED": "111001024716", "DA_HIPOACU": 0, "DA_SORDERA": 0, "DA_LENGUAS": 0, "DA_UCASTEL": 0, "DISCAP_FIS": 0, "DISCAP_FLE": 0, "DISCAP_PCE": 0, "DI_DCOGNIT": 2, "DI_SDOWN": 0, "DIS_MULTIP": 0, "DIS_PSICOS": 1, "DV_BAJAVIS": 0, "DIS_CEGUER": 0, "T_ESPECTRO": 0, "T_VOZ_Y_HA": 0, "SISTEMICA": 0, "SORDOCEGUE": 0, "OTRA": 0, "TOT_EST_MA": 3, "AFRODESCEN": 1, "INDIGENAS": 1, "NEGRITUDES": 0, "PALENQUERO": 0, "RAIZALES": 1, "ROM": 0, "TOT_EST_ET": 3, "CAPACID_EX": 1, "DOBLE_EXCE": 0, "TE_ACTFISI": 0, "TE_ARTES": 0, "TE_CNATUR": 0, "TE_CSOCIAL": 0, "TE_LDSOCIA": 0, "TE_TECNOLO": 1, "TOT_EST_CA": 2, "TMATRIC_GE": 106, "Zona": 1 }, "geometry": { "type": "Point", "coordinates": [ -8249104.886700000613928, 511377.6739999987185 ] } },
{ "type": "Feature", "properties": { "NOMBRE_EST": "COLEGIO GUILLERMO LEON VALENCIA (IED)", "NOMBRE_SED": "REPUBLICA DE PANAMA", "ORDEN_DE_S": "C", "DIRECCION": "CL 12 SUR # 16 - 01", "DISCAPACID": "FISICA-MENTAL/PSICOSOCIAL-MULTIPLE", "TALENTOS_O": "TALENTO EXCEPCIONAL EN ARTES Y LETRAS", "GRUPOS_ETN": null, "SECTOR": 2, "NATU_JUR": 9, "CALENDARIO": 1, "GENERO": 5, "COD_LOCA": "15", "ESPECIALID": 13, "CLASE_TIPO": 1, "BILINGUE": 5, "FECHA": "2025-04-30", "DANE12_EST": "111001011053", "DANE12_SED": "111001012823", "DA_HIPOACU": 0, "DA_SORDERA": 0, "DA_LENGUAS": 0, "DA_UCASTEL": 0, "DISCAP_FIS": 0, "DISCAP_FLE": 0, "DISCAP_PCE": 0, "DI_DCOGNIT": 0, "DI_SDOWN": 0, "DIS_MULTIP": 2, "DIS_PSICOS": 0, "DV_BAJAVIS": 0, "DIS_CEGUER": 0, "T_ESPECTRO": 0, "T_VOZ_Y_HA": 0, "SISTEMICA": 0, "SORDOCEGUE": 0, "OTRA": 0, "TOT_EST_MA": 2, "AFRODESCEN": 1, "INDIGENAS": 0, "NEGRITUDES": 0, "PALENQUERO": 0, "RAIZALES": 0, "ROM": 0, "TOT_EST_ET": 1, "CAPACID_EX": 0, "DOBLE_EXCE": 0, "TE_ACTFISI": 0, "TE_ARTES": 1, "TE_CNATUR": 0, "TE_CSOCIAL": 0, "TE_LDSOCIA": 0, "TE_TECNOLO": 0, "TOT_EST_CA": 1, "TMATRIC_GE": 135, "Zona": 1 }, "geometry": { "type": "Point", "coordinates": [ -8248062.936200000345707, 511650.167500000447035 ] } },
{ "type": "Feature", "properties": { "NOMBRE_EST": "COLEGIO ESCUELA NORMAL SUPERIOR DISTRITAL MARIA MONTESSORI (IED)", "NOMBRE_SED": "NORMAL SUPERIOR DISTRITAL MARIA MONTESSORI", "ORDEN_DE_S": "A", "DIRECCION": "CL 14 SUR # 14 - 36/20", "DISCAPACID": "AUDITIVA-FISICA-INTELECTUAL-MULTIPLE-VISUAL", "TALENTOS_O": "TALENTO EXCEPCIONAL EN ARTES Y LETRAS", "GRUPOS_ETN": "INDIGENAS", "SECTOR": 2, "NATU_JUR": 9, "CALENDARIO": 1, "GENERO": 5, "COD_LOCA": "15", "ESPECIALID": 13, "CLASE_TIPO": 1, "BILINGUE": 5, "FECHA": "2025-04-30", "DANE12_EST": "111001011908", "DANE12_SED": "111001011908", "DA_HIPOACU": 3, "DA_SORDERA": 0, "DA_LENGUAS": 0, "DA_UCASTEL": 0, "DISCAP_FIS": 2, "DISCAP_FLE": 0, "DISCAP_PCE": 0, "DI_DCOGNIT": 3, "DI_SDOWN": 0, "DIS_MULTIP": 11, "DIS_PSICOS": 3, "DV_BAJAVIS": 0, "DIS_CEGUER": 0, "T_ESPECTRO": 0, "T_VOZ_Y_HA": 0, "SISTEMICA": 0, "SORDOCEGUE": 0, "OTRA": 0, "TOT_EST_MA": 22, "AFRODESCEN": 2, "INDIGENAS": 2, "NEGRITUDES": 1, "PALENQUERO": 0, "RAIZALES": 0, "ROM": 0, "TOT_EST_ET": 5, "CAPACID_EX": 0, "DOBLE_EXCE": 0, "TE_ACTFISI": 3, "TE_ARTES": 5, "TE_CNATUR": 1, "TE_CSOCIAL": 0, "TE_LDSOCIA": 2, "TE_TECNOLO": 0, "TOT_EST_CA": 11, "TMATRIC_GE": 815, "Zona": 1 }, "geometry": { "type": "Point", "coordinates": [ -8248438.082900000736117, 510967.81870000064373 ] } },
{ "type": "Feature", "properties": { "NOMBRE_EST": "COLEGIO ESCUELA NORMAL SUPERIOR DISTRITAL MARIA MONTESSORI (IED)", "NOMBRE_SED": "ANEXA A LA NORMAL SUPERIOR DISTRITAL MARIA MONTESSORI", "ORDEN_DE_S": "B", "DIRECCION": "CL 10 SUR # 13 - 27", "DISCAPACID": "AUDITIVA-FISICA-INTELECTUAL-MENTAL/PSICOSOCIAL-MULTIPLE", "TALENTOS_O": "CAPACIDADES EXCEPCIONALES-TALENTO EXCEPCIONAL EN ACTIVIDAD FISICA, EJERCICIO Y DEPORTE-TALENTO EXCEPCIONAL EN ARTES Y LETRAS-TALENTO EXCEPCIONAL EN CIENCIAS NATURALES O BASICAS-TALENTO EXCEPCIONAL EN LIDERAZGO SOCIAL Y EMPRENDIMIENTO", "GRUPOS_ETN": "AFRODESCENDIENTES-INDIGENAS-NEGRITUDES", "SECTOR": 2, "NATU_JUR": 9, "CALENDARIO": 1, "GENERO": 5, "COD_LOCA": "15", "ESPECIALID": 17, "CLASE_TIPO": 1, "BILINGUE": 5, "FECHA": "2025-04-30", "DANE12_EST": "111001011908", "DANE12_SED": "111001104205", "DA_HIPOACU": 3, "DA_SORDERA": 0, "DA_LENGUAS": 0, "DA_UCASTEL": 0, "DISCAP_FIS": 4, "DISCAP_FLE": 0, "DISCAP_PCE": 0, "DI_DCOGNIT": 12, "DI_SDOWN": 0, "DIS_MULTIP": 10, "DIS_PSICOS": 9, "DV_BAJAVIS": 3, "DIS_CEGUER": 0, "T_ESPECTRO": 0, "T_VOZ_Y_HA": 0, "SISTEMICA": 0, "SORDOCEGUE": 0, "OTRA": 0, "TOT_EST_MA": 41, "AFRODESCEN": 4, "INDIGENAS": 10, "NEGRITUDES": 0, "PALENQUERO": 0, "RAIZALES": 1, "ROM": 0, "TOT_EST_ET": 15, "CAPACID_EX": 4, "DOBLE_EXCE": 0, "TE_ACTFISI": 3, "TE_ARTES": 4, "TE_CNATUR": 3, "TE_CSOCIAL": 0, "TE_LDSOCIA": 0, "TE_TECNOLO": 0, "TOT_EST_CA": 14, "TMATRIC_GE": 1619, "Zona": 1 }, "geometry": { "type": "Point", "coordinates": [ -8248047.351500000804663, 511077.262200001627207 ] } },
{ "type": "Feature", "properties": { "NOMBRE_EST": "COLEGIO ATANASIO GIRARDOT (IED)", "NOMBRE_SED": "ATANASIO GIRARDOT", "ORDEN_DE_S": "A", "DIRECCION": "CL 14 SUR # 28 - 16/06", "DISCAPACID": "AUDITIVA-FISICA-INTELECTUAL-MENTAL/PSICOSOCIAL-MULTIPLE-VISUAL", "TALENTOS_O": "CAPACIDADES EXCEPCIONALES-TALENTO EXCEPCIONAL EN ACTIVIDAD FISICA, EJERCICIO Y DEPORTE-TALENTO EXCEPCIONAL EN ARTES Y LETRAS-TALENTO EXCEPCIONAL EN CIENCIAS NATURALES O BASICAS-TALENTO EXCEPCIONAL EN TECNOLOGIA", "GRUPOS_ETN": "AFRODESCENDIENTES-INDIGENAS-NEGRITUDES", "SECTOR": 2, "NATU_JUR": 9, "CALENDARIO": 1, "GENERO": 5, "COD_LOCA": "15", "ESPECIALID": 1, "CLASE_TIPO": 1, "BILINGUE": 5, "FECHA": "2025-04-30", "DANE12_EST": "111001012602", "DANE12_SED": "111001012602", "DA_HIPOACU": 0, "DA_SORDERA": 0, "DA_LENGUAS": 0, "DA_UCASTEL": 0, "DISCAP_FIS": 1, "DISCAP_FLE": 0, "DISCAP_PCE": 0, "DI_DCOGNIT": 24, "DI_SDOWN": 0, "DIS_MULTIP": 12, "DIS_PSICOS": 1, "DV_BAJAVIS": 1, "DIS_CEGUER": 0, "T_ESPECTRO": 0, "T_VOZ_Y_HA": 0, "SISTEMICA": 0, "SORDOCEGUE": 0, "OTRA": 0, "TOT_EST_MA": 39, "AFRODESCEN": 7, "INDIGENAS": 6, "NEGRITUDES": 3, "PALENQUERO": 0, "RAIZALES": 0, "ROM": 0, "TOT_EST_ET": 16, "CAPACID_EX": 2, "DOBLE_EXCE": 0, "TE_ACTFISI": 6, "TE_ARTES": 9, "TE_CNATUR": 1, "TE_CSOCIAL": 0, "TE_LDSOCIA": 4, "TE_TECNOLO": 3, "TOT_EST_CA": 25, "TMATRIC_GE": 1950, "Zona": 1 }, "geometry": { "type": "Point", "coordinates": [ -8249285.224199999123812, 511989.668999999761581 ] } },
{ "type": "Feature", "properties": { "NOMBRE_EST": "COLEGIO ATANASIO GIRARDOT (IED)", "NOMBRE_SED": "REPUBLICA ORIENTAL DEL URUGUAY", "ORDEN_DE_S": "B", "DIRECCION": "KR 23 # 4 - 04 SUR", "DISCAPACID": "FISICA-INTELECTUAL-MULTIPLE", "TALENTOS_O": null, "GRUPOS_ETN": "AFRODESCENDIENTES-INDIGENAS", "SECTOR": 2, "NATU_JUR": 9, "CALENDARIO": 1, "GENERO": 5, "COD_LOCA": "15", "ESPECIALID": 13, "CLASE_TIPO": 1, "BILINGUE": 5, "FECHA": "2025-04-30", "DANE12_EST": "111001012602", "DANE12_SED": "111001014621", "DA_HIPOACU": 0, "DA_SORDERA": 0, "DA_LENGUAS": 0, "DA_UCASTEL": 0, "DISCAP_FIS": 1, "DISCAP_FLE": 0, "DISCAP_PCE": 0, "DI_DCOGNIT": 1, "DI_SDOWN": 0, "DIS_MULTIP": 3, "DIS_PSICOS": 0, "DV_BAJAVIS": 0, "DIS_CEGUER": 0, "T_ESPECTRO": 0, "T_VOZ_Y_HA": 0, "SISTEMICA": 0, "SORDOCEGUE": 0, "OTRA": 0, "TOT_EST_MA": 5, "AFRODESCEN": 0, "INDIGENAS": 0, "NEGRITUDES": 0, "PALENQUERO": 0, "RAIZALES": 0, "ROM": 0, "TOT_EST_ET": 0, "CAPACID_EX": 0, "DOBLE_EXCE": 0, "TE_ACTFISI": 0, "TE_ARTES": 0, "TE_CNATUR": 0, "TE_CSOCIAL": 0, "TE_LDSOCIA": 0, "TE_TECNOLO": 0, "TOT_EST_CA": 0, "TMATRIC_GE": 165, "Zona": 1 }, "geometry": { "type": "Point", "coordinates": [ -8248490.403100000694394, 511841.136900000274181 ] } },
{ "type": "Feature", "properties": { "NOMBRE_EST": "COLEGIO ATANASIO GIRARDOT (IED)", "NOMBRE_SED": "PASITOS FIRMES", "ORDEN_DE_S": "C", "DIRECCION": "CL 18 SUR # 29 B - 35", "DISCAPACID": "INTELECTUAL-MULTIPLE", "TALENTOS_O": null, "GRUPOS_ETN": null, "SECTOR": 2, "NATU_JUR": 9, "CALENDARIO": 1, "GENERO": 5, "COD_LOCA": "15", "ESPECIALID": 13, "CLASE_TIPO": 1, "BILINGUE": 5, "FECHA": "2025-04-30", "DANE12_EST": "111001012602", "DANE12_SED": "111001800040", "DA_HIPOACU": 0, "DA_SORDERA": 0, "DA_LENGUAS": 0, "DA_UCASTEL": 0, "DISCAP_FIS": 0, "DISCAP_FLE": 0, "DISCAP_PCE": 0, "DI_DCOGNIT": 1, "DI_SDOWN": 0, "DIS_MULTIP": 0, "DIS_PSICOS": 0, "DV_BAJAVIS": 0, "DIS_CEGUER": 0, "T_ESPECTRO": 0, "T_VOZ_Y_HA": 0, "SISTEMICA": 0, "SORDOCEGUE": 0, "OTRA": 0, "TOT_EST_MA": 1, "AFRODESCEN": 1, "INDIGENAS": 1, "NEGRITUDES": 0, "PALENQUERO": 0, "RAIZALES": 0, "ROM": 0, "TOT_EST_ET": 2, "CAPACID_EX": 0, "DOBLE_EXCE": 0, "TE_ACTFISI": 0, "TE_ARTES": 0, "TE_CNATUR": 0, "TE_CSOCIAL": 0, "TE_LDSOCIA": 1, "TE_TECNOLO": 0, "TOT_EST_CA": 1, "TMATRIC_GE": 95, "Zona": 1 }, "geometry": { "type": "Point", "coordinates": [ -8249880.783500000834465, 511950.581500001251698 ] } },
{ "type": "Feature", "properties": { "NOMBRE_EST": "COLEGIO FRANCISCO DE PAULA SANTANDER (IED)", "NOMBRE_SED": "FRANCISCO DE PAULA SANTANDER", "ORDEN_DE_S": "A", "DIRECCION": "CL 23 SUR # 27 - 27  --  CL 23 SUR # 28 - 47", "DISCAPACID": "INTELECTUAL-MENTAL/PSICOSOCIAL", "TALENTOS_O": "TALENTO EXCEPCIONAL EN TECNOLOGIA", "GRUPOS_ETN": "INDIGENAS-NEGRITUDES", "SECTOR": 2, "NATU_JUR": 9, "CALENDARIO": 1, "GENERO": 5, "COD_LOCA": "15", "ESPECIALID": 1, "CLASE_TIPO": 1, "BILINGUE": 5, "FECHA": "2025-04-30", "DANE12_EST": "111001014630", "DANE12_SED": "111001014630", "DA_HIPOACU": 1, "DA_SORDERA": 0, "DA_LENGUAS": 0, "DA_UCASTEL": 0, "DISCAP_FIS": 0, "DISCAP_FLE": 0, "DISCAP_PCE": 0, "DI_DCOGNIT": 3, "DI_SDOWN": 0, "DIS_MULTIP": 0, "DIS_PSICOS": 0, "DV_BAJAVIS": 0, "DIS_CEGUER": 0, "T_ESPECTRO": 0, "T_VOZ_Y_HA": 0, "SISTEMICA": 0, "SORDOCEGUE": 0, "OTRA": 0, "TOT_EST_MA": 4, "AFRODESCEN": 2, "INDIGENAS": 2, "NEGRITUDES": 0, "PALENQUERO": 0, "RAIZALES": 0, "ROM": 0, "TOT_EST_ET": 4, "CAPACID_EX": 1, "DOBLE_EXCE": 0, "TE_ACTFISI": 2, "TE_ARTES": 1, "TE_CNATUR": 0, "TE_CSOCIAL": 0, "TE_LDSOCIA": 0, "TE_TECNOLO": 1, "TOT_EST_CA": 5, "TMATRIC_GE": 502, "Zona": 1 }, "geometry": { "type": "Point", "coordinates": [ -8248503.761399999260902, 511560.825300000607967 ] } },
{ "type": "Feature", "properties": { "NOMBRE_EST": "COLEGIO FRANCISCO DE PAULA SANTANDER (IED)", "NOMBRE_SED": "REPUBLICA DE MEXICO", "ORDEN_DE_S": "B", "DIRECCION": "CL 29 SUR # 30 - 27  --  CL 29 SUR # 29 A - 47", "DISCAPACID": "INTELECTUAL-MENTAL/PSICOSOCIAL-MULTIPLE", "TALENTOS_O": "TALENTO EXCEPCIONAL EN ACTIVIDAD FISICA, EJERCICIO Y DEPORTE-TALENTO EXCEPCIONAL EN ARTES Y LETRAS-TALENTO EXCEPCIONAL EN CIENCIAS SOCIALES O HUMANAS", "GRUPOS_ETN": "AFRODESCENDIENTES", "SECTOR": 2, "NATU_JUR": 9, "CALENDARIO": 1, "GENERO": 5, "COD_LOCA": "15", "ESPECIALID": 13, "CLASE_TIPO": 1, "BILINGUE": 5, "FECHA": "2025-04-30", "DANE12_EST": "111001014630", "DANE12_SED": "111001014648", "DA_HIPOACU": 0, "DA_SORDERA": 0, "DA_LENGUAS": 0, "DA_UCASTEL": 0, "DISCAP_FIS": 0, "DISCAP_FLE": 0, "DISCAP_PCE": 0, "DI_DCOGNIT": 1, "DI_SDOWN": 0, "DIS_MULTIP": 3, "DIS_PSICOS": 0, "DV_BAJAVIS": 0, "DIS_CEGUER": 0, "T_ESPECTRO": 0, "T_VOZ_Y_HA": 0, "SISTEMICA": 0, "SORDOCEGUE": 0, "OTRA": 0, "TOT_EST_MA": 4, "AFRODESCEN": 0, "INDIGENAS": 0, "NEGRITUDES": 0, "PALENQUERO": 0, "RAIZALES": 0, "ROM": 0, "TOT_EST_ET": 0, "CAPACID_EX": 0, "DOBLE_EXCE": 0, "TE_ACTFISI": 2, "TE_ARTES": 1, "TE_CNATUR": 0, "TE_CSOCIAL": 1, "TE_LDSOCIA": 0, "TE_TECNOLO": 0, "TOT_EST_CA": 4, "TMATRIC_GE": 352, "Zona": 1 }, "geometry": { "type": "Point", "coordinates": [ -8250319.38230000063777, 511620.014499999582767 ] } },
{ "type": "Feature", "properties": { "NOMBRE_EST": "COLEGIO TECNICO JAIME PARDO LEAL (IED)", "NOMBRE_SED": "JAIME PARDO LEAL", "ORDEN_DE_S": "A", "DIRECCION": "KR 10 A # 3 - 63 SUR", "DISCAPACID": "AUDITIVA-FISICA-INTELECTUAL-MENTAL/PSICOSOCIAL-MULTIPLE", "TALENTOS_O": "TALENTO EXCEPCIONAL EN ACTIVIDAD FISICA, EJERCICIO Y DEPORTE-TALENTO EXCEPCIONAL EN ARTES Y LETRAS", "GRUPOS_ETN": "AFRODESCENDIENTES-INDIGENAS-NEGRITUDES", "SECTOR": 2, "NATU_JUR": 9, "CALENDARIO": 1, "GENERO": 5, "COD_LOCA": "15", "ESPECIALID": 9, "CLASE_TIPO": 1, "BILINGUE": 5, "FECHA": "2025-04-30", "DANE12_EST": "111001086720", "DANE12_SED": "111001086720", "DA_HIPOACU": 0, "DA_SORDERA": 0, "DA_LENGUAS": 0, "DA_UCASTEL": 0, "DISCAP_FIS": 2, "DISCAP_FLE": 0, "DISCAP_PCE": 0, "DI_DCOGNIT": 10, "DI_SDOWN": 0, "DIS_MULTIP": 6, "DIS_PSICOS": 1, "DV_BAJAVIS": 1, "DIS_CEGUER": 0, "T_ESPECTRO": 0, "T_VOZ_Y_HA": 0, "SISTEMICA": 0, "SORDOCEGUE": 0, "OTRA": 0, "TOT_EST_MA": 20, "AFRODESCEN": 5, "INDIGENAS": 24, "NEGRITUDES": 1, "PALENQUERO": 0, "RAIZALES": 0, "ROM": 0, "TOT_EST_ET": 30, "CAPACID_EX": 0, "DOBLE_EXCE": 0, "TE_ACTFISI": 6, "TE_ARTES": 1, "TE_CNATUR": 0, "TE_CSOCIAL": 0, "TE_LDSOCIA": 0, "TE_TECNOLO": 0, "TOT_EST_CA": 7, "TMATRIC_GE": 1190, "Zona": 1 }, "geometry": { "type": "Point", "coordinates": [ -8247482.96169999986887, 511067.211199998855591 ] } },
{ "type": "Feature", "properties": { "NOMBRE_EST": "COLEGIO DE CULTURA POPULAR (IED)", "NOMBRE_SED": "DE CULTURA POPULAR", "ORDEN_DE_S": "A", "DIRECCION": "KR 51 # 16 - 64 SUR", "DISCAPACID": "AUDITIVA-INTELECTUAL-MENTAL/PSICOSOCIAL-VISUAL", "TALENTOS_O": "TALENTO EXCEPCIONAL EN ACTIVIDAD FISICA, EJERCICIO Y DEPORTE-TALENTO EXCEPCIONAL EN ARTES Y LETRAS", "GRUPOS_ETN": "INDIGENAS-NEGRITUDES-RAIZALES", "SECTOR": 2, "NATU_JUR": 9, "CALENDARIO": 1, "GENERO": 5, "COD_LOCA": "16", "ESPECIALID": 1, "CLASE_TIPO": 1, "BILINGUE": 5, "FECHA": "2025-04-30", "DANE12_EST": "111001000078", "DANE12_SED": "111001000078", "DA_HIPOACU": 0, "DA_SORDERA": 0, "DA_LENGUAS": 0, "DA_UCASTEL": 0, "DISCAP_FIS": 0, "DISCAP_FLE": 0, "DISCAP_PCE": 0, "DI_DCOGNIT": 1, "DI_SDOWN": 0, "DIS_MULTIP": 1, "DIS_PSICOS": 2, "DV_BAJAVIS": 1, "DIS_CEGUER": 0, "T_ESPECTRO": 0, "T_VOZ_Y_HA": 0, "SISTEMICA": 0, "SORDOCEGUE": 0, "OTRA": 0, "TOT_EST_MA": 5, "AFRODESCEN": 0, "INDIGENAS": 2, "NEGRITUDES": 0, "PALENQUERO": 0, "RAIZALES": 1, "ROM": 0, "TOT_EST_ET": 3, "CAPACID_EX": 0, "DOBLE_EXCE": 0, "TE_ACTFISI": 4, "TE_ARTES": 2, "TE_CNATUR": 0, "TE_CSOCIAL": 0, "TE_LDSOCIA": 0, "TE_TECNOLO": 1, "TOT_EST_CA": 7, "TMATRIC_GE": 461, "Zona": 1 }, "geometry": { "type": "Point", "coordinates": [ -8251050.75139999948442, 513320.885899998247623 ] } },
{ "type": "Feature", "properties": { "NOMBRE_EST": "COLEGIO DE CULTURA POPULAR (IED)", "NOMBRE_SED": "SANTA RITA", "ORDEN_DE_S": "B", "DIRECCION": "KR 41 # 34 - 35 SUR", "DISCAPACID": "AUDITIVA-MENTAL/PSICOSOCIAL", "TALENTOS_O": "CAPACIDADES EXCEPCIONALES", "GRUPOS_ETN": "INDIGENAS-ROM", "SECTOR": 2, "NATU_JUR": 9, "CALENDARIO": 1, "GENERO": 5, "COD_LOCA": "16", "ESPECIALID": 13, "CLASE_TIPO": 1, "BILINGUE": 5, "FECHA": "2025-04-30", "DANE12_EST": "111001000078", "DANE12_SED": "111001014834", "DA_HIPOACU": 0, "DA_SORDERA": 0, "DA_LENGUAS": 0, "DA_UCASTEL": 0, "DISCAP_FIS": 0, "DISCAP_FLE": 0, "DISCAP_PCE": 0, "DI_DCOGNIT": 2, "DI_SDOWN": 0, "DIS_MULTIP": 2, "DIS_PSICOS": 0, "DV_BAJAVIS": 1, "DIS_CEGUER": 0, "T_ESPECTRO": 0, "T_VOZ_Y_HA": 0, "SISTEMICA": 0, "SORDOCEGUE": 0, "OTRA": 0, "TOT_EST_MA": 5, "AFRODESCEN": 0, "INDIGENAS": 0, "NEGRITUDES": 0, "PALENQUERO": 0, "RAIZALES": 0, "ROM": 0, "TOT_EST_ET": 0, "CAPACID_EX": 0, "DOBLE_EXCE": 0, "TE_ACTFISI": 1, "TE_ARTES": 0, "TE_CNATUR": 0, "TE_CSOCIAL": 0, "TE_LDSOCIA": 0, "TE_TECNOLO": 0, "TOT_EST_CA": 1, "TMATRIC_GE": 247, "Zona": 1 }, "geometry": { "type": "Point", "coordinates": [ -8251412.53969999961555, 512389.478399999439716 ] } },
{ "type": "Feature", "properties": { "NOMBRE_EST": "COLEGIO DE CULTURA POPULAR (IED)", "NOMBRE_SED": "DIEGO LUIS CORDOBA", "ORDEN_DE_S": "C", "DIRECCION": "CL 32 SUR # 45 - 18", "DISCAPACID": "INTELECTUAL-MENTAL/PSICOSOCIAL-MULTIPLE", "TALENTOS_O": "TALENTO EXCEPCIONAL EN ARTES Y LETRAS", "GRUPOS_ETN": "INDIGENAS", "SECTOR": 2, "NATU_JUR": 9, "CALENDARIO": 1, "GENERO": 5, "COD_LOCA": "16", "ESPECIALID": 13, "CLASE_TIPO": 1, "BILINGUE": 5, "FECHA": "2025-04-30", "DANE12_EST": "111001000078", "DANE12_SED": "111001014842", "DA_HIPOACU": 1, "DA_SORDERA": 0, "DA_LENGUAS": 0, "DA_UCASTEL": 0, "DISCAP_FIS": 0, "DISCAP_FLE": 0, "DISCAP_PCE": 0, "DI_DCOGNIT": 2, "DI_SDOWN": 0, "DIS_MULTIP": 5, "DIS_PSICOS": 1, "DV_BAJAVIS": 0, "DIS_CEGUER": 0, "T_ESPECTRO": 0, "T_VOZ_Y_HA": 0, "SISTEMICA": 0, "SORDOCEGUE": 0, "OTRA": 0, "TOT_EST_MA": 9, "AFRODESCEN": 0, "INDIGENAS": 0, "NEGRITUDES": 0, "PALENQUERO": 0, "RAIZALES": 0, "ROM": 0, "TOT_EST_ET": 0, "CAPACID_EX": 1, "DOBLE_EXCE": 0, "TE_ACTFISI": 0, "TE_ARTES": 1, "TE_CNATUR": 0, "TE_CSOCIAL": 0, "TE_LDSOCIA": 0, "TE_TECNOLO": 0, "TOT_EST_CA": 2, "TMATRIC_GE": 226, "Zona": 1 }, "geometry": { "type": "Point", "coordinates": [ -8251315.691800000146031, 512503.390999998897314 ] } },
{ "type": "Feature", "properties": { "NOMBRE_EST": "COLEGIO LA MERCED (IED)", "NOMBRE_SED": "LA MERCED", "ORDEN_DE_S": "A", "DIRECCION": "CL 13 # 42 A - 51", "DISCAPACID": "AUDITIVA-FISICA-INTELECTUAL-MENTAL/PSICOSOCIAL-MULTIPLE", "TALENTOS_O": "TALENTO EXCEPCIONAL EN ARTES Y LETRAS-TALENTO EXCEPCIONAL EN CIENCIAS NATURALES O BASICAS-TALENTO EXCEPCIONAL EN TECNOLOGIA", "GRUPOS_ETN": "AFRODESCENDIENTES-INDIGENAS-NEGRITUDES", "SECTOR": 2, "NATU_JUR": 9, "CALENDARIO": 1, "GENERO": 5, "COD_LOCA": "16", "ESPECIALID": 7, "CLASE_TIPO": 1, "BILINGUE": 5, "FECHA": "2025-04-30", "DANE12_EST": "111001006122", "DANE12_SED": "111001006122", "DA_HIPOACU": 3, "DA_SORDERA": 0, "DA_LENGUAS": 0, "DA_UCASTEL": 0, "DISCAP_FIS": 6, "DISCAP_FLE": 0, "DISCAP_PCE": 0, "DI_DCOGNIT": 8, "DI_SDOWN": 0, "DIS_MULTIP": 6, "DIS_PSICOS": 2, "DV_BAJAVIS": 0, "DIS_CEGUER": 0, "T_ESPECTRO": 0, "T_VOZ_Y_HA": 0, "SISTEMICA": 0, "SORDOCEGUE": 0, "OTRA": 0, "TOT_EST_MA": 25, "AFRODESCEN": 2, "INDIGENAS": 10, "NEGRITUDES": 1, "PALENQUERO": 0, "RAIZALES": 0, "ROM": 0, "TOT_EST_ET": 13, "CAPACID_EX": 0, "DOBLE_EXCE": 0, "TE_ACTFISI": 2, "TE_ARTES": 4, "TE_CNATUR": 0, "TE_CSOCIAL": 0, "TE_LDSOCIA": 1, "TE_TECNOLO": 2, "TOT_EST_CA": 9, "TMATRIC_GE": 1277, "Zona": 1 }, "geometry": { "type": "Point", "coordinates": [ -8248924.549100000411272, 515118.957600001245737 ] } },
{ "type": "Feature", "properties": { "NOMBRE_EST": "COLEGIO SILVERIA ESPINOSA DE RENDON (IED)", "NOMBRE_SED": "SILVERIA ESPINOSA DE RENDON", "ORDEN_DE_S": "A", "DIRECCION": "KR 58 # 9 - 51", "DISCAPACID": "AUDITIVA-FISICA-INTELECTUAL-MENTAL/PSICOSOCIAL-MULTIPLE", "TALENTOS_O": "TALENTO EXCEPCIONAL EN ACTIVIDAD FISICA, EJERCICIO Y DEPORTE-TALENTO EXCEPCIONAL EN ARTES Y LETRAS", "GRUPOS_ETN": "AFRODESCENDIENTES-INDIGENAS-NEGRITUDES", "SECTOR": 2, "NATU_JUR": 9, "CALENDARIO": 1, "GENERO": 5, "COD_LOCA": "16", "ESPECIALID": 1, "CLASE_TIPO": 1, "BILINGUE": 5, "FECHA": "2025-04-30", "DANE12_EST": "111001011045", "DANE12_SED": "111001011045", "DA_HIPOACU": 4, "DA_SORDERA": 0, "DA_LENGUAS": 0, "DA_UCASTEL": 0, "DISCAP_FIS": 1, "DISCAP_FLE": 0, "DISCAP_PCE": 0, "DI_DCOGNIT": 7, "DI_SDOWN": 0, "DIS_MULTIP": 7, "DIS_PSICOS": 5, "DV_BAJAVIS": 1, "DIS_CEGUER": 0, "T_ESPECTRO": 0, "T_VOZ_Y_HA": 0, "SISTEMICA": 0, "SORDOCEGUE": 0, "OTRA": 0, "TOT_EST_MA": 25, "AFRODESCEN": 3, "INDIGENAS": 4, "NEGRITUDES": 1, "PALENQUERO": 0, "RAIZALES": 0, "ROM": 0, "TOT_EST_ET": 8, "CAPACID_EX": 0, "DOBLE_EXCE": 0, "TE_ACTFISI": 4, "TE_ARTES": 4, "TE_CNATUR": 0, "TE_CSOCIAL": 0, "TE_LDSOCIA": 0, "TE_TECNOLO": 0, "TOT_EST_CA": 8, "TMATRIC_GE": 615, "Zona": 1 }, "geometry": { "type": "Point", "coordinates": [ -8250153.51630000025034, 515961.049899999052286 ] } },
{ "type": "Feature", "properties": { "NOMBRE_EST": "COLEGIO SILVERIA ESPINOSA DE RENDON (IED)", "NOMBRE_SED": "RAFAEL POMBO", "ORDEN_DE_S": "B", "DIRECCION": "CL 4 B # 65 - 31", "DISCAPACID": "AUDITIVA-FISICA-INTELECTUAL-MULTIPLE", "TALENTOS_O": "TALENTO EXCEPCIONAL EN ACTIVIDAD FISICA, EJERCICIO Y DEPORTE-TALENTO EXCEPCIONAL EN ARTES Y LETRAS", "GRUPOS_ETN": "AFRODESCENDIENTES-INDIGENAS-NEGRITUDES", "SECTOR": 2, "NATU_JUR": 9, "CALENDARIO": 1, "GENERO": 5, "COD_LOCA": "16", "ESPECIALID": 13, "CLASE_TIPO": 1, "BILINGUE": 5, "FECHA": "2025-04-30", "DANE12_EST": "111001011045", "DANE12_SED": "111001014818", "DA_HIPOACU": 0, "DA_SORDERA": 0, "DA_LENGUAS": 0, "DA_UCASTEL": 0, "DISCAP_FIS": 1, "DISCAP_FLE": 0, "DISCAP_PCE": 0, "DI_DCOGNIT": 6, "DI_SDOWN": 0, "DIS_MULTIP": 11, "DIS_PSICOS": 1, "DV_BAJAVIS": 0, "DIS_CEGUER": 0, "T_ESPECTRO": 0, "T_VOZ_Y_HA": 0, "SISTEMICA": 0, "SORDOCEGUE": 0, "OTRA": 0, "TOT_EST_MA": 19, "AFRODESCEN": 0, "INDIGENAS": 3, "NEGRITUDES": 1, "PALENQUERO": 0, "RAIZALES": 0, "ROM": 0, "TOT_EST_ET": 4, "CAPACID_EX": 0, "DOBLE_EXCE": 0, "TE_ACTFISI": 1, "TE_ARTES": 2, "TE_CNATUR": 0, "TE_CSOCIAL": 0, "TE_LDSOCIA": 0, "TE_TECNOLO": 0, "TOT_EST_CA": 3, "TMATRIC_GE": 593, "Zona": 1 }, "geometry": { "type": "Point", "coordinates": [ -8251176.542400000616908, 515302.117499999701977 ] } },
{ "type": "Feature", "properties": { "NOMBRE_EST": "COLEGIO SILVERIA ESPINOSA DE RENDON (IED)", "NOMBRE_SED": "TRINIDAD", "ORDEN_DE_S": "C", "DIRECCION": "CL 5 B # 60 - 29", "DISCAPACID": "AUDITIVA-INTELECTUAL-MULTIPLE", "TALENTOS_O": null, "GRUPOS_ETN": "AFRODESCENDIENTES-INDIGENAS-NEGRITUDES", "SECTOR": 2, "NATU_JUR": 9, "CALENDARIO": 1, "GENERO": 5, "COD_LOCA": "16", "ESPECIALID": 13, "CLASE_TIPO": 1, "BILINGUE": 5, "FECHA": "2025-04-30", "DANE12_EST": "111001011045", "DANE12_SED": "111001014711", "DA_HIPOACU": 0, "DA_SORDERA": 0, "DA_LENGUAS": 0, "DA_UCASTEL": 0, "DISCAP_FIS": 0, "DISCAP_FLE": 0, "DISCAP_PCE": 0, "DI_DCOGNIT": 8, "DI_SDOWN": 0, "DIS_MULTIP": 6, "DIS_PSICOS": 0, "DV_BAJAVIS": 0, "DIS_CEGUER": 0, "T_ESPECTRO": 0, "T_VOZ_Y_HA": 0, "SISTEMICA": 0, "SORDOCEGUE": 0, "OTRA": 0, "TOT_EST_MA": 14, "AFRODESCEN": 4, "INDIGENAS": 5, "NEGRITUDES": 1, "PALENQUERO": 0, "RAIZALES": 0, "ROM": 0, "TOT_EST_ET": 10, "CAPACID_EX": 1, "DOBLE_EXCE": 0, "TE_ACTFISI": 2, "TE_ARTES": 0, "TE_CNATUR": 0, "TE_CSOCIAL": 0, "TE_LDSOCIA": 0, "TE_TECNOLO": 0, "TOT_EST_CA": 3, "TMATRIC_GE": 285, "Zona": 1 }, "geometry": { "type": "Point", "coordinates": [ -8250667.812300000339746, 515637.167199999094009 ] } },
{ "type": "Feature", "properties": { "NOMBRE_EST": "COLEGIO ANDRES BELLO (IED)", "NOMBRE_SED": "ANDRES BELLO", "ORDEN_DE_S": "A", "DIRECCION": "CL 39 SUR # 51 D - 19", "DISCAPACID": "AUDITIVA-FISICA-INTELECTUAL-MENTAL/PSICOSOCIAL-MULTIPLE-VISUAL", "TALENTOS_O": "TALENTO EXCEPCIONAL EN ACTIVIDAD FISICA, EJERCICIO Y DEPORTE-TALENTO EXCEPCIONAL EN ARTES Y LETRAS-TALENTO EXCEPCIONAL EN LIDERAZGO SOCIAL Y EMPRENDIMIENTO-TALENTO EXCEPCIONAL EN TECNOLOGIA", "GRUPOS_ETN": "AFRODESCENDIENTES-INDIGENAS-NEGRITUDES", "SECTOR": 2, "NATU_JUR": 9, "CALENDARIO": 1, "GENERO": 5, "COD_LOCA": "16", "ESPECIALID": 1, "CLASE_TIPO": 1, "BILINGUE": 5, "FECHA": "2025-04-30", "DANE12_EST": "111001011274", "DANE12_SED": "111001011274", "DA_HIPOACU": 3, "DA_SORDERA": 0, "DA_LENGUAS": 0, "DA_UCASTEL": 0, "DISCAP_FIS": 0, "DISCAP_FLE": 0, "DISCAP_PCE": 0, "DI_DCOGNIT": 12, "DI_SDOWN": 0, "DIS_MULTIP": 1, "DIS_PSICOS": 6, "DV_BAJAVIS": 1, "DIS_CEGUER": 0, "T_ESPECTRO": 0, "T_VOZ_Y_HA": 0, "SISTEMICA": 0, "SORDOCEGUE": 0, "OTRA": 0, "TOT_EST_MA": 23, "AFRODESCEN": 0, "INDIGENAS": 6, "NEGRITUDES": 1, "PALENQUERO": 0, "RAIZALES": 0, "ROM": 0, "TOT_EST_ET": 7, "CAPACID_EX": 1, "DOBLE_EXCE": 0, "TE_ACTFISI": 5, "TE_ARTES": 14, "TE_CNATUR": 2, "TE_CSOCIAL": 1, "TE_LDSOCIA": 0, "TE_TECNOLO": 0, "TOT_EST_CA": 23, "TMATRIC_GE": 1082, "Zona": 1 }, "geometry": { "type": "Point", "coordinates": [ -8252148.361500000581145, 512548.062600001692772 ] } },
{ "type": "Feature", "properties": { "NOMBRE_EST": "COLEGIO ANDRES BELLO (IED)", "NOMBRE_SED": "JOSE JOAQUIN CASTRO MARTINEZ", "ORDEN_DE_S": "B", "DIRECCION": "CL 39 SUR # 51 D - 19", "DISCAPACID": "AUDITIVA-INTELECTUAL-MENTAL/PSICOSOCIAL-MULTIPLE", "TALENTOS_O": "TALENTO EXCEPCIONAL EN ACTIVIDAD FISICA, EJERCICIO Y DEPORTE-TALENTO EXCEPCIONAL EN CIENCIAS SOCIALES O HUMANAS", "GRUPOS_ETN": "INDIGENAS-NEGRITUDES", "SECTOR": 2, "NATU_JUR": 9, "CALENDARIO": 1, "GENERO": 5, "COD_LOCA": "16", "ESPECIALID": 13, "CLASE_TIPO": 1, "BILINGUE": 5, "FECHA": "2025-04-30", "DANE12_EST": "111001011274", "DANE12_SED": "111001014893", "DA_HIPOACU": 1, "DA_SORDERA": 0, "DA_LENGUAS": 0, "DA_UCASTEL": 0, "DISCAP_FIS": 0, "DISCAP_FLE": 0, "DISCAP_PCE": 0, "DI_DCOGNIT": 0, "DI_SDOWN": 0, "DIS_MULTIP": 2, "DIS_PSICOS": 1, "DV_BAJAVIS": 0, "DIS_CEGUER": 0, "T_ESPECTRO": 0, "T_VOZ_Y_HA": 0, "SISTEMICA": 0, "SORDOCEGUE": 0, "OTRA": 0, "TOT_EST_MA": 4, "AFRODESCEN": 0, "INDIGENAS": 0, "NEGRITUDES": 1, "PALENQUERO": 0, "RAIZALES": 0, "ROM": 0, "TOT_EST_ET": 1, "CAPACID_EX": 0, "DOBLE_EXCE": 0, "TE_ACTFISI": 1, "TE_ARTES": 1, "TE_CNATUR": 0, "TE_CSOCIAL": 0, "TE_LDSOCIA": 0, "TE_TECNOLO": 0, "TOT_EST_CA": 2, "TMATRIC_GE": 293, "Zona": 1 }, "geometry": { "type": "Point", "coordinates": [ -8252148.361500000581145, 512548.062600001692772 ] } },
{ "type": "Feature", "properties": { "NOMBRE_EST": "COLEGIO EL JAZMIN (IED)", "NOMBRE_SED": "EL JAZMIN", "ORDEN_DE_S": "A", "DIRECCION": "CL 1 H # 40 D - 13", "DISCAPACID": "AUDITIVA-FISICA-INTELECTUAL-MENTAL/PSICOSOCIAL-MULTIPLE-VISUAL", "TALENTOS_O": "TALENTO EXCEPCIONAL EN ACTIVIDAD FISICA, EJERCICIO Y DEPORTE-TALENTO EXCEPCIONAL EN ARTES Y LETRAS-TALENTO EXCEPCIONAL EN CIENCIAS NATURALES O BASICAS-TALENTO EXCEPCIONAL EN LIDERAZGO SOCIAL Y EMPRENDIMIENTO-TALENTO EXCEPCIONAL EN TECNOLOGIA", "GRUPOS_ETN": "AFRODESCENDIENTES-INDIGENAS-NEGRITUDES", "SECTOR": 2, "NATU_JUR": 9, "CALENDARIO": 1, "GENERO": 5, "COD_LOCA": "16", "ESPECIALID": 1, "CLASE_TIPO": 1, "BILINGUE": 5, "FECHA": "2025-04-30", "DANE12_EST": "111001012530", "DANE12_SED": "111001012530", "DA_HIPOACU": 0, "DA_SORDERA": 0, "DA_LENGUAS": 0, "DA_UCASTEL": 0, "DISCAP_FIS": 0, "DISCAP_FLE": 0, "DISCAP_PCE": 0, "DI_DCOGNIT": 8, "DI_SDOWN": 0, "DIS_MULTIP": 12, "DIS_PSICOS": 2, "DV_BAJAVIS": 0, "DIS_CEGUER": 0, "T_ESPECTRO": 0, "T_VOZ_Y_HA": 0, "SISTEMICA": 0, "SORDOCEGUE": 0, "OTRA": 0, "TOT_EST_MA": 22, "AFRODESCEN": 5, "INDIGENAS": 8, "NEGRITUDES": 3, "PALENQUERO": 0, "RAIZALES": 0, "ROM": 0, "TOT_EST_ET": 16, "CAPACID_EX": 1, "DOBLE_EXCE": 0, "TE_ACTFISI": 4, "TE_ARTES": 1, "TE_CNATUR": 0, "TE_CSOCIAL": 0, "TE_LDSOCIA": 1, "TE_TECNOLO": 0, "TOT_EST_CA": 7, "TMATRIC_GE": 957, "Zona": 1 }, "geometry": { "type": "Point", "coordinates": [ -8250437.380999999120831, 513751.972600001841784 ] } },
{ "type": "Feature", "properties": { "NOMBRE_EST": "COLEGIO EL JAZMIN (IED)", "NOMBRE_SED": "LA PRIMAVERA", "ORDEN_DE_S": "B", "DIRECCION": "KR 41 B # 4 C - 27", "DISCAPACID": "INTELECTUAL-MENTAL/PSICOSOCIAL-MULTIPLE", "TALENTOS_O": "TALENTO EXCEPCIONAL EN ACTIVIDAD FISICA, EJERCICIO Y DEPORTE-TALENTO EXCEPCIONAL EN CIENCIAS SOCIALES O HUMANAS-TALENTO EXCEPCIONAL EN TECNOLOGIA", "GRUPOS_ETN": "AFRODESCENDIENTES-INDIGENAS", "SECTOR": 2, "NATU_JUR": 9, "CALENDARIO": 1, "GENERO": 5, "COD_LOCA": "16", "ESPECIALID": 13, "CLASE_TIPO": 1, "BILINGUE": 5, "FECHA": "2025-04-30", "DANE12_EST": "111001012530", "DANE12_SED": "111001012165", "DA_HIPOACU": 0, "DA_SORDERA": 0, "DA_LENGUAS": 0, "DA_UCASTEL": 0, "DISCAP_FIS": 1, "DISCAP_FLE": 0, "DISCAP_PCE": 0, "DI_DCOGNIT": 5, "DI_SDOWN": 0, "DIS_MULTIP": 12, "DIS_PSICOS": 1, "DV_BAJAVIS": 0, "DIS_CEGUER": 0, "T_ESPECTRO": 0, "T_VOZ_Y_HA": 0, "SISTEMICA": 0, "SORDOCEGUE": 0, "OTRA": 0, "TOT_EST_MA": 19, "AFRODESCEN": 0, "INDIGENAS": 2, "NEGRITUDES": 0, "PALENQUERO": 0, "RAIZALES": 0, "ROM": 0, "TOT_EST_ET": 2, "CAPACID_EX": 0, "DOBLE_EXCE": 0, "TE_ACTFISI": 0, "TE_ARTES": 0, "TE_CNATUR": 0, "TE_CSOCIAL": 1, "TE_LDSOCIA": 0, "TE_TECNOLO": 2, "TOT_EST_CA": 3, "TMATRIC_GE": 471, "Zona": 1 }, "geometry": { "type": "Point", "coordinates": [ -8249808.425899999216199, 514355.051300000399351 ] } },
{ "type": "Feature", "properties": { "NOMBRE_EST": "COLEGIO ESPAÑA (IED)", "NOMBRE_SED": "ESPAÑA", "ORDEN_DE_S": "A", "DIRECCION": "CL 18 # 35 - 25", "DISCAPACID": "INTELECTUAL", "TALENTOS_O": "TALENTO EXCEPCIONAL EN ARTES Y LETRAS", "GRUPOS_ETN": "AFRODESCENDIENTES-INDIGENAS-NEGRITUDES", "SECTOR": 2, "NATU_JUR": 9, "CALENDARIO": 1, "GENERO": 5, "COD_LOCA": "16", "ESPECIALID": 1, "CLASE_TIPO": 1, "BILINGUE": 5, "FECHA": "2025-04-30", "DANE12_EST": "111001012556", "DANE12_SED": "111001012556", "DA_HIPOACU": 0, "DA_SORDERA": 0, "DA_LENGUAS": 0, "DA_UCASTEL": 0, "DISCAP_FIS": 0, "DISCAP_FLE": 0, "DISCAP_PCE": 0, "DI_DCOGNIT": 0, "DI_SDOWN": 0, "DIS_MULTIP": 0, "DIS_PSICOS": 1, "DV_BAJAVIS": 0, "DIS_CEGUER": 0, "T_ESPECTRO": 0, "T_VOZ_Y_HA": 0, "SISTEMICA": 0, "SORDOCEGUE": 0, "OTRA": 0, "TOT_EST_MA": 1, "AFRODESCEN": 2, "INDIGENAS": 5, "NEGRITUDES": 2, "PALENQUERO": 0, "RAIZALES": 0, "ROM": 0, "TOT_EST_ET": 9, "CAPACID_EX": 0, "DOBLE_EXCE": 0, "TE_ACTFISI": 0, "TE_ARTES": 2, "TE_CNATUR": 0, "TE_CSOCIAL": 0, "TE_LDSOCIA": 0, "TE_TECNOLO": 0, "TOT_EST_CA": 2, "TMATRIC_GE": 316, "Zona": 1 }, "geometry": { "type": "Point", "coordinates": [ -8247998.370899999514222, 515056.415300000458956 ] } },
{ "type": "Feature", "properties": { "NOMBRE_EST": "COLEGIO ESPAÑA (IED)", "NOMBRE_SED": "CUNDINAMARCA", "ORDEN_DE_S": "B", "DIRECCION": "CL 19 C # 33 - 38", "DISCAPACID": "INTELECTUAL-MENTAL/PSICOSOCIAL", "TALENTOS_O": null, "GRUPOS_ETN": "INDIGENAS-NEGRITUDES", "SECTOR": 2, "NATU_JUR": 9, "CALENDARIO": 1, "GENERO": 5, "COD_LOCA": "16", "ESPECIALID": 13, "CLASE_TIPO": 1, "BILINGUE": 5, "FECHA": "2025-04-30", "DANE12_EST": "111001012556", "DANE12_SED": "111001012548", "DA_HIPOACU": 1, "DA_SORDERA": 0, "DA_LENGUAS": 0, "DA_UCASTEL": 0, "DISCAP_FIS": 0, "DISCAP_FLE": 0, "DISCAP_PCE": 0, "DI_DCOGNIT": 2, "DI_SDOWN": 0, "DIS_MULTIP": 1, "DIS_PSICOS": 3, "DV_BAJAVIS": 0, "DIS_CEGUER": 0, "T_ESPECTRO": 0, "T_VOZ_Y_HA": 0, "SISTEMICA": 0, "SORDOCEGUE": 0, "OTRA": 0, "TOT_EST_MA": 7, "AFRODESCEN": 1, "INDIGENAS": 4, "NEGRITUDES": 0, "PALENQUERO": 0, "RAIZALES": 0, "ROM": 0, "TOT_EST_ET": 5, "CAPACID_EX": 0, "DOBLE_EXCE": 0, "TE_ACTFISI": 0, "TE_ARTES": 0, "TE_CNATUR": 0, "TE_CSOCIAL": 0, "TE_LDSOCIA": 0, "TE_TECNOLO": 0, "TOT_EST_CA": 0, "TMATRIC_GE": 241, "Zona": 1 }, "geometry": { "type": "Point", "coordinates": [ -8247609.865900000557303, 515140.177299998700619 ] } },
{ "type": "Feature", "properties": { "NOMBRE_EST": "COLEGIO TECNICO BENJAMIN HERRERA (IED)", "NOMBRE_SED": "BENJAMIN HERRERA", "ORDEN_DE_S": "A", "DIRECCION": "KR 51 A # 26 - 38 SUR", "DISCAPACID": "AUDITIVA-FISICA-INTELECTUAL-MENTAL/PSICOSOCIAL-MULTIPLE-SORDOCEGUERA-VISUAL", "TALENTOS_O": "CAPACIDADES EXCEPCIONALES-TALENTO EXCEPCIONAL EN ACTIVIDAD FISICA, EJERCICIO Y DEPORTE-TALENTO EXCEPCIONAL EN ARTES Y LETRAS-TALENTO EXCEPCIONAL EN CIENCIAS NATURALES O BASICAS-TALENTO EXCEPCIONAL EN LIDERAZGO SOCIAL Y EMPRENDIMIENTO", "GRUPOS_ETN": "AFRODESCENDIENTES-INDIGENAS-NEGRITUDES", "SECTOR": 2, "NATU_JUR": 9, "CALENDARIO": 1, "GENERO": 5, "COD_LOCA": "16", "ESPECIALID": 12, "CLASE_TIPO": 1, "BILINGUE": 5, "FECHA": "2025-04-30", "DANE12_EST": "111001012963", "DANE12_SED": "111001012963", "DA_HIPOACU": 0, "DA_SORDERA": 0, "DA_LENGUAS": 0, "DA_UCASTEL": 0, "DISCAP_FIS": 4, "DISCAP_FLE": 0, "DISCAP_PCE": 0, "DI_DCOGNIT": 29, "DI_SDOWN": 0, "DIS_MULTIP": 9, "DIS_PSICOS": 10, "DV_BAJAVIS": 1, "DIS_CEGUER": 0, "T_ESPECTRO": 0, "T_VOZ_Y_HA": 0, "SISTEMICA": 0, "SORDOCEGUE": 0, "OTRA": 0, "TOT_EST_MA": 53, "AFRODESCEN": 2, "INDIGENAS": 0, "NEGRITUDES": 2, "PALENQUERO": 1, "RAIZALES": 0, "ROM": 0, "TOT_EST_ET": 5, "CAPACID_EX": 2, "DOBLE_EXCE": 0, "TE_ACTFISI": 0, "TE_ARTES": 3, "TE_CNATUR": 0, "TE_CSOCIAL": 0, "TE_LDSOCIA": 1, "TE_TECNOLO": 1, "TOT_EST_CA": 7, "TMATRIC_GE": 884, "Zona": 1 }, "geometry": { "type": "Point", "coordinates": [ -8251433.690400000661612, 513000.36430000141263 ] } },
{ "type": "Feature", "properties": { "NOMBRE_EST": "COLEGIO TECNICO BENJAMIN HERRERA (IED)", "NOMBRE_SED": "REPUBLICA DE FRANCIA", "ORDEN_DE_S": "B", "DIRECCION": "KR 51 C # 33 - 41/37 SUR  -- KR 51 C # 34 - 07 SUR", "DISCAPACID": "FISICA-INTELECTUAL-MENTAL/PSICOSOCIAL-MULTIPLE", "TALENTOS_O": "CAPACIDADES EXCEPCIONALES-TALENTO EXCEPCIONAL EN ACTIVIDAD FISICA, EJERCICIO Y DEPORTE", "GRUPOS_ETN": "AFRODESCENDIENTES-INDIGENAS-RAIZALES", "SECTOR": 2, "NATU_JUR": 9, "CALENDARIO": 1, "GENERO": 5, "COD_LOCA": "16", "ESPECIALID": 12, "CLASE_TIPO": 1, "BILINGUE": 5, "FECHA": "2025-04-30", "DANE12_EST": "111001012963", "DANE12_SED": "111001012521", "DA_HIPOACU": 0, "DA_SORDERA": 0, "DA_LENGUAS": 0, "DA_UCASTEL": 0, "DISCAP_FIS": 3, "DISCAP_FLE": 0, "DISCAP_PCE": 0, "DI_DCOGNIT": 8, "DI_SDOWN": 0, "DIS_MULTIP": 6, "DIS_PSICOS": 2, "DV_BAJAVIS": 0, "DIS_CEGUER": 0, "T_ESPECTRO": 0, "T_VOZ_Y_HA": 0, "SISTEMICA": 0, "SORDOCEGUE": 0, "OTRA": 0, "TOT_EST_MA": 19, "AFRODESCEN": 0, "INDIGENAS": 2, "NEGRITUDES": 2, "PALENQUERO": 0, "RAIZALES": 0, "ROM": 0, "TOT_EST_ET": 4, "CAPACID_EX": 0, "DOBLE_EXCE": 0, "TE_ACTFISI": 1, "TE_ARTES": 1, "TE_CNATUR": 0, "TE_CSOCIAL": 0, "TE_LDSOCIA": 0, "TE_TECNOLO": 0, "TOT_EST_CA": 2, "TMATRIC_GE": 338, "Zona": 1 }, "geometry": { "type": "Point", "coordinates": [ -8251788.799599999561906, 512839.5456000007689 ] } },
{ "type": "Feature", "properties": { "NOMBRE_EST": "COLEGIO TECNICO BENJAMIN HERRERA (IED)", "NOMBRE_SED": "TAYRONA", "ORDEN_DE_S": "C", "DIRECCION": "CL 29 SUR # 41 A - 42", "DISCAPACID": "FISICA-INTELECTUAL-MENTAL/PSICOSOCIAL-MULTIPLE", "TALENTOS_O": "TALENTO EXCEPCIONAL EN ACTIVIDAD FISICA, EJERCICIO Y DEPORTE-TALENTO EXCEPCIONAL EN ARTES Y LETRAS", "GRUPOS_ETN": "INDIGENAS", "SECTOR": 2, "NATU_JUR": 9, "CALENDARIO": 1, "GENERO": 5, "COD_LOCA": "16", "ESPECIALID": 13, "CLASE_TIPO": 1, "BILINGUE": 5, "FECHA": "2025-04-30", "DANE12_EST": "111001012963", "DANE12_SED": "111001029033", "DA_HIPOACU": 0, "DA_SORDERA": 0, "DA_LENGUAS": 0, "DA_UCASTEL": 0, "DISCAP_FIS": 0, "DISCAP_FLE": 0, "DISCAP_PCE": 0, "DI_DCOGNIT": 4, "DI_SDOWN": 0, "DIS_MULTIP": 4, "DIS_PSICOS": 0, "DV_BAJAVIS": 1, "DIS_CEGUER": 0, "T_ESPECTRO": 0, "T_VOZ_Y_HA": 0, "SISTEMICA": 0, "SORDOCEGUE": 0, "OTRA": 0, "TOT_EST_MA": 9, "AFRODESCEN": 2, "INDIGENAS": 0, "NEGRITUDES": 0, "PALENQUERO": 0, "RAIZALES": 0, "ROM": 0, "TOT_EST_ET": 2, "CAPACID_EX": 0, "DOBLE_EXCE": 0, "TE_ACTFISI": 1, "TE_ARTES": 1, "TE_CNATUR": 0, "TE_CSOCIAL": 0, "TE_LDSOCIA": 0, "TE_TECNOLO": 0, "TOT_EST_CA": 2, "TMATRIC_GE": 174, "Zona": 1 }, "geometry": { "type": "Point", "coordinates": [ -8251155.391699999570847, 512778.121899999678135 ] } },
{ "type": "Feature", "properties": { "NOMBRE_EST": "COLEGIO JOSE JOAQUIN CASAS (IED)", "NOMBRE_SED": "JOSE JOAQUIN CASAS", "ORDEN_DE_S": "A", "DIRECCION": "KR 56 # 15 - 41", "DISCAPACID": "INTELECTUAL", "TALENTOS_O": null, "GRUPOS_ETN": "AFRODESCENDIENTES-NEGRITUDES", "SECTOR": 2, "NATU_JUR": 9, "CALENDARIO": 1, "GENERO": 5, "COD_LOCA": "16", "ESPECIALID": 13, "CLASE_TIPO": 1, "BILINGUE": 5, "FECHA": "2025-04-30", "DANE12_EST": "111001014729", "DANE12_SED": "111001014729", "DA_HIPOACU": 0, "DA_SORDERA": 0, "DA_LENGUAS": 0, "DA_UCASTEL": 0, "DISCAP_FIS": 0, "DISCAP_FLE": 0, "DISCAP_PCE": 0, "DI_DCOGNIT": 1, "DI_SDOWN": 0, "DIS_MULTIP": 2, "DIS_PSICOS": 0, "DV_BAJAVIS": 0, "DIS_CEGUER": 0, "T_ESPECTRO": 0, "T_VOZ_Y_HA": 0, "SISTEMICA": 0, "SORDOCEGUE": 0, "OTRA": 0, "TOT_EST_MA": 3, "AFRODESCEN": 2, "INDIGENAS": 3, "NEGRITUDES": 1, "PALENQUERO": 0, "RAIZALES": 0, "ROM": 0, "TOT_EST_ET": 6, "CAPACID_EX": 0, "DOBLE_EXCE": 0, "TE_ACTFISI": 0, "TE_ARTES": 0, "TE_CNATUR": 0, "TE_CSOCIAL": 0, "TE_LDSOCIA": 0, "TE_TECNOLO": 0, "TOT_EST_CA": 0, "TMATRIC_GE": 190, "Zona": 1 }, "geometry": { "type": "Point", "coordinates": [ -8249754.992499999701977, 516201.170699998736382 ] } },
{ "type": "Feature", "properties": { "NOMBRE_EST": "COLEGIO JOSE JOAQUIN CASAS (IED)", "NOMBRE_SED": "JOSE JOAQUIN CASAS", "ORDEN_DE_S": "B", "DIRECCION": "KR 56 # 17 - 11", "DISCAPACID": "AUDITIVA-INTELECTUAL-MENTAL/PSICOSOCIAL-MULTIPLE", "TALENTOS_O": null, "GRUPOS_ETN": "AFRODESCENDIENTES-INDIGENAS-NEGRITUDES", "SECTOR": 2, "NATU_JUR": 9, "CALENDARIO": 1, "GENERO": 5, "COD_LOCA": "16", "ESPECIALID": 1, "CLASE_TIPO": 1, "BILINGUE": 5, "FECHA": "2025-04-30", "DANE12_EST": "111001014729", "DANE12_SED": "111001106267", "DA_HIPOACU": 0, "DA_SORDERA": 0, "DA_LENGUAS": 0, "DA_UCASTEL": 0, "DISCAP_FIS": 0, "DISCAP_FLE": 0, "DISCAP_PCE": 0, "DI_DCOGNIT": 2, "DI_SDOWN": 0, "DIS_MULTIP": 0, "DIS_PSICOS": 0, "DV_BAJAVIS": 0, "DIS_CEGUER": 0, "T_ESPECTRO": 0, "T_VOZ_Y_HA": 0, "SISTEMICA": 0, "SORDOCEGUE": 0, "OTRA": 0, "TOT_EST_MA": 2, "AFRODESCEN": 1, "INDIGENAS": 2, "NEGRITUDES": 0, "PALENQUERO": 0, "RAIZALES": 0, "ROM": 0, "TOT_EST_ET": 3, "CAPACID_EX": 0, "DOBLE_EXCE": 0, "TE_ACTFISI": 0, "TE_ARTES": 0, "TE_CNATUR": 0, "TE_CSOCIAL": 0, "TE_LDSOCIA": 0, "TE_TECNOLO": 0, "TOT_EST_CA": 0, "TMATRIC_GE": 146, "Zona": 1 }, "geometry": { "type": "Point", "coordinates": [ -8249704.898700000718236, 516259.246599998325109 ] } },
{ "type": "Feature", "properties": { "NOMBRE_EST": "COLEGIO ANTONIO JOSE DE SUCRE (IED)", "NOMBRE_SED": "ANTONIO JOSE DE SUCRE", "ORDEN_DE_S": "A", "DIRECCION": "CL 11 # 65 B - 10", "DISCAPACID": "AUDITIVA-FISICA-INTELECTUAL-MENTAL/PSICOSOCIAL-MULTIPLE-SORDOCEGUERA", "TALENTOS_O": "CAPACIDADES EXCEPCIONALES-TALENTO EXCEPCIONAL EN ACTIVIDAD FISICA, EJERCICIO Y DEPORTE-TALENTO EXCEPCIONAL EN ARTES Y LETRAS-TALENTO EXCEPCIONAL EN CIENCIAS SOCIALES O HUMANAS", "GRUPOS_ETN": "INDIGENAS", "SECTOR": 2, "NATU_JUR": 9, "CALENDARIO": 1, "GENERO": 5, "COD_LOCA": "16", "ESPECIALID": 1, "CLASE_TIPO": 1, "BILINGUE": 5, "FECHA": "2025-04-30", "DANE12_EST": "111001014745", "DANE12_SED": "111001014745", "DA_HIPOACU": 2, "DA_SORDERA": 0, "DA_LENGUAS": 0, "DA_UCASTEL": 0, "DISCAP_FIS": 1, "DISCAP_FLE": 0, "DISCAP_PCE": 0, "DI_DCOGNIT": 4, "DI_SDOWN": 0, "DIS_MULTIP": 7, "DIS_PSICOS": 0, "DV_BAJAVIS": 0, "DIS_CEGUER": 0, "T_ESPECTRO": 0, "T_VOZ_Y_HA": 0, "SISTEMICA": 0, "SORDOCEGUE": 0, "OTRA": 0, "TOT_EST_MA": 14, "AFRODESCEN": 0, "INDIGENAS": 4, "NEGRITUDES": 0, "PALENQUERO": 1, "RAIZALES": 0, "ROM": 0, "TOT_EST_ET": 5, "CAPACID_EX": 2, "DOBLE_EXCE": 0, "TE_ACTFISI": 9, "TE_ARTES": 0, "TE_CNATUR": 0, "TE_CSOCIAL": 0, "TE_LDSOCIA": 0, "TE_TECNOLO": 0, "TOT_EST_CA": 11, "TMATRIC_GE": 415, "Zona": 1 }, "geometry": { "type": "Point", "coordinates": [ -8250799.169299999251962, 516359.762600000947714 ] } },
{ "type": "Feature", "properties": { "NOMBRE_EST": "COLEGIO MARCO ANTONIO CARREÑO SILVA (IED)", "NOMBRE_SED": "EL REMANSO", "ORDEN_DE_S": "A", "DIRECCION": "CL 17 B SUR # 34 A - 21", "DISCAPACID": "FISICA-INTELECTUAL-MENTAL/PSICOSOCIAL-MULTIPLE", "TALENTOS_O": "TALENTO EXCEPCIONAL EN ACTIVIDAD FISICA, EJERCICIO Y DEPORTE-TALENTO EXCEPCIONAL EN LIDERAZGO SOCIAL Y EMPRENDIMIENTO-TALENTO EXCEPCIONAL EN TECNOLOGIA", "GRUPOS_ETN": "INDIGENAS", "SECTOR": 2, "NATU_JUR": 9, "CALENDARIO": 1, "GENERO": 5, "COD_LOCA": "16", "ESPECIALID": 1, "CLASE_TIPO": 1, "BILINGUE": 5, "FECHA": "2025-04-30", "DANE12_EST": "111001014826", "DANE12_SED": "111001014826", "DA_HIPOACU": 0, "DA_SORDERA": 0, "DA_LENGUAS": 0, "DA_UCASTEL": 0, "DISCAP_FIS": 5, "DISCAP_FLE": 0, "DISCAP_PCE": 0, "DI_DCOGNIT": 5, "DI_SDOWN": 0, "DIS_MULTIP": 2, "DIS_PSICOS": 9, "DV_BAJAVIS": 0, "DIS_CEGUER": 0, "T_ESPECTRO": 0, "T_VOZ_Y_HA": 0, "SISTEMICA": 0, "SORDOCEGUE": 0, "OTRA": 0, "TOT_EST_MA": 21, "AFRODESCEN": 3, "INDIGENAS": 2, "NEGRITUDES": 0, "PALENQUERO": 0, "RAIZALES": 0, "ROM": 0, "TOT_EST_ET": 5, "CAPACID_EX": 0, "DOBLE_EXCE": 0, "TE_ACTFISI": 4, "TE_ARTES": 0, "TE_CNATUR": 0, "TE_CSOCIAL": 0, "TE_LDSOCIA": 1, "TE_TECNOLO": 1, "TOT_EST_CA": 6, "TMATRIC_GE": 484, "Zona": 1 }, "geometry": { "type": "Point", "coordinates": [ -8250196.9309, 512382.777699999511242 ] } },
{ "type": "Feature", "properties": { "NOMBRE_EST": "COLEGIO MARCO ANTONIO CARREÑO SILVA (IED)", "NOMBRE_SED": "MARCO ANTONIO CARREÑO SILVA", "ORDEN_DE_S": "B", "DIRECCION": "CL 1 # 34 B - 20", "DISCAPACID": "AUDITIVA-FISICA-INTELECTUAL-MENTAL/PSICOSOCIAL-MULTIPLE", "TALENTOS_O": "TALENTO EXCEPCIONAL EN ACTIVIDAD FISICA, EJERCICIO Y DEPORTE", "GRUPOS_ETN": "AFRODESCENDIENTES", "SECTOR": 2, "NATU_JUR": 9, "CALENDARIO": 1, "GENERO": 5, "COD_LOCA": "16", "ESPECIALID": 13, "CLASE_TIPO": 1, "BILINGUE": 5, "FECHA": "2025-04-30", "DANE12_EST": "111001014826", "DANE12_SED": "111001012131", "DA_HIPOACU": 1, "DA_SORDERA": 0, "DA_LENGUAS": 0, "DA_UCASTEL": 0, "DISCAP_FIS": 1, "DISCAP_FLE": 0, "DISCAP_PCE": 0, "DI_DCOGNIT": 12, "DI_SDOWN": 0, "DIS_MULTIP": 4, "DIS_PSICOS": 0, "DV_BAJAVIS": 0, "DIS_CEGUER": 0, "T_ESPECTRO": 0, "T_VOZ_Y_HA": 0, "SISTEMICA": 0, "SORDOCEGUE": 0, "OTRA": 0, "TOT_EST_MA": 18, "AFRODESCEN": 3, "INDIGENAS": 2, "NEGRITUDES": 0, "PALENQUERO": 0, "RAIZALES": 0, "ROM": 0, "TOT_EST_ET": 5, "CAPACID_EX": 2, "DOBLE_EXCE": 0, "TE_ACTFISI": 0, "TE_ARTES": 0, "TE_CNATUR": 0, "TE_CSOCIAL": 0, "TE_LDSOCIA": 0, "TE_TECNOLO": 0, "TOT_EST_CA": 2, "TMATRIC_GE": 387, "Zona": 1 }, "geometry": { "type": "Point", "coordinates": [ -8249805.086300000548363, 512820.560100000351667 ] } },
{ "type": "Feature", "properties": { "NOMBRE_EST": "COLEGIO MARCO ANTONIO CARREÑO SILVA (IED)", "NOMBRE_SED": "JORGE GAITAN CORTES", "ORDEN_DE_S": "C", "DIRECCION": "KR 32 C # 1 D - 10", "DISCAPACID": "FISICA-INTELECTUAL-MULTIPLE", "TALENTOS_O": null, "GRUPOS_ETN": null, "SECTOR": 2, "NATU_JUR": 9, "CALENDARIO": 1, "GENERO": 5, "COD_LOCA": "16", "ESPECIALID": 13, "CLASE_TIPO": 1, "BILINGUE": 5, "FECHA": "2025-04-30", "DANE12_EST": "111001014826", "DANE12_SED": "111001012998", "DA_HIPOACU": 0, "DA_SORDERA": 0, "DA_LENGUAS": 0, "DA_UCASTEL": 0, "DISCAP_FIS": 2, "DISCAP_FLE": 0, "DISCAP_PCE": 0, "DI_DCOGNIT": 3, "DI_SDOWN": 0, "DIS_MULTIP": 7, "DIS_PSICOS": 0, "DV_BAJAVIS": 1, "DIS_CEGUER": 0, "T_ESPECTRO": 0, "T_VOZ_Y_HA": 0, "SISTEMICA": 0, "SORDOCEGUE": 0, "OTRA": 0, "TOT_EST_MA": 13, "AFRODESCEN": 0, "INDIGENAS": 0, "NEGRITUDES": 0, "PALENQUERO": 0, "RAIZALES": 0, "ROM": 0, "TOT_EST_ET": 0, "CAPACID_EX": 0, "DOBLE_EXCE": 0, "TE_ACTFISI": 0, "TE_ARTES": 0, "TE_CNATUR": 0, "TE_CSOCIAL": 0, "TE_LDSOCIA": 0, "TE_TECNOLO": 0, "TOT_EST_CA": 0, "TMATRIC_GE": 306, "Zona": 1 }, "geometry": { "type": "Point", "coordinates": [ -8249564.636199999600649, 512926.655699998140335 ] } },
{ "type": "Feature", "properties": { "NOMBRE_EST": "COLEGIO LUIS VARGAS TEJADA (IED)", "NOMBRE_SED": "LUIS VARGAS TEJADA", "ORDEN_DE_S": "A", "DIRECCION": "KR 52 C # 19 A - 76 SUR", "DISCAPACID": "INTELECTUAL-MENTAL/PSICOSOCIAL-MULTIPLE", "TALENTOS_O": "TALENTO EXCEPCIONAL EN CIENCIAS SOCIALES O HUMANAS", "GRUPOS_ETN": null, "SECTOR": 2, "NATU_JUR": 9, "CALENDARIO": 1, "GENERO": 5, "COD_LOCA": "16", "ESPECIALID": 1, "CLASE_TIPO": 1, "BILINGUE": 5, "FECHA": "2025-04-30", "DANE12_EST": "111001014869", "DANE12_SED": "111001014869", "DA_HIPOACU": 1, "DA_SORDERA": 0, "DA_LENGUAS": 0, "DA_UCASTEL": 0, "DISCAP_FIS": 2, "DISCAP_FLE": 0, "DISCAP_PCE": 0, "DI_DCOGNIT": 2, "DI_SDOWN": 0, "DIS_MULTIP": 3, "DIS_PSICOS": 0, "DV_BAJAVIS": 0, "DIS_CEGUER": 0, "T_ESPECTRO": 0, "T_VOZ_Y_HA": 0, "SISTEMICA": 0, "SORDOCEGUE": 0, "OTRA": 0, "TOT_EST_MA": 8, "AFRODESCEN": 1, "INDIGENAS": 0, "NEGRITUDES": 1, "PALENQUERO": 0, "RAIZALES": 0, "ROM": 0, "TOT_EST_ET": 2, "CAPACID_EX": 0, "DOBLE_EXCE": 0, "TE_ACTFISI": 1, "TE_ARTES": 1, "TE_CNATUR": 0, "TE_CSOCIAL": 1, "TE_LDSOCIA": 0, "TE_TECNOLO": 1, "TOT_EST_CA": 4, "TMATRIC_GE": 381, "Zona": 1 }, "geometry": { "type": "Point", "coordinates": [ -8251649.6502, 513686.081000000238419 ] } },
{ "type": "Feature", "properties": { "NOMBRE_EST": "COLEGIO LUIS VARGAS TEJADA (IED)", "NOMBRE_SED": "JOHN F KENNEDY", "ORDEN_DE_S": "B", "DIRECCION": "KR 52 D # 24 - 50 SUR", "DISCAPACID": "FISICA-INTELECTUAL-MULTIPLE", "TALENTOS_O": "TALENTO EXCEPCIONAL EN ACTIVIDAD FISICA, EJERCICIO Y DEPORTE", "GRUPOS_ETN": "AFRODESCENDIENTES", "SECTOR": 2, "NATU_JUR": 9, "CALENDARIO": 1, "GENERO": 5, "COD_LOCA": "16", "ESPECIALID": 13, "CLASE_TIPO": 1, "BILINGUE": 5, "FECHA": "2025-04-30", "DANE12_EST": "111001014869", "DANE12_SED": "111001014851", "DA_HIPOACU": 0, "DA_SORDERA": 0, "DA_LENGUAS": 0, "DA_UCASTEL": 0, "DISCAP_FIS": 0, "DISCAP_FLE": 0, "DISCAP_PCE": 0, "DI_DCOGNIT": 1, "DI_SDOWN": 0, "DIS_MULTIP": 2, "DIS_PSICOS": 1, "DV_BAJAVIS": 0, "DIS_CEGUER": 0, "T_ESPECTRO": 0, "T_VOZ_Y_HA": 0, "SISTEMICA": 0, "SORDOCEGUE": 0, "OTRA": 0, "TOT_EST_MA": 4, "AFRODESCEN": 0, "INDIGENAS": 1, "NEGRITUDES": 1, "PALENQUERO": 0, "RAIZALES": 0, "ROM": 0, "TOT_EST_ET": 2, "CAPACID_EX": 0, "DOBLE_EXCE": 0, "TE_ACTFISI": 3, "TE_ARTES": 0, "TE_CNATUR": 0, "TE_CSOCIAL": 0, "TE_LDSOCIA": 0, "TE_TECNOLO": 0, "TOT_EST_CA": 3, "TMATRIC_GE": 209, "Zona": 1 }, "geometry": { "type": "Point", "coordinates": [ -8251838.893400000408292, 513584.45160000026226 ] } },
{ "type": "Feature", "properties": { "NOMBRE_EST": "COLEGIO JULIO GARAVITO ARMERO (IED)", "NOMBRE_SED": "LA ALQUERIA", "ORDEN_DE_S": "A", "DIRECCION": "CL 40 B SUR # 52 C - 60", "DISCAPACID": "FISICA-INTELECTUAL-MENTAL/PSICOSOCIAL-MULTIPLE", "TALENTOS_O": "TALENTO EXCEPCIONAL EN TECNOLOGIA", "GRUPOS_ETN": "AFRODESCENDIENTES-INDIGENAS-NEGRITUDES", "SECTOR": 2, "NATU_JUR": 9, "CALENDARIO": 1, "GENERO": 5, "COD_LOCA": "16", "ESPECIALID": 13, "CLASE_TIPO": 1, "BILINGUE": 5, "FECHA": "2025-04-30", "DANE12_EST": "111001014885", "DANE12_SED": "111001014885", "DA_HIPOACU": 0, "DA_SORDERA": 0, "DA_LENGUAS": 0, "DA_UCASTEL": 0, "DISCAP_FIS": 2, "DISCAP_FLE": 0, "DISCAP_PCE": 0, "DI_DCOGNIT": 13, "DI_SDOWN": 0, "DIS_MULTIP": 11, "DIS_PSICOS": 0, "DV_BAJAVIS": 0, "DIS_CEGUER": 0, "T_ESPECTRO": 0, "T_VOZ_Y_HA": 0, "SISTEMICA": 0, "SORDOCEGUE": 0, "OTRA": 0, "TOT_EST_MA": 26, "AFRODESCEN": 0, "INDIGENAS": 2, "NEGRITUDES": 1, "PALENQUERO": 0, "RAIZALES": 0, "ROM": 0, "TOT_EST_ET": 3, "CAPACID_EX": 1, "DOBLE_EXCE": 0, "TE_ACTFISI": 1, "TE_ARTES": 0, "TE_CNATUR": 0, "TE_CSOCIAL": 0, "TE_LDSOCIA": 0, "TE_TECNOLO": 1, "TOT_EST_CA": 3, "TMATRIC_GE": 610, "Zona": 1 }, "geometry": { "type": "Point", "coordinates": [ -8252584.733999999240041, 512578.215999998152256 ] } },
{ "type": "Feature", "properties": { "NOMBRE_EST": "COLEGIO JULIO GARAVITO ARMERO (IED)", "NOMBRE_SED": "MUZU I", "ORDEN_DE_S": "B", "DIRECCION": "CL 39 SUR # 51 F - 59", "DISCAPACID": "INTELECTUAL-MENTAL/PSICOSOCIAL-MULTIPLE", "TALENTOS_O": null, "GRUPOS_ETN": "AFRODESCENDIENTES-NEGRITUDES", "SECTOR": 2, "NATU_JUR": 9, "CALENDARIO": 1, "GENERO": 5, "COD_LOCA": "16", "ESPECIALID": 13, "CLASE_TIPO": 1, "BILINGUE": 5, "FECHA": "2025-04-30", "DANE12_EST": "111001014885", "DANE12_SED": "111001015032", "DA_HIPOACU": 0, "DA_SORDERA": 0, "DA_LENGUAS": 0, "DA_UCASTEL": 0, "DISCAP_FIS": 1, "DISCAP_FLE": 0, "DISCAP_PCE": 0, "DI_DCOGNIT": 10, "DI_SDOWN": 0, "DIS_MULTIP": 4, "DIS_PSICOS": 1, "DV_BAJAVIS": 0, "DIS_CEGUER": 0, "T_ESPECTRO": 0, "T_VOZ_Y_HA": 0, "SISTEMICA": 0, "SORDOCEGUE": 0, "OTRA": 0, "TOT_EST_MA": 16, "AFRODESCEN": 1, "INDIGENAS": 0, "NEGRITUDES": 0, "PALENQUERO": 0, "RAIZALES": 0, "ROM": 0, "TOT_EST_ET": 1, "CAPACID_EX": 0, "DOBLE_EXCE": 0, "TE_ACTFISI": 0, "TE_ARTES": 0, "TE_CNATUR": 0, "TE_CSOCIAL": 0, "TE_LDSOCIA": 0, "TE_TECNOLO": 0, "TOT_EST_CA": 0, "TMATRIC_GE": 188, "Zona": 1 }, "geometry": { "type": "Point", "coordinates": [ -8252191.776100000366569, 512592.734299998730421 ] } },
{ "type": "Feature", "properties": { "NOMBRE_EST": "COLEGIO JULIO GARAVITO ARMERO (IED)", "NOMBRE_SED": "MUZU II", "ORDEN_DE_S": "C", "DIRECCION": "KR 52 # 37 - 05 SUR", "DISCAPACID": "AUDITIVA-INTELECTUAL-MENTAL/PSICOSOCIAL-MULTIPLE", "TALENTOS_O": "TALENTO EXCEPCIONAL EN ACTIVIDAD FISICA, EJERCICIO Y DEPORTE-TALENTO EXCEPCIONAL EN ARTES Y LETRAS-TALENTO EXCEPCIONAL EN CIENCIAS NATURALES O BASICAS-TALENTO EXCEPCIONAL EN LIDERAZGO SOCIAL Y EMPRENDIMIENTO", "GRUPOS_ETN": "AFRODESCENDIENTES-INDIGENAS-NEGRITUDES", "SECTOR": 2, "NATU_JUR": 9, "CALENDARIO": 1, "GENERO": 5, "COD_LOCA": "16", "ESPECIALID": 1, "CLASE_TIPO": 1, "BILINGUE": 5, "FECHA": "2025-04-30", "DANE12_EST": "111001014885", "DANE12_SED": "111001015091", "DA_HIPOACU": 1, "DA_SORDERA": 0, "DA_LENGUAS": 0, "DA_UCASTEL": 0, "DISCAP_FIS": 2, "DISCAP_FLE": 0, "DISCAP_PCE": 0, "DI_DCOGNIT": 62, "DI_SDOWN": 0, "DIS_MULTIP": 22, "DIS_PSICOS": 3, "DV_BAJAVIS": 0, "DIS_CEGUER": 0, "T_ESPECTRO": 0, "T_VOZ_Y_HA": 0, "SISTEMICA": 0, "SORDOCEGUE": 0, "OTRA": 0, "TOT_EST_MA": 90, "AFRODESCEN": 4, "INDIGENAS": 2, "NEGRITUDES": 2, "PALENQUERO": 0, "RAIZALES": 0, "ROM": 0, "TOT_EST_ET": 8, "CAPACID_EX": 0, "DOBLE_EXCE": 0, "TE_ACTFISI": 0, "TE_ARTES": 3, "TE_CNATUR": 1, "TE_CSOCIAL": 0, "TE_LDSOCIA": 1, "TE_TECNOLO": 1, "TOT_EST_CA": 6, "TMATRIC_GE": 553, "Zona": 1 }, "geometry": { "type": "Point", "coordinates": [ -8252055.966399999335408, 512844.012800000607967 ] } },
{ "type": "Feature", "properties": { "NOMBRE_EST": "COLEGIO SORRENTO (IED)", "NOMBRE_SED": "SORRENTO", "ORDEN_DE_S": "A", "DIRECCION": "CL 5 B # 53 C - 74", "DISCAPACID": "AUDITIVA-FISICA-INTELECTUAL-MENTAL/PSICOSOCIAL-MULTIPLE-VISUAL", "TALENTOS_O": "CAPACIDADES EXCEPCIONALES-TALENTO EXCEPCIONAL EN ACTIVIDAD FISICA, EJERCICIO Y DEPORTE-TALENTO EXCEPCIONAL EN ARTES Y LETRAS-TALENTO EXCEPCIONAL EN CIENCIAS NATURALES O BASICAS-TALENTO EXCEPCIONAL EN CIENCIAS SOCIALES O HUMANAS-TALENTO EXCEPCIONAL EN TEC", "GRUPOS_ETN": "AFRODESCENDIENTES-INDIGENAS", "SECTOR": 2, "NATU_JUR": 9, "CALENDARIO": 1, "GENERO": 5, "COD_LOCA": "16", "ESPECIALID": 1, "CLASE_TIPO": 1, "BILINGUE": 5, "FECHA": "2025-04-30", "DANE12_EST": "111001020168", "DANE12_SED": "111001020168", "DA_HIPOACU": 2, "DA_SORDERA": 0, "DA_LENGUAS": 0, "DA_UCASTEL": 0, "DISCAP_FIS": 2, "DISCAP_FLE": 0, "DISCAP_PCE": 0, "DI_DCOGNIT": 14, "DI_SDOWN": 0, "DIS_MULTIP": 5, "DIS_PSICOS": 1, "DV_BAJAVIS": 2, "DIS_CEGUER": 0, "T_ESPECTRO": 0, "T_VOZ_Y_HA": 0, "SISTEMICA": 0, "SORDOCEGUE": 0, "OTRA": 0, "TOT_EST_MA": 27, "AFRODESCEN": 4, "INDIGENAS": 5, "NEGRITUDES": 2, "PALENQUERO": 0, "RAIZALES": 0, "ROM": 0, "TOT_EST_ET": 11, "CAPACID_EX": 1, "DOBLE_EXCE": 0, "TE_ACTFISI": 5, "TE_ARTES": 3, "TE_CNATUR": 1, "TE_CSOCIAL": 1, "TE_LDSOCIA": 1, "TE_TECNOLO": 4, "TOT_EST_CA": 16, "TMATRIC_GE": 1164, "Zona": 1 }, "geometry": { "type": "Point", "coordinates": [ -8250252.590600000694394, 515188.200899999588728 ] } },
{ "type": "Feature", "properties": { "NOMBRE_EST": "COLEGIO SORRENTO (IED)", "NOMBRE_SED": "SAN RAFAEL", "ORDEN_DE_S": "B", "DIRECCION": "CL 4 F # 53 - 55", "DISCAPACID": "AUDITIVA-FISICA-INTELECTUAL-MENTAL/PSICOSOCIAL-MULTIPLE-VISUAL", "TALENTOS_O": "CAPACIDADES EXCEPCIONALES-TALENTO EXCEPCIONAL EN ACTIVIDAD FISICA, EJERCICIO Y DEPORTE-TALENTO EXCEPCIONAL EN ARTES Y LETRAS-TALENTO EXCEPCIONAL EN CIENCIAS SOCIALES O HUMANAS-TALENTO EXCEPCIONAL EN LIDERAZGO SOCIAL Y EMPRENDIMIENTO-TALENTO EXCEPCIONAL E", "GRUPOS_ETN": "AFRODESCENDIENTES-INDIGENAS-NEGRITUDES", "SECTOR": 2, "NATU_JUR": 9, "CALENDARIO": 1, "GENERO": 5, "COD_LOCA": "16", "ESPECIALID": 13, "CLASE_TIPO": 1, "BILINGUE": 5, "FECHA": "2025-04-30", "DANE12_EST": "111001020168", "DANE12_SED": "111001012149", "DA_HIPOACU": 1, "DA_SORDERA": 0, "DA_LENGUAS": 0, "DA_UCASTEL": 0, "DISCAP_FIS": 2, "DISCAP_FLE": 0, "DISCAP_PCE": 0, "DI_DCOGNIT": 9, "DI_SDOWN": 0, "DIS_MULTIP": 7, "DIS_PSICOS": 1, "DV_BAJAVIS": 0, "DIS_CEGUER": 0, "T_ESPECTRO": 0, "T_VOZ_Y_HA": 0, "SISTEMICA": 0, "SORDOCEGUE": 0, "OTRA": 0, "TOT_EST_MA": 20, "AFRODESCEN": 2, "INDIGENAS": 3, "NEGRITUDES": 1, "PALENQUERO": 0, "RAIZALES": 0, "ROM": 0, "TOT_EST_ET": 6, "CAPACID_EX": 1, "DOBLE_EXCE": 0, "TE_ACTFISI": 5, "TE_ARTES": 4, "TE_CNATUR": 0, "TE_CSOCIAL": 2, "TE_LDSOCIA": 0, "TE_TECNOLO": 0, "TOT_EST_CA": 12, "TMATRIC_GE": 978, "Zona": 1 }, "geometry": { "type": "Point", "coordinates": [ -8250258.156600000336766, 514824.115699999034405 ] } },
{ "type": "Feature", "properties": { "NOMBRE_EST": "COLEGIO JOSE MANUEL RESTREPO (IED)", "NOMBRE_SED": "JOSE MANUEL RESTREPO", "ORDEN_DE_S": "A", "DIRECCION": "CL 2 BIS # 56 A - 67", "DISCAPACID": "FISICA-INTELECTUAL-MENTAL/PSICOSOCIAL", "TALENTOS_O": "TALENTO EXCEPCIONAL EN ACTIVIDAD FISICA, EJERCICIO Y DEPORTE-TALENTO EXCEPCIONAL EN ARTES Y LETRAS-TALENTO EXCEPCIONAL EN LIDERAZGO SOCIAL Y EMPRENDIMIENTO-TALENTO EXCEPCIONAL EN TECNOLOGIA", "GRUPOS_ETN": "AFRODESCENDIENTES-INDIGENAS-NEGRITUDES-ROM", "SECTOR": 2, "NATU_JUR": 9, "CALENDARIO": 1, "GENERO": 5, "COD_LOCA": "16", "ESPECIALID": 1, "CLASE_TIPO": 1, "BILINGUE": 5, "FECHA": "2025-04-30", "DANE12_EST": "111001045535", "DANE12_SED": "111001045535", "DA_HIPOACU": 0, "DA_SORDERA": 0, "DA_LENGUAS": 0, "DA_UCASTEL": 0, "DISCAP_FIS": 1, "DISCAP_FLE": 0, "DISCAP_PCE": 0, "DI_DCOGNIT": 3, "DI_SDOWN": 0, "DIS_MULTIP": 4, "DIS_PSICOS": 6, "DV_BAJAVIS": 1, "DIS_CEGUER": 0, "T_ESPECTRO": 0, "T_VOZ_Y_HA": 0, "SISTEMICA": 0, "SORDOCEGUE": 0, "OTRA": 0, "TOT_EST_MA": 15, "AFRODESCEN": 2, "INDIGENAS": 7, "NEGRITUDES": 0, "PALENQUERO": 0, "RAIZALES": 0, "ROM": 0, "TOT_EST_ET": 9, "CAPACID_EX": 0, "DOBLE_EXCE": 0, "TE_ACTFISI": 10, "TE_ARTES": 3, "TE_CNATUR": 1, "TE_CSOCIAL": 0, "TE_LDSOCIA": 1, "TE_TECNOLO": 1, "TOT_EST_CA": 16, "TMATRIC_GE": 1138, "Zona": 1 }, "geometry": { "type": "Point", "coordinates": [ -8251303.446599999442697, 514600.751400001347065 ] } },
{ "type": "Feature", "properties": { "NOMBRE_EST": "COLEGIO LUIS CARLOS GALAN SARMIENTO (IED)", "NOMBRE_SED": "LUIS CARLOS GALAN SARMIENTO", "ORDEN_DE_S": "A", "DIRECCION": "CL 1 B # 52 A - 02", "DISCAPACID": "AUDITIVA-FISICA-INTELECTUAL-MENTAL/PSICOSOCIAL-MULTIPLE", "TALENTOS_O": "TALENTO EXCEPCIONAL EN ARTES Y LETRAS-TALENTO EXCEPCIONAL EN LIDERAZGO SOCIAL Y EMPRENDIMIENTO", "GRUPOS_ETN": "AFRODESCENDIENTES-INDIGENAS-NEGRITUDES", "SECTOR": 2, "NATU_JUR": 9, "CALENDARIO": 1, "GENERO": 5, "COD_LOCA": "16", "ESPECIALID": 1, "CLASE_TIPO": 1, "BILINGUE": 5, "FECHA": "2025-04-30", "DANE12_EST": "111001065056", "DANE12_SED": "111001065056", "DA_HIPOACU": 1, "DA_SORDERA": 0, "DA_LENGUAS": 0, "DA_UCASTEL": 0, "DISCAP_FIS": 2, "DISCAP_FLE": 0, "DISCAP_PCE": 0, "DI_DCOGNIT": 10, "DI_SDOWN": 0, "DIS_MULTIP": 1, "DIS_PSICOS": 4, "DV_BAJAVIS": 0, "DIS_CEGUER": 0, "T_ESPECTRO": 0, "T_VOZ_Y_HA": 0, "SISTEMICA": 0, "SORDOCEGUE": 0, "OTRA": 0, "TOT_EST_MA": 18, "AFRODESCEN": 2, "INDIGENAS": 1, "NEGRITUDES": 2, "PALENQUERO": 0, "RAIZALES": 0, "ROM": 0, "TOT_EST_ET": 5, "CAPACID_EX": 1, "DOBLE_EXCE": 0, "TE_ACTFISI": 6, "TE_ARTES": 5, "TE_CNATUR": 0, "TE_CSOCIAL": 0, "TE_LDSOCIA": 2, "TE_TECNOLO": 0, "TOT_EST_CA": 14, "TMATRIC_GE": 818, "Zona": 1 }, "geometry": { "type": "Point", "coordinates": [ -8250908.262399999424815, 513900.508299998939037 ] } },
{ "type": "Feature", "properties": { "NOMBRE_EST": "COLEGIO LUIS CARLOS GALAN SARMIENTO (IED)", "NOMBRE_SED": "LA PONDEROSA", "ORDEN_DE_S": "B", "DIRECCION": "CL 2 BIS # 52 A - 01", "DISCAPACID": "INTELECTUAL", "TALENTOS_O": "TALENTO EXCEPCIONAL EN ACTIVIDAD FISICA, EJERCICIO Y DEPORTE-TALENTO EXCEPCIONAL EN ARTES Y LETRAS", "GRUPOS_ETN": "AFRODESCENDIENTES-INDIGENAS", "SECTOR": 2, "NATU_JUR": 9, "CALENDARIO": 1, "GENERO": 5, "COD_LOCA": "16", "ESPECIALID": 13, "CLASE_TIPO": 1, "BILINGUE": 5, "FECHA": "2025-04-30", "DANE12_EST": "111001065056", "DANE12_SED": "111001033855", "DA_HIPOACU": 0, "DA_SORDERA": 0, "DA_LENGUAS": 0, "DA_UCASTEL": 0, "DISCAP_FIS": 0, "DISCAP_FLE": 0, "DISCAP_PCE": 0, "DI_DCOGNIT": 5, "DI_SDOWN": 0, "DIS_MULTIP": 1, "DIS_PSICOS": 2, "DV_BAJAVIS": 0, "DIS_CEGUER": 0, "T_ESPECTRO": 0, "T_VOZ_Y_HA": 0, "SISTEMICA": 0, "SORDOCEGUE": 0, "OTRA": 0, "TOT_EST_MA": 8, "AFRODESCEN": 4, "INDIGENAS": 5, "NEGRITUDES": 0, "PALENQUERO": 0, "RAIZALES": 0, "ROM": 0, "TOT_EST_ET": 9, "CAPACID_EX": 0, "DOBLE_EXCE": 0, "TE_ACTFISI": 4, "TE_ARTES": 5, "TE_CNATUR": 0, "TE_CSOCIAL": 0, "TE_LDSOCIA": 0, "TE_TECNOLO": 0, "TOT_EST_CA": 9, "TMATRIC_GE": 517, "Zona": 1 }, "geometry": { "type": "Point", "coordinates": [ -8250759.0943, 513969.750500001013279 ] } },
{ "type": "Feature", "properties": { "NOMBRE_EST": "COLEGIO INTEGRADA LA CANDELARIA (IED)", "NOMBRE_SED": "LA CONCORDIA", "ORDEN_DE_S": "A", "DIRECCION": "CL 12 C  # 1 A - 24", "DISCAPACID": "FISICA-INTELECTUAL-MENTAL/PSICOSOCIAL-MULTIPLE", "TALENTOS_O": "TALENTO EXCEPCIONAL EN ACTIVIDAD FISICA, EJERCICIO Y DEPORTE", "GRUPOS_ETN": "AFRODESCENDIENTES-INDIGENAS-NEGRITUDES", "SECTOR": 2, "NATU_JUR": 9, "CALENDARIO": 1, "GENERO": 5, "COD_LOCA": "17", "ESPECIALID": 1, "CLASE_TIPO": 1, "BILINGUE": 5, "FECHA": "2025-04-30", "DANE12_EST": "111001013323", "DANE12_SED": "111001013323", "DA_HIPOACU": 1, "DA_SORDERA": 0, "DA_LENGUAS": 0, "DA_UCASTEL": 0, "DISCAP_FIS": 6, "DISCAP_FLE": 0, "DISCAP_PCE": 0, "DI_DCOGNIT": 31, "DI_SDOWN": 0, "DIS_MULTIP": 2, "DIS_PSICOS": 3, "DV_BAJAVIS": 0, "DIS_CEGUER": 0, "T_ESPECTRO": 0, "T_VOZ_Y_HA": 0, "SISTEMICA": 0, "SORDOCEGUE": 0, "OTRA": 0, "TOT_EST_MA": 43, "AFRODESCEN": 7, "INDIGENAS": 86, "NEGRITUDES": 4, "PALENQUERO": 0, "RAIZALES": 0, "ROM": 0, "TOT_EST_ET": 97, "CAPACID_EX": 1, "DOBLE_EXCE": 0, "TE_ACTFISI": 2, "TE_ARTES": 2, "TE_CNATUR": 0, "TE_CSOCIAL": 0, "TE_LDSOCIA": 0, "TE_TECNOLO": 1, "TOT_EST_CA": 6, "TMATRIC_GE": 1091, "Zona": 1 }, "geometry": { "type": "Point", "coordinates": [ -8245353.419800000265241, 512424.098900001496077 ] } },
{ "type": "Feature", "properties": { "NOMBRE_EST": "COLEGIO INTEGRADA LA CANDELARIA (IED)", "NOMBRE_SED": "LA INMACULADA", "ORDEN_DE_S": "C", "DIRECCION": "KR 2 # 17 - 65", "DISCAPACID": "INTELECTUAL", "TALENTOS_O": "TALENTO EXCEPCIONAL EN ACTIVIDAD FISICA, EJERCICIO Y DEPORTE-TALENTO EXCEPCIONAL EN LIDERAZGO SOCIAL Y EMPRENDIMIENTO", "GRUPOS_ETN": "INDIGENAS", "SECTOR": 2, "NATU_JUR": 9, "CALENDARIO": 1, "GENERO": 5, "COD_LOCA": "17", "ESPECIALID": 13, "CLASE_TIPO": 1, "BILINGUE": 5, "FECHA": "2025-04-30", "DANE12_EST": "111001013323", "DANE12_SED": "111001013340", "DA_HIPOACU": 0, "DA_SORDERA": 0, "DA_LENGUAS": 0, "DA_UCASTEL": 0, "DISCAP_FIS": 0, "DISCAP_FLE": 0, "DISCAP_PCE": 0, "DI_DCOGNIT": 1, "DI_SDOWN": 0, "DIS_MULTIP": 0, "DIS_PSICOS": 0, "DV_BAJAVIS": 0, "DIS_CEGUER": 0, "T_ESPECTRO": 0, "T_VOZ_Y_HA": 0, "SISTEMICA": 0, "SORDOCEGUE": 0, "OTRA": 0, "TOT_EST_MA": 1, "AFRODESCEN": 1, "INDIGENAS": 30, "NEGRITUDES": 0, "PALENQUERO": 0, "RAIZALES": 0, "ROM": 0, "TOT_EST_ET": 31, "CAPACID_EX": 2, "DOBLE_EXCE": 0, "TE_ACTFISI": 0, "TE_ARTES": 1, "TE_CNATUR": 0, "TE_CSOCIAL": 0, "TE_LDSOCIA": 1, "TE_TECNOLO": 0, "TOT_EST_CA": 4, "TMATRIC_GE": 228, "Zona": 1 }, "geometry": { "type": "Point", "coordinates": [ -8245212.044099999591708, 512789.289900001138449 ] } },
{ "type": "Feature", "properties": { "NOMBRE_EST": "COLEGIO ESCUELA NACIONAL DE COMERCIO (IED)", "NOMBRE_SED": "ESCUELA NACIONAL DE COMERCIO", "ORDEN_DE_S": "A", "DIRECCION": "KR 3 ESTE # 9 - 77", "DISCAPACID": "FISICA-INTELECTUAL-MULTIPLE-VISUAL", "TALENTOS_O": "TALENTO EXCEPCIONAL EN ACTIVIDAD FISICA, EJERCICIO Y DEPORTE-TALENTO EXCEPCIONAL EN ARTES Y LETRAS-TALENTO EXCEPCIONAL EN CIENCIAS SOCIALES O HUMANAS", "GRUPOS_ETN": "AFRODESCENDIENTES-INDIGENAS-NEGRITUDES", "SECTOR": 2, "NATU_JUR": 9, "CALENDARIO": 1, "GENERO": 5, "COD_LOCA": "17", "ESPECIALID": 1, "CLASE_TIPO": 1, "BILINGUE": 5, "FECHA": "2025-04-30", "DANE12_EST": "111001013374", "DANE12_SED": "111001013374", "DA_HIPOACU": 1, "DA_SORDERA": 0, "DA_LENGUAS": 0, "DA_UCASTEL": 0, "DISCAP_FIS": 3, "DISCAP_FLE": 0, "DISCAP_PCE": 0, "DI_DCOGNIT": 17, "DI_SDOWN": 0, "DIS_MULTIP": 2, "DIS_PSICOS": 0, "DV_BAJAVIS": 1, "DIS_CEGUER": 0, "T_ESPECTRO": 0, "T_VOZ_Y_HA": 0, "SISTEMICA": 0, "SORDOCEGUE": 0, "OTRA": 0, "TOT_EST_MA": 25, "AFRODESCEN": 3, "INDIGENAS": 29, "NEGRITUDES": 0, "PALENQUERO": 0, "RAIZALES": 0, "ROM": 0, "TOT_EST_ET": 32, "CAPACID_EX": 0, "DOBLE_EXCE": 0, "TE_ACTFISI": 7, "TE_ARTES": 2, "TE_CNATUR": 0, "TE_CSOCIAL": 2, "TE_LDSOCIA": 1, "TE_TECNOLO": 0, "TOT_EST_CA": 12, "TMATRIC_GE": 898, "Zona": 1 }, "geometry": { "type": "Point", "coordinates": [ -8245433.569900000467896, 511829.969099998474121 ] } },
{ "type": "Feature", "properties": { "NOMBRE_EST": "COLEGIO RESTREPO MILLAN (IED)", "NOMBRE_SED": "RESTREPO MILLAN", "ORDEN_DE_S": "A", "DIRECCION": "CL 40 SUR # 23 - 25", "DISCAPACID": "AUDITIVA-FISICA-INTELECTUAL-MENTAL/PSICOSOCIAL-MULTIPLE-VISUAL", "TALENTOS_O": "TALENTO EXCEPCIONAL EN ACTIVIDAD FISICA, EJERCICIO Y DEPORTE-TALENTO EXCEPCIONAL EN ARTES Y LETRAS-TALENTO EXCEPCIONAL EN CIENCIAS SOCIALES O HUMANAS", "GRUPOS_ETN": "AFRODESCENDIENTES-INDIGENAS-NEGRITUDES", "SECTOR": 2, "NATU_JUR": 9, "CALENDARIO": 1, "GENERO": 5, "COD_LOCA": "18", "ESPECIALID": 1, "CLASE_TIPO": 1, "BILINGUE": 5, "FECHA": "2025-04-30", "DANE12_EST": "111001010928", "DANE12_SED": "111001010928", "DA_HIPOACU": 1, "DA_SORDERA": 0, "DA_LENGUAS": 0, "DA_UCASTEL": 0, "DISCAP_FIS": 4, "DISCAP_FLE": 0, "DISCAP_PCE": 0, "DI_DCOGNIT": 17, "DI_SDOWN": 0, "DIS_MULTIP": 2, "DIS_PSICOS": 3, "DV_BAJAVIS": 1, "DIS_CEGUER": 0, "T_ESPECTRO": 0, "T_VOZ_Y_HA": 0, "SISTEMICA": 0, "SORDOCEGUE": 0, "OTRA": 0, "TOT_EST_MA": 28, "AFRODESCEN": 15, "INDIGENAS": 13, "NEGRITUDES": 9, "PALENQUERO": 0, "RAIZALES": 0, "ROM": 0, "TOT_EST_ET": 37, "CAPACID_EX": 0, "DOBLE_EXCE": 0, "TE_ACTFISI": 3, "TE_ARTES": 2, "TE_CNATUR": 0, "TE_CSOCIAL": 0, "TE_LDSOCIA": 0, "TE_TECNOLO": 1, "TOT_EST_CA": 6, "TMATRIC_GE": 1147, "Zona": 1 }, "geometry": { "type": "Point", "coordinates": [ -8251088.599999999627471, 510311.161200001835823 ] } },
{ "type": "Feature", "properties": { "NOMBRE_EST": "COLEGIO RESTREPO MILLAN (IED)", "NOMBRE_SED": "ISABEL II DE INGLATERRA", "ORDEN_DE_S": "B", "DIRECCION": "CL 41 SUR # 26 - 20", "DISCAPACID": "AUDITIVA-INTELECTUAL-MULTIPLE-VISUAL", "TALENTOS_O": "TALENTO EXCEPCIONAL EN ARTES Y LETRAS", "GRUPOS_ETN": "AFRODESCENDIENTES", "SECTOR": 2, "NATU_JUR": 9, "CALENDARIO": 1, "GENERO": 5, "COD_LOCA": "18", "ESPECIALID": 13, "CLASE_TIPO": 1, "BILINGUE": 5, "FECHA": "2025-04-30", "DANE12_EST": "111001010928", "DANE12_SED": "111001014915", "DA_HIPOACU": 1, "DA_SORDERA": 0, "DA_LENGUAS": 0, "DA_UCASTEL": 0, "DISCAP_FIS": 1, "DISCAP_FLE": 0, "DISCAP_PCE": 0, "DI_DCOGNIT": 7, "DI_SDOWN": 0, "DIS_MULTIP": 2, "DIS_PSICOS": 0, "DV_BAJAVIS": 0, "DIS_CEGUER": 0, "T_ESPECTRO": 0, "T_VOZ_Y_HA": 0, "SISTEMICA": 0, "SORDOCEGUE": 0, "OTRA": 0, "TOT_EST_MA": 11, "AFRODESCEN": 3, "INDIGENAS": 1, "NEGRITUDES": 0, "PALENQUERO": 0, "RAIZALES": 0, "ROM": 0, "TOT_EST_ET": 4, "CAPACID_EX": 0, "DOBLE_EXCE": 0, "TE_ACTFISI": 3, "TE_ARTES": 1, "TE_CNATUR": 0, "TE_CSOCIAL": 0, "TE_LDSOCIA": 0, "TE_TECNOLO": 0, "TOT_EST_CA": 4, "TMATRIC_GE": 323, "Zona": 1 }, "geometry": { "type": "Point", "coordinates": [ -8251376.917500000447035, 510741.114900000393391 ] } },
{ "type": "Feature", "properties": { "NOMBRE_EST": "COLEGIO RESTREPO MILLAN (IED)", "NOMBRE_SED": "EL PESEBRE", "ORDEN_DE_S": "C", "DIRECCION": "AV CARACAS # 38 - 02 SUR", "DISCAPACID": "INTELECTUAL-MULTIPLE", "TALENTOS_O": "CAPACIDADES EXCEPCIONALES", "GRUPOS_ETN": "AFRODESCENDIENTES-NEGRITUDES", "SECTOR": 2, "NATU_JUR": 9, "CALENDARIO": 1, "GENERO": 5, "COD_LOCA": "18", "ESPECIALID": 13, "CLASE_TIPO": 1, "BILINGUE": 5, "FECHA": "2025-04-30", "DANE12_EST": "111001010928", "DANE12_SED": "111001017973", "DA_HIPOACU": 0, "DA_SORDERA": 0, "DA_LENGUAS": 0, "DA_UCASTEL": 0, "DISCAP_FIS": 0, "DISCAP_FLE": 0, "DISCAP_PCE": 0, "DI_DCOGNIT": 8, "DI_SDOWN": 0, "DIS_MULTIP": 2, "DIS_PSICOS": 0, "DV_BAJAVIS": 0, "DIS_CEGUER": 0, "T_ESPECTRO": 0, "T_VOZ_Y_HA": 0, "SISTEMICA": 0, "SORDOCEGUE": 0, "OTRA": 0, "TOT_EST_MA": 10, "AFRODESCEN": 2, "INDIGENAS": 0, "NEGRITUDES": 2, "PALENQUERO": 0, "RAIZALES": 0, "ROM": 0, "TOT_EST_ET": 4, "CAPACID_EX": 0, "DOBLE_EXCE": 0, "TE_ACTFISI": 0, "TE_ARTES": 2, "TE_CNATUR": 0, "TE_CSOCIAL": 0, "TE_LDSOCIA": 0, "TE_TECNOLO": 0, "TOT_EST_CA": 2, "TMATRIC_GE": 334, "Zona": 1 }, "geometry": { "type": "Point", "coordinates": [ -8250917.167999999597669, 509916.945900000631809 ] } },
{ "type": "Feature", "properties": { "NOMBRE_EST": "COLEGIO RESTREPO MILLAN (IED)", "NOMBRE_SED": "GABRIELA MISTRAL", "ORDEN_DE_S": "D", "DIRECCION": "CL 39 SUR # 24 - 36", "DISCAPACID": "FISICA-INTELECTUAL-MENTAL/PSICOSOCIAL", "TALENTOS_O": "CAPACIDADES EXCEPCIONALES-TALENTO EXCEPCIONAL EN ARTES Y LETRAS-TALENTO EXCEPCIONAL EN CIENCIAS NATURALES O BASICAS", "GRUPOS_ETN": "AFRODESCENDIENTES-INDIGENAS-NEGRITUDES", "SECTOR": 2, "NATU_JUR": 9, "CALENDARIO": 1, "GENERO": 5, "COD_LOCA": "18", "ESPECIALID": 13, "CLASE_TIPO": 1, "BILINGUE": 5, "FECHA": "2025-04-30", "DANE12_EST": "111001010928", "DANE12_SED": "111001014583", "DA_HIPOACU": 1, "DA_SORDERA": 0, "DA_LENGUAS": 0, "DA_UCASTEL": 0, "DISCAP_FIS": 0, "DISCAP_FLE": 0, "DISCAP_PCE": 0, "DI_DCOGNIT": 3, "DI_SDOWN": 0, "DIS_MULTIP": 0, "DIS_PSICOS": 1, "DV_BAJAVIS": 1, "DIS_CEGUER": 0, "T_ESPECTRO": 0, "T_VOZ_Y_HA": 0, "SISTEMICA": 0, "SORDOCEGUE": 0, "OTRA": 0, "TOT_EST_MA": 6, "AFRODESCEN": 3, "INDIGENAS": 165, "NEGRITUDES": 3, "PALENQUERO": 0, "RAIZALES": 0, "ROM": 0, "TOT_EST_ET": 171, "CAPACID_EX": 0, "DOBLE_EXCE": 0, "TE_ACTFISI": 2, "TE_ARTES": 1, "TE_CNATUR": 0, "TE_CSOCIAL": 0, "TE_LDSOCIA": 0, "TE_TECNOLO": 0, "TOT_EST_CA": 3, "TMATRIC_GE": 406, "Zona": 1 }, "geometry": { "type": "Point", "coordinates": [ -8251075.241699999198318, 510538.980599999427795 ] } },
{ "type": "Feature", "properties": { "NOMBRE_EST": "COLEGIO REINO DE HOLANDA (IED)", "NOMBRE_SED": "REINO DE HOLANDA", "ORDEN_DE_S": "A", "DIRECCION": "TV 16 D # 46 - 35 SUR", "DISCAPACID": "AUDITIVA-FISICA-INTELECTUAL-MULTIPLE", "TALENTOS_O": "CAPACIDADES EXCEPCIONALES-TALENTO EXCEPCIONAL EN ACTIVIDAD FISICA, EJERCICIO Y DEPORTE", "GRUPOS_ETN": "AFRODESCENDIENTES-INDIGENAS-NEGRITUDES", "SECTOR": 2, "NATU_JUR": 9, "CALENDARIO": 1, "GENERO": 5, "COD_LOCA": "18", "ESPECIALID": 1, "CLASE_TIPO": 1, "BILINGUE": 5, "FECHA": "2025-04-30", "DANE12_EST": "111001011029", "DANE12_SED": "111001011029", "DA_HIPOACU": 1, "DA_SORDERA": 0, "DA_LENGUAS": 0, "DA_UCASTEL": 0, "DISCAP_FIS": 3, "DISCAP_FLE": 0, "DISCAP_PCE": 0, "DI_DCOGNIT": 6, "DI_SDOWN": 0, "DIS_MULTIP": 4, "DIS_PSICOS": 0, "DV_BAJAVIS": 0, "DIS_CEGUER": 0, "T_ESPECTRO": 0, "T_VOZ_Y_HA": 0, "SISTEMICA": 0, "SORDOCEGUE": 0, "OTRA": 0, "TOT_EST_MA": 14, "AFRODESCEN": 227, "INDIGENAS": 5, "NEGRITUDES": 0, "PALENQUERO": 0, "RAIZALES": 0, "ROM": 0, "TOT_EST_ET": 232, "CAPACID_EX": 0, "DOBLE_EXCE": 0, "TE_ACTFISI": 0, "TE_ARTES": 1, "TE_CNATUR": 0, "TE_CSOCIAL": 0, "TE_LDSOCIA": 2, "TE_TECNOLO": 1, "TOT_EST_CA": 4, "TMATRIC_GE": 944, "Zona": 1 }, "geometry": { "type": "Point", "coordinates": [ -8250532.002499999478459, 508924.157499998807907 ] } },
{ "type": "Feature", "properties": { "NOMBRE_EST": "COLEGIO REINO DE HOLANDA (IED)", "NOMBRE_SED": "MARCO FIDEL SUAREZ", "ORDEN_DE_S": "B", "DIRECCION": "DG 46 SUR # 12 F - 30", "DISCAPACID": "INTELECTUAL-MULTIPLE", "TALENTOS_O": "TALENTO EXCEPCIONAL EN ARTES Y LETRAS", "GRUPOS_ETN": "AFRODESCENDIENTES-INDIGENAS-NEGRITUDES", "SECTOR": 2, "NATU_JUR": 9, "CALENDARIO": 1, "GENERO": 5, "COD_LOCA": "18", "ESPECIALID": 13, "CLASE_TIPO": 1, "BILINGUE": 5, "FECHA": "2025-04-30", "DANE12_EST": "111001011029", "DANE12_SED": "111001018091", "DA_HIPOACU": 1, "DA_SORDERA": 0, "DA_LENGUAS": 0, "DA_UCASTEL": 0, "DISCAP_FIS": 0, "DISCAP_FLE": 0, "DISCAP_PCE": 0, "DI_DCOGNIT": 5, "DI_SDOWN": 0, "DIS_MULTIP": 1, "DIS_PSICOS": 0, "DV_BAJAVIS": 1, "DIS_CEGUER": 0, "T_ESPECTRO": 0, "T_VOZ_Y_HA": 0, "SISTEMICA": 0, "SORDOCEGUE": 0, "OTRA": 0, "TOT_EST_MA": 8, "AFRODESCEN": 160, "INDIGENAS": 4, "NEGRITUDES": 0, "PALENQUERO": 0, "RAIZALES": 0, "ROM": 0, "TOT_EST_ET": 164, "CAPACID_EX": 0, "DOBLE_EXCE": 0, "TE_ACTFISI": 2, "TE_ARTES": 1, "TE_CNATUR": 0, "TE_CSOCIAL": 0, "TE_LDSOCIA": 0, "TE_TECNOLO": 0, "TOT_EST_CA": 3, "TMATRIC_GE": 570, "Zona": 1 }, "geometry": { "type": "Point", "coordinates": [ -8250589.888699999079108, 508985.578200001269579 ] } },
{ "type": "Feature", "properties": { "NOMBRE_EST": "COLEGIO REINO DE HOLANDA (IED)", "NOMBRE_SED": "PARROQUIAL SAN JUDAS TADEO", "ORDEN_DE_S": "D", "DIRECCION": "TV 13 G # 45 G - 25 SUR", "DISCAPACID": "AUDITIVA-INTELECTUAL-MULTIPLE-VISUAL", "TALENTOS_O": "TALENTO EXCEPCIONAL EN ACTIVIDAD FISICA, EJERCICIO Y DEPORTE-TALENTO EXCEPCIONAL EN ARTES Y LETRAS", "GRUPOS_ETN": "AFRODESCENDIENTES-INDIGENAS-NEGRITUDES", "SECTOR": 2, "NATU_JUR": 9, "CALENDARIO": 1, "GENERO": 5, "COD_LOCA": "18", "ESPECIALID": 13, "CLASE_TIPO": 1, "BILINGUE": 5, "FECHA": "2025-04-30", "DANE12_EST": "111001011029", "DANE12_SED": "111001107824", "DA_HIPOACU": 0, "DA_SORDERA": 0, "DA_LENGUAS": 0, "DA_UCASTEL": 0, "DISCAP_FIS": 0, "DISCAP_FLE": 0, "DISCAP_PCE": 0, "DI_DCOGNIT": 0, "DI_SDOWN": 0, "DIS_MULTIP": 2, "DIS_PSICOS": 0, "DV_BAJAVIS": 0, "DIS_CEGUER": 0, "T_ESPECTRO": 0, "T_VOZ_Y_HA": 0, "SISTEMICA": 0, "SORDOCEGUE": 0, "OTRA": 0, "TOT_EST_MA": 2, "AFRODESCEN": 104, "INDIGENAS": 2, "NEGRITUDES": 0, "PALENQUERO": 0, "RAIZALES": 0, "ROM": 0, "TOT_EST_ET": 106, "CAPACID_EX": 0, "DOBLE_EXCE": 0, "TE_ACTFISI": 2, "TE_ARTES": 0, "TE_CNATUR": 0, "TE_CSOCIAL": 0, "TE_LDSOCIA": 0, "TE_TECNOLO": 0, "TOT_EST_CA": 2, "TMATRIC_GE": 361, "Zona": 1 }, "geometry": { "type": "Point", "coordinates": [ -8251176.542400000616908, 509127.404500000178814 ] } },
{ "type": "Feature", "properties": { "NOMBRE_EST": "COLEGIO LICEO FEMENINO DE CUNDINAMARCA MERCEDES NARIÑO (IED)", "NOMBRE_SED": "LICEO FEMENINO DE CUNDINAMARCA MERCEDES NARIÑO", "ORDEN_DE_S": "A", "DIRECCION": "AV CARACAS # 23 - 24 SUR", "DISCAPACID": "AUDITIVA-FISICA-INTELECTUAL-MENTAL/PSICOSOCIAL-MULTIPLE-SORDOCEGUERA-VISUAL", "TALENTOS_O": "CAPACIDADES EXCEPCIONALES-TALENTO EXCEPCIONAL EN ACTIVIDAD FISICA, EJERCICIO Y DEPORTE-TALENTO EXCEPCIONAL EN ARTES Y LETRAS-TALENTO EXCEPCIONAL EN CIENCIAS SOCIALES O HUMANAS-TALENTO EXCEPCIONAL EN LIDERAZGO SOCIAL Y EMPRENDIMIENTO-TALENTO EXCEPCIONAL E", "GRUPOS_ETN": "AFRODESCENDIENTES-INDIGENAS-NEGRITUDES", "SECTOR": 2, "NATU_JUR": 9, "CALENDARIO": 1, "GENERO": 1, "COD_LOCA": "18", "ESPECIALID": 1, "CLASE_TIPO": 1, "BILINGUE": 5, "FECHA": "2025-04-30", "DANE12_EST": "111001011819", "DANE12_SED": "111001011819", "DA_HIPOACU": 7, "DA_SORDERA": 0, "DA_LENGUAS": 0, "DA_UCASTEL": 0, "DISCAP_FIS": 5, "DISCAP_FLE": 0, "DISCAP_PCE": 0, "DI_DCOGNIT": 31, "DI_SDOWN": 0, "DIS_MULTIP": 8, "DIS_PSICOS": 11, "DV_BAJAVIS": 5, "DIS_CEGUER": 0, "T_ESPECTRO": 0, "T_VOZ_Y_HA": 0, "SISTEMICA": 0, "SORDOCEGUE": 0, "OTRA": 0, "TOT_EST_MA": 67, "AFRODESCEN": 11, "INDIGENAS": 16, "NEGRITUDES": 9, "PALENQUERO": 0, "RAIZALES": 0, "ROM": 0, "TOT_EST_ET": 36, "CAPACID_EX": 2, "DOBLE_EXCE": 0, "TE_ACTFISI": 13, "TE_ARTES": 9, "TE_CNATUR": 0, "TE_CSOCIAL": 1, "TE_LDSOCIA": 4, "TE_TECNOLO": 2, "TOT_EST_CA": 31, "TMATRIC_GE": 3303, "Zona": 1 }, "geometry": { "type": "Point", "coordinates": [ -8249201.7346, 510477.558600001037121 ] } },
{ "type": "Feature", "properties": { "NOMBRE_EST": "COLEGIO BRAVO PAEZ (IED)", "NOMBRE_SED": "BRAVO PAEZ", "ORDEN_DE_S": "A", "DIRECCION": "CL 37 SUR # 23 - 51", "DISCAPACID": "FISICA-INTELECTUAL-MENTAL/PSICOSOCIAL-VISUAL", "TALENTOS_O": "CAPACIDADES EXCEPCIONALES-TALENTO EXCEPCIONAL EN ACTIVIDAD FISICA, EJERCICIO Y DEPORTE-TALENTO EXCEPCIONAL EN ARTES Y LETRAS-TALENTO EXCEPCIONAL EN CIENCIAS SOCIALES O HUMANAS-TALENTO EXCEPCIONAL EN LIDERAZGO SOCIAL Y EMPRENDIMIENTO", "GRUPOS_ETN": "AFRODESCENDIENTES-INDIGENAS-NEGRITUDES", "SECTOR": 2, "NATU_JUR": 9, "CALENDARIO": 1, "GENERO": 5, "COD_LOCA": "18", "ESPECIALID": 1, "CLASE_TIPO": 1, "BILINGUE": 5, "FECHA": "2025-04-30", "DANE12_EST": "111001012611", "DANE12_SED": "111001012611", "DA_HIPOACU": 0, "DA_SORDERA": 0, "DA_LENGUAS": 0, "DA_UCASTEL": 0, "DISCAP_FIS": 1, "DISCAP_FLE": 0, "DISCAP_PCE": 0, "DI_DCOGNIT": 33, "DI_SDOWN": 0, "DIS_MULTIP": 5, "DIS_PSICOS": 6, "DV_BAJAVIS": 2, "DIS_CEGUER": 0, "T_ESPECTRO": 0, "T_VOZ_Y_HA": 0, "SISTEMICA": 0, "SORDOCEGUE": 0, "OTRA": 0, "TOT_EST_MA": 47, "AFRODESCEN": 15, "INDIGENAS": 11, "NEGRITUDES": 5, "PALENQUERO": 0, "RAIZALES": 0, "ROM": 0, "TOT_EST_ET": 31, "CAPACID_EX": 1, "DOBLE_EXCE": 0, "TE_ACTFISI": 4, "TE_ARTES": 2, "TE_CNATUR": 0, "TE_CSOCIAL": 1, "TE_LDSOCIA": 0, "TE_TECNOLO": 0, "TOT_EST_CA": 8, "TMATRIC_GE": 1423, "Zona": 1 }, "geometry": { "type": "Point", "coordinates": [ -8250890.45130000077188, 510368.11600000038743 ] } },
{ "type": "Feature", "properties": { "NOMBRE_EST": "COLEGIO QUIROGA ALIANZA (IED)", "NOMBRE_SED": "QUIROGA ALIANZA", "ORDEN_DE_S": "A", "DIRECCION": "KR 23 # 35 - 20 SUR", "DISCAPACID": "AUDITIVA-FISICA-INTELECTUAL-MENTAL/PSICOSOCIAL-MULTIPLE-VISUAL", "TALENTOS_O": "CAPACIDADES EXCEPCIONALES-TALENTO EXCEPCIONAL EN ACTIVIDAD FISICA, EJERCICIO Y DEPORTE-TALENTO EXCEPCIONAL EN ARTES Y LETRAS-TALENTO EXCEPCIONAL EN CIENCIAS NATURALES O BASICAS", "GRUPOS_ETN": "AFRODESCENDIENTES-INDIGENAS-NEGRITUDES", "SECTOR": 2, "NATU_JUR": 9, "CALENDARIO": 1, "GENERO": 5, "COD_LOCA": "18", "ESPECIALID": 1, "CLASE_TIPO": 1, "BILINGUE": 5, "FECHA": "2025-04-30", "DANE12_EST": "111001012815", "DANE12_SED": "111001012815", "DA_HIPOACU": 1, "DA_SORDERA": 0, "DA_LENGUAS": 0, "DA_UCASTEL": 0, "DISCAP_FIS": 3, "DISCAP_FLE": 0, "DISCAP_PCE": 0, "DI_DCOGNIT": 16, "DI_SDOWN": 0, "DIS_MULTIP": 12, "DIS_PSICOS": 3, "DV_BAJAVIS": 1, "DIS_CEGUER": 0, "T_ESPECTRO": 0, "T_VOZ_Y_HA": 0, "SISTEMICA": 0, "SORDOCEGUE": 0, "OTRA": 0, "TOT_EST_MA": 36, "AFRODESCEN": 6, "INDIGENAS": 2, "NEGRITUDES": 3, "PALENQUERO": 0, "RAIZALES": 0, "ROM": 0, "TOT_EST_ET": 11, "CAPACID_EX": 1, "DOBLE_EXCE": 0, "TE_ACTFISI": 12, "TE_ARTES": 5, "TE_CNATUR": 1, "TE_CSOCIAL": 0, "TE_LDSOCIA": 2, "TE_TECNOLO": 1, "TOT_EST_CA": 22, "TMATRIC_GE": 1329, "Zona": 1 }, "geometry": { "type": "Point", "coordinates": [ -8250698.981799999251962, 510353.598099999129772 ] } },
{ "type": "Feature", "properties": { "NOMBRE_EST": "COLEGIO RAFAEL DELGADO SALGUERO (IED)", "NOMBRE_SED": "GENERAL PAEZ", "ORDEN_DE_S": "A", "DIRECCION": "KR 26 B # 35 B - 49 SUR", "DISCAPACID": "FISICA-INTELECTUAL-MENTAL/PSICOSOCIAL-MULTIPLE", "TALENTOS_O": "TALENTO EXCEPCIONAL EN CIENCIAS NATURALES O BASICAS-TALENTO EXCEPCIONAL EN CIENCIAS SOCIALES O HUMANAS", "GRUPOS_ETN": "INDIGENAS", "SECTOR": 2, "NATU_JUR": 9, "CALENDARIO": 1, "GENERO": 5, "COD_LOCA": "18", "ESPECIALID": 1, "CLASE_TIPO": 1, "BILINGUE": 5, "FECHA": "2025-04-30", "DANE12_EST": "111001012971", "DANE12_SED": "111001012971", "DA_HIPOACU": 0, "DA_SORDERA": 0, "DA_LENGUAS": 0, "DA_UCASTEL": 0, "DISCAP_FIS": 1, "DISCAP_FLE": 0, "DISCAP_PCE": 0, "DI_DCOGNIT": 13, "DI_SDOWN": 0, "DIS_MULTIP": 1, "DIS_PSICOS": 0, "DV_BAJAVIS": 0, "DIS_CEGUER": 0, "T_ESPECTRO": 0, "T_VOZ_Y_HA": 0, "SISTEMICA": 0, "SORDOCEGUE": 0, "OTRA": 0, "TOT_EST_MA": 15, "AFRODESCEN": 2, "INDIGENAS": 1, "NEGRITUDES": 1, "PALENQUERO": 0, "RAIZALES": 0, "ROM": 0, "TOT_EST_ET": 4, "CAPACID_EX": 0, "DOBLE_EXCE": 0, "TE_ACTFISI": 0, "TE_ARTES": 0, "TE_CNATUR": 2, "TE_CSOCIAL": 1, "TE_LDSOCIA": 0, "TE_TECNOLO": 0, "TOT_EST_CA": 3, "TMATRIC_GE": 446, "Zona": 1 }, "geometry": { "type": "Point", "coordinates": [ -8251041.845799999311566, 510918.680900000035763 ] } },
{ "type": "Feature", "properties": { "NOMBRE_EST": "COLEGIO RAFAEL DELGADO SALGUERO (IED)", "NOMBRE_SED": "MATER ADMIRABILIS", "ORDEN_DE_S": "B", "DIRECCION": "CL 40 SUR # 31 – 81", "DISCAPACID": "FISICA-INTELECTUAL", "TALENTOS_O": "TALENTO CIENTIFICO", "GRUPOS_ETN": "NEGRITUDES", "SECTOR": 2, "NATU_JUR": 9, "CALENDARIO": 1, "GENERO": 5, "COD_LOCA": "18", "ESPECIALID": 13, "CLASE_TIPO": 1, "BILINGUE": 5, "FECHA": "2025-04-30", "DANE12_EST": "111001012971", "DANE12_SED": "111001014605", "DA_HIPOACU": 0, "DA_SORDERA": 0, "DA_LENGUAS": 0, "DA_UCASTEL": 0, "DISCAP_FIS": 1, "DISCAP_FLE": 0, "DISCAP_PCE": 0, "DI_DCOGNIT": 5, "DI_SDOWN": 0, "DIS_MULTIP": 0, "DIS_PSICOS": 1, "DV_BAJAVIS": 0, "DIS_CEGUER": 0, "T_ESPECTRO": 0, "T_VOZ_Y_HA": 0, "SISTEMICA": 0, "SORDOCEGUE": 0, "OTRA": 0, "TOT_EST_MA": 7, "AFRODESCEN": 1, "INDIGENAS": 2, "NEGRITUDES": 0, "PALENQUERO": 0, "RAIZALES": 0, "ROM": 0, "TOT_EST_ET": 3, "CAPACID_EX": 1, "DOBLE_EXCE": 0, "TE_ACTFISI": 0, "TE_ARTES": 0, "TE_CNATUR": 0, "TE_CSOCIAL": 0, "TE_LDSOCIA": 0, "TE_TECNOLO": 0, "TOT_EST_CA": 1, "TMATRIC_GE": 144, "Zona": 1 }, "geometry": { "type": "Point", "coordinates": [ -8251872.289200000464916, 511041.525499999523163 ] } },
{ "type": "Feature", "properties": { "NOMBRE_EST": "COLEGIO RAFAEL DELGADO SALGUERO (IED)", "NOMBRE_SED": "ESCUELA HOGAR BRAVO PAEZ", "ORDEN_DE_S": "C", "DIRECCION": "KR 26 # 35 A - 38 SUR", "DISCAPACID": "FISICA-INTELECTUAL-MULTIPLE", "TALENTOS_O": "TALENTO EXCEPCIONAL EN ACTIVIDAD FISICA, EJERCICIO Y DEPORTE-TALENTO EXCEPCIONAL EN CIENCIAS NATURALES O BASICAS-TALENTO EXCEPCIONAL EN CIENCIAS SOCIALES O HUMANAS", "GRUPOS_ETN": "INDIGENAS-NEGRITUDES", "SECTOR": 2, "NATU_JUR": 9, "CALENDARIO": 1, "GENERO": 5, "COD_LOCA": "18", "ESPECIALID": 13, "CLASE_TIPO": 1, "BILINGUE": 5, "FECHA": "2025-04-30", "DANE12_EST": "111001012971", "DANE12_SED": "111001110680", "DA_HIPOACU": 0, "DA_SORDERA": 0, "DA_LENGUAS": 0, "DA_UCASTEL": 0, "DISCAP_FIS": 1, "DISCAP_FLE": 0, "DISCAP_PCE": 0, "DI_DCOGNIT": 1, "DI_SDOWN": 0, "DIS_MULTIP": 5, "DIS_PSICOS": 1, "DV_BAJAVIS": 0, "DIS_CEGUER": 0, "T_ESPECTRO": 0, "T_VOZ_Y_HA": 0, "SISTEMICA": 0, "SORDOCEGUE": 0, "OTRA": 0, "TOT_EST_MA": 8, "AFRODESCEN": 0, "INDIGENAS": 1, "NEGRITUDES": 1, "PALENQUERO": 0, "RAIZALES": 0, "ROM": 0, "TOT_EST_ET": 2, "CAPACID_EX": 3, "DOBLE_EXCE": 0, "TE_ACTFISI": 2, "TE_ARTES": 1, "TE_CNATUR": 1, "TE_CSOCIAL": 0, "TE_LDSOCIA": 0, "TE_TECNOLO": 0, "TOT_EST_CA": 7, "TMATRIC_GE": 221, "Zona": 1 }, "geometry": { "type": "Point", "coordinates": [ -8250926.0735, 510834.923300001770258 ] } },
{ "type": "Feature", "properties": { "NOMBRE_EST": "COLEGIO SAN AGUSTIN (IED)", "NOMBRE_SED": "SAN AGUSTIN", "ORDEN_DE_S": "A", "DIRECCION": "CL 50 A SUR # 5 C - 40", "DISCAPACID": "AUDITIVA-FISICA-INTELECTUAL-MENTAL/PSICOSOCIAL-MULTIPLE-SORDOCEGUERA-VISUAL", "TALENTOS_O": "TALENTO EXCEPCIONAL EN ACTIVIDAD FISICA, EJERCICIO Y DEPORTE-TALENTO EXCEPCIONAL EN ARTES Y LETRAS-TALENTO EXCEPCIONAL EN CIENCIAS SOCIALES O HUMANAS-TALENTO EXCEPCIONAL EN LIDERAZGO SOCIAL Y EMPRENDIMIENTO-TALENTO EXCEPCIONAL EN TECNOLOGIA", "GRUPOS_ETN": "AFRODESCENDIENTES-INDIGENAS-NEGRITUDES-PALENQUEROS", "SECTOR": 2, "NATU_JUR": 9, "CALENDARIO": 1, "GENERO": 5, "COD_LOCA": "18", "ESPECIALID": 1, "CLASE_TIPO": 1, "BILINGUE": 5, "FECHA": "2025-04-30", "DANE12_EST": "111001013811", "DANE12_SED": "111001013811", "DA_HIPOACU": 3, "DA_SORDERA": 0, "DA_LENGUAS": 0, "DA_UCASTEL": 0, "DISCAP_FIS": 7, "DISCAP_FLE": 0, "DISCAP_PCE": 0, "DI_DCOGNIT": 34, "DI_SDOWN": 0, "DIS_MULTIP": 7, "DIS_PSICOS": 1, "DV_BAJAVIS": 6, "DIS_CEGUER": 0, "T_ESPECTRO": 0, "T_VOZ_Y_HA": 0, "SISTEMICA": 0, "SORDOCEGUE": 0, "OTRA": 0, "TOT_EST_MA": 58, "AFRODESCEN": 30, "INDIGENAS": 11, "NEGRITUDES": 8, "PALENQUERO": 0, "RAIZALES": 0, "ROM": 0, "TOT_EST_ET": 49, "CAPACID_EX": 0, "DOBLE_EXCE": 0, "TE_ACTFISI": 9, "TE_ARTES": 6, "TE_CNATUR": 0, "TE_CSOCIAL": 2, "TE_LDSOCIA": 2, "TE_TECNOLO": 3, "TOT_EST_CA": 22, "TMATRIC_GE": 2565, "Zona": 1 }, "geometry": { "type": "Point", "coordinates": [ -8250336.080199999734759, 506755.476700000464916 ] } },
{ "type": "Feature", "properties": { "NOMBRE_EST": "COLEGIO REPUBLICA FEDERAL DE ALEMANIA (IED)", "NOMBRE_SED": "REPUBLICA FEDERAL DE ALEMANIA", "ORDEN_DE_S": "A", "DIRECCION": "KR 24 # 44 - 05 SUR  --  KR 23 B # 44 - 05 SUR", "DISCAPACID": "FISICA-INTELECTUAL", "TALENTOS_O": "TALENTO EXCEPCIONAL EN ACTIVIDAD FISICA, EJERCICIO Y DEPORTE-TALENTO EXCEPCIONAL EN ARTES Y LETRAS", "GRUPOS_ETN": "AFRODESCENDIENTES-NEGRITUDES", "SECTOR": 2, "NATU_JUR": 9, "CALENDARIO": 1, "GENERO": 5, "COD_LOCA": "18", "ESPECIALID": 1, "CLASE_TIPO": 1, "BILINGUE": 5, "FECHA": "2025-04-30", "DANE12_EST": "111001014028", "DANE12_SED": "111001014028", "DA_HIPOACU": 1, "DA_SORDERA": 0, "DA_LENGUAS": 0, "DA_UCASTEL": 0, "DISCAP_FIS": 1, "DISCAP_FLE": 0, "DISCAP_PCE": 0, "DI_DCOGNIT": 6, "DI_SDOWN": 0, "DIS_MULTIP": 5, "DIS_PSICOS": 0, "DV_BAJAVIS": 0, "DIS_CEGUER": 0, "T_ESPECTRO": 0, "T_VOZ_Y_HA": 0, "SISTEMICA": 0, "SORDOCEGUE": 0, "OTRA": 0, "TOT_EST_MA": 13, "AFRODESCEN": 1, "INDIGENAS": 0, "NEGRITUDES": 0, "PALENQUERO": 0, "RAIZALES": 0, "ROM": 0, "TOT_EST_ET": 1, "CAPACID_EX": 0, "DOBLE_EXCE": 0, "TE_ACTFISI": 3, "TE_ARTES": 2, "TE_CNATUR": 0, "TE_CSOCIAL": 0, "TE_LDSOCIA": 0, "TE_TECNOLO": 0, "TOT_EST_CA": 5, "TMATRIC_GE": 464, "Zona": 1 }, "geometry": { "type": "Point", "coordinates": [ -8251592.877299999818206, 510238.571899998933077 ] } },
{ "type": "Feature", "properties": { "NOMBRE_EST": "COLEGIO MANUEL DEL SOCORRO RODRIGUEZ (IED)", "NOMBRE_SED": "MANUEL DEL SOCORRO RODRIGUEZ", "ORDEN_DE_S": "A", "DIRECCION": "TV 23 # 44 - 90 SUR", "DISCAPACID": "AUDITIVA-FISICA-INTELECTUAL-MENTAL/PSICOSOCIAL-SORDOCEGUERA-VISUAL", "TALENTOS_O": "TALENTO EXCEPCIONAL EN ACTIVIDAD FISICA, EJERCICIO Y DEPORTE-TALENTO EXCEPCIONAL EN ARTES Y LETRAS-TALENTO EXCEPCIONAL EN LIDERAZGO SOCIAL Y EMPRENDIMIENTO", "GRUPOS_ETN": "AFRODESCENDIENTES-INDIGENAS-NEGRITUDES", "SECTOR": 2, "NATU_JUR": 9, "CALENDARIO": 1, "GENERO": 5, "COD_LOCA": "18", "ESPECIALID": 1, "CLASE_TIPO": 1, "BILINGUE": 5, "FECHA": "2025-04-30", "DANE12_EST": "111001014591", "DANE12_SED": "111001014591", "DA_HIPOACU": 3, "DA_SORDERA": 0, "DA_LENGUAS": 0, "DA_UCASTEL": 0, "DISCAP_FIS": 3, "DISCAP_FLE": 0, "DISCAP_PCE": 0, "DI_DCOGNIT": 15, "DI_SDOWN": 0, "DIS_MULTIP": 12, "DIS_PSICOS": 9, "DV_BAJAVIS": 0, "DIS_CEGUER": 0, "T_ESPECTRO": 0, "T_VOZ_Y_HA": 0, "SISTEMICA": 0, "SORDOCEGUE": 0, "OTRA": 0, "TOT_EST_MA": 42, "AFRODESCEN": 9, "INDIGENAS": 5, "NEGRITUDES": 4, "PALENQUERO": 0, "RAIZALES": 0, "ROM": 0, "TOT_EST_ET": 18, "CAPACID_EX": 0, "DOBLE_EXCE": 0, "TE_ACTFISI": 7, "TE_ARTES": 2, "TE_CNATUR": 1, "TE_CSOCIAL": 0, "TE_LDSOCIA": 1, "TE_TECNOLO": 0, "TOT_EST_CA": 11, "TMATRIC_GE": 1256, "Zona": 1 }, "geometry": { "type": "Point", "coordinates": [ -8251673.027300000190735, 510123.545800000429153 ] } },
{ "type": "Feature", "properties": { "NOMBRE_EST": "COLEGIO MANUEL DEL SOCORRO RODRIGUEZ (IED)", "NOMBRE_SED": "REPUBLICA DE ISRAEL", "ORDEN_DE_S": "B", "DIRECCION": "KR 27 # 45 - 35 SUR", "DISCAPACID": "AUDITIVA-INTELECTUAL-MENTAL/PSICOSOCIAL-MULTIPLE", "TALENTOS_O": "TALENTO EXCEPCIONAL EN ACTIVIDAD FISICA, EJERCICIO Y DEPORTE-TALENTO EXCEPCIONAL EN LIDERAZGO SOCIAL Y EMPRENDIMIENTO", "GRUPOS_ETN": "INDIGENAS", "SECTOR": 2, "NATU_JUR": 9, "CALENDARIO": 1, "GENERO": 5, "COD_LOCA": "18", "ESPECIALID": 13, "CLASE_TIPO": 1, "BILINGUE": 5, "FECHA": "2025-04-30", "DANE12_EST": "111001014591", "DANE12_SED": "111001012645", "DA_HIPOACU": 0, "DA_SORDERA": 0, "DA_LENGUAS": 0, "DA_UCASTEL": 0, "DISCAP_FIS": 0, "DISCAP_FLE": 0, "DISCAP_PCE": 0, "DI_DCOGNIT": 3, "DI_SDOWN": 0, "DIS_MULTIP": 3, "DIS_PSICOS": 3, "DV_BAJAVIS": 1, "DIS_CEGUER": 0, "T_ESPECTRO": 0, "T_VOZ_Y_HA": 0, "SISTEMICA": 0, "SORDOCEGUE": 0, "OTRA": 0, "TOT_EST_MA": 10, "AFRODESCEN": 3, "INDIGENAS": 0, "NEGRITUDES": 1, "PALENQUERO": 0, "RAIZALES": 0, "ROM": 0, "TOT_EST_ET": 4, "CAPACID_EX": 0, "DOBLE_EXCE": 0, "TE_ACTFISI": 2, "TE_ARTES": 0, "TE_CNATUR": 0, "TE_CSOCIAL": 0, "TE_LDSOCIA": 0, "TE_TECNOLO": 0, "TOT_EST_CA": 2, "TMATRIC_GE": 340, "Zona": 1 }, "geometry": { "type": "Point", "coordinates": [ -8251897.892699999734759, 510727.713700000196695 ] } },
{ "type": "Feature", "properties": { "NOMBRE_EST": "COLEGIO EL LIBERTADOR (IED)", "NOMBRE_SED": "EL LIBERTADOR", "ORDEN_DE_S": "A", "DIRECCION": "CL 32 SUR # 24 B - 20", "DISCAPACID": "AUDITIVA-FISICA-INTELECTUAL-MENTAL/PSICOSOCIAL-MULTIPLE-VISUAL", "TALENTOS_O": "TALENTO EXCEPCIONAL EN ARTES Y LETRAS", "GRUPOS_ETN": "AFRODESCENDIENTES-INDIGENAS-NEGRITUDES", "SECTOR": 2, "NATU_JUR": 9, "CALENDARIO": 1, "GENERO": 5, "COD_LOCA": "18", "ESPECIALID": 12, "CLASE_TIPO": 1, "BILINGUE": 5, "FECHA": "2025-04-30", "DANE12_EST": "111001014664", "DANE12_SED": "111001014664", "DA_HIPOACU": 0, "DA_SORDERA": 0, "DA_LENGUAS": 0, "DA_UCASTEL": 0, "DISCAP_FIS": 1, "DISCAP_FLE": 0, "DISCAP_PCE": 0, "DI_DCOGNIT": 18, "DI_SDOWN": 0, "DIS_MULTIP": 4, "DIS_PSICOS": 3, "DV_BAJAVIS": 2, "DIS_CEGUER": 0, "T_ESPECTRO": 0, "T_VOZ_Y_HA": 0, "SISTEMICA": 0, "SORDOCEGUE": 0, "OTRA": 0, "TOT_EST_MA": 28, "AFRODESCEN": 1, "INDIGENAS": 1, "NEGRITUDES": 3, "PALENQUERO": 0, "RAIZALES": 0, "ROM": 0, "TOT_EST_ET": 5, "CAPACID_EX": 2, "DOBLE_EXCE": 0, "TE_ACTFISI": 1, "TE_ARTES": 0, "TE_CNATUR": 0, "TE_CSOCIAL": 0, "TE_LDSOCIA": 1, "TE_TECNOLO": 1, "TOT_EST_CA": 5, "TMATRIC_GE": 706, "Zona": 1 }, "geometry": { "type": "Point", "coordinates": [ -8250585.435900000855327, 510867.309599999338388 ] } },
{ "type": "Feature", "properties": { "NOMBRE_EST": "COLEGIO EL LIBERTADOR (IED)", "NOMBRE_SED": "MANUEL MURILLO TORO", "ORDEN_DE_S": "B", "DIRECCION": "CL 33 SUR # 31 - 10", "DISCAPACID": "AUDITIVA-INTELECTUAL-MULTIPLE", "TALENTOS_O": "CAPACIDADES EXCEPCIONALES-TALENTO EXCEPCIONAL EN LIDERAZGO SOCIAL Y EMPRENDIMIENTO", "GRUPOS_ETN": "AFRODESCENDIENTES-INDIGENAS-NEGRITUDES", "SECTOR": 2, "NATU_JUR": 9, "CALENDARIO": 1, "GENERO": 5, "COD_LOCA": "18", "ESPECIALID": 12, "CLASE_TIPO": 1, "BILINGUE": 5, "FECHA": "2025-04-30", "DANE12_EST": "111001014664", "DANE12_SED": "111001014672", "DA_HIPOACU": 0, "DA_SORDERA": 0, "DA_LENGUAS": 0, "DA_UCASTEL": 0, "DISCAP_FIS": 0, "DISCAP_FLE": 0, "DISCAP_PCE": 0, "DI_DCOGNIT": 19, "DI_SDOWN": 0, "DIS_MULTIP": 2, "DIS_PSICOS": 0, "DV_BAJAVIS": 0, "DIS_CEGUER": 0, "T_ESPECTRO": 0, "T_VOZ_Y_HA": 0, "SISTEMICA": 0, "SORDOCEGUE": 0, "OTRA": 0, "TOT_EST_MA": 21, "AFRODESCEN": 2, "INDIGENAS": 0, "NEGRITUDES": 0, "PALENQUERO": 0, "RAIZALES": 0, "ROM": 0, "TOT_EST_ET": 2, "CAPACID_EX": 0, "DOBLE_EXCE": 0, "TE_ACTFISI": 0, "TE_ARTES": 0, "TE_CNATUR": 0, "TE_CSOCIAL": 0, "TE_LDSOCIA": 0, "TE_TECNOLO": 0, "TOT_EST_CA": 0, "TMATRIC_GE": 497, "Zona": 1 }, "geometry": { "type": "Point", "coordinates": [ -8250740.17, 511309.550799999386072 ] } },
{ "type": "Feature", "properties": { "NOMBRE_EST": "COLEGIO EL LIBERTADOR (IED)", "NOMBRE_SED": "JUAN DEL RIZZO", "ORDEN_DE_S": "C", "DIRECCION": "KR 26 # 29 - 45 SUR", "DISCAPACID": "INTELECTUAL-MENTAL/PSICOSOCIAL-MULTIPLE", "TALENTOS_O": "TALENTO EXCEPCIONAL EN ACTIVIDAD FISICA, EJERCICIO Y DEPORTE-TALENTO EXCEPCIONAL EN CIENCIAS SOCIALES O HUMANAS", "GRUPOS_ETN": "INDIGENAS", "SECTOR": 2, "NATU_JUR": 9, "CALENDARIO": 1, "GENERO": 5, "COD_LOCA": "18", "ESPECIALID": 12, "CLASE_TIPO": 1, "BILINGUE": 5, "FECHA": "2025-04-30", "DANE12_EST": "111001014664", "DANE12_SED": "111001014656", "DA_HIPOACU": 1, "DA_SORDERA": 0, "DA_LENGUAS": 0, "DA_UCASTEL": 0, "DISCAP_FIS": 0, "DISCAP_FLE": 0, "DISCAP_PCE": 0, "DI_DCOGNIT": 5, "DI_SDOWN": 0, "DIS_MULTIP": 2, "DIS_PSICOS": 3, "DV_BAJAVIS": 0, "DIS_CEGUER": 0, "T_ESPECTRO": 0, "T_VOZ_Y_HA": 0, "SISTEMICA": 0, "SORDOCEGUE": 0, "OTRA": 0, "TOT_EST_MA": 11, "AFRODESCEN": 0, "INDIGENAS": 0, "NEGRITUDES": 1, "PALENQUERO": 0, "RAIZALES": 0, "ROM": 0, "TOT_EST_ET": 1, "CAPACID_EX": 0, "DOBLE_EXCE": 0, "TE_ACTFISI": 1, "TE_ARTES": 0, "TE_CNATUR": 0, "TE_CSOCIAL": 1, "TE_LDSOCIA": 0, "TE_TECNOLO": 1, "TOT_EST_CA": 3, "TMATRIC_GE": 286, "Zona": 1 }, "geometry": { "type": "Point", "coordinates": [ -8250242.571900000795722, 511118.582699999213219 ] } },
{ "type": "Feature", "properties": { "NOMBRE_EST": "COLEGIO CLEMENCIA HOLGUIN DE URDANETA (IED)", "NOMBRE_SED": "CLEMENCIA HOLGUIN DE URDANETA", "ORDEN_DE_S": "A", "DIRECCION": "CL 30 SUR # 18 - 25", "DISCAPACID": "AUDITIVA-FISICA-INTELECTUAL-MULTIPLE-VISUAL", "TALENTOS_O": "TALENTO EXCEPCIONAL EN ACTIVIDAD FISICA, EJERCICIO Y DEPORTE-TALENTO EXCEPCIONAL EN ARTES Y LETRAS-TALENTO EXCEPCIONAL EN LIDERAZGO SOCIAL Y EMPRENDIMIENTO", "GRUPOS_ETN": "AFRODESCENDIENTES-INDIGENAS", "SECTOR": 2, "NATU_JUR": 9, "CALENDARIO": 1, "GENERO": 5, "COD_LOCA": "18", "ESPECIALID": 1, "CLASE_TIPO": 1, "BILINGUE": 5, "FECHA": "2025-04-30", "DANE12_EST": "111001014958", "DANE12_SED": "111001014958", "DA_HIPOACU": 2, "DA_SORDERA": 0, "DA_LENGUAS": 0, "DA_UCASTEL": 0, "DISCAP_FIS": 1, "DISCAP_FLE": 0, "DISCAP_PCE": 0, "DI_DCOGNIT": 4, "DI_SDOWN": 0, "DIS_MULTIP": 4, "DIS_PSICOS": 0, "DV_BAJAVIS": 1, "DIS_CEGUER": 0, "T_ESPECTRO": 0, "T_VOZ_Y_HA": 0, "SISTEMICA": 0, "SORDOCEGUE": 0, "OTRA": 0, "TOT_EST_MA": 12, "AFRODESCEN": 3, "INDIGENAS": 4, "NEGRITUDES": 0, "PALENQUERO": 0, "RAIZALES": 0, "ROM": 0, "TOT_EST_ET": 7, "CAPACID_EX": 0, "DOBLE_EXCE": 0, "TE_ACTFISI": 6, "TE_ARTES": 3, "TE_CNATUR": 0, "TE_CSOCIAL": 0, "TE_LDSOCIA": 1, "TE_TECNOLO": 0, "TOT_EST_CA": 10, "TMATRIC_GE": 834, "Zona": 1 }, "geometry": { "type": "Point", "coordinates": [ -8249947.575200000777841, 510292.176300000399351 ] } },
{ "type": "Feature", "properties": { "NOMBRE_EST": "COLEGIO ALEJANDRO OBREGON (IED)", "NOMBRE_SED": "ALEJANDRO OBREGON", "ORDEN_DE_S": "A", "DIRECCION": "CL 30 SUR # 15 - 45", "DISCAPACID": "FISICA-INTELECTUAL-MENTAL/PSICOSOCIAL-MULTIPLE-SORDOCEGUERA", "TALENTOS_O": "TALENTO EXCEPCIONAL EN ACTIVIDAD FISICA, EJERCICIO Y DEPORTE-TALENTO EXCEPCIONAL EN ARTES Y LETRAS-TALENTO EXCEPCIONAL EN CIENCIAS NATURALES O BASICAS-TALENTO EXCEPCIONAL EN CIENCIAS SOCIALES O HUMANAS-TALENTO EXCEPCIONAL EN LIDERAZGO SOCIAL Y EMPRENDIMI", "GRUPOS_ETN": "AFRODESCENDIENTES-INDIGENAS-NEGRITUDES", "SECTOR": 2, "NATU_JUR": 9, "CALENDARIO": 1, "GENERO": 5, "COD_LOCA": "18", "ESPECIALID": 1, "CLASE_TIPO": 1, "BILINGUE": 5, "FECHA": "2025-04-30", "DANE12_EST": "111001015172", "DANE12_SED": "111001015172", "DA_HIPOACU": 0, "DA_SORDERA": 0, "DA_LENGUAS": 0, "DA_UCASTEL": 0, "DISCAP_FIS": 0, "DISCAP_FLE": 0, "DISCAP_PCE": 0, "DI_DCOGNIT": 4, "DI_SDOWN": 0, "DIS_MULTIP": 1, "DIS_PSICOS": 1, "DV_BAJAVIS": 2, "DIS_CEGUER": 0, "T_ESPECTRO": 0, "T_VOZ_Y_HA": 0, "SISTEMICA": 0, "SORDOCEGUE": 0, "OTRA": 0, "TOT_EST_MA": 8, "AFRODESCEN": 8, "INDIGENAS": 4, "NEGRITUDES": 1, "PALENQUERO": 0, "RAIZALES": 0, "ROM": 0, "TOT_EST_ET": 13, "CAPACID_EX": 0, "DOBLE_EXCE": 0, "TE_ACTFISI": 7, "TE_ARTES": 4, "TE_CNATUR": 1, "TE_CSOCIAL": 0, "TE_LDSOCIA": 2, "TE_TECNOLO": 0, "TOT_EST_CA": 14, "TMATRIC_GE": 1311, "Zona": 1 }, "geometry": { "type": "Point", "coordinates": [ -8249761.671700000762939, 509998.469099998474121 ] } },
{ "type": "Feature", "properties": { "NOMBRE_EST": "COLEGIO ANTONIO BARAYA (IED)", "NOMBRE_SED": "ANTONIO BARAYA", "ORDEN_DE_S": "A", "DIRECCION": "CL 27 SUR # 22 A - 02", "DISCAPACID": "AUDITIVA-FISICA-INTELECTUAL-MENTAL/PSICOSOCIAL-MULTIPLE-SORDOCEGUERA", "TALENTOS_O": null, "GRUPOS_ETN": "AFRODESCENDIENTES-INDIGENAS-NEGRITUDES-RAIZALES", "SECTOR": 2, "NATU_JUR": 9, "CALENDARIO": 1, "GENERO": 5, "COD_LOCA": "18", "ESPECIALID": 1, "CLASE_TIPO": 1, "BILINGUE": 5, "FECHA": "2025-04-30", "DANE12_EST": "111001015733", "DANE12_SED": "111001015733", "DA_HIPOACU": 1, "DA_SORDERA": 0, "DA_LENGUAS": 0, "DA_UCASTEL": 0, "DISCAP_FIS": 2, "DISCAP_FLE": 0, "DISCAP_PCE": 0, "DI_DCOGNIT": 21, "DI_SDOWN": 0, "DIS_MULTIP": 11, "DIS_PSICOS": 1, "DV_BAJAVIS": 1, "DIS_CEGUER": 0, "T_ESPECTRO": 0, "T_VOZ_Y_HA": 0, "SISTEMICA": 0, "SORDOCEGUE": 0, "OTRA": 0, "TOT_EST_MA": 37, "AFRODESCEN": 2, "INDIGENAS": 4, "NEGRITUDES": 0, "PALENQUERO": 0, "RAIZALES": 0, "ROM": 0, "TOT_EST_ET": 6, "CAPACID_EX": 0, "DOBLE_EXCE": 0, "TE_ACTFISI": 2, "TE_ARTES": 0, "TE_CNATUR": 0, "TE_CSOCIAL": 0, "TE_LDSOCIA": 0, "TE_TECNOLO": 0, "TOT_EST_CA": 2, "TMATRIC_GE": 840, "Zona": 1 }, "geometry": { "type": "Point", "coordinates": [ -8249803.973099999129772, 510802.537099998444319 ] } },
{ "type": "Feature", "properties": { "NOMBRE_EST": "COLEGIO ANTONIO BARAYA (IED)", "NOMBRE_SED": "PABLO VI", "ORDEN_DE_S": "B", "DIRECCION": "KR 24 C # 25 A - 10 SUR", "DISCAPACID": "INTELECTUAL-MULTIPLE-VISUAL", "TALENTOS_O": null, "GRUPOS_ETN": null, "SECTOR": 2, "NATU_JUR": 9, "CALENDARIO": 1, "GENERO": 5, "COD_LOCA": "18", "ESPECIALID": 13, "CLASE_TIPO": 1, "BILINGUE": 5, "FECHA": "2025-04-30", "DANE12_EST": "111001015733", "DANE12_SED": "111001012840", "DA_HIPOACU": 1, "DA_SORDERA": 0, "DA_LENGUAS": 0, "DA_UCASTEL": 0, "DISCAP_FIS": 0, "DISCAP_FLE": 0, "DISCAP_PCE": 0, "DI_DCOGNIT": 3, "DI_SDOWN": 0, "DIS_MULTIP": 2, "DIS_PSICOS": 0, "DV_BAJAVIS": 0, "DIS_CEGUER": 0, "T_ESPECTRO": 0, "T_VOZ_Y_HA": 0, "SISTEMICA": 0, "SORDOCEGUE": 0, "OTRA": 0, "TOT_EST_MA": 6, "AFRODESCEN": 0, "INDIGENAS": 1, "NEGRITUDES": 1, "PALENQUERO": 0, "RAIZALES": 1, "ROM": 0, "TOT_EST_ET": 3, "CAPACID_EX": 0, "DOBLE_EXCE": 0, "TE_ACTFISI": 2, "TE_ARTES": 0, "TE_CNATUR": 0, "TE_CSOCIAL": 0, "TE_LDSOCIA": 0, "TE_TECNOLO": 0, "TOT_EST_CA": 2, "TMATRIC_GE": 238, "Zona": 1 }, "geometry": { "type": "Point", "coordinates": [ -8249805.086300000548363, 511063.86089999973774 ] } },
{ "type": "Feature", "properties": { "NOMBRE_EST": "COLEGIO ALEXANDER FLEMING (IED)", "NOMBRE_SED": "REINO UNIDO DE HOLANDA", "ORDEN_DE_S": "A", "DIRECCION": "DG 45 BIS SUR # 13 F - 03", "DISCAPACID": "AUDITIVA-INTELECTUAL-MENTAL/PSICOSOCIAL-MULTIPLE-VISUAL", "TALENTOS_O": null, "GRUPOS_ETN": "AFRODESCENDIENTES-INDIGENAS-NEGRITUDES-RAIZALES", "SECTOR": 2, "NATU_JUR": 9, "CALENDARIO": 1, "GENERO": 5, "COD_LOCA": "18", "ESPECIALID": 1, "CLASE_TIPO": 1, "BILINGUE": 5, "FECHA": "2025-04-30", "DANE12_EST": "111001018058", "DANE12_SED": "111001018058", "DA_HIPOACU": 1, "DA_SORDERA": 0, "DA_LENGUAS": 0, "DA_UCASTEL": 0, "DISCAP_FIS": 0, "DISCAP_FLE": 0, "DISCAP_PCE": 0, "DI_DCOGNIT": 21, "DI_SDOWN": 0, "DIS_MULTIP": 2, "DIS_PSICOS": 0, "DV_BAJAVIS": 1, "DIS_CEGUER": 0, "T_ESPECTRO": 0, "T_VOZ_Y_HA": 0, "SISTEMICA": 0, "SORDOCEGUE": 0, "OTRA": 0, "TOT_EST_MA": 25, "AFRODESCEN": 19, "INDIGENAS": 1, "NEGRITUDES": 17, "PALENQUERO": 0, "RAIZALES": 2, "ROM": 0, "TOT_EST_ET": 39, "CAPACID_EX": 0, "DOBLE_EXCE": 0, "TE_ACTFISI": 0, "TE_ARTES": 0, "TE_CNATUR": 0, "TE_CSOCIAL": 0, "TE_LDSOCIA": 0, "TE_TECNOLO": 1, "TOT_EST_CA": 1, "TMATRIC_GE": 682, "Zona": 1 }, "geometry": { "type": "Point", "coordinates": [ -8251084.147199999541044, 509489.230200000107288 ] } },
{ "type": "Feature", "properties": { "NOMBRE_EST": "COLEGIO ALEXANDER FLEMING (IED)", "NOMBRE_SED": "ANTONIO RICAURTE", "ORDEN_DE_S": "B", "DIRECCION": "CL 43 SUR # 16 A - 40", "DISCAPACID": "FISICA-INTELECTUAL", "TALENTOS_O": "CAPACIDADES EXCEPCIONALES-TALENTO EXCEPCIONAL EN ACTIVIDAD FISICA, EJERCICIO Y DEPORTE", "GRUPOS_ETN": "AFRODESCENDIENTES-INDIGENAS-NEGRITUDES-PALENQUEROS-RAIZALES", "SECTOR": 2, "NATU_JUR": 9, "CALENDARIO": 1, "GENERO": 5, "COD_LOCA": "18", "ESPECIALID": 13, "CLASE_TIPO": 1, "BILINGUE": 5, "FECHA": "2025-04-30", "DANE12_EST": "111001018058", "DANE12_SED": "111001018031", "DA_HIPOACU": 0, "DA_SORDERA": 0, "DA_LENGUAS": 0, "DA_UCASTEL": 0, "DISCAP_FIS": 1, "DISCAP_FLE": 0, "DISCAP_PCE": 0, "DI_DCOGNIT": 14, "DI_SDOWN": 0, "DIS_MULTIP": 1, "DIS_PSICOS": 0, "DV_BAJAVIS": 0, "DIS_CEGUER": 0, "T_ESPECTRO": 0, "T_VOZ_Y_HA": 0, "SISTEMICA": 0, "SORDOCEGUE": 0, "OTRA": 0, "TOT_EST_MA": 16, "AFRODESCEN": 25, "INDIGENAS": 5, "NEGRITUDES": 7, "PALENQUERO": 0, "RAIZALES": 1, "ROM": 0, "TOT_EST_ET": 38, "CAPACID_EX": 1, "DOBLE_EXCE": 0, "TE_ACTFISI": 5, "TE_ARTES": 2, "TE_CNATUR": 0, "TE_CSOCIAL": 0, "TE_LDSOCIA": 0, "TE_TECNOLO": 0, "TOT_EST_CA": 8, "TMATRIC_GE": 927, "Zona": 1 }, "geometry": { "type": "Point", "coordinates": [ -8251003.997199999168515, 509421.108500000089407 ] } },
{ "type": "Feature", "properties": { "NOMBRE_EST": "COLEGIO ALEXANDER FLEMING (IED)", "NOMBRE_SED": "CONSUELO SUR", "ORDEN_DE_S": "C", "DIRECCION": "CL 50 A SUR # 13 A - 31", "DISCAPACID": "INTELECTUAL", "TALENTOS_O": null, "GRUPOS_ETN": null, "SECTOR": 2, "NATU_JUR": 9, "CALENDARIO": 1, "GENERO": 5, "COD_LOCA": "18", "ESPECIALID": 13, "CLASE_TIPO": 1, "BILINGUE": 5, "FECHA": "2025-04-30", "DANE12_EST": "111001018058", "DANE12_SED": "111001028355", "DA_HIPOACU": 0, "DA_SORDERA": 0, "DA_LENGUAS": 0, "DA_UCASTEL": 0, "DISCAP_FIS": 0, "DISCAP_FLE": 0, "DISCAP_PCE": 0, "DI_DCOGNIT": 1, "DI_SDOWN": 0, "DIS_MULTIP": 1, "DIS_PSICOS": 0, "DV_BAJAVIS": 0, "DIS_CEGUER": 0, "T_ESPECTRO": 0, "T_VOZ_Y_HA": 0, "SISTEMICA": 0, "SORDOCEGUE": 0, "OTRA": 0, "TOT_EST_MA": 2, "AFRODESCEN": 2, "INDIGENAS": 0, "NEGRITUDES": 0, "PALENQUERO": 0, "RAIZALES": 0, "ROM": 0, "TOT_EST_ET": 2, "CAPACID_EX": 0, "DOBLE_EXCE": 0, "TE_ACTFISI": 0, "TE_ARTES": 0, "TE_CNATUR": 0, "TE_CSOCIAL": 0, "TE_LDSOCIA": 0, "TE_TECNOLO": 0, "TOT_EST_CA": 0, "TMATRIC_GE": 144, "Zona": 1 }, "geometry": { "type": "Point", "coordinates": [ -8251472.652200000360608, 508720.910999998450279 ] } },
{ "type": "Feature", "properties": { "NOMBRE_EST": "COLEGIO MISAEL PASTRANA BORRERO (IED)", "NOMBRE_SED": "MISAEL PASTRANA BORRERO", "ORDEN_DE_S": "A", "DIRECCION": "KR 10 A # 39 - 05 SUR", "DISCAPACID": "AUDITIVA-FISICA-INTELECTUAL-MENTAL/PSICOSOCIAL-MULTIPLE-VISUAL", "TALENTOS_O": "CAPACIDADES EXCEPCIONALES-TALENTO EXCEPCIONAL EN ARTES Y LETRAS-TALENTO EXCEPCIONAL EN CIENCIAS NATURALES O BASICAS-TALENTO EXCEPCIONAL EN CIENCIAS SOCIALES O HUMANAS", "GRUPOS_ETN": "AFRODESCENDIENTES-INDIGENAS-NEGRITUDES", "SECTOR": 2, "NATU_JUR": 9, "CALENDARIO": 1, "GENERO": 5, "COD_LOCA": "18", "ESPECIALID": 1, "CLASE_TIPO": 1, "BILINGUE": 5, "FECHA": "2025-04-30", "DANE12_EST": "111001020095", "DANE12_SED": "111001020095", "DA_HIPOACU": 0, "DA_SORDERA": 0, "DA_LENGUAS": 0, "DA_UCASTEL": 0, "DISCAP_FIS": 1, "DISCAP_FLE": 0, "DISCAP_PCE": 0, "DI_DCOGNIT": 29, "DI_SDOWN": 0, "DIS_MULTIP": 1, "DIS_PSICOS": 1, "DV_BAJAVIS": 2, "DIS_CEGUER": 0, "T_ESPECTRO": 0, "T_VOZ_Y_HA": 0, "SISTEMICA": 0, "SORDOCEGUE": 0, "OTRA": 0, "TOT_EST_MA": 35, "AFRODESCEN": 4, "INDIGENAS": 8, "NEGRITUDES": 1, "PALENQUERO": 0, "RAIZALES": 0, "ROM": 0, "TOT_EST_ET": 13, "CAPACID_EX": 1, "DOBLE_EXCE": 0, "TE_ACTFISI": 2, "TE_ARTES": 3, "TE_CNATUR": 1, "TE_CSOCIAL": 0, "TE_LDSOCIA": 0, "TE_TECNOLO": 0, "TOT_EST_CA": 7, "TMATRIC_GE": 1268, "Zona": 1 }, "geometry": { "type": "Point", "coordinates": [ -8249702.6722999997437, 508675.124699998646975 ] } },
{ "type": "Feature", "properties": { "NOMBRE_EST": "COLEGIO GUSTAVO RESTREPO (IED)", "NOMBRE_SED": "GUSTAVO RESTREPO", "ORDEN_DE_S": "A", "DIRECCION": "CL 28 SUR # 14 - 51", "DISCAPACID": "AUDITIVA-INTELECTUAL-MENTAL/PSICOSOCIAL-MULTIPLE", "TALENTOS_O": "TALENTO EXCEPCIONAL EN CIENCIAS SOCIALES O HUMANAS", "GRUPOS_ETN": "AFRODESCENDIENTES-INDIGENAS-NEGRITUDES", "SECTOR": 2, "NATU_JUR": 9, "CALENDARIO": 1, "GENERO": 5, "COD_LOCA": "18", "ESPECIALID": 12, "CLASE_TIPO": 1, "BILINGUE": 5, "FECHA": "2025-04-30", "DANE12_EST": "111001027332", "DANE12_SED": "111001027332", "DA_HIPOACU": 1, "DA_SORDERA": 0, "DA_LENGUAS": 0, "DA_UCASTEL": 0, "DISCAP_FIS": 3, "DISCAP_FLE": 0, "DISCAP_PCE": 0, "DI_DCOGNIT": 35, "DI_SDOWN": 0, "DIS_MULTIP": 6, "DIS_PSICOS": 5, "DV_BAJAVIS": 0, "DIS_CEGUER": 0, "T_ESPECTRO": 0, "T_VOZ_Y_HA": 0, "SISTEMICA": 0, "SORDOCEGUE": 0, "OTRA": 0, "TOT_EST_MA": 50, "AFRODESCEN": 2, "INDIGENAS": 6, "NEGRITUDES": 3, "PALENQUERO": 0, "RAIZALES": 0, "ROM": 0, "TOT_EST_ET": 11, "CAPACID_EX": 1, "DOBLE_EXCE": 0, "TE_ACTFISI": 2, "TE_ARTES": 0, "TE_CNATUR": 0, "TE_CSOCIAL": 1, "TE_LDSOCIA": 1, "TE_TECNOLO": 1, "TOT_EST_CA": 6, "TMATRIC_GE": 716, "Zona": 1 }, "geometry": { "type": "Point", "coordinates": [ -8249685.97440000064671, 510274.308100000023842 ] } },
{ "type": "Feature", "properties": { "NOMBRE_EST": "COLEGIO GUSTAVO RESTREPO (IED)", "NOMBRE_SED": "JOSE ACEVEDO Y GOMEZ", "ORDEN_DE_S": "B", "DIRECCION": "KR 13 A # 26 - 17 SUR", "DISCAPACID": "AUDITIVA-FISICA-INTELECTUAL-MENTAL/PSICOSOCIAL-MULTIPLE", "TALENTOS_O": "CAPACIDADES EXCEPCIONALES-TALENTO EXCEPCIONAL EN ACTIVIDAD FISICA, EJERCICIO Y DEPORTE-TALENTO EXCEPCIONAL EN ARTES Y LETRAS-TALENTO EXCEPCIONAL EN LIDERAZGO SOCIAL Y EMPRENDIMIENTO", "GRUPOS_ETN": "AFRODESCENDIENTES-INDIGENAS", "SECTOR": 2, "NATU_JUR": 9, "CALENDARIO": 1, "GENERO": 5, "COD_LOCA": "18", "ESPECIALID": 13, "CLASE_TIPO": 1, "BILINGUE": 5, "FECHA": "2025-04-30", "DANE12_EST": "111001027332", "DANE12_SED": "111001015130", "DA_HIPOACU": 0, "DA_SORDERA": 0, "DA_LENGUAS": 0, "DA_UCASTEL": 0, "DISCAP_FIS": 8, "DISCAP_FLE": 0, "DISCAP_PCE": 0, "DI_DCOGNIT": 144, "DI_SDOWN": 0, "DIS_MULTIP": 76, "DIS_PSICOS": 4, "DV_BAJAVIS": 2, "DIS_CEGUER": 0, "T_ESPECTRO": 0, "T_VOZ_Y_HA": 0, "SISTEMICA": 0, "SORDOCEGUE": 0, "OTRA": 0, "TOT_EST_MA": 234, "AFRODESCEN": 4, "INDIGENAS": 2, "NEGRITUDES": 2, "PALENQUERO": 0, "RAIZALES": 0, "ROM": 0, "TOT_EST_ET": 8, "CAPACID_EX": 0, "DOBLE_EXCE": 0, "TE_ACTFISI": 4, "TE_ARTES": 5, "TE_CNATUR": 0, "TE_CSOCIAL": 1, "TE_LDSOCIA": 2, "TE_TECNOLO": 0, "TOT_EST_CA": 12, "TMATRIC_GE": 852, "Zona": 1 }, "geometry": { "type": "Point", "coordinates": [ -8249061.472100000828505, 510086.692800000309944 ] } },
{ "type": "Feature", "properties": { "NOMBRE_EST": "COLEGIO GUSTAVO RESTREPO (IED)", "NOMBRE_SED": "GABRIEL TURBAY", "ORDEN_DE_S": "C", "DIRECCION": "TV 12 B # 15 - 07 SUR", "DISCAPACID": "FISICA-INTELECTUAL-MENTAL/PSICOSOCIAL-MULTIPLE", "TALENTOS_O": null, "GRUPOS_ETN": "AFRODESCENDIENTES-INDIGENAS-NEGRITUDES", "SECTOR": 2, "NATU_JUR": 9, "CALENDARIO": 1, "GENERO": 5, "COD_LOCA": "15", "ESPECIALID": 13, "CLASE_TIPO": 1, "BILINGUE": 5, "FECHA": "2025-04-30", "DANE12_EST": "111001027332", "DANE12_SED": "111001106810", "DA_HIPOACU": 0, "DA_SORDERA": 0, "DA_LENGUAS": 0, "DA_UCASTEL": 0, "DISCAP_FIS": 1, "DISCAP_FLE": 0, "DISCAP_PCE": 0, "DI_DCOGNIT": 264, "DI_SDOWN": 0, "DIS_MULTIP": 99, "DIS_PSICOS": 3, "DV_BAJAVIS": 0, "DIS_CEGUER": 0, "T_ESPECTRO": 0, "T_VOZ_Y_HA": 0, "SISTEMICA": 0, "SORDOCEGUE": 0, "OTRA": 0, "TOT_EST_MA": 367, "AFRODESCEN": 1, "INDIGENAS": 1, "NEGRITUDES": 1, "PALENQUERO": 0, "RAIZALES": 0, "ROM": 0, "TOT_EST_ET": 3, "CAPACID_EX": 0, "DOBLE_EXCE": 0, "TE_ACTFISI": 0, "TE_ARTES": 0, "TE_CNATUR": 0, "TE_CSOCIAL": 0, "TE_LDSOCIA": 0, "TE_TECNOLO": 1, "TOT_EST_CA": 1, "TMATRIC_GE": 367, "Zona": 1 }, "geometry": { "type": "Point", "coordinates": [ -8248434.743300000205636, 510811.471200000494719 ] } },
{ "type": "Feature", "properties": { "NOMBRE_EST": "COLEGIO ALFREDO IRIARTE (IED)", "NOMBRE_SED": "CHIRCALES", "ORDEN_DE_S": "A", "DIRECCION": "TV 5 J # 48 F - 69 SUR", "DISCAPACID": "INTELECTUAL-MENTAL/PSICOSOCIAL-VISUAL", "TALENTOS_O": "TALENTO EXCEPCIONAL EN ACTIVIDAD FISICA, EJERCICIO Y DEPORTE-TALENTO EXCEPCIONAL EN ARTES Y LETRAS-TALENTO EXCEPCIONAL EN CIENCIAS NATURALES O BASICAS", "GRUPOS_ETN": "AFRODESCENDIENTES-INDIGENAS-NEGRITUDES", "SECTOR": 2, "NATU_JUR": 9, "CALENDARIO": 1, "GENERO": 5, "COD_LOCA": "18", "ESPECIALID": 1, "CLASE_TIPO": 1, "BILINGUE": 5, "FECHA": "2025-04-30", "DANE12_EST": "111001027383", "DANE12_SED": "111001027383", "DA_HIPOACU": 1, "DA_SORDERA": 0, "DA_LENGUAS": 0, "DA_UCASTEL": 0, "DISCAP_FIS": 1, "DISCAP_FLE": 0, "DISCAP_PCE": 0, "DI_DCOGNIT": 9, "DI_SDOWN": 0, "DIS_MULTIP": 5, "DIS_PSICOS": 2, "DV_BAJAVIS": 1, "DIS_CEGUER": 0, "T_ESPECTRO": 0, "T_VOZ_Y_HA": 0, "SISTEMICA": 0, "SORDOCEGUE": 0, "OTRA": 0, "TOT_EST_MA": 21, "AFRODESCEN": 8, "INDIGENAS": 9, "NEGRITUDES": 2, "PALENQUERO": 0, "RAIZALES": 0, "ROM": 0, "TOT_EST_ET": 19, "CAPACID_EX": 0, "DOBLE_EXCE": 0, "TE_ACTFISI": 10, "TE_ARTES": 3, "TE_CNATUR": 1, "TE_CSOCIAL": 1, "TE_LDSOCIA": 0, "TE_TECNOLO": 0, "TOT_EST_CA": 15, "TMATRIC_GE": 1426, "Zona": 1 }, "geometry": { "type": "Point", "coordinates": [ -8250119.007200000807643, 507941.43189999833703 ] } },
{ "type": "Feature", "properties": { "NOMBRE_EST": "COLEGIO ALFREDO IRIARTE (IED)", "NOMBRE_SED": "EL MIRADOR", "ORDEN_DE_S": "B", "DIRECCION": "DG 48 J SUR # 9 - 14", "DISCAPACID": "INTELECTUAL", "TALENTOS_O": "CAPACIDADES EXCEPCIONALES-TALENTO EXCEPCIONAL EN ACTIVIDAD FISICA, EJERCICIO Y DEPORTE", "GRUPOS_ETN": "AFRODESCENDIENTES", "SECTOR": 2, "NATU_JUR": 9, "CALENDARIO": 1, "GENERO": 5, "COD_LOCA": "18", "ESPECIALID": 13, "CLASE_TIPO": 1, "BILINGUE": 5, "FECHA": "2025-04-30", "DANE12_EST": "111001027383", "DANE12_SED": "111001075141", "DA_HIPOACU": 0, "DA_SORDERA": 0, "DA_LENGUAS": 0, "DA_UCASTEL": 0, "DISCAP_FIS": 0, "DISCAP_FLE": 0, "DISCAP_PCE": 0, "DI_DCOGNIT": 5, "DI_SDOWN": 0, "DIS_MULTIP": 5, "DIS_PSICOS": 0, "DV_BAJAVIS": 0, "DIS_CEGUER": 0, "T_ESPECTRO": 0, "T_VOZ_Y_HA": 0, "SISTEMICA": 0, "SORDOCEGUE": 0, "OTRA": 0, "TOT_EST_MA": 10, "AFRODESCEN": 0, "INDIGENAS": 0, "NEGRITUDES": 0, "PALENQUERO": 0, "RAIZALES": 0, "ROM": 0, "TOT_EST_ET": 0, "CAPACID_EX": 1, "DOBLE_EXCE": 0, "TE_ACTFISI": 2, "TE_ARTES": 0, "TE_CNATUR": 0, "TE_CSOCIAL": 0, "TE_LDSOCIA": 0, "TE_TECNOLO": 0, "TOT_EST_CA": 3, "TMATRIC_GE": 364, "Zona": 1 }, "geometry": { "type": "Point", "coordinates": [ -8250584.322699999436736, 508115.641399998217821 ] } },
{ "type": "Feature", "properties": { "NOMBRE_EST": "COLEGIO ALFREDO IRIARTE (IED)", "NOMBRE_SED": "LA MERCED SUR", "ORDEN_DE_S": "C", "DIRECCION": "TV 11 A # 49 D - 12 SUR", "DISCAPACID": "INTELECTUAL", "TALENTOS_O": "TALENTO EXCEPCIONAL EN ACTIVIDAD FISICA, EJERCICIO Y DEPORTE-TALENTO EXCEPCIONAL EN ARTES Y LETRAS", "GRUPOS_ETN": "AFRODESCENDIENTES", "SECTOR": 2, "NATU_JUR": 9, "CALENDARIO": 1, "GENERO": 5, "COD_LOCA": "18", "ESPECIALID": 13, "CLASE_TIPO": 1, "BILINGUE": 5, "FECHA": "2025-04-30", "DANE12_EST": "111001027383", "DANE12_SED": "111001098957", "DA_HIPOACU": 0, "DA_SORDERA": 0, "DA_LENGUAS": 0, "DA_UCASTEL": 0, "DISCAP_FIS": 0, "DISCAP_FLE": 0, "DISCAP_PCE": 0, "DI_DCOGNIT": 2, "DI_SDOWN": 0, "DIS_MULTIP": 0, "DIS_PSICOS": 0, "DV_BAJAVIS": 0, "DIS_CEGUER": 0, "T_ESPECTRO": 0, "T_VOZ_Y_HA": 0, "SISTEMICA": 0, "SORDOCEGUE": 0, "OTRA": 0, "TOT_EST_MA": 2, "AFRODESCEN": 1, "INDIGENAS": 1, "NEGRITUDES": 0, "PALENQUERO": 0, "RAIZALES": 0, "ROM": 0, "TOT_EST_ET": 2, "CAPACID_EX": 0, "DOBLE_EXCE": 0, "TE_ACTFISI": 1, "TE_ARTES": 1, "TE_CNATUR": 0, "TE_CSOCIAL": 0, "TE_LDSOCIA": 1, "TE_TECNOLO": 1, "TOT_EST_CA": 4, "TMATRIC_GE": 197, "Zona": 1 }, "geometry": { "type": "Point", "coordinates": [ -8251091.939600000157952, 508365.789200000464916 ] } },
{ "type": "Feature", "properties": { "NOMBRE_EST": "COLEGIO PALERMO SUR (CED)", "NOMBRE_SED": "PALERMO SUR", "ORDEN_DE_S": "A", "DIRECCION": "KR 2 B # 49 D - 41 SUR", "DISCAPACID": "AUDITIVA-INTELECTUAL-MENTAL/PSICOSOCIAL-MULTIPLE", "TALENTOS_O": "TALENTO EXCEPCIONAL EN ACTIVIDAD FISICA, EJERCICIO Y DEPORTE-TALENTO EXCEPCIONAL EN ARTES Y LETRAS", "GRUPOS_ETN": "AFRODESCENDIENTES-INDIGENAS-NEGRITUDES", "SECTOR": 2, "NATU_JUR": 9, "CALENDARIO": 1, "GENERO": 5, "COD_LOCA": "18", "ESPECIALID": 13, "CLASE_TIPO": 1, "BILINGUE": 5, "FECHA": "2025-04-30", "DANE12_EST": "111001028380", "DANE12_SED": "111001028380", "DA_HIPOACU": 1, "DA_SORDERA": 0, "DA_LENGUAS": 0, "DA_UCASTEL": 0, "DISCAP_FIS": 0, "DISCAP_FLE": 0, "DISCAP_PCE": 0, "DI_DCOGNIT": 21, "DI_SDOWN": 0, "DIS_MULTIP": 5, "DIS_PSICOS": 0, "DV_BAJAVIS": 0, "DIS_CEGUER": 0, "T_ESPECTRO": 0, "T_VOZ_Y_HA": 0, "SISTEMICA": 0, "SORDOCEGUE": 0, "OTRA": 0, "TOT_EST_MA": 27, "AFRODESCEN": 7, "INDIGENAS": 1, "NEGRITUDES": 5, "PALENQUERO": 0, "RAIZALES": 0, "ROM": 0, "TOT_EST_ET": 13, "CAPACID_EX": 0, "DOBLE_EXCE": 0, "TE_ACTFISI": 8, "TE_ARTES": 6, "TE_CNATUR": 0, "TE_CSOCIAL": 0, "TE_LDSOCIA": 2, "TE_TECNOLO": 0, "TOT_EST_CA": 16, "TMATRIC_GE": 1200, "Zona": 1 }, "geometry": { "type": "Point", "coordinates": [ -8249858.519600000232458, 506271.942600000649691 ] } },
{ "type": "Feature", "properties": { "NOMBRE_EST": "COLEGIO ENRIQUE OLAYA HERRERA (IED)", "NOMBRE_SED": "ENRIQUE OLAYA HERRERA", "ORDEN_DE_S": "A", "DIRECCION": "KR 10 # 31 - 29 SUR", "DISCAPACID": "AUDITIVA-FISICA-INTELECTUAL-MENTAL/PSICOSOCIAL-MULTIPLE-SORDOCEGUERA-VISUAL", "TALENTOS_O": "CAPACIDADES EXCEPCIONALES-TALENTO EXCEPCIONAL EN ACTIVIDAD FISICA, EJERCICIO Y DEPORTE-TALENTO EXCEPCIONAL EN ARTES Y LETRAS-TALENTO EXCEPCIONAL EN CIENCIAS NATURALES O BASICAS-TALENTO EXCEPCIONAL EN LIDERAZGO SOCIAL Y EMPRENDIMIENTO-TALENTO EXCEPCIONAL", "GRUPOS_ETN": "AFRODESCENDIENTES-INDIGENAS-NEGRITUDES", "SECTOR": 2, "NATU_JUR": 9, "CALENDARIO": 1, "GENERO": 5, "COD_LOCA": "18", "ESPECIALID": 1, "CLASE_TIPO": 1, "BILINGUE": 5, "FECHA": "2025-04-30", "DANE12_EST": "111001030015", "DANE12_SED": "111001030015", "DA_HIPOACU": 11, "DA_SORDERA": 0, "DA_LENGUAS": 0, "DA_UCASTEL": 0, "DISCAP_FIS": 10, "DISCAP_FLE": 0, "DISCAP_PCE": 0, "DI_DCOGNIT": 58, "DI_SDOWN": 0, "DIS_MULTIP": 16, "DIS_PSICOS": 12, "DV_BAJAVIS": 2, "DIS_CEGUER": 0, "T_ESPECTRO": 0, "T_VOZ_Y_HA": 0, "SISTEMICA": 0, "SORDOCEGUE": 0, "OTRA": 0, "TOT_EST_MA": 109, "AFRODESCEN": 9, "INDIGENAS": 9, "NEGRITUDES": 8, "PALENQUERO": 0, "RAIZALES": 1, "ROM": 0, "TOT_EST_ET": 27, "CAPACID_EX": 1, "DOBLE_EXCE": 0, "TE_ACTFISI": 24, "TE_ARTES": 8, "TE_CNATUR": 1, "TE_CSOCIAL": 3, "TE_LDSOCIA": 4, "TE_TECNOLO": 4, "TOT_EST_CA": 45, "TMATRIC_GE": 4255, "Zona": 1 }, "geometry": { "type": "Point", "coordinates": [ -8248923.435900000855327, 509103.952899999916553 ] } },
{ "type": "Feature", "properties": { "NOMBRE_EST": "COLEGIO REPUBLICA EE.UU. DE AMERICA (IED)", "NOMBRE_SED": "REPUBLICA EE.UU. DE AMERICA", "ORDEN_DE_S": "A", "DIRECCION": "CL 22 SUR # 22 - 65", "DISCAPACID": "AUDITIVA-INTELECTUAL-MENTAL/PSICOSOCIAL-MULTIPLE-VISUAL", "TALENTOS_O": "CAPACIDADES EXCEPCIONALES-TALENTO EXCEPCIONAL EN ACTIVIDAD FISICA, EJERCICIO Y DEPORTE-TALENTO EXCEPCIONAL EN ARTES Y LETRAS-TALENTO EXCEPCIONAL EN CIENCIAS SOCIALES O HUMANAS-TALENTO EXCEPCIONAL EN LIDERAZGO SOCIAL Y EMPRENDIMIENTO", "GRUPOS_ETN": "INDIGENAS", "SECTOR": 2, "NATU_JUR": 9, "CALENDARIO": 1, "GENERO": 5, "COD_LOCA": "18", "ESPECIALID": 1, "CLASE_TIPO": 1, "BILINGUE": 5, "FECHA": "2025-04-30", "DANE12_EST": "111001032395", "DANE12_SED": "111001032395", "DA_HIPOACU": 2, "DA_SORDERA": 0, "DA_LENGUAS": 0, "DA_UCASTEL": 0, "DISCAP_FIS": 0, "DISCAP_FLE": 0, "DISCAP_PCE": 0, "DI_DCOGNIT": 7, "DI_SDOWN": 0, "DIS_MULTIP": 4, "DIS_PSICOS": 0, "DV_BAJAVIS": 0, "DIS_CEGUER": 0, "T_ESPECTRO": 0, "T_VOZ_Y_HA": 0, "SISTEMICA": 0, "SORDOCEGUE": 0, "OTRA": 0, "TOT_EST_MA": 13, "AFRODESCEN": 0, "INDIGENAS": 4, "NEGRITUDES": 0, "PALENQUERO": 0, "RAIZALES": 0, "ROM": 0, "TOT_EST_ET": 4, "CAPACID_EX": 0, "DOBLE_EXCE": 0, "TE_ACTFISI": 5, "TE_ARTES": 1, "TE_CNATUR": 1, "TE_CSOCIAL": 0, "TE_LDSOCIA": 3, "TE_TECNOLO": 0, "TOT_EST_CA": 10, "TMATRIC_GE": 628, "Zona": 1 }, "geometry": { "type": "Point", "coordinates": [ -8249363.147900000214577, 510866.192800000309944 ] } },
{ "type": "Feature", "properties": { "NOMBRE_EST": "COLEGIO CLEMENCIA DE CAYCEDO (IED)", "NOMBRE_SED": "CLEMENCIA DE CAYCEDO", "ORDEN_DE_S": "A", "DIRECCION": "CL 32 SUR # 22 - 30", "DISCAPACID": "FISICA-INTELECTUAL-MULTIPLE", "TALENTOS_O": "CAPACIDADES EXCEPCIONALES-TALENTO EXCEPCIONAL EN ACTIVIDAD FISICA, EJERCICIO Y DEPORTE-TALENTO EXCEPCIONAL EN ARTES Y LETRAS-TALENTO EXCEPCIONAL EN CIENCIAS SOCIALES O HUMANAS", "GRUPOS_ETN": "AFRODESCENDIENTES-INDIGENAS", "SECTOR": 2, "NATU_JUR": 9, "CALENDARIO": 1, "GENERO": 5, "COD_LOCA": "18", "ESPECIALID": 1, "CLASE_TIPO": 1, "BILINGUE": 5, "FECHA": "2025-04-30", "DANE12_EST": "111001034134", "DANE12_SED": "111001034134", "DA_HIPOACU": 0, "DA_SORDERA": 0, "DA_LENGUAS": 0, "DA_UCASTEL": 0, "DISCAP_FIS": 1, "DISCAP_FLE": 0, "DISCAP_PCE": 0, "DI_DCOGNIT": 5, "DI_SDOWN": 0, "DIS_MULTIP": 2, "DIS_PSICOS": 0, "DV_BAJAVIS": 0, "DIS_CEGUER": 0, "T_ESPECTRO": 0, "T_VOZ_Y_HA": 0, "SISTEMICA": 0, "SORDOCEGUE": 0, "OTRA": 0, "TOT_EST_MA": 8, "AFRODESCEN": 4, "INDIGENAS": 4, "NEGRITUDES": 0, "PALENQUERO": 0, "RAIZALES": 0, "ROM": 0, "TOT_EST_ET": 8, "CAPACID_EX": 1, "DOBLE_EXCE": 0, "TE_ACTFISI": 4, "TE_ARTES": 1, "TE_CNATUR": 0, "TE_CSOCIAL": 2, "TE_LDSOCIA": 0, "TE_TECNOLO": 0, "TOT_EST_CA": 8, "TMATRIC_GE": 759, "Zona": 1 }, "geometry": { "type": "Point", "coordinates": [ -8250415.11710000038147, 510463.040699999779463 ] } },
{ "type": "Feature", "properties": { "NOMBRE_EST": "COLEGIO JOSE MARTI (IED)", "NOMBRE_SED": "LUIS LOPEZ DE MESA", "ORDEN_DE_S": "A", "DIRECCION": "DG 32 A SUR # 14 A - 97", "DISCAPACID": "INTELECTUAL-MENTAL/PSICOSOCIAL-MULTIPLE", "TALENTOS_O": null, "GRUPOS_ETN": "AFRODESCENDIENTES-INDIGENAS-NEGRITUDES", "SECTOR": 2, "NATU_JUR": 9, "CALENDARIO": 1, "GENERO": 5, "COD_LOCA": "18", "ESPECIALID": 1, "CLASE_TIPO": 1, "BILINGUE": 5, "FECHA": "2025-04-30", "DANE12_EST": "111001036765", "DANE12_SED": "111001036765", "DA_HIPOACU": 0, "DA_SORDERA": 0, "DA_LENGUAS": 0, "DA_UCASTEL": 0, "DISCAP_FIS": 0, "DISCAP_FLE": 0, "DISCAP_PCE": 0, "DI_DCOGNIT": 16, "DI_SDOWN": 0, "DIS_MULTIP": 4, "DIS_PSICOS": 0, "DV_BAJAVIS": 0, "DIS_CEGUER": 0, "T_ESPECTRO": 0, "T_VOZ_Y_HA": 0, "SISTEMICA": 0, "SORDOCEGUE": 0, "OTRA": 0, "TOT_EST_MA": 20, "AFRODESCEN": 9, "INDIGENAS": 5, "NEGRITUDES": 9, "PALENQUERO": 0, "RAIZALES": 0, "ROM": 0, "TOT_EST_ET": 23, "CAPACID_EX": 0, "DOBLE_EXCE": 0, "TE_ACTFISI": 0, "TE_ARTES": 1, "TE_CNATUR": 0, "TE_CSOCIAL": 0, "TE_LDSOCIA": 0, "TE_TECNOLO": 0, "TOT_EST_CA": 1, "TMATRIC_GE": 477, "Zona": 1 }, "geometry": { "type": "Point", "coordinates": [ -8249895.255100000649691, 509606.488800000399351 ] } },
{ "type": "Feature", "properties": { "NOMBRE_EST": "COLEGIO JOSE MARTI (IED)", "NOMBRE_SED": "NAZARETH", "ORDEN_DE_S": "B", "DIRECCION": "DG 32 B SUR # 13 B - 17 - SEDE ADMINISTRATIVA", "DISCAPACID": "INTELECTUAL-MENTAL/PSICOSOCIAL-MULTIPLE", "TALENTOS_O": "TALENTO EXCEPCIONAL EN CIENCIAS SOCIALES O HUMANAS", "GRUPOS_ETN": "AFRODESCENDIENTES-INDIGENAS-NEGRITUDES", "SECTOR": 2, "NATU_JUR": 9, "CALENDARIO": 1, "GENERO": 5, "COD_LOCA": "18", "ESPECIALID": 13, "CLASE_TIPO": 1, "BILINGUE": 5, "FECHA": "2025-04-30", "DANE12_EST": "111001036765", "DANE12_SED": "111001018112", "DA_HIPOACU": 0, "DA_SORDERA": 0, "DA_LENGUAS": 0, "DA_UCASTEL": 0, "DISCAP_FIS": 0, "DISCAP_FLE": 0, "DISCAP_PCE": 0, "DI_DCOGNIT": 10, "DI_SDOWN": 0, "DIS_MULTIP": 4, "DIS_PSICOS": 1, "DV_BAJAVIS": 0, "DIS_CEGUER": 0, "T_ESPECTRO": 0, "T_VOZ_Y_HA": 0, "SISTEMICA": 0, "SORDOCEGUE": 0, "OTRA": 0, "TOT_EST_MA": 15, "AFRODESCEN": 5, "INDIGENAS": 1, "NEGRITUDES": 2, "PALENQUERO": 0, "RAIZALES": 0, "ROM": 0, "TOT_EST_ET": 8, "CAPACID_EX": 0, "DOBLE_EXCE": 0, "TE_ACTFISI": 0, "TE_ARTES": 0, "TE_CNATUR": 0, "TE_CSOCIAL": 1, "TE_LDSOCIA": 0, "TE_TECNOLO": 0, "TOT_EST_CA": 1, "TMATRIC_GE": 330, "Zona": 1 }, "geometry": { "type": "Point", "coordinates": [ -8250205.836400000378489, 509759.48369999974966 ] } },
{ "type": "Feature", "properties": { "NOMBRE_EST": "COLEGIO JOSE MARTI (IED)", "NOMBRE_SED": "GRANJAS SAN PABLO", "ORDEN_DE_S": "C", "DIRECCION": "CL 40 D SUR # 12 J - 39", "DISCAPACID": "AUDITIVA-FISICA-INTELECTUAL-MENTAL/PSICOSOCIAL-MULTIPLE", "TALENTOS_O": "CAPACIDADES EXCEPCIONALES", "GRUPOS_ETN": "AFRODESCENDIENTES-INDIGENAS-NEGRITUDES", "SECTOR": 2, "NATU_JUR": 9, "CALENDARIO": 1, "GENERO": 5, "COD_LOCA": "18", "ESPECIALID": 13, "CLASE_TIPO": 1, "BILINGUE": 5, "FECHA": "2025-04-30", "DANE12_EST": "111001036765", "DANE12_SED": "111001017981", "DA_HIPOACU": 0, "DA_SORDERA": 0, "DA_LENGUAS": 0, "DA_UCASTEL": 0, "DISCAP_FIS": 0, "DISCAP_FLE": 0, "DISCAP_PCE": 0, "DI_DCOGNIT": 13, "DI_SDOWN": 0, "DIS_MULTIP": 4, "DIS_PSICOS": 0, "DV_BAJAVIS": 0, "DIS_CEGUER": 0, "T_ESPECTRO": 0, "T_VOZ_Y_HA": 0, "SISTEMICA": 0, "SORDOCEGUE": 0, "OTRA": 0, "TOT_EST_MA": 17, "AFRODESCEN": 5, "INDIGENAS": 2, "NEGRITUDES": 6, "PALENQUERO": 0, "RAIZALES": 0, "ROM": 0, "TOT_EST_ET": 13, "CAPACID_EX": 0, "DOBLE_EXCE": 0, "TE_ACTFISI": 3, "TE_ARTES": 0, "TE_CNATUR": 0, "TE_CSOCIAL": 0, "TE_LDSOCIA": 2, "TE_TECNOLO": 0, "TOT_EST_CA": 5, "TMATRIC_GE": 555, "Zona": 1 }, "geometry": { "type": "Point", "coordinates": [ -8250565.398399999365211, 509444.560199998319149 ] } },
{ "type": "Feature", "properties": { "NOMBRE_EST": "COLEGIO JOSE MARTI (IED)", "NOMBRE_SED": "LA RESURRECCION", "ORDEN_DE_S": "D", "DIRECCION": "DG 32 B SUR # 12 B - 36", "DISCAPACID": "INTELECTUAL-MULTIPLE-VISUAL", "TALENTOS_O": "TALENTO EXCEPCIONAL EN ACTIVIDAD FISICA, EJERCICIO Y DEPORTE-TALENTO EXCEPCIONAL EN ARTES Y LETRAS", "GRUPOS_ETN": "AFRODESCENDIENTES-INDIGENAS", "SECTOR": 2, "NATU_JUR": 9, "CALENDARIO": 1, "GENERO": 5, "COD_LOCA": "18", "ESPECIALID": 13, "CLASE_TIPO": 1, "BILINGUE": 5, "FECHA": "2025-04-30", "DANE12_EST": "111001036765", "DANE12_SED": "111001015148", "DA_HIPOACU": 0, "DA_SORDERA": 0, "DA_LENGUAS": 0, "DA_UCASTEL": 0, "DISCAP_FIS": 0, "DISCAP_FLE": 0, "DISCAP_PCE": 0, "DI_DCOGNIT": 10, "DI_SDOWN": 0, "DIS_MULTIP": 4, "DIS_PSICOS": 0, "DV_BAJAVIS": 1, "DIS_CEGUER": 0, "T_ESPECTRO": 0, "T_VOZ_Y_HA": 0, "SISTEMICA": 0, "SORDOCEGUE": 0, "OTRA": 0, "TOT_EST_MA": 15, "AFRODESCEN": 1, "INDIGENAS": 1, "NEGRITUDES": 0, "PALENQUERO": 0, "RAIZALES": 0, "ROM": 0, "TOT_EST_ET": 2, "CAPACID_EX": 0, "DOBLE_EXCE": 0, "TE_ACTFISI": 1, "TE_ARTES": 2, "TE_CNATUR": 0, "TE_CSOCIAL": 0, "TE_LDSOCIA": 0, "TE_TECNOLO": 1, "TOT_EST_CA": 4, "TMATRIC_GE": 253, "Zona": 1 }, "geometry": { "type": "Point", "coordinates": [ -8249824.010600000619888, 509068.217099998146296 ] } },
{ "type": "Feature", "properties": { "NOMBRE_EST": "COLEGIO JOSE MARTI (IED)", "NOMBRE_SED": "RIO DE JANEIRO", "ORDEN_DE_S": "E", "DIRECCION": "CL 34 SUR # 16 C - 21", "DISCAPACID": "INTELECTUAL", "TALENTOS_O": null, "GRUPOS_ETN": "AFRODESCENDIENTES-NEGRITUDES", "SECTOR": 2, "NATU_JUR": 9, "CALENDARIO": 1, "GENERO": 5, "COD_LOCA": "18", "ESPECIALID": 13, "CLASE_TIPO": 1, "BILINGUE": 5, "FECHA": "2025-04-30", "DANE12_EST": "111001036765", "DANE12_SED": "111001012912", "DA_HIPOACU": 0, "DA_SORDERA": 0, "DA_LENGUAS": 0, "DA_UCASTEL": 0, "DISCAP_FIS": 0, "DISCAP_FLE": 0, "DISCAP_PCE": 0, "DI_DCOGNIT": 0, "DI_SDOWN": 0, "DIS_MULTIP": 0, "DIS_PSICOS": 0, "DV_BAJAVIS": 0, "DIS_CEGUER": 0, "T_ESPECTRO": 0, "T_VOZ_Y_HA": 0, "SISTEMICA": 0, "SORDOCEGUE": 0, "OTRA": 0, "TOT_EST_MA": 0, "AFRODESCEN": 0, "INDIGENAS": 1, "NEGRITUDES": 1, "PALENQUERO": 0, "RAIZALES": 0, "ROM": 0, "TOT_EST_ET": 2, "CAPACID_EX": 0, "DOBLE_EXCE": 0, "TE_ACTFISI": 0, "TE_ARTES": 1, "TE_CNATUR": 0, "TE_CSOCIAL": 0, "TE_LDSOCIA": 0, "TE_TECNOLO": 0, "TOT_EST_CA": 1, "TMATRIC_GE": 86, "Zona": 1 }, "geometry": { "type": "Point", "coordinates": [ -8250558.719200000166893, 509762.833999998867512 ] } },
{ "type": "Feature", "properties": { "NOMBRE_EST": "COLEGIO DIANA TURBAY (IED)", "NOMBRE_SED": "DIANA TURBAY I", "ORDEN_DE_S": "A", "DIRECCION": "DG 48 Z SUR # 4 B - 10", "DISCAPACID": "AUDITIVA-FISICA-INTELECTUAL-MENTAL/PSICOSOCIAL-MULTIPLE", "TALENTOS_O": "CAPACIDADES EXCEPCIONALES-TALENTO EXCEPCIONAL EN ACTIVIDAD FISICA, EJERCICIO Y DEPORTE-TALENTO EXCEPCIONAL EN ARTES Y LETRAS-TALENTO EXCEPCIONAL EN CIENCIAS NATURALES O BASICAS-TALENTO EXCEPCIONAL EN LIDERAZGO SOCIAL Y EMPRENDIMIENTO", "GRUPOS_ETN": "AFRODESCENDIENTES-INDIGENAS-NEGRITUDES", "SECTOR": 2, "NATU_JUR": 9, "CALENDARIO": 1, "GENERO": 5, "COD_LOCA": "18", "ESPECIALID": 1, "CLASE_TIPO": 1, "BILINGUE": 5, "FECHA": "2025-04-30", "DANE12_EST": "111001041611", "DANE12_SED": "111001041611", "DA_HIPOACU": 1, "DA_SORDERA": 0, "DA_LENGUAS": 0, "DA_UCASTEL": 0, "DISCAP_FIS": 4, "DISCAP_FLE": 0, "DISCAP_PCE": 0, "DI_DCOGNIT": 45, "DI_SDOWN": 0, "DIS_MULTIP": 7, "DIS_PSICOS": 1, "DV_BAJAVIS": 1, "DIS_CEGUER": 0, "T_ESPECTRO": 0, "T_VOZ_Y_HA": 0, "SISTEMICA": 0, "SORDOCEGUE": 0, "OTRA": 0, "TOT_EST_MA": 59, "AFRODESCEN": 14, "INDIGENAS": 9, "NEGRITUDES": 11, "PALENQUERO": 0, "RAIZALES": 0, "ROM": 0, "TOT_EST_ET": 34, "CAPACID_EX": 1, "DOBLE_EXCE": 0, "TE_ACTFISI": 4, "TE_ARTES": 6, "TE_CNATUR": 1, "TE_CSOCIAL": 0, "TE_LDSOCIA": 2, "TE_TECNOLO": 1, "TOT_EST_CA": 15, "TMATRIC_GE": 1477, "Zona": 1 }, "geometry": { "type": "Point", "coordinates": [ -8249898.5945999994874, 506763.293699998408556 ] } },
{ "type": "Feature", "properties": { "NOMBRE_EST": "COLEGIO DIANA TURBAY (IED)", "NOMBRE_SED": "DIANA TURBAY II", "ORDEN_DE_S": "B", "DIRECCION": "CL 49 SUR # 2 - 15", "DISCAPACID": "AUDITIVA-INTELECTUAL-MULTIPLE", "TALENTOS_O": null, "GRUPOS_ETN": "AFRODESCENDIENTES-INDIGENAS-NEGRITUDES", "SECTOR": 2, "NATU_JUR": 9, "CALENDARIO": 1, "GENERO": 5, "COD_LOCA": "18", "ESPECIALID": 13, "CLASE_TIPO": 1, "BILINGUE": 5, "FECHA": "2025-04-30", "DANE12_EST": "111001041611", "DANE12_SED": "111001087815", "DA_HIPOACU": 0, "DA_SORDERA": 0, "DA_LENGUAS": 0, "DA_UCASTEL": 0, "DISCAP_FIS": 0, "DISCAP_FLE": 0, "DISCAP_PCE": 0, "DI_DCOGNIT": 7, "DI_SDOWN": 0, "DIS_MULTIP": 1, "DIS_PSICOS": 0, "DV_BAJAVIS": 0, "DIS_CEGUER": 0, "T_ESPECTRO": 0, "T_VOZ_Y_HA": 0, "SISTEMICA": 0, "SORDOCEGUE": 0, "OTRA": 0, "TOT_EST_MA": 8, "AFRODESCEN": 4, "INDIGENAS": 1, "NEGRITUDES": 0, "PALENQUERO": 0, "RAIZALES": 0, "ROM": 0, "TOT_EST_ET": 5, "CAPACID_EX": 0, "DOBLE_EXCE": 0, "TE_ACTFISI": 1, "TE_ARTES": 0, "TE_CNATUR": 0, "TE_CSOCIAL": 0, "TE_LDSOCIA": 0, "TE_TECNOLO": 0, "TOT_EST_CA": 1, "TMATRIC_GE": 227, "Zona": 1 }, "geometry": { "type": "Point", "coordinates": [ -8249626.975099999457598, 506519.851199999451637 ] } },
{ "type": "Feature", "properties": { "NOMBRE_EST": "COLEGIO MARRUECOS Y MOLINOS (IED)", "NOMBRE_SED": "MARRUECOS Y MOLINOS", "ORDEN_DE_S": "A", "DIRECCION": "CL 49 D BIS SUR # 5 X - 02", "DISCAPACID": "AUDITIVA-FISICA-INTELECTUAL-MENTAL/PSICOSOCIAL-MULTIPLE-VISUAL", "TALENTOS_O": "CAPACIDADES EXCEPCIONALES-TALENTO EXCEPCIONAL EN ACTIVIDAD FISICA, EJERCICIO Y DEPORTE-TALENTO EXCEPCIONAL EN ARTES Y LETRAS-TALENTO EXCEPCIONAL EN CIENCIAS NATURALES O BASICAS-TALENTO EXCEPCIONAL EN LIDERAZGO SOCIAL Y EMPRENDIMIENTO", "GRUPOS_ETN": "AFRODESCENDIENTES-INDIGENAS-NEGRITUDES", "SECTOR": 2, "NATU_JUR": 9, "CALENDARIO": 1, "GENERO": 5, "COD_LOCA": "18", "ESPECIALID": 1, "CLASE_TIPO": 1, "BILINGUE": 5, "FECHA": "2025-04-30", "DANE12_EST": "111001076376", "DANE12_SED": "111001076376", "DA_HIPOACU": 4, "DA_SORDERA": 0, "DA_LENGUAS": 0, "DA_UCASTEL": 0, "DISCAP_FIS": 6, "DISCAP_FLE": 0, "DISCAP_PCE": 0, "DI_DCOGNIT": 40, "DI_SDOWN": 0, "DIS_MULTIP": 17, "DIS_PSICOS": 5, "DV_BAJAVIS": 6, "DIS_CEGUER": 0, "T_ESPECTRO": 0, "T_VOZ_Y_HA": 0, "SISTEMICA": 0, "SORDOCEGUE": 0, "OTRA": 0, "TOT_EST_MA": 78, "AFRODESCEN": 12, "INDIGENAS": 10, "NEGRITUDES": 4, "PALENQUERO": 0, "RAIZALES": 0, "ROM": 0, "TOT_EST_ET": 26, "CAPACID_EX": 1, "DOBLE_EXCE": 0, "TE_ACTFISI": 20, "TE_ARTES": 11, "TE_CNATUR": 2, "TE_CSOCIAL": 0, "TE_LDSOCIA": 1, "TE_TECNOLO": 0, "TOT_EST_CA": 35, "TMATRIC_GE": 3529, "Zona": 1 }, "geometry": { "type": "Point", "coordinates": [ -8250773.5658, 507624.2820999994874 ] } },
{ "type": "Feature", "properties": { "NOMBRE_EST": "COLEGIO LA PAZ (IED)", "NOMBRE_SED": "LA PAZ", "ORDEN_DE_S": "A", "DIRECCION": "DG 52 A SUR # 5 B - 48", "DISCAPACID": "INTELECTUAL", "TALENTOS_O": "TALENTO EXCEPCIONAL EN LIDERAZGO SOCIAL Y EMPRENDIMIENTO", "GRUPOS_ETN": "AFRODESCENDIENTES-INDIGENAS-NEGRITUDES-RAIZALES", "SECTOR": 2, "NATU_JUR": 9, "CALENDARIO": 1, "GENERO": 5, "COD_LOCA": "18", "ESPECIALID": 13, "CLASE_TIPO": 1, "BILINGUE": 5, "FECHA": "2025-04-30", "DANE12_EST": "111001078930", "DANE12_SED": "111001078930", "DA_HIPOACU": 0, "DA_SORDERA": 0, "DA_LENGUAS": 0, "DA_UCASTEL": 0, "DISCAP_FIS": 1, "DISCAP_FLE": 0, "DISCAP_PCE": 0, "DI_DCOGNIT": 3, "DI_SDOWN": 0, "DIS_MULTIP": 0, "DIS_PSICOS": 0, "DV_BAJAVIS": 0, "DIS_CEGUER": 0, "T_ESPECTRO": 0, "T_VOZ_Y_HA": 0, "SISTEMICA": 0, "SORDOCEGUE": 0, "OTRA": 0, "TOT_EST_MA": 4, "AFRODESCEN": 0, "INDIGENAS": 0, "NEGRITUDES": 0, "PALENQUERO": 0, "RAIZALES": 1, "ROM": 0, "TOT_EST_ET": 1, "CAPACID_EX": 1, "DOBLE_EXCE": 0, "TE_ACTFISI": 2, "TE_ARTES": 0, "TE_CNATUR": 0, "TE_CSOCIAL": 0, "TE_LDSOCIA": 1, "TE_TECNOLO": 0, "TOT_EST_CA": 4, "TMATRIC_GE": 306, "Zona": 1 }, "geometry": { "type": "Point", "coordinates": [ -8250639.9824, 506319.960900001227856 ] } },
{ "type": "Feature", "properties": { "NOMBRE_EST": "COLEGIO LA PAZ (IED)", "NOMBRE_SED": "FE Y ALEGRIA", "ORDEN_DE_S": "B", "DIRECCION": "KR 4 B # 51 A - 02 SUR", "DISCAPACID": null, "TALENTOS_O": null, "GRUPOS_ETN": null, "SECTOR": 2, "NATU_JUR": 9, "CALENDARIO": 1, "GENERO": 5, "COD_LOCA": "18", "ESPECIALID": 1, "CLASE_TIPO": 1, "BILINGUE": 5, "FECHA": "2025-04-30", "DANE12_EST": "111001078930", "DANE12_SED": "111001801331", "DA_HIPOACU": 0, "DA_SORDERA": 0, "DA_LENGUAS": 0, "DA_UCASTEL": 0, "DISCAP_FIS": 0, "DISCAP_FLE": 0, "DISCAP_PCE": 0, "DI_DCOGNIT": 13, "DI_SDOWN": 0, "DIS_MULTIP": 0, "DIS_PSICOS": 0, "DV_BAJAVIS": 2, "DIS_CEGUER": 0, "T_ESPECTRO": 0, "T_VOZ_Y_HA": 0, "SISTEMICA": 0, "SORDOCEGUE": 0, "OTRA": 0, "TOT_EST_MA": 15, "AFRODESCEN": 9, "INDIGENAS": 4, "NEGRITUDES": 5, "PALENQUERO": 1, "RAIZALES": 0, "ROM": 0, "TOT_EST_ET": 19, "CAPACID_EX": 0, "DOBLE_EXCE": 0, "TE_ACTFISI": 2, "TE_ARTES": 1, "TE_CNATUR": 0, "TE_CSOCIAL": 0, "TE_LDSOCIA": 2, "TE_TECNOLO": 0, "TOT_EST_CA": 5, "TMATRIC_GE": 876, "Zona": 1 }, "geometry": { "type": "Point", "coordinates": [ -8250262.609400000423193, 506429.397999998182058 ] } },
{ "type": "Feature", "properties": { "NOMBRE_EST": "COLEGIO SANTA LUCIA (IED)", "NOMBRE_SED": "COLEGIO SANTA LUCIA (IED) - SEDE PRINCIPAL", "ORDEN_DE_S": "A", "DIRECCION": "DG 36 SUR # 16 B - 26", "DISCAPACID": "FISICA-INTELECTUAL-MENTAL/PSICOSOCIAL-MULTIPLE-SORDOCEGUERA", "TALENTOS_O": "TALENTO EXCEPCIONAL EN ARTES Y LETRAS", "GRUPOS_ETN": "INDIGENAS", "SECTOR": 2, "NATU_JUR": 9, "CALENDARIO": 1, "GENERO": 5, "COD_LOCA": "18", "ESPECIALID": 1, "CLASE_TIPO": 2, "BILINGUE": 5, "FECHA": "2025-04-30", "DANE12_EST": "111001098965", "DANE12_SED": "111001098965", "DA_HIPOACU": 1, "DA_SORDERA": 0, "DA_LENGUAS": 0, "DA_UCASTEL": 0, "DISCAP_FIS": 1, "DISCAP_FLE": 0, "DISCAP_PCE": 0, "DI_DCOGNIT": 5, "DI_SDOWN": 0, "DIS_MULTIP": 3, "DIS_PSICOS": 4, "DV_BAJAVIS": 0, "DIS_CEGUER": 0, "T_ESPECTRO": 0, "T_VOZ_Y_HA": 0, "SISTEMICA": 0, "SORDOCEGUE": 0, "OTRA": 0, "TOT_EST_MA": 14, "AFRODESCEN": 0, "INDIGENAS": 4, "NEGRITUDES": 0, "PALENQUERO": 1, "RAIZALES": 0, "ROM": 0, "TOT_EST_ET": 5, "CAPACID_EX": 1, "DOBLE_EXCE": 0, "TE_ACTFISI": 1, "TE_ARTES": 4, "TE_CNATUR": 0, "TE_CSOCIAL": 0, "TE_LDSOCIA": 1, "TE_TECNOLO": 0, "TOT_EST_CA": 7, "TMATRIC_GE": 1109, "Zona": 1 }, "geometry": { "type": "Point", "coordinates": [ -8250700.095000000670552, 509713.696899998933077 ] } },
{ "type": "Feature", "properties": { "NOMBRE_EST": "COLEGIO COLOMBIA VIVA (IED)", "NOMBRE_SED": "NESTOR FORERO ALCALA", "ORDEN_DE_S": "A", "DIRECCION": "KR 5 A # 48 M - 50 SUR", "DISCAPACID": "AUDITIVA-FISICA-INTELECTUAL-MENTAL/PSICOSOCIAL-MULTIPLE-VISUAL", "TALENTOS_O": "CAPACIDADES EXCEPCIONALES-TALENTO EXCEPCIONAL EN ACTIVIDAD FISICA, EJERCICIO Y DEPORTE-TALENTO EXCEPCIONAL EN TECNOLOGIA", "GRUPOS_ETN": "AFRODESCENDIENTES-INDIGENAS-NEGRITUDES-RAIZALES", "SECTOR": 2, "NATU_JUR": 9, "CALENDARIO": 1, "GENERO": 5, "COD_LOCA": "18", "ESPECIALID": 1, "CLASE_TIPO": 1, "BILINGUE": 5, "FECHA": "2025-04-30", "DANE12_EST": "111001102091", "DANE12_SED": "111001102091", "DA_HIPOACU": 3, "DA_SORDERA": 0, "DA_LENGUAS": 0, "DA_UCASTEL": 0, "DISCAP_FIS": 1, "DISCAP_FLE": 0, "DISCAP_PCE": 0, "DI_DCOGNIT": 12, "DI_SDOWN": 0, "DIS_MULTIP": 3, "DIS_PSICOS": 4, "DV_BAJAVIS": 0, "DIS_CEGUER": 0, "T_ESPECTRO": 0, "T_VOZ_Y_HA": 0, "SISTEMICA": 0, "SORDOCEGUE": 0, "OTRA": 0, "TOT_EST_MA": 23, "AFRODESCEN": 17, "INDIGENAS": 19, "NEGRITUDES": 5, "PALENQUERO": 0, "RAIZALES": 2, "ROM": 0, "TOT_EST_ET": 43, "CAPACID_EX": 2, "DOBLE_EXCE": 0, "TE_ACTFISI": 7, "TE_ARTES": 1, "TE_CNATUR": 1, "TE_CSOCIAL": 1, "TE_LDSOCIA": 0, "TE_TECNOLO": 1, "TOT_EST_CA": 13, "TMATRIC_GE": 1534, "Zona": 1 }, "geometry": { "type": "Point", "coordinates": [ -8249626.975099999457598, 507427.739199999719858 ] } },
{ "type": "Feature", "properties": { "NOMBRE_EST": "COLEGIO MARIA CANO (IED)", "NOMBRE_SED": "MARIA CANO", "ORDEN_DE_S": "A", "DIRECCION": "TV 5 U # 48 J - 30 SUR  --  TV 5 Q # 48 H - 05 SUR", "DISCAPACID": "FISICA-INTELECTUAL-MULTIPLE-SORDOCEGUERA", "TALENTOS_O": "TALENTO EXCEPCIONAL EN ACTIVIDAD FISICA, EJERCICIO Y DEPORTE-TALENTO EXCEPCIONAL EN ARTES Y LETRAS-TALENTO EXCEPCIONAL EN CIENCIAS NATURALES O BASICAS", "GRUPOS_ETN": "AFRODESCENDIENTES-INDIGENAS-NEGRITUDES-ROM", "SECTOR": 2, "NATU_JUR": 9, "CALENDARIO": 1, "GENERO": 5, "COD_LOCA": "18", "ESPECIALID": 1, "CLASE_TIPO": 1, "BILINGUE": 5, "FECHA": "2025-04-30", "DANE12_EST": "111001107794", "DANE12_SED": "111001107794", "DA_HIPOACU": 2, "DA_SORDERA": 0, "DA_LENGUAS": 0, "DA_UCASTEL": 0, "DISCAP_FIS": 5, "DISCAP_FLE": 0, "DISCAP_PCE": 0, "DI_DCOGNIT": 11, "DI_SDOWN": 0, "DIS_MULTIP": 5, "DIS_PSICOS": 1, "DV_BAJAVIS": 3, "DIS_CEGUER": 0, "T_ESPECTRO": 0, "T_VOZ_Y_HA": 0, "SISTEMICA": 0, "SORDOCEGUE": 0, "OTRA": 0, "TOT_EST_MA": 27, "AFRODESCEN": 3, "INDIGENAS": 5, "NEGRITUDES": 6, "PALENQUERO": 0, "RAIZALES": 0, "ROM": 0, "TOT_EST_ET": 14, "CAPACID_EX": 0, "DOBLE_EXCE": 0, "TE_ACTFISI": 4, "TE_ARTES": 1, "TE_CNATUR": 1, "TE_CSOCIAL": 0, "TE_LDSOCIA": 0, "TE_TECNOLO": 1, "TOT_EST_CA": 7, "TMATRIC_GE": 1673, "Zona": 1 }, "geometry": { "type": "Point", "coordinates": [ -8250497.49349999986589, 508070.972300000488758 ] } },
{ "type": "Feature", "properties": { "NOMBRE_EST": "COLEGIO REPUBLICA DE MEXICO (IED)", "NOMBRE_SED": "REPUBLICA DE MEXICO", "ORDEN_DE_S": "A", "DIRECCION": "CL 64 SUR # 16 D - 50", "DISCAPACID": "AUDITIVA-FISICA-INTELECTUAL-MENTAL/PSICOSOCIAL-MULTIPLE", "TALENTOS_O": "TALENTO EXCEPCIONAL EN ACTIVIDAD FISICA, EJERCICIO Y DEPORTE-TALENTO EXCEPCIONAL EN ARTES Y LETRAS-TALENTO EXCEPCIONAL EN CIENCIAS NATURALES O BASICAS-TALENTO EXCEPCIONAL EN CIENCIAS SOCIALES O HUMANAS-TALENTO EXCEPCIONAL EN LIDERAZGO SOCIAL Y EMPRENDIMI", "GRUPOS_ETN": "AFRODESCENDIENTES-INDIGENAS-NEGRITUDES-RAIZALES", "SECTOR": 2, "NATU_JUR": 9, "CALENDARIO": 1, "GENERO": 5, "COD_LOCA": "19", "ESPECIALID": 1, "CLASE_TIPO": 1, "BILINGUE": 5, "FECHA": "2025-04-30", "DANE12_EST": "111001014486", "DANE12_SED": "111001014486", "DA_HIPOACU": 0, "DA_SORDERA": 0, "DA_LENGUAS": 0, "DA_UCASTEL": 0, "DISCAP_FIS": 2, "DISCAP_FLE": 0, "DISCAP_PCE": 0, "DI_DCOGNIT": 39, "DI_SDOWN": 0, "DIS_MULTIP": 1, "DIS_PSICOS": 2, "DV_BAJAVIS": 1, "DIS_CEGUER": 0, "T_ESPECTRO": 0, "T_VOZ_Y_HA": 0, "SISTEMICA": 0, "SORDOCEGUE": 0, "OTRA": 0, "TOT_EST_MA": 45, "AFRODESCEN": 32, "INDIGENAS": 20, "NEGRITUDES": 12, "PALENQUERO": 0, "RAIZALES": 0, "ROM": 0, "TOT_EST_ET": 64, "CAPACID_EX": 0, "DOBLE_EXCE": 0, "TE_ACTFISI": 6, "TE_ARTES": 0, "TE_CNATUR": 0, "TE_CSOCIAL": 1, "TE_LDSOCIA": 1, "TE_TECNOLO": 0, "TOT_EST_CA": 8, "TMATRIC_GE": 2113, "Zona": 1 }, "geometry": { "type": "Point", "coordinates": [ -8252836.315999999642372, 507623.165300000458956 ] } },
{ "type": "Feature", "properties": { "NOMBRE_EST": "COLEGIO RAFAEL URIBE URIBE (IED)", "NOMBRE_SED": "RAFAEL URIBE URIBE", "ORDEN_DE_S": "A", "DIRECCION": "DG 71 B SUR # 18 I - 20", "DISCAPACID": "AUDITIVA-FISICA-INTELECTUAL-MENTAL/PSICOSOCIAL", "TALENTOS_O": "TALENTO EXCEPCIONAL EN ACTIVIDAD FISICA, EJERCICIO Y DEPORTE-TALENTO EXCEPCIONAL EN ARTES Y LETRAS-TALENTO EXCEPCIONAL EN LIDERAZGO SOCIAL Y EMPRENDIMIENTO-TALENTO EXCEPCIONAL EN TECNOLOGIA", "GRUPOS_ETN": "AFRODESCENDIENTES-INDIGENAS-NEGRITUDES", "SECTOR": 2, "NATU_JUR": 9, "CALENDARIO": 1, "GENERO": 5, "COD_LOCA": "19", "ESPECIALID": 1, "CLASE_TIPO": 1, "BILINGUE": 5, "FECHA": "2025-04-30", "DANE12_EST": "111001014524", "DANE12_SED": "111001014524", "DA_HIPOACU": 1, "DA_SORDERA": 0, "DA_LENGUAS": 0, "DA_UCASTEL": 0, "DISCAP_FIS": 3, "DISCAP_FLE": 0, "DISCAP_PCE": 0, "DI_DCOGNIT": 17, "DI_SDOWN": 0, "DIS_MULTIP": 1, "DIS_PSICOS": 2, "DV_BAJAVIS": 1, "DIS_CEGUER": 0, "T_ESPECTRO": 0, "T_VOZ_Y_HA": 0, "SISTEMICA": 0, "SORDOCEGUE": 0, "OTRA": 0, "TOT_EST_MA": 25, "AFRODESCEN": 2, "INDIGENAS": 6, "NEGRITUDES": 2, "PALENQUERO": 0, "RAIZALES": 0, "ROM": 0, "TOT_EST_ET": 10, "CAPACID_EX": 0, "DOBLE_EXCE": 0, "TE_ACTFISI": 7, "TE_ARTES": 4, "TE_CNATUR": 0, "TE_CSOCIAL": 0, "TE_LDSOCIA": 3, "TE_TECNOLO": 3, "TOT_EST_CA": 17, "TMATRIC_GE": 1700, "Zona": 1 }, "geometry": { "type": "Point", "coordinates": [ -8254150.999199999496341, 506725.325500000268221 ] } },
{ "type": "Feature", "properties": { "NOMBRE_EST": "COLEGIO ISMAEL PERDOMO (IED)", "NOMBRE_SED": "ISMAEL PERDOMO", "ORDEN_DE_S": "A", "DIRECCION": "CL 64 SUR # 71 F - 18", "DISCAPACID": "AUDITIVA-FISICA-INTELECTUAL-MENTAL/PSICOSOCIAL-MULTIPLE-SORDOCEGUERA-VISUAL", "TALENTOS_O": "CAPACIDADES EXCEPCIONALES-TALENTO EXCEPCIONAL EN ACTIVIDAD FISICA, EJERCICIO Y DEPORTE-TALENTO EXCEPCIONAL EN ARTES Y LETRAS-TALENTO EXCEPCIONAL EN CIENCIAS NATURALES O BASICAS-TALENTO EXCEPCIONAL EN LIDERAZGO SOCIAL Y EMPRENDIMIENTO", "GRUPOS_ETN": "AFRODESCENDIENTES-INDIGENAS-NEGRITUDES", "SECTOR": 2, "NATU_JUR": 9, "CALENDARIO": 1, "GENERO": 5, "COD_LOCA": "19", "ESPECIALID": 1, "CLASE_TIPO": 1, "BILINGUE": 5, "FECHA": "2025-04-30", "DANE12_EST": "111001020320", "DANE12_SED": "111001020320", "DA_HIPOACU": 1, "DA_SORDERA": 0, "DA_LENGUAS": 0, "DA_UCASTEL": 0, "DISCAP_FIS": 4, "DISCAP_FLE": 0, "DISCAP_PCE": 0, "DI_DCOGNIT": 38, "DI_SDOWN": 0, "DIS_MULTIP": 12, "DIS_PSICOS": 7, "DV_BAJAVIS": 2, "DIS_CEGUER": 0, "T_ESPECTRO": 0, "T_VOZ_Y_HA": 0, "SISTEMICA": 0, "SORDOCEGUE": 0, "OTRA": 0, "TOT_EST_MA": 65, "AFRODESCEN": 16, "INDIGENAS": 18, "NEGRITUDES": 6, "PALENQUERO": 0, "RAIZALES": 0, "ROM": 0, "TOT_EST_ET": 40, "CAPACID_EX": 0, "DOBLE_EXCE": 0, "TE_ACTFISI": 9, "TE_ARTES": 7, "TE_CNATUR": 1, "TE_CSOCIAL": 0, "TE_LDSOCIA": 2, "TE_TECNOLO": 1, "TOT_EST_CA": 20, "TMATRIC_GE": 2367, "Zona": 1 }, "geometry": { "type": "Point", "coordinates": [ -8256022.279799999669194, 511197.873500000685453 ] } },
{ "type": "Feature", "properties": { "NOMBRE_EST": "COLEGIO LEON DE GREIFF (IED)", "NOMBRE_SED": "LEON DE GREIFF", "ORDEN_DE_S": "A", "DIRECCION": "KR 17 B BIS A # 67 - 30 SUR", "DISCAPACID": "AUDITIVA-FISICA-INTELECTUAL-MENTAL/PSICOSOCIAL-MULTIPLE-VISUAL", "TALENTOS_O": "TALENTO EXCEPCIONAL EN ACTIVIDAD FISICA, EJERCICIO Y DEPORTE-TALENTO EXCEPCIONAL EN LIDERAZGO SOCIAL Y EMPRENDIMIENTO", "GRUPOS_ETN": "AFRODESCENDIENTES-INDIGENAS-NEGRITUDES-RAIZALES", "SECTOR": 2, "NATU_JUR": 9, "CALENDARIO": 1, "GENERO": 5, "COD_LOCA": "19", "ESPECIALID": 1, "CLASE_TIPO": 1, "BILINGUE": 5, "FECHA": "2025-04-30", "DANE12_EST": "111001027251", "DANE12_SED": "111001027251", "DA_HIPOACU": 0, "DA_SORDERA": 0, "DA_LENGUAS": 0, "DA_UCASTEL": 0, "DISCAP_FIS": 0, "DISCAP_FLE": 0, "DISCAP_PCE": 0, "DI_DCOGNIT": 41, "DI_SDOWN": 0, "DIS_MULTIP": 11, "DIS_PSICOS": 0, "DV_BAJAVIS": 3, "DIS_CEGUER": 0, "T_ESPECTRO": 0, "T_VOZ_Y_HA": 0, "SISTEMICA": 0, "SORDOCEGUE": 0, "OTRA": 0, "TOT_EST_MA": 55, "AFRODESCEN": 26, "INDIGENAS": 31, "NEGRITUDES": 17, "PALENQUERO": 0, "RAIZALES": 0, "ROM": 0, "TOT_EST_ET": 74, "CAPACID_EX": 0, "DOBLE_EXCE": 0, "TE_ACTFISI": 7, "TE_ARTES": 3, "TE_CNATUR": 0, "TE_CSOCIAL": 0, "TE_LDSOCIA": 3, "TE_TECNOLO": 0, "TOT_EST_CA": 13, "TMATRIC_GE": 1806, "Zona": 1 }, "geometry": { "type": "Point", "coordinates": [ -8253057.84180000051856, 507153.026599999517202 ] } },
{ "type": "Feature", "properties": { "NOMBRE_EST": "COLEGIO CIUDAD DE MONTREAL (IED)", "NOMBRE_SED": "CIUDAD DE MONTREAL", "ORDEN_DE_S": "A", "DIRECCION": "KR 17 B # 64 B - 45 SUR", "DISCAPACID": "AUDITIVA-INTELECTUAL", "TALENTOS_O": "CAPACIDADES EXCEPCIONALES-TALENTO EXCEPCIONAL EN ACTIVIDAD FISICA, EJERCICIO Y DEPORTE", "GRUPOS_ETN": "AFRODESCENDIENTES-INDIGENAS-NEGRITUDES", "SECTOR": 2, "NATU_JUR": 9, "CALENDARIO": 1, "GENERO": 5, "COD_LOCA": "19", "ESPECIALID": 1, "CLASE_TIPO": 1, "BILINGUE": 5, "FECHA": "2025-04-30", "DANE12_EST": "111001028266", "DANE12_SED": "111001028266", "DA_HIPOACU": 2, "DA_SORDERA": 0, "DA_LENGUAS": 0, "DA_UCASTEL": 0, "DISCAP_FIS": 4, "DISCAP_FLE": 0, "DISCAP_PCE": 0, "DI_DCOGNIT": 17, "DI_SDOWN": 0, "DIS_MULTIP": 4, "DIS_PSICOS": 1, "DV_BAJAVIS": 0, "DIS_CEGUER": 0, "T_ESPECTRO": 0, "T_VOZ_Y_HA": 0, "SISTEMICA": 0, "SORDOCEGUE": 0, "OTRA": 0, "TOT_EST_MA": 28, "AFRODESCEN": 2, "INDIGENAS": 3, "NEGRITUDES": 0, "PALENQUERO": 0, "RAIZALES": 0, "ROM": 0, "TOT_EST_ET": 5, "CAPACID_EX": 2, "DOBLE_EXCE": 0, "TE_ACTFISI": 4, "TE_ARTES": 3, "TE_CNATUR": 0, "TE_CSOCIAL": 0, "TE_LDSOCIA": 0, "TE_TECNOLO": 0, "TOT_EST_CA": 9, "TMATRIC_GE": 897, "Zona": 1 }, "geometry": { "type": "Point", "coordinates": [ -8253018.880000000819564, 507415.455200001597404 ] } },
{ "type": "Feature", "properties": { "NOMBRE_EST": "COLEGIO SANTA BARBARA (IED)", "NOMBRE_SED": "COMPARTIR MEISSEN", "ORDEN_DE_S": "A", "DIRECCION": "KR 18 T # 65 A - 27 SUR", "DISCAPACID": "INTELECTUAL-MENTAL/PSICOSOCIAL-MULTIPLE-VISUAL", "TALENTOS_O": null, "GRUPOS_ETN": "AFRODESCENDIENTES-INDIGENAS-NEGRITUDES", "SECTOR": 2, "NATU_JUR": 9, "CALENDARIO": 1, "GENERO": 5, "COD_LOCA": "19", "ESPECIALID": 1, "CLASE_TIPO": 1, "BILINGUE": 5, "FECHA": "2025-04-30", "DANE12_EST": "111001030821", "DANE12_SED": "111001030821", "DA_HIPOACU": 2, "DA_SORDERA": 0, "DA_LENGUAS": 0, "DA_UCASTEL": 0, "DISCAP_FIS": 0, "DISCAP_FLE": 0, "DISCAP_PCE": 0, "DI_DCOGNIT": 13, "DI_SDOWN": 0, "DIS_MULTIP": 4, "DIS_PSICOS": 0, "DV_BAJAVIS": 0, "DIS_CEGUER": 0, "T_ESPECTRO": 0, "T_VOZ_Y_HA": 0, "SISTEMICA": 0, "SORDOCEGUE": 0, "OTRA": 0, "TOT_EST_MA": 19, "AFRODESCEN": 3, "INDIGENAS": 4, "NEGRITUDES": 5, "PALENQUERO": 0, "RAIZALES": 0, "ROM": 0, "TOT_EST_ET": 12, "CAPACID_EX": 0, "DOBLE_EXCE": 0, "TE_ACTFISI": 2, "TE_ARTES": 1, "TE_CNATUR": 0, "TE_CSOCIAL": 0, "TE_LDSOCIA": 0, "TE_TECNOLO": 0, "TOT_EST_CA": 3, "TMATRIC_GE": 573, "Zona": 1 }, "geometry": { "type": "Point", "coordinates": [ -8253552.100299999117851, 507328.351199999451637 ] } },
{ "type": "Feature", "properties": { "NOMBRE_EST": "COLEGIO SANTA BARBARA (IED)", "NOMBRE_SED": "SANTA BARBARA", "ORDEN_DE_S": "C", "DIRECCION": "KR 18 Q BIS B # 67 C - 21 SUR", "DISCAPACID": "AUDITIVA-INTELECTUAL-MULTIPLE", "TALENTOS_O": "TALENTO EXCEPCIONAL EN TECNOLOGIA", "GRUPOS_ETN": "AFRODESCENDIENTES-INDIGENAS", "SECTOR": 2, "NATU_JUR": 9, "CALENDARIO": 1, "GENERO": 5, "COD_LOCA": "19", "ESPECIALID": 13, "CLASE_TIPO": 1, "BILINGUE": 5, "FECHA": "2025-04-30", "DANE12_EST": "111001030821", "DANE12_SED": "111001075302", "DA_HIPOACU": 0, "DA_SORDERA": 0, "DA_LENGUAS": 0, "DA_UCASTEL": 0, "DISCAP_FIS": 0, "DISCAP_FLE": 0, "DISCAP_PCE": 0, "DI_DCOGNIT": 15, "DI_SDOWN": 0, "DIS_MULTIP": 4, "DIS_PSICOS": 0, "DV_BAJAVIS": 0, "DIS_CEGUER": 0, "T_ESPECTRO": 0, "T_VOZ_Y_HA": 0, "SISTEMICA": 0, "SORDOCEGUE": 0, "OTRA": 0, "TOT_EST_MA": 19, "AFRODESCEN": 6, "INDIGENAS": 3, "NEGRITUDES": 0, "PALENQUERO": 0, "RAIZALES": 0, "ROM": 0, "TOT_EST_ET": 9, "CAPACID_EX": 0, "DOBLE_EXCE": 0, "TE_ACTFISI": 2, "TE_ARTES": 0, "TE_CNATUR": 0, "TE_CSOCIAL": 0, "TE_LDSOCIA": 0, "TE_TECNOLO": 0, "TOT_EST_CA": 2, "TMATRIC_GE": 490, "Zona": 1 }, "geometry": { "type": "Point", "coordinates": [ -8254097.5658, 507619.815200001001358 ] } },
{ "type": "Feature", "properties": { "NOMBRE_EST": "COLEGIO UNION EUROPEA (IED)", "NOMBRE_SED": "UNION EUROPEA", "ORDEN_DE_S": "A", "DIRECCION": "KR 18 M # 63 B - 09 SUR", "DISCAPACID": "INTELECTUAL-MULTIPLE-VISUAL", "TALENTOS_O": "CAPACIDADES EXCEPCIONALES-TALENTO EXCEPCIONAL EN ACTIVIDAD FISICA, EJERCICIO Y DEPORTE-TALENTO EXCEPCIONAL EN ARTES Y LETRAS-TALENTO EXCEPCIONAL EN TECNOLOGIA", "GRUPOS_ETN": "AFRODESCENDIENTES-INDIGENAS-NEGRITUDES", "SECTOR": 2, "NATU_JUR": 9, "CALENDARIO": 1, "GENERO": 5, "COD_LOCA": "19", "ESPECIALID": 1, "CLASE_TIPO": 1, "BILINGUE": 5, "FECHA": "2025-04-30", "DANE12_EST": "111001030830", "DANE12_SED": "111001030830", "DA_HIPOACU": 0, "DA_SORDERA": 0, "DA_LENGUAS": 0, "DA_UCASTEL": 0, "DISCAP_FIS": 0, "DISCAP_FLE": 0, "DISCAP_PCE": 0, "DI_DCOGNIT": 34, "DI_SDOWN": 0, "DIS_MULTIP": 5, "DIS_PSICOS": 2, "DV_BAJAVIS": 3, "DIS_CEGUER": 0, "T_ESPECTRO": 0, "T_VOZ_Y_HA": 0, "SISTEMICA": 0, "SORDOCEGUE": 0, "OTRA": 0, "TOT_EST_MA": 44, "AFRODESCEN": 18, "INDIGENAS": 15, "NEGRITUDES": 6, "PALENQUERO": 0, "RAIZALES": 0, "ROM": 0, "TOT_EST_ET": 39, "CAPACID_EX": 2, "DOBLE_EXCE": 0, "TE_ACTFISI": 9, "TE_ARTES": 4, "TE_CNATUR": 1, "TE_CSOCIAL": 0, "TE_LDSOCIA": 1, "TE_TECNOLO": 1, "TOT_EST_CA": 18, "TMATRIC_GE": 1724, "Zona": 1 }, "geometry": { "type": "Point", "coordinates": [ -8253407.384999999776483, 507689.052000001072884 ] } },
{ "type": "Feature", "properties": { "NOMBRE_EST": "COLEGIO UNION EUROPEA (IED)", "NOMBRE_SED": "MARIA CANO", "ORDEN_DE_S": "B", "DIRECCION": "CL 69 B SUR # 17 Ñ - 94", "DISCAPACID": "FISICA-INTELECTUAL", "TALENTOS_O": "TALENTO EXCEPCIONAL EN LIDERAZGO SOCIAL Y EMPRENDIMIENTO", "GRUPOS_ETN": "NEGRITUDES", "SECTOR": 2, "NATU_JUR": 9, "CALENDARIO": 1, "GENERO": 5, "COD_LOCA": "19", "ESPECIALID": 13, "CLASE_TIPO": 1, "BILINGUE": 5, "FECHA": "2025-04-30", "DANE12_EST": "111001030830", "DANE12_SED": "111001027375", "DA_HIPOACU": 0, "DA_SORDERA": 0, "DA_LENGUAS": 0, "DA_UCASTEL": 0, "DISCAP_FIS": 1, "DISCAP_FLE": 0, "DISCAP_PCE": 0, "DI_DCOGNIT": 3, "DI_SDOWN": 0, "DIS_MULTIP": 0, "DIS_PSICOS": 0, "DV_BAJAVIS": 0, "DIS_CEGUER": 0, "T_ESPECTRO": 0, "T_VOZ_Y_HA": 0, "SISTEMICA": 0, "SORDOCEGUE": 0, "OTRA": 0, "TOT_EST_MA": 4, "AFRODESCEN": 1, "INDIGENAS": 2, "NEGRITUDES": 0, "PALENQUERO": 0, "RAIZALES": 0, "ROM": 0, "TOT_EST_ET": 3, "CAPACID_EX": 0, "DOBLE_EXCE": 0, "TE_ACTFISI": 3, "TE_ARTES": 0, "TE_CNATUR": 0, "TE_CSOCIAL": 0, "TE_LDSOCIA": 0, "TE_TECNOLO": 0, "TOT_EST_CA": 3, "TMATRIC_GE": 268, "Zona": 1 }, "geometry": { "type": "Point", "coordinates": [ -8252899.768100000917912, 507052.522199999541044 ] } },
{ "type": "Feature", "properties": { "NOMBRE_EST": "COLEGIO ARBORIZADORA BAJA (IED)", "NOMBRE_SED": "ARBORIZADORA BAJA", "ORDEN_DE_S": "A", "DIRECCION": "CL 59 I SUR # 44 A - 02", "DISCAPACID": "AUDITIVA-FISICA-INTELECTUAL-MENTAL/PSICOSOCIAL-MULTIPLE-SORDOCEGUERA", "TALENTOS_O": "CAPACIDADES EXCEPCIONALES-TALENTO EXCEPCIONAL EN ACTIVIDAD FISICA, EJERCICIO Y DEPORTE-TALENTO EXCEPCIONAL EN ARTES Y LETRAS-TALENTO EXCEPCIONAL EN CIENCIAS NATURALES O BASICAS-TALENTO EXCEPCIONAL EN LIDERAZGO SOCIAL Y EMPRENDIMIENTO-TALENTO EXCEPCIONAL", "GRUPOS_ETN": "AFRODESCENDIENTES-INDIGENAS-NEGRITUDES-RAIZALES", "SECTOR": 2, "NATU_JUR": 9, "CALENDARIO": 1, "GENERO": 5, "COD_LOCA": "19", "ESPECIALID": 1, "CLASE_TIPO": 1, "BILINGUE": 5, "FECHA": "2025-04-30", "DANE12_EST": "111001030848", "DANE12_SED": "111001030848", "DA_HIPOACU": 4, "DA_SORDERA": 0, "DA_LENGUAS": 0, "DA_UCASTEL": 0, "DISCAP_FIS": 3, "DISCAP_FLE": 0, "DISCAP_PCE": 0, "DI_DCOGNIT": 37, "DI_SDOWN": 0, "DIS_MULTIP": 10, "DIS_PSICOS": 3, "DV_BAJAVIS": 2, "DIS_CEGUER": 0, "T_ESPECTRO": 0, "T_VOZ_Y_HA": 0, "SISTEMICA": 0, "SORDOCEGUE": 0, "OTRA": 0, "TOT_EST_MA": 59, "AFRODESCEN": 14, "INDIGENAS": 13, "NEGRITUDES": 4, "PALENQUERO": 0, "RAIZALES": 1, "ROM": 0, "TOT_EST_ET": 32, "CAPACID_EX": 0, "DOBLE_EXCE": 0, "TE_ACTFISI": 16, "TE_ARTES": 5, "TE_CNATUR": 1, "TE_CSOCIAL": 1, "TE_LDSOCIA": 2, "TE_TECNOLO": 0, "TOT_EST_CA": 25, "TMATRIC_GE": 2216, "Zona": 1 }, "geometry": { "type": "Point", "coordinates": [ -8254621.880599999800324, 509811.971099998801947 ] } },
{ "type": "Feature", "properties": { "NOMBRE_EST": "COLEGIO EL TESORO DE LA CUMBRE (IED)", "NOMBRE_SED": "EL TESORO", "ORDEN_DE_S": "A", "DIRECCION": "TV 18 H # 77 A - 95 SUR", "DISCAPACID": "INTELECTUAL-MENTAL/PSICOSOCIAL", "TALENTOS_O": "TALENTO EXCEPCIONAL EN ARTES Y LETRAS", "GRUPOS_ETN": "AFRODESCENDIENTES-INDIGENAS-NEGRITUDES", "SECTOR": 2, "NATU_JUR": 9, "CALENDARIO": 1, "GENERO": 5, "COD_LOCA": "19", "ESPECIALID": 13, "CLASE_TIPO": 1, "BILINGUE": 5, "FECHA": "2025-04-30", "DANE12_EST": "111001033928", "DANE12_SED": "111001033928", "DA_HIPOACU": 0, "DA_SORDERA": 0, "DA_LENGUAS": 0, "DA_UCASTEL": 0, "DISCAP_FIS": 0, "DISCAP_FLE": 0, "DISCAP_PCE": 0, "DI_DCOGNIT": 6, "DI_SDOWN": 0, "DIS_MULTIP": 1, "DIS_PSICOS": 0, "DV_BAJAVIS": 0, "DIS_CEGUER": 0, "T_ESPECTRO": 0, "T_VOZ_Y_HA": 0, "SISTEMICA": 0, "SORDOCEGUE": 0, "OTRA": 0, "TOT_EST_MA": 7, "AFRODESCEN": 3, "INDIGENAS": 7, "NEGRITUDES": 1, "PALENQUERO": 0, "RAIZALES": 0, "ROM": 0, "TOT_EST_ET": 11, "CAPACID_EX": 1, "DOBLE_EXCE": 0, "TE_ACTFISI": 3, "TE_ARTES": 1, "TE_CNATUR": 0, "TE_CSOCIAL": 0, "TE_LDSOCIA": 0, "TE_TECNOLO": 0, "TOT_EST_CA": 5, "TMATRIC_GE": 338, "Zona": 1 }, "geometry": { "type": "Point", "coordinates": [ -8254233.375600000843406, 505798.461599998176098 ] } },
{ "type": "Feature", "properties": { "NOMBRE_EST": "COLEGIO EL TESORO DE LA CUMBRE (IED)", "NOMBRE_SED": "LA CUMBRE", "ORDEN_DE_S": "B", "DIRECCION": "CL 78 D BIS SUR # 18 N - 23", "DISCAPACID": "-INTELECTUAL-", "TALENTOS_O": null, "GRUPOS_ETN": null, "SECTOR": 2, "NATU_JUR": 9, "CALENDARIO": 1, "GENERO": 5, "COD_LOCA": "19", "ESPECIALID": 13, "CLASE_TIPO": 1, "BILINGUE": 5, "FECHA": "2025-04-30", "DANE12_EST": "111001033928", "DANE12_SED": "111001093351", "DA_HIPOACU": 0, "DA_SORDERA": 0, "DA_LENGUAS": 0, "DA_UCASTEL": 0, "DISCAP_FIS": 0, "DISCAP_FLE": 0, "DISCAP_PCE": 0, "DI_DCOGNIT": 0, "DI_SDOWN": 0, "DIS_MULTIP": 0, "DIS_PSICOS": 0, "DV_BAJAVIS": 0, "DIS_CEGUER": 0, "T_ESPECTRO": 0, "T_VOZ_Y_HA": 0, "SISTEMICA": 0, "SORDOCEGUE": 0, "OTRA": 0, "TOT_EST_MA": 0, "AFRODESCEN": 1, "INDIGENAS": 0, "NEGRITUDES": 0, "PALENQUERO": 0, "RAIZALES": 0, "ROM": 0, "TOT_EST_ET": 1, "CAPACID_EX": 0, "DOBLE_EXCE": 0, "TE_ACTFISI": 0, "TE_ARTES": 1, "TE_CNATUR": 0, "TE_CSOCIAL": 0, "TE_LDSOCIA": 0, "TE_TECNOLO": 0, "TOT_EST_CA": 1, "TMATRIC_GE": 95, "Zona": 1 }, "geometry": { "type": "Point", "coordinates": [ -8252831.863199999555945, 508183.761900000274181 ] } },
{ "type": "Feature", "properties": { "NOMBRE_EST": "COLEGIO EL TESORO DE LA CUMBRE (IED)", "NOMBRE_SED": "SEDE C", "ORDEN_DE_S": "C", "DIRECCION": "CL 81 SUR # 18 M - 02  --  CL 81 SUR # 18 P - 08", "DISCAPACID": "FISICA-INTELECTUAL-MULTIPLE-VISUAL", "TALENTOS_O": "CAPACIDADES EXCEPCIONALES-TALENTO EXCEPCIONAL EN CIENCIAS NATURALES O BASICAS", "GRUPOS_ETN": "AFRODESCENDIENTES-INDIGENAS-NEGRITUDES", "SECTOR": 2, "NATU_JUR": 9, "CALENDARIO": 1, "GENERO": 5, "COD_LOCA": "19", "ESPECIALID": 1, "CLASE_TIPO": 1, "BILINGUE": 5, "FECHA": "2025-04-30", "DANE12_EST": "111001033928", "DANE12_SED": "111001107131", "DA_HIPOACU": 1, "DA_SORDERA": 0, "DA_LENGUAS": 0, "DA_UCASTEL": 0, "DISCAP_FIS": 2, "DISCAP_FLE": 0, "DISCAP_PCE": 0, "DI_DCOGNIT": 34, "DI_SDOWN": 0, "DIS_MULTIP": 3, "DIS_PSICOS": 0, "DV_BAJAVIS": 2, "DIS_CEGUER": 0, "T_ESPECTRO": 0, "T_VOZ_Y_HA": 0, "SISTEMICA": 0, "SORDOCEGUE": 0, "OTRA": 0, "TOT_EST_MA": 42, "AFRODESCEN": 39, "INDIGENAS": 15, "NEGRITUDES": 16, "PALENQUERO": 0, "RAIZALES": 0, "ROM": 0, "TOT_EST_ET": 70, "CAPACID_EX": 1, "DOBLE_EXCE": 0, "TE_ACTFISI": 3, "TE_ARTES": 1, "TE_CNATUR": 1, "TE_CSOCIAL": 0, "TE_LDSOCIA": 0, "TE_TECNOLO": 0, "TOT_EST_CA": 6, "TMATRIC_GE": 1618, "Zona": 1 }, "geometry": { "type": "Point", "coordinates": [ -8254257.865900000557303, 505358.484200000762939 ] } },
{ "type": "Feature", "properties": { "NOMBRE_EST": "COLEGIO NICOLAS GOMEZ DAVILA (IED)", "NOMBRE_SED": "NICOLAS GOMEZ DAVILA", "ORDEN_DE_S": "A", "DIRECCION": "CL 67 SUR # 20 D - 20", "DISCAPACID": "AUDITIVA-FISICA-INTELECTUAL-MULTIPLE-VISUAL", "TALENTOS_O": "TALENTO EXCEPCIONAL EN ACTIVIDAD FISICA, EJERCICIO Y DEPORTE-TALENTO EXCEPCIONAL EN ARTES Y LETRAS-TALENTO EXCEPCIONAL EN LIDERAZGO SOCIAL Y EMPRENDIMIENTO", "GRUPOS_ETN": "AFRODESCENDIENTES-INDIGENAS", "SECTOR": 2, "NATU_JUR": 9, "CALENDARIO": 1, "GENERO": 5, "COD_LOCA": "19", "ESPECIALID": 1, "CLASE_TIPO": 1, "BILINGUE": 5, "FECHA": "2025-04-30", "DANE12_EST": "111001034240", "DANE12_SED": "111001034240", "DA_HIPOACU": 3, "DA_SORDERA": 0, "DA_LENGUAS": 0, "DA_UCASTEL": 0, "DISCAP_FIS": 2, "DISCAP_FLE": 0, "DISCAP_PCE": 0, "DI_DCOGNIT": 99, "DI_SDOWN": 0, "DIS_MULTIP": 17, "DIS_PSICOS": 1, "DV_BAJAVIS": 1, "DIS_CEGUER": 0, "T_ESPECTRO": 0, "T_VOZ_Y_HA": 0, "SISTEMICA": 0, "SORDOCEGUE": 0, "OTRA": 0, "TOT_EST_MA": 123, "AFRODESCEN": 34, "INDIGENAS": 7, "NEGRITUDES": 5, "PALENQUERO": 0, "RAIZALES": 0, "ROM": 0, "TOT_EST_ET": 46, "CAPACID_EX": 1, "DOBLE_EXCE": 0, "TE_ACTFISI": 1, "TE_ARTES": 2, "TE_CNATUR": 0, "TE_CSOCIAL": 2, "TE_LDSOCIA": 0, "TE_TECNOLO": 0, "TOT_EST_CA": 6, "TMATRIC_GE": 2097, "Zona": 1 }, "geometry": { "type": "Point", "coordinates": [ -8254242.281199999153614, 508555.63399999961257 ] } },
{ "type": "Feature", "properties": { "NOMBRE_EST": "COLEGIO NICOLAS GOMEZ DAVILA (IED)", "NOMBRE_SED": "LA CASONA", "ORDEN_DE_S": "B", "DIRECCION": "KR 20 B # 69 H - 33 SUR M J", "DISCAPACID": "AUDITIVA-INTELECTUAL-MULTIPLE", "TALENTOS_O": "TALENTO EXCEPCIONAL EN ACTIVIDAD FISICA, EJERCICIO Y DEPORTE-TALENTO EXCEPCIONAL EN ARTES Y LETRAS", "GRUPOS_ETN": "AFRODESCENDIENTES-INDIGENAS", "SECTOR": 2, "NATU_JUR": 9, "CALENDARIO": 1, "GENERO": 5, "COD_LOCA": "19", "ESPECIALID": 13, "CLASE_TIPO": 1, "BILINGUE": 5, "FECHA": "2025-04-30", "DANE12_EST": "111001034240", "DANE12_SED": "111001043028", "DA_HIPOACU": 2, "DA_SORDERA": 0, "DA_LENGUAS": 0, "DA_UCASTEL": 0, "DISCAP_FIS": 1, "DISCAP_FLE": 0, "DISCAP_PCE": 0, "DI_DCOGNIT": 5, "DI_SDOWN": 0, "DIS_MULTIP": 2, "DIS_PSICOS": 0, "DV_BAJAVIS": 0, "DIS_CEGUER": 0, "T_ESPECTRO": 0, "T_VOZ_Y_HA": 0, "SISTEMICA": 0, "SORDOCEGUE": 0, "OTRA": 0, "TOT_EST_MA": 10, "AFRODESCEN": 8, "INDIGENAS": 4, "NEGRITUDES": 0, "PALENQUERO": 0, "RAIZALES": 0, "ROM": 0, "TOT_EST_ET": 12, "CAPACID_EX": 0, "DOBLE_EXCE": 0, "TE_ACTFISI": 6, "TE_ARTES": 2, "TE_CNATUR": 0, "TE_CSOCIAL": 0, "TE_LDSOCIA": 1, "TE_TECNOLO": 0, "TOT_EST_CA": 9, "TMATRIC_GE": 477, "Zona": 1 }, "geometry": { "type": "Point", "coordinates": [ -8255087.196100000292063, 508738.778799999505281 ] } },
{ "type": "Feature", "properties": { "NOMBRE_EST": "COLEGIO COMPARTIR RECUERDO (IED)", "NOMBRE_SED": "COMPARTIR LUCERO ALTO", "ORDEN_DE_S": "A", "DIRECCION": "CL 69 SUR # 18 B - 35", "DISCAPACID": "AUDITIVA-FISICA-INTELECTUAL-MULTIPLE", "TALENTOS_O": "TALENTO EXCEPCIONAL EN ACTIVIDAD FISICA, EJERCICIO Y DEPORTE-TALENTO EXCEPCIONAL EN LIDERAZGO SOCIAL Y EMPRENDIMIENTO-TALENTO EXCEPCIONAL EN TECNOLOGIA", "GRUPOS_ETN": "AFRODESCENDIENTES-INDIGENAS-NEGRITUDES", "SECTOR": 2, "NATU_JUR": 9, "CALENDARIO": 1, "GENERO": 5, "COD_LOCA": "19", "ESPECIALID": 1, "CLASE_TIPO": 1, "BILINGUE": 5, "FECHA": "2025-04-30", "DANE12_EST": "111001034754", "DANE12_SED": "111001034754", "DA_HIPOACU": 3, "DA_SORDERA": 0, "DA_LENGUAS": 0, "DA_UCASTEL": 0, "DISCAP_FIS": 0, "DISCAP_FLE": 0, "DISCAP_PCE": 0, "DI_DCOGNIT": 25, "DI_SDOWN": 0, "DIS_MULTIP": 4, "DIS_PSICOS": 1, "DV_BAJAVIS": 0, "DIS_CEGUER": 0, "T_ESPECTRO": 0, "T_VOZ_Y_HA": 0, "SISTEMICA": 0, "SORDOCEGUE": 0, "OTRA": 0, "TOT_EST_MA": 33, "AFRODESCEN": 4, "INDIGENAS": 111, "NEGRITUDES": 3, "PALENQUERO": 0, "RAIZALES": 0, "ROM": 0, "TOT_EST_ET": 118, "CAPACID_EX": 0, "DOBLE_EXCE": 0, "TE_ACTFISI": 3, "TE_ARTES": 2, "TE_CNATUR": 0, "TE_CSOCIAL": 0, "TE_LDSOCIA": 0, "TE_TECNOLO": 2, "TOT_EST_CA": 7, "TMATRIC_GE": 1169, "Zona": 1 }, "geometry": { "type": "Point", "coordinates": [ -8253852.66300000064075, 506935.267299998551607 ] } },
{ "type": "Feature", "properties": { "NOMBRE_EST": "COLEGIO COMPARTIR RECUERDO (IED)", "NOMBRE_SED": "EL RECUERDO", "ORDEN_DE_S": "B", "DIRECCION": "DG 65 D SUR # 18 A - 04", "DISCAPACID": "INTELECTUAL-MULTIPLE", "TALENTOS_O": "TALENTO EXCEPCIONAL EN CIENCIAS SOCIALES O HUMANAS-TALENTO EXCEPCIONAL EN TECNOLOGIA", "GRUPOS_ETN": "AFRODESCENDIENTES-INDIGENAS-NEGRITUDES", "SECTOR": 2, "NATU_JUR": 9, "CALENDARIO": 1, "GENERO": 5, "COD_LOCA": "19", "ESPECIALID": 13, "CLASE_TIPO": 1, "BILINGUE": 5, "FECHA": "2025-04-30", "DANE12_EST": "111001034754", "DANE12_SED": "111001029599", "DA_HIPOACU": 0, "DA_SORDERA": 0, "DA_LENGUAS": 0, "DA_UCASTEL": 0, "DISCAP_FIS": 0, "DISCAP_FLE": 0, "DISCAP_PCE": 0, "DI_DCOGNIT": 10, "DI_SDOWN": 0, "DIS_MULTIP": 6, "DIS_PSICOS": 0, "DV_BAJAVIS": 0, "DIS_CEGUER": 0, "T_ESPECTRO": 0, "T_VOZ_Y_HA": 0, "SISTEMICA": 0, "SORDOCEGUE": 0, "OTRA": 0, "TOT_EST_MA": 16, "AFRODESCEN": 4, "INDIGENAS": 3, "NEGRITUDES": 0, "PALENQUERO": 0, "RAIZALES": 0, "ROM": 0, "TOT_EST_ET": 7, "CAPACID_EX": 0, "DOBLE_EXCE": 0, "TE_ACTFISI": 1, "TE_ARTES": 0, "TE_CNATUR": 0, "TE_CSOCIAL": 1, "TE_LDSOCIA": 0, "TE_TECNOLO": 1, "TOT_EST_CA": 3, "TMATRIC_GE": 399, "Zona": 1 }, "geometry": { "type": "Point", "coordinates": [ -8253630.024000000208616, 507395.354299999773502 ] } },
{ "type": "Feature", "properties": { "NOMBRE_EST": "COLEGIO ACACIA II (IED)", "NOMBRE_SED": "ACACIA II", "ORDEN_DE_S": "A", "DIRECCION": "CL 62 SUR # 19 B - 42", "DISCAPACID": "AUDITIVA-FISICA-INTELECTUAL-MULTIPLE-SORDOCEGUERA", "TALENTOS_O": "CAPACIDADES EXCEPCIONALES-TALENTO EXCEPCIONAL EN ACTIVIDAD FISICA, EJERCICIO Y DEPORTE-TALENTO EXCEPCIONAL EN CIENCIAS NATURALES O BASICAS", "GRUPOS_ETN": "AFRODESCENDIENTES-INDIGENAS-NEGRITUDES", "SECTOR": 2, "NATU_JUR": 9, "CALENDARIO": 1, "GENERO": 5, "COD_LOCA": "19", "ESPECIALID": 1, "CLASE_TIPO": 1, "BILINGUE": 5, "FECHA": "2025-04-30", "DANE12_EST": "111001035572", "DANE12_SED": "111001035572", "DA_HIPOACU": 4, "DA_SORDERA": 0, "DA_LENGUAS": 0, "DA_UCASTEL": 0, "DISCAP_FIS": 8, "DISCAP_FLE": 0, "DISCAP_PCE": 0, "DI_DCOGNIT": 47, "DI_SDOWN": 0, "DIS_MULTIP": 7, "DIS_PSICOS": 0, "DV_BAJAVIS": 0, "DIS_CEGUER": 0, "T_ESPECTRO": 0, "T_VOZ_Y_HA": 0, "SISTEMICA": 0, "SORDOCEGUE": 0, "OTRA": 0, "TOT_EST_MA": 66, "AFRODESCEN": 13, "INDIGENAS": 9, "NEGRITUDES": 3, "PALENQUERO": 0, "RAIZALES": 0, "ROM": 0, "TOT_EST_ET": 25, "CAPACID_EX": 1, "DOBLE_EXCE": 0, "TE_ACTFISI": 4, "TE_ARTES": 6, "TE_CNATUR": 1, "TE_CSOCIAL": 0, "TE_LDSOCIA": 1, "TE_TECNOLO": 1, "TOT_EST_CA": 14, "TMATRIC_GE": 2213, "Zona": 1 }, "geometry": { "type": "Point", "coordinates": [ -8253488.648199999704957, 508230.664599999785423 ] } },
{ "type": "Feature", "properties": { "NOMBRE_EST": "COLEGIO ACACIA II (IED)", "NOMBRE_SED": "ACACIA I", "ORDEN_DE_S": "B", "DIRECCION": "DG 62 D SUR # 19 A - 55", "DISCAPACID": "AUDITIVA-FISICA-INTELECTUAL-MULTIPLE", "TALENTOS_O": "TALENTO EXCEPCIONAL EN ACTIVIDAD FISICA, EJERCICIO Y DEPORTE-TALENTO EXCEPCIONAL EN ARTES Y LETRAS-TALENTO EXCEPCIONAL EN LIDERAZGO SOCIAL Y EMPRENDIMIENTO-TALENTO EXCEPCIONAL EN TECNOLOGIA", "GRUPOS_ETN": "INDIGENAS", "SECTOR": 2, "NATU_JUR": 9, "CALENDARIO": 1, "GENERO": 5, "COD_LOCA": "19", "ESPECIALID": 13, "CLASE_TIPO": 1, "BILINGUE": 5, "FECHA": "2025-04-30", "DANE12_EST": "111001035572", "DANE12_SED": "111001013625", "DA_HIPOACU": 2, "DA_SORDERA": 0, "DA_LENGUAS": 0, "DA_UCASTEL": 0, "DISCAP_FIS": 1, "DISCAP_FLE": 0, "DISCAP_PCE": 0, "DI_DCOGNIT": 9, "DI_SDOWN": 0, "DIS_MULTIP": 6, "DIS_PSICOS": 0, "DV_BAJAVIS": 0, "DIS_CEGUER": 0, "T_ESPECTRO": 0, "T_VOZ_Y_HA": 0, "SISTEMICA": 0, "SORDOCEGUE": 0, "OTRA": 0, "TOT_EST_MA": 18, "AFRODESCEN": 1, "INDIGENAS": 3, "NEGRITUDES": 1, "PALENQUERO": 0, "RAIZALES": 0, "ROM": 0, "TOT_EST_ET": 5, "CAPACID_EX": 0, "DOBLE_EXCE": 0, "TE_ACTFISI": 2, "TE_ARTES": 2, "TE_CNATUR": 0, "TE_CSOCIAL": 0, "TE_LDSOCIA": 0, "TE_TECNOLO": 0, "TOT_EST_CA": 4, "TMATRIC_GE": 561, "Zona": 1 }, "geometry": { "type": "Point", "coordinates": [ -8253700.155200000852346, 508081.022799998521805 ] } },
{ "type": "Feature", "properties": { "NOMBRE_EST": "COLEGIO JOSE JAIME ROJAS (IED)", "NOMBRE_SED": "JOSE JAIME ROJAS", "ORDEN_DE_S": "A", "DIRECCION": "CL 77 A SUR # 18 M - 79", "DISCAPACID": "FISICA-INTELECTUAL-MENTAL/PSICOSOCIAL", "TALENTOS_O": "TALENTO EXCEPCIONAL EN CIENCIAS NATURALES O BASICAS", "GRUPOS_ETN": "AFRODESCENDIENTES-INDIGENAS-NEGRITUDES", "SECTOR": 2, "NATU_JUR": 9, "CALENDARIO": 1, "GENERO": 5, "COD_LOCA": "19", "ESPECIALID": 1, "CLASE_TIPO": 1, "BILINGUE": 5, "FECHA": "2025-04-30", "DANE12_EST": "111001036561", "DANE12_SED": "111001036561", "DA_HIPOACU": 0, "DA_SORDERA": 0, "DA_LENGUAS": 0, "DA_UCASTEL": 0, "DISCAP_FIS": 0, "DISCAP_FLE": 0, "DISCAP_PCE": 0, "DI_DCOGNIT": 10, "DI_SDOWN": 0, "DIS_MULTIP": 1, "DIS_PSICOS": 0, "DV_BAJAVIS": 1, "DIS_CEGUER": 0, "T_ESPECTRO": 0, "T_VOZ_Y_HA": 0, "SISTEMICA": 0, "SORDOCEGUE": 0, "OTRA": 0, "TOT_EST_MA": 12, "AFRODESCEN": 9, "INDIGENAS": 17, "NEGRITUDES": 2, "PALENQUERO": 0, "RAIZALES": 0, "ROM": 0, "TOT_EST_ET": 28, "CAPACID_EX": 0, "DOBLE_EXCE": 0, "TE_ACTFISI": 5, "TE_ARTES": 0, "TE_CNATUR": 0, "TE_CSOCIAL": 2, "TE_LDSOCIA": 0, "TE_TECNOLO": 0, "TOT_EST_CA": 7, "TMATRIC_GE": 1063, "Zona": 1 }, "geometry": { "type": "Point", "coordinates": [ -8254445.995799999684095, 505922.415100000798702 ] } },
{ "type": "Feature", "properties": { "NOMBRE_EST": "COLEGIO RODRIGO LARA BONILLA (IED)", "NOMBRE_SED": "RODRIGO LARA BONILLA", "ORDEN_DE_S": "A", "DIRECCION": "KR 43 A # 66 - 51 SUR", "DISCAPACID": "AUDITIVA-FISICA-INTELECTUAL-MENTAL/PSICOSOCIAL-MULTIPLE-SORDOCEGUERA-VISUAL", "TALENTOS_O": "TALENTO EXCEPCIONAL EN ACTIVIDAD FISICA, EJERCICIO Y DEPORTE-TALENTO EXCEPCIONAL EN ARTES Y LETRAS-TALENTO EXCEPCIONAL EN CIENCIAS NATURALES O BASICAS-TALENTO EXCEPCIONAL EN CIENCIAS SOCIALES O HUMANAS-TALENTO EXCEPCIONAL EN LIDERAZGO SOCIAL Y EMPRENDIMI", "GRUPOS_ETN": "AFRODESCENDIENTES-INDIGENAS-NEGRITUDES", "SECTOR": 2, "NATU_JUR": 9, "CALENDARIO": 1, "GENERO": 5, "COD_LOCA": "19", "ESPECIALID": 1, "CLASE_TIPO": 1, "BILINGUE": 5, "FECHA": "2025-04-30", "DANE12_EST": "111001036781", "DANE12_SED": "111001036781", "DA_HIPOACU": 8, "DA_SORDERA": 0, "DA_LENGUAS": 0, "DA_UCASTEL": 0, "DISCAP_FIS": 1, "DISCAP_FLE": 0, "DISCAP_PCE": 0, "DI_DCOGNIT": 61, "DI_SDOWN": 0, "DIS_MULTIP": 12, "DIS_PSICOS": 6, "DV_BAJAVIS": 5, "DIS_CEGUER": 0, "T_ESPECTRO": 0, "T_VOZ_Y_HA": 0, "SISTEMICA": 0, "SORDOCEGUE": 0, "OTRA": 0, "TOT_EST_MA": 93, "AFRODESCEN": 13, "INDIGENAS": 5, "NEGRITUDES": 8, "PALENQUERO": 0, "RAIZALES": 1, "ROM": 0, "TOT_EST_ET": 27, "CAPACID_EX": 2, "DOBLE_EXCE": 0, "TE_ACTFISI": 10, "TE_ARTES": 6, "TE_CNATUR": 1, "TE_CSOCIAL": 1, "TE_LDSOCIA": 3, "TE_TECNOLO": 1, "TOT_EST_CA": 24, "TMATRIC_GE": 2580, "Zona": 1 }, "geometry": { "type": "Point", "coordinates": [ -8254794.425799999386072, 509638.874600000679493 ] } },
{ "type": "Feature", "properties": { "NOMBRE_EST": "COLEGIO RODRIGO LARA BONILLA (IED)", "NOMBRE_SED": "JOSE CELESTINO MUTIS", "ORDEN_DE_S": "B", "DIRECCION": "CL 64 SUR # 29 - 19", "DISCAPACID": "AUDITIVA-FISICA-INTELECTUAL-MULTIPLE-VISUAL", "TALENTOS_O": "TALENTO EXCEPCIONAL EN ACTIVIDAD FISICA, EJERCICIO Y DEPORTE-TALENTO EXCEPCIONAL EN ARTES Y LETRAS", "GRUPOS_ETN": "AFRODESCENDIENTES-INDIGENAS-NEGRITUDES-RAIZALES", "SECTOR": 2, "NATU_JUR": 9, "CALENDARIO": 1, "GENERO": 5, "COD_LOCA": "19", "ESPECIALID": 13, "CLASE_TIPO": 1, "BILINGUE": 5, "FECHA": "2025-04-30", "DANE12_EST": "111001036781", "DANE12_SED": "111001013404", "DA_HIPOACU": 1, "DA_SORDERA": 0, "DA_LENGUAS": 0, "DA_UCASTEL": 0, "DISCAP_FIS": 5, "DISCAP_FLE": 0, "DISCAP_PCE": 0, "DI_DCOGNIT": 7, "DI_SDOWN": 0, "DIS_MULTIP": 12, "DIS_PSICOS": 0, "DV_BAJAVIS": 0, "DIS_CEGUER": 0, "T_ESPECTRO": 0, "T_VOZ_Y_HA": 0, "SISTEMICA": 0, "SORDOCEGUE": 0, "OTRA": 0, "TOT_EST_MA": 25, "AFRODESCEN": 3, "INDIGENAS": 2, "NEGRITUDES": 0, "PALENQUERO": 0, "RAIZALES": 0, "ROM": 0, "TOT_EST_ET": 5, "CAPACID_EX": 0, "DOBLE_EXCE": 0, "TE_ACTFISI": 12, "TE_ARTES": 2, "TE_CNATUR": 1, "TE_CSOCIAL": 0, "TE_LDSOCIA": 3, "TE_TECNOLO": 0, "TOT_EST_CA": 18, "TMATRIC_GE": 778, "Zona": 1 }, "geometry": { "type": "Point", "coordinates": [ -8252639.280500000342727, 507604.181099999696016 ] } },
{ "type": "Feature", "properties": { "NOMBRE_EST": "COLEGIO RODRIGO LARA BONILLA (IED)", "NOMBRE_SED": "PRIMERA INFANCIA RODRIGUITO", "ORDEN_DE_S": "C", "DIRECCION": "TV 49 # 59 C - 15 SUR", "DISCAPACID": "MULTIPLE", "TALENTOS_O": "TALENTO EXCEPCIONAL EN ACTIVIDAD FISICA, EJERCICIO Y DEPORTE-TALENTO EXCEPCIONAL EN ARTES Y LETRAS-TALENTO EXCEPCIONAL EN LIDERAZGO SOCIAL Y EMPRENDIMIENTO", "GRUPOS_ETN": "AFRODESCENDIENTES", "SECTOR": 2, "NATU_JUR": 9, "CALENDARIO": 1, "GENERO": 5, "COD_LOCA": "19", "ESPECIALID": 13, "CLASE_TIPO": 1, "BILINGUE": 5, "FECHA": "2025-04-30", "DANE12_EST": "111001036781", "DANE12_SED": "111001800911", "DA_HIPOACU": 0, "DA_SORDERA": 0, "DA_LENGUAS": 0, "DA_UCASTEL": 0, "DISCAP_FIS": 1, "DISCAP_FLE": 0, "DISCAP_PCE": 0, "DI_DCOGNIT": 0, "DI_SDOWN": 0, "DIS_MULTIP": 0, "DIS_PSICOS": 0, "DV_BAJAVIS": 0, "DIS_CEGUER": 0, "T_ESPECTRO": 0, "T_VOZ_Y_HA": 0, "SISTEMICA": 0, "SORDOCEGUE": 0, "OTRA": 0, "TOT_EST_MA": 1, "AFRODESCEN": 0, "INDIGENAS": 1, "NEGRITUDES": 0, "PALENQUERO": 0, "RAIZALES": 0, "ROM": 0, "TOT_EST_ET": 1, "CAPACID_EX": 0, "DOBLE_EXCE": 0, "TE_ACTFISI": 0, "TE_ARTES": 0, "TE_CNATUR": 0, "TE_CSOCIAL": 2, "TE_LDSOCIA": 0, "TE_TECNOLO": 0, "TOT_EST_CA": 2, "TMATRIC_GE": 179, "Zona": 1 }, "geometry": { "type": "Point", "coordinates": [ -8254900.179400000721216, 510199.485300000756979 ] } },
{ "type": "Feature", "properties": { "NOMBRE_EST": "COLEGIO TECNICO CEDID GUILLERMO CANO ISAZA (IED)", "NOMBRE_SED": "TECNICO CEDID GUILLERMO CANO ISAZA", "ORDEN_DE_S": "A", "DIRECCION": "KR 16 C # 62 - 35 SUR", "DISCAPACID": "FISICA-INTELECTUAL-MENTAL/PSICOSOCIAL-MULTIPLE-VISUAL", "TALENTOS_O": "CAPACIDADES EXCEPCIONALES-TALENTO EXCEPCIONAL EN ACTIVIDAD FISICA, EJERCICIO Y DEPORTE-TALENTO EXCEPCIONAL EN ARTES Y LETRAS-TALENTO EXCEPCIONAL EN CIENCIAS SOCIALES O HUMANAS-TALENTO EXCEPCIONAL EN LIDERAZGO SOCIAL Y EMPRENDIMIENTO", "GRUPOS_ETN": "AFRODESCENDIENTES-INDIGENAS-NEGRITUDES-RAIZALES", "SECTOR": 2, "NATU_JUR": 9, "CALENDARIO": 1, "GENERO": 5, "COD_LOCA": "19", "ESPECIALID": 7, "CLASE_TIPO": 1, "BILINGUE": 5, "FECHA": "2025-04-30", "DANE12_EST": "111001044385", "DANE12_SED": "111001044385", "DA_HIPOACU": 0, "DA_SORDERA": 0, "DA_LENGUAS": 0, "DA_UCASTEL": 0, "DISCAP_FIS": 7, "DISCAP_FLE": 0, "DISCAP_PCE": 0, "DI_DCOGNIT": 52, "DI_SDOWN": 0, "DIS_MULTIP": 6, "DIS_PSICOS": 5, "DV_BAJAVIS": 0, "DIS_CEGUER": 0, "T_ESPECTRO": 0, "T_VOZ_Y_HA": 0, "SISTEMICA": 0, "SORDOCEGUE": 0, "OTRA": 0, "TOT_EST_MA": 70, "AFRODESCEN": 6, "INDIGENAS": 14, "NEGRITUDES": 10, "PALENQUERO": 0, "RAIZALES": 0, "ROM": 0, "TOT_EST_ET": 30, "CAPACID_EX": 1, "DOBLE_EXCE": 0, "TE_ACTFISI": 7, "TE_ARTES": 7, "TE_CNATUR": 0, "TE_CSOCIAL": 1, "TE_LDSOCIA": 2, "TE_TECNOLO": 0, "TOT_EST_CA": 18, "TMATRIC_GE": 2726, "Zona": 1 }, "geometry": { "type": "Point", "coordinates": [ -8252719.430500000715256, 507876.661699999123812 ] } },
{ "type": "Feature", "properties": { "NOMBRE_EST": "COLEGIO EL PARAISO DE MANUELA BELTRAN (IED)", "NOMBRE_SED": "MANUELA BELTRAN", "ORDEN_DE_S": "A", "DIRECCION": "KR 45 C # 69 D - 15 SUR", "DISCAPACID": "AUDITIVA-FISICA-INTELECTUAL-MULTIPLE-SORDOCEGUERA-VISUAL", "TALENTOS_O": "CAPACIDADES EXCEPCIONALES-TALENTO EXCEPCIONAL EN ACTIVIDAD FISICA, EJERCICIO Y DEPORTE-TALENTO EXCEPCIONAL EN ARTES Y LETRAS-TALENTO EXCEPCIONAL EN CIENCIAS SOCIALES O HUMANAS-TALENTO EXCEPCIONAL EN LIDERAZGO SOCIAL Y EMPRENDIMIENTO", "GRUPOS_ETN": "AFRODESCENDIENTES-INDIGENAS-NEGRITUDES", "SECTOR": 2, "NATU_JUR": 9, "CALENDARIO": 1, "GENERO": 5, "COD_LOCA": "19", "ESPECIALID": 1, "CLASE_TIPO": 1, "BILINGUE": 5, "FECHA": "2025-04-30", "DANE12_EST": "111001045730", "DANE12_SED": "111001045730", "DA_HIPOACU": 0, "DA_SORDERA": 0, "DA_LENGUAS": 0, "DA_UCASTEL": 0, "DISCAP_FIS": 0, "DISCAP_FLE": 0, "DISCAP_PCE": 0, "DI_DCOGNIT": 18, "DI_SDOWN": 0, "DIS_MULTIP": 2, "DIS_PSICOS": 1, "DV_BAJAVIS": 1, "DIS_CEGUER": 0, "T_ESPECTRO": 0, "T_VOZ_Y_HA": 0, "SISTEMICA": 0, "SORDOCEGUE": 0, "OTRA": 0, "TOT_EST_MA": 22, "AFRODESCEN": 13, "INDIGENAS": 2, "NEGRITUDES": 6, "PALENQUERO": 0, "RAIZALES": 0, "ROM": 0, "TOT_EST_ET": 21, "CAPACID_EX": 2, "DOBLE_EXCE": 0, "TE_ACTFISI": 1, "TE_ARTES": 1, "TE_CNATUR": 0, "TE_CSOCIAL": 0, "TE_LDSOCIA": 0, "TE_TECNOLO": 0, "TOT_EST_CA": 4, "TMATRIC_GE": 1201, "Zona": 1 }, "geometry": { "type": "Point", "coordinates": [ -8255244.156600000336766, 509539.483899999409914 ] } },
{ "type": "Feature", "properties": { "NOMBRE_EST": "COLEGIO EL PARAISO DE MANUELA BELTRAN (IED)", "NOMBRE_SED": "EL PARAISO", "ORDEN_DE_S": "B", "DIRECCION": "KR 46 A # 71 - 10 SUR", "DISCAPACID": "AUDITIVA-FISICA-INTELECTUAL-MENTAL/PSICOSOCIAL-MULTIPLE-SORDOCEGUERA", "TALENTOS_O": "TALENTO EXCEPCIONAL EN LIDERAZGO SOCIAL Y EMPRENDIMIENTO", "GRUPOS_ETN": "AFRODESCENDIENTES-INDIGENAS-NEGRITUDES", "SECTOR": 2, "NATU_JUR": 9, "CALENDARIO": 1, "GENERO": 5, "COD_LOCA": "19", "ESPECIALID": 1, "CLASE_TIPO": 1, "BILINGUE": 5, "FECHA": "2025-04-30", "DANE12_EST": "111001045730", "DANE12_SED": "111001043893", "DA_HIPOACU": 1, "DA_SORDERA": 0, "DA_LENGUAS": 0, "DA_UCASTEL": 0, "DISCAP_FIS": 1, "DISCAP_FLE": 0, "DISCAP_PCE": 0, "DI_DCOGNIT": 22, "DI_SDOWN": 0, "DIS_MULTIP": 8, "DIS_PSICOS": 1, "DV_BAJAVIS": 1, "DIS_CEGUER": 0, "T_ESPECTRO": 0, "T_VOZ_Y_HA": 0, "SISTEMICA": 0, "SORDOCEGUE": 0, "OTRA": 0, "TOT_EST_MA": 34, "AFRODESCEN": 4, "INDIGENAS": 5, "NEGRITUDES": 3, "PALENQUERO": 0, "RAIZALES": 0, "ROM": 0, "TOT_EST_ET": 12, "CAPACID_EX": 0, "DOBLE_EXCE": 0, "TE_ACTFISI": 3, "TE_ARTES": 3, "TE_CNATUR": 0, "TE_CSOCIAL": 0, "TE_LDSOCIA": 0, "TE_TECNOLO": 0, "TOT_EST_CA": 6, "TMATRIC_GE": 1088, "Zona": 1 }, "geometry": { "type": "Point", "coordinates": [ -8255592.5866, 509445.677000001072884 ] } },
{ "type": "Feature", "properties": { "NOMBRE_EST": "COLEGIO VILLAMAR (IED)", "NOMBRE_SED": "VILLA GLORIA", "ORDEN_DE_S": "A", "DIRECCION": "KR 18 M # 69 J - 25 SUR", "DISCAPACID": "FISICA-INTELECTUAL-MULTIPLE", "TALENTOS_O": "TALENTO EXCEPCIONAL EN ARTES Y LETRAS", "GRUPOS_ETN": "AFRODESCENDIENTES-INDIGENAS-NEGRITUDES", "SECTOR": 2, "NATU_JUR": 9, "CALENDARIO": 1, "GENERO": 5, "COD_LOCA": "19", "ESPECIALID": 13, "CLASE_TIPO": 1, "BILINGUE": 5, "FECHA": "2025-04-30", "DANE12_EST": "111001046663", "DANE12_SED": "111001046663", "DA_HIPOACU": 0, "DA_SORDERA": 0, "DA_LENGUAS": 0, "DA_UCASTEL": 0, "DISCAP_FIS": 0, "DISCAP_FLE": 0, "DISCAP_PCE": 0, "DI_DCOGNIT": 7, "DI_SDOWN": 0, "DIS_MULTIP": 1, "DIS_PSICOS": 1, "DV_BAJAVIS": 0, "DIS_CEGUER": 0, "T_ESPECTRO": 0, "T_VOZ_Y_HA": 0, "SISTEMICA": 0, "SORDOCEGUE": 0, "OTRA": 0, "TOT_EST_MA": 9, "AFRODESCEN": 4, "INDIGENAS": 1, "NEGRITUDES": 0, "PALENQUERO": 0, "RAIZALES": 0, "ROM": 0, "TOT_EST_ET": 5, "CAPACID_EX": 0, "DOBLE_EXCE": 0, "TE_ACTFISI": 0, "TE_ARTES": 1, "TE_CNATUR": 0, "TE_CSOCIAL": 1, "TE_LDSOCIA": 0, "TE_TECNOLO": 0, "TOT_EST_CA": 2, "TMATRIC_GE": 344, "Zona": 1 }, "geometry": { "type": "Point", "coordinates": [ -8254638.578600000590086, 507424.388999998569489 ] } },
{ "type": "Feature", "properties": { "NOMBRE_EST": "COLEGIO VILLAMAR (IED)", "NOMBRE_SED": "MARANDU", "ORDEN_DE_S": "B", "DIRECCION": "CL 68 D SUR # 18 Z - 18", "DISCAPACID": "AUDITIVA-INTELECTUAL-MULTIPLE", "TALENTOS_O": "CAPACIDADES EXCEPCIONALES-TALENTO EXCEPCIONAL EN CIENCIAS SOCIALES O HUMANAS", "GRUPOS_ETN": "AFRODESCENDIENTES", "SECTOR": 2, "NATU_JUR": 9, "CALENDARIO": 1, "GENERO": 5, "COD_LOCA": "19", "ESPECIALID": 13, "CLASE_TIPO": 1, "BILINGUE": 5, "FECHA": "2025-04-30", "DANE12_EST": "111001046663", "DANE12_SED": "111001086827", "DA_HIPOACU": 0, "DA_SORDERA": 0, "DA_LENGUAS": 0, "DA_UCASTEL": 0, "DISCAP_FIS": 1, "DISCAP_FLE": 0, "DISCAP_PCE": 0, "DI_DCOGNIT": 1, "DI_SDOWN": 0, "DIS_MULTIP": 1, "DIS_PSICOS": 0, "DV_BAJAVIS": 0, "DIS_CEGUER": 0, "T_ESPECTRO": 0, "T_VOZ_Y_HA": 0, "SISTEMICA": 0, "SORDOCEGUE": 0, "OTRA": 0, "TOT_EST_MA": 3, "AFRODESCEN": 1, "INDIGENAS": 0, "NEGRITUDES": 0, "PALENQUERO": 0, "RAIZALES": 0, "ROM": 0, "TOT_EST_ET": 1, "CAPACID_EX": 1, "DOBLE_EXCE": 0, "TE_ACTFISI": 0, "TE_ARTES": 0, "TE_CNATUR": 0, "TE_CSOCIAL": 0, "TE_LDSOCIA": 0, "TE_TECNOLO": 0, "TOT_EST_CA": 1, "TMATRIC_GE": 203, "Zona": 1 }, "geometry": { "type": "Point", "coordinates": [ -8254379.20409999974072, 507910.163499999791384 ] } },
{ "type": "Feature", "properties": { "NOMBRE_EST": "COLEGIO LA ARABIA (IED)", "NOMBRE_SED": "LA ARABIA", "ORDEN_DE_S": "A", "DIRECCION": "KR 18 H # 81 D - 69 SUR IN 1", "DISCAPACID": "AUDITIVA-FISICA-INTELECTUAL-MULTIPLE", "TALENTOS_O": "CAPACIDADES EXCEPCIONALES-TALENTO EXCEPCIONAL EN ACTIVIDAD FISICA, EJERCICIO Y DEPORTE", "GRUPOS_ETN": "AFRODESCENDIENTES-INDIGENAS-NEGRITUDES", "SECTOR": 2, "NATU_JUR": 9, "CALENDARIO": 1, "GENERO": 5, "COD_LOCA": "19", "ESPECIALID": 13, "CLASE_TIPO": 1, "BILINGUE": 5, "FECHA": "2025-04-30", "DANE12_EST": "111001047457", "DANE12_SED": "111001047457", "DA_HIPOACU": 1, "DA_SORDERA": 0, "DA_LENGUAS": 0, "DA_UCASTEL": 0, "DISCAP_FIS": 2, "DISCAP_FLE": 0, "DISCAP_PCE": 0, "DI_DCOGNIT": 14, "DI_SDOWN": 0, "DIS_MULTIP": 4, "DIS_PSICOS": 3, "DV_BAJAVIS": 0, "DIS_CEGUER": 0, "T_ESPECTRO": 0, "T_VOZ_Y_HA": 0, "SISTEMICA": 0, "SORDOCEGUE": 0, "OTRA": 0, "TOT_EST_MA": 24, "AFRODESCEN": 13, "INDIGENAS": 52, "NEGRITUDES": 5, "PALENQUERO": 0, "RAIZALES": 0, "ROM": 0, "TOT_EST_ET": 70, "CAPACID_EX": 0, "DOBLE_EXCE": 0, "TE_ACTFISI": 1, "TE_ARTES": 0, "TE_CNATUR": 0, "TE_CSOCIAL": 0, "TE_LDSOCIA": 1, "TE_TECNOLO": 0, "TOT_EST_CA": 2, "TMATRIC_GE": 870, "Zona": 1 }, "geometry": { "type": "Point", "coordinates": [ -8254033.000499999150634, 505230.064800001680851 ] } },
{ "type": "Feature", "properties": { "NOMBRE_EST": "COLEGIO ARBORIZADORA ALTA (IED)", "NOMBRE_SED": "ARBORIZADORA ALTA", "ORDEN_DE_S": "A", "DIRECCION": "KR 43 # 70 A - 50 SUR", "DISCAPACID": "FISICA-INTELECTUAL-MENTAL/PSICOSOCIAL-MULTIPLE", "TALENTOS_O": "TALENTO EXCEPCIONAL EN ARTES Y LETRAS-TALENTO EXCEPCIONAL EN CIENCIAS NATURALES O BASICAS-TALENTO EXCEPCIONAL EN CIENCIAS SOCIALES O HUMANAS-TALENTO EXCEPCIONAL EN LIDERAZGO SOCIAL Y EMPRENDIMIENTO-TALENTO EXCEPCIONAL EN TECNOLOGIA", "GRUPOS_ETN": "AFRODESCENDIENTES-INDIGENAS-NEGRITUDES", "SECTOR": 2, "NATU_JUR": 9, "CALENDARIO": 1, "GENERO": 5, "COD_LOCA": "19", "ESPECIALID": 1, "CLASE_TIPO": 1, "BILINGUE": 5, "FECHA": "2025-04-30", "DANE12_EST": "111001047571", "DANE12_SED": "111001047571", "DA_HIPOACU": 1, "DA_SORDERA": 0, "DA_LENGUAS": 0, "DA_UCASTEL": 0, "DISCAP_FIS": 2, "DISCAP_FLE": 0, "DISCAP_PCE": 0, "DI_DCOGNIT": 56, "DI_SDOWN": 0, "DIS_MULTIP": 6, "DIS_PSICOS": 3, "DV_BAJAVIS": 0, "DIS_CEGUER": 0, "T_ESPECTRO": 0, "T_VOZ_Y_HA": 0, "SISTEMICA": 0, "SORDOCEGUE": 0, "OTRA": 0, "TOT_EST_MA": 68, "AFRODESCEN": 15, "INDIGENAS": 7, "NEGRITUDES": 5, "PALENQUERO": 0, "RAIZALES": 0, "ROM": 0, "TOT_EST_ET": 27, "CAPACID_EX": 0, "DOBLE_EXCE": 0, "TE_ACTFISI": 10, "TE_ARTES": 6, "TE_CNATUR": 1, "TE_CSOCIAL": 1, "TE_LDSOCIA": 2, "TE_TECNOLO": 0, "TOT_EST_CA": 20, "TMATRIC_GE": 2215, "Zona": 1 }, "geometry": { "type": "Point", "coordinates": [ -8255157.32740000076592, 509168.723999999463558 ] } },
{ "type": "Feature", "properties": { "NOMBRE_EST": "COLEGIO ARBORIZADORA ALTA (IED)", "NOMBRE_SED": "PRADERA ESPERANZA", "ORDEN_DE_S": "B", "DIRECCION": "KR 44 # 72 - 36 SUR", "DISCAPACID": "INTELECTUAL-MULTIPLE-SORDOCEGUERA", "TALENTOS_O": "TALENTO EXCEPCIONAL EN ACTIVIDAD FISICA, EJERCICIO Y DEPORTE-TALENTO EXCEPCIONAL EN ARTES Y LETRAS-TALENTO EXCEPCIONAL EN LIDERAZGO SOCIAL Y EMPRENDIMIENTO", "GRUPOS_ETN": "AFRODESCENDIENTES-INDIGENAS", "SECTOR": 2, "NATU_JUR": 9, "CALENDARIO": 1, "GENERO": 5, "COD_LOCA": "19", "ESPECIALID": 13, "CLASE_TIPO": 1, "BILINGUE": 5, "FECHA": "2025-04-30", "DANE12_EST": "111001047571", "DANE12_SED": "111001075086", "DA_HIPOACU": 0, "DA_SORDERA": 0, "DA_LENGUAS": 0, "DA_UCASTEL": 0, "DISCAP_FIS": 1, "DISCAP_FLE": 0, "DISCAP_PCE": 0, "DI_DCOGNIT": 0, "DI_SDOWN": 0, "DIS_MULTIP": 5, "DIS_PSICOS": 2, "DV_BAJAVIS": 0, "DIS_CEGUER": 0, "T_ESPECTRO": 0, "T_VOZ_Y_HA": 0, "SISTEMICA": 0, "SORDOCEGUE": 0, "OTRA": 0, "TOT_EST_MA": 8, "AFRODESCEN": 3, "INDIGENAS": 1, "NEGRITUDES": 0, "PALENQUERO": 0, "RAIZALES": 0, "ROM": 0, "TOT_EST_ET": 4, "CAPACID_EX": 0, "DOBLE_EXCE": 0, "TE_ACTFISI": 2, "TE_ARTES": 3, "TE_CNATUR": 0, "TE_CSOCIAL": 0, "TE_LDSOCIA": 1, "TE_TECNOLO": 1, "TOT_EST_CA": 7, "TMATRIC_GE": 497, "Zona": 1 }, "geometry": { "type": "Point", "coordinates": [ -8255706.132500000298023, 509157.556600000709295 ] } },
{ "type": "Feature", "properties": { "NOMBRE_EST": "COLEGIO PARAISO MIRADOR (IED)", "NOMBRE_SED": "PARAISO MIRADOR", "ORDEN_DE_S": "A", "DIRECCION": "KR 27 L # 71 H - 46 SUR", "DISCAPACID": "FISICA", "TALENTOS_O": "TALENTO EXCEPCIONAL EN ACTIVIDAD FISICA, EJERCICIO Y DEPORTE-TALENTO EXCEPCIONAL EN ARTES Y LETRAS", "GRUPOS_ETN": "AFRODESCENDIENTES", "SECTOR": 2, "NATU_JUR": 9, "CALENDARIO": 1, "GENERO": 5, "COD_LOCA": "19", "ESPECIALID": 13, "CLASE_TIPO": 1, "BILINGUE": 5, "FECHA": "2025-04-30", "DANE12_EST": "111001047678", "DANE12_SED": "111001047678", "DA_HIPOACU": 0, "DA_SORDERA": 0, "DA_LENGUAS": 0, "DA_UCASTEL": 0, "DISCAP_FIS": 1, "DISCAP_FLE": 0, "DISCAP_PCE": 0, "DI_DCOGNIT": 0, "DI_SDOWN": 0, "DIS_MULTIP": 1, "DIS_PSICOS": 0, "DV_BAJAVIS": 1, "DIS_CEGUER": 0, "T_ESPECTRO": 0, "T_VOZ_Y_HA": 0, "SISTEMICA": 0, "SORDOCEGUE": 0, "OTRA": 0, "TOT_EST_MA": 3, "AFRODESCEN": 0, "INDIGENAS": 0, "NEGRITUDES": 0, "PALENQUERO": 0, "RAIZALES": 0, "ROM": 0, "TOT_EST_ET": 0, "CAPACID_EX": 0, "DOBLE_EXCE": 0, "TE_ACTFISI": 0, "TE_ARTES": 0, "TE_CNATUR": 0, "TE_CSOCIAL": 0, "TE_LDSOCIA": 0, "TE_TECNOLO": 0, "TOT_EST_CA": 0, "TMATRIC_GE": 151, "Zona": 1 }, "geometry": { "type": "Point", "coordinates": [ -8255701.679700000211596, 507167.5439000017941 ] } },
{ "type": "Feature", "properties": { "NOMBRE_EST": "COLEGIO PARAISO MIRADOR (IED)", "NOMBRE_SED": "PARAISO MIRADOR", "ORDEN_DE_S": "B", "DIRECCION": "CL 71 J SUR # 27 - 57", "DISCAPACID": "AUDITIVA-FISICA-INTELECTUAL-MULTIPLE-VISUAL", "TALENTOS_O": "TALENTO EXCEPCIONAL EN ARTES Y LETRAS", "GRUPOS_ETN": "AFRODESCENDIENTES-INDIGENAS-NEGRITUDES", "SECTOR": 2, "NATU_JUR": 9, "CALENDARIO": 1, "GENERO": 5, "COD_LOCA": "19", "ESPECIALID": 13, "CLASE_TIPO": 1, "BILINGUE": 5, "FECHA": "2025-04-30", "DANE12_EST": "111001047678", "DANE12_SED": "111001104213", "DA_HIPOACU": 4, "DA_SORDERA": 0, "DA_LENGUAS": 0, "DA_UCASTEL": 0, "DISCAP_FIS": 6, "DISCAP_FLE": 0, "DISCAP_PCE": 0, "DI_DCOGNIT": 26, "DI_SDOWN": 0, "DIS_MULTIP": 5, "DIS_PSICOS": 1, "DV_BAJAVIS": 2, "DIS_CEGUER": 0, "T_ESPECTRO": 0, "T_VOZ_Y_HA": 0, "SISTEMICA": 0, "SORDOCEGUE": 0, "OTRA": 0, "TOT_EST_MA": 44, "AFRODESCEN": 25, "INDIGENAS": 8, "NEGRITUDES": 3, "PALENQUERO": 0, "RAIZALES": 0, "ROM": 0, "TOT_EST_ET": 36, "CAPACID_EX": 1, "DOBLE_EXCE": 0, "TE_ACTFISI": 13, "TE_ARTES": 3, "TE_CNATUR": 1, "TE_CSOCIAL": 0, "TE_LDSOCIA": 1, "TE_TECNOLO": 0, "TOT_EST_CA": 19, "TMATRIC_GE": 1151, "Zona": 1 }, "geometry": { "type": "Point", "coordinates": [ -8255351.023299999535084, 506987.75279999896884 ] } },
{ "type": "Feature", "properties": { "NOMBRE_EST": "COLEGIO PARAISO MIRADOR (IED)", "NOMBRE_SED": "PARAISO MIRADOR", "ORDEN_DE_S": "C", "DIRECCION": "KR 27 B # 71 C - 12 SUR", "DISCAPACID": "AUDITIVA-FISICA-INTELECTUAL-MENTAL/PSICOSOCIAL-MULTIPLE-VISUAL", "TALENTOS_O": "CAPACIDADES EXCEPCIONALES-TALENTO EXCEPCIONAL EN ARTES Y LETRAS-TALENTO EXCEPCIONAL EN CIENCIAS NATURALES O BASICAS", "GRUPOS_ETN": "AFRODESCENDIENTES-INDIGENAS-NEGRITUDES", "SECTOR": 2, "NATU_JUR": 9, "CALENDARIO": 1, "GENERO": 5, "COD_LOCA": "19", "ESPECIALID": 1, "CLASE_TIPO": 1, "BILINGUE": 5, "FECHA": "2025-04-30", "DANE12_EST": "111001047678", "DANE12_SED": "111001106569", "DA_HIPOACU": 4, "DA_SORDERA": 0, "DA_LENGUAS": 0, "DA_UCASTEL": 0, "DISCAP_FIS": 5, "DISCAP_FLE": 0, "DISCAP_PCE": 0, "DI_DCOGNIT": 72, "DI_SDOWN": 0, "DIS_MULTIP": 12, "DIS_PSICOS": 1, "DV_BAJAVIS": 2, "DIS_CEGUER": 0, "T_ESPECTRO": 0, "T_VOZ_Y_HA": 0, "SISTEMICA": 0, "SORDOCEGUE": 0, "OTRA": 0, "TOT_EST_MA": 96, "AFRODESCEN": 19, "INDIGENAS": 23, "NEGRITUDES": 13, "PALENQUERO": 0, "RAIZALES": 0, "ROM": 0, "TOT_EST_ET": 55, "CAPACID_EX": 2, "DOBLE_EXCE": 0, "TE_ACTFISI": 1, "TE_ARTES": 1, "TE_CNATUR": 0, "TE_CSOCIAL": 1, "TE_LDSOCIA": 1, "TE_TECNOLO": 0, "TOT_EST_CA": 6, "TMATRIC_GE": 1635, "Zona": 1 }, "geometry": { "type": "Point", "coordinates": [ -8255354.3629, 507283.682399999350309 ] } },
{ "type": "Feature", "properties": { "NOMBRE_EST": "COLEGIO MARIA MERCEDES CARRANZA (IED)", "NOMBRE_SED": "MARIA MERCEDES CARRANZA", "ORDEN_DE_S": "A", "DIRECCION": "TV 70 G # 65 - 02 SUR", "DISCAPACID": "AUDITIVA-FISICA-INTELECTUAL-MENTAL/PSICOSOCIAL-MULTIPLE-VISUAL", "TALENTOS_O": "CAPACIDADES EXCEPCIONALES-TALENTO EXCEPCIONAL EN ACTIVIDAD FISICA, EJERCICIO Y DEPORTE-TALENTO EXCEPCIONAL EN ARTES Y LETRAS-TALENTO EXCEPCIONAL EN CIENCIAS NATURALES O BASICAS-TALENTO EXCEPCIONAL EN LIDERAZGO SOCIAL Y EMPRENDIMIENTO-TALENTO EXCEPCIONAL", "GRUPOS_ETN": "AFRODESCENDIENTES-INDIGENAS-NEGRITUDES", "SECTOR": 2, "NATU_JUR": 9, "CALENDARIO": 1, "GENERO": 5, "COD_LOCA": "19", "ESPECIALID": 1, "CLASE_TIPO": 1, "BILINGUE": 5, "FECHA": "2025-04-30", "DANE12_EST": "111001075329", "DANE12_SED": "111001075329", "DA_HIPOACU": 6, "DA_SORDERA": 0, "DA_LENGUAS": 0, "DA_UCASTEL": 0, "DISCAP_FIS": 3, "DISCAP_FLE": 0, "DISCAP_PCE": 0, "DI_DCOGNIT": 39, "DI_SDOWN": 0, "DIS_MULTIP": 13, "DIS_PSICOS": 11, "DV_BAJAVIS": 3, "DIS_CEGUER": 0, "T_ESPECTRO": 0, "T_VOZ_Y_HA": 0, "SISTEMICA": 0, "SORDOCEGUE": 0, "OTRA": 0, "TOT_EST_MA": 75, "AFRODESCEN": 9, "INDIGENAS": 27, "NEGRITUDES": 10, "PALENQUERO": 0, "RAIZALES": 0, "ROM": 0, "TOT_EST_ET": 46, "CAPACID_EX": 4, "DOBLE_EXCE": 0, "TE_ACTFISI": 21, "TE_ARTES": 11, "TE_CNATUR": 1, "TE_CSOCIAL": 0, "TE_LDSOCIA": 2, "TE_TECNOLO": 0, "TOT_EST_CA": 39, "TMATRIC_GE": 2993, "Zona": 1 }, "geometry": { "type": "Point", "coordinates": [ -8255874.224899999797344, 511107.41499999910593 ] } },
{ "type": "Feature", "properties": { "NOMBRE_EST": "COLEGIO ESTRELLA DEL SUR (IED)", "NOMBRE_SED": "ESTRELLA DEL SUR", "ORDEN_DE_S": "A", "DIRECCION": "CL 17 P # 72 P - 28 SUR  --  KR 17 P # 72 - 25 SUR", "DISCAPACID": "FISICA-INTELECTUAL-MENTAL/PSICOSOCIAL-MULTIPLE", "TALENTOS_O": null, "GRUPOS_ETN": "AFRODESCENDIENTES-INDIGENAS-NEGRITUDES", "SECTOR": 2, "NATU_JUR": 9, "CALENDARIO": 1, "GENERO": 5, "COD_LOCA": "19", "ESPECIALID": 1, "CLASE_TIPO": 1, "BILINGUE": 5, "FECHA": "2025-04-30", "DANE12_EST": "111001075663", "DANE12_SED": "111001075663", "DA_HIPOACU": 0, "DA_SORDERA": 0, "DA_LENGUAS": 0, "DA_UCASTEL": 0, "DISCAP_FIS": 0, "DISCAP_FLE": 0, "DISCAP_PCE": 0, "DI_DCOGNIT": 6, "DI_SDOWN": 0, "DIS_MULTIP": 3, "DIS_PSICOS": 0, "DV_BAJAVIS": 0, "DIS_CEGUER": 0, "T_ESPECTRO": 0, "T_VOZ_Y_HA": 0, "SISTEMICA": 0, "SORDOCEGUE": 0, "OTRA": 0, "TOT_EST_MA": 9, "AFRODESCEN": 1, "INDIGENAS": 1, "NEGRITUDES": 1, "PALENQUERO": 0, "RAIZALES": 0, "ROM": 0, "TOT_EST_ET": 3, "CAPACID_EX": 0, "DOBLE_EXCE": 0, "TE_ACTFISI": 0, "TE_ARTES": 0, "TE_CNATUR": 0, "TE_CSOCIAL": 0, "TE_LDSOCIA": 0, "TE_TECNOLO": 0, "TOT_EST_CA": 0, "TMATRIC_GE": 171, "Zona": 1 }, "geometry": { "type": "Point", "coordinates": [ -8253496.440600000321865, 506467.36600000038743 ] } },
{ "type": "Feature", "properties": { "NOMBRE_EST": "COLEGIO ESTRELLA DEL SUR (IED)", "NOMBRE_SED": "ESTRELLA DEL SUR", "ORDEN_DE_S": "B", "DIRECCION": "CL 75 SUR # 18 B - 45", "DISCAPACID": "AUDITIVA-FISICA-INTELECTUAL-MENTAL/PSICOSOCIAL-VISUAL", "TALENTOS_O": "TALENTO EXCEPCIONAL EN ARTES Y LETRAS", "GRUPOS_ETN": "AFRODESCENDIENTES-INDIGENAS-NEGRITUDES", "SECTOR": 2, "NATU_JUR": 9, "CALENDARIO": 1, "GENERO": 5, "COD_LOCA": "19", "ESPECIALID": 13, "CLASE_TIPO": 1, "BILINGUE": 5, "FECHA": "2025-04-30", "DANE12_EST": "111001075663", "DANE12_SED": "111001104230", "DA_HIPOACU": 1, "DA_SORDERA": 0, "DA_LENGUAS": 0, "DA_UCASTEL": 0, "DISCAP_FIS": 0, "DISCAP_FLE": 0, "DISCAP_PCE": 0, "DI_DCOGNIT": 32, "DI_SDOWN": 0, "DIS_MULTIP": 3, "DIS_PSICOS": 3, "DV_BAJAVIS": 0, "DIS_CEGUER": 0, "T_ESPECTRO": 0, "T_VOZ_Y_HA": 0, "SISTEMICA": 0, "SORDOCEGUE": 0, "OTRA": 0, "TOT_EST_MA": 39, "AFRODESCEN": 8, "INDIGENAS": 6, "NEGRITUDES": 6, "PALENQUERO": 0, "RAIZALES": 0, "ROM": 0, "TOT_EST_ET": 20, "CAPACID_EX": 1, "DOBLE_EXCE": 0, "TE_ACTFISI": 1, "TE_ARTES": 1, "TE_CNATUR": 0, "TE_CSOCIAL": 0, "TE_LDSOCIA": 0, "TE_TECNOLO": 0, "TOT_EST_CA": 3, "TMATRIC_GE": 502, "Zona": 1 }, "geometry": { "type": "Point", "coordinates": [ -8253716.853199999779463, 506172.556000001728535 ] } },
{ "type": "Feature", "properties": { "NOMBRE_EST": "COLEGIO ESTRELLA DEL SUR (IED)", "NOMBRE_SED": "ESTRELLA DEL SUR", "ORDEN_DE_S": "C", "DIRECCION": "CL 74 A SUR # 18 - 23", "DISCAPACID": "INTELECTUAL-MULTIPLE", "TALENTOS_O": "TALENTO EXCEPCIONAL EN ACTIVIDAD FISICA, EJERCICIO Y DEPORTE-TALENTO EXCEPCIONAL EN ARTES Y LETRAS", "GRUPOS_ETN": "AFRODESCENDIENTES-INDIGENAS-NEGRITUDES", "SECTOR": 2, "NATU_JUR": 9, "CALENDARIO": 1, "GENERO": 5, "COD_LOCA": "19", "ESPECIALID": 13, "CLASE_TIPO": 1, "BILINGUE": 5, "FECHA": "2025-04-30", "DANE12_EST": "111001075663", "DANE12_SED": "111001104248", "DA_HIPOACU": 0, "DA_SORDERA": 0, "DA_LENGUAS": 0, "DA_UCASTEL": 0, "DISCAP_FIS": 0, "DISCAP_FLE": 0, "DISCAP_PCE": 0, "DI_DCOGNIT": 5, "DI_SDOWN": 0, "DIS_MULTIP": 4, "DIS_PSICOS": 0, "DV_BAJAVIS": 0, "DIS_CEGUER": 0, "T_ESPECTRO": 0, "T_VOZ_Y_HA": 0, "SISTEMICA": 0, "SORDOCEGUE": 0, "OTRA": 0, "TOT_EST_MA": 9, "AFRODESCEN": 2, "INDIGENAS": 4, "NEGRITUDES": 0, "PALENQUERO": 0, "RAIZALES": 0, "ROM": 0, "TOT_EST_ET": 6, "CAPACID_EX": 0, "DOBLE_EXCE": 0, "TE_ACTFISI": 3, "TE_ARTES": 2, "TE_CNATUR": 0, "TE_CSOCIAL": 0, "TE_LDSOCIA": 0, "TE_TECNOLO": 0, "TOT_EST_CA": 5, "TMATRIC_GE": 545, "Zona": 1 }, "geometry": { "type": "Point", "coordinates": [ -8253517.591299999505281, 506269.709199998527765 ] } },
{ "type": "Feature", "properties": { "NOMBRE_EST": "COLEGIO ESTRELLA DEL SUR (IED)", "NOMBRE_SED": "ESTRELLA DEL SUR", "ORDEN_DE_S": "D", "DIRECCION": "KR 18 D # 73 - 50 SUR", "DISCAPACID": "FISICA-INTELECTUAL-MULTIPLE", "TALENTOS_O": "TALENTO EXCEPCIONAL EN ACTIVIDAD FISICA, EJERCICIO Y DEPORTE", "GRUPOS_ETN": "AFRODESCENDIENTES-INDIGENAS-NEGRITUDES", "SECTOR": 2, "NATU_JUR": 9, "CALENDARIO": 1, "GENERO": 5, "COD_LOCA": "19", "ESPECIALID": 1, "CLASE_TIPO": 1, "BILINGUE": 5, "FECHA": "2025-04-30", "DANE12_EST": "111001075663", "DANE12_SED": "111001106577", "DA_HIPOACU": 1, "DA_SORDERA": 0, "DA_LENGUAS": 0, "DA_UCASTEL": 0, "DISCAP_FIS": 1, "DISCAP_FLE": 0, "DISCAP_PCE": 0, "DI_DCOGNIT": 26, "DI_SDOWN": 0, "DIS_MULTIP": 3, "DIS_PSICOS": 2, "DV_BAJAVIS": 0, "DIS_CEGUER": 0, "T_ESPECTRO": 0, "T_VOZ_Y_HA": 0, "SISTEMICA": 0, "SORDOCEGUE": 0, "OTRA": 0, "TOT_EST_MA": 34, "AFRODESCEN": 8, "INDIGENAS": 5, "NEGRITUDES": 5, "PALENQUERO": 0, "RAIZALES": 0, "ROM": 0, "TOT_EST_ET": 18, "CAPACID_EX": 0, "DOBLE_EXCE": 0, "TE_ACTFISI": 0, "TE_ARTES": 0, "TE_CNATUR": 0, "TE_CSOCIAL": 0, "TE_LDSOCIA": 0, "TE_TECNOLO": 1, "TOT_EST_CA": 1, "TMATRIC_GE": 584, "Zona": 1 }, "geometry": { "type": "Point", "coordinates": [ -8253817.040699999779463, 506399.246899999678135 ] } },
{ "type": "Feature", "properties": { "NOMBRE_EST": "COLEGIO SOTAVENTO (IED)", "NOMBRE_SED": "SOTAVENTO", "ORDEN_DE_S": "A", "DIRECCION": "CL 73 A SUR # 16 F - 35", "DISCAPACID": "AUDITIVA-FISICA-INTELECTUAL-MENTAL/PSICOSOCIAL-MULTIPLE-VISUAL", "TALENTOS_O": "TALENTO EXCEPCIONAL EN ACTIVIDAD FISICA, EJERCICIO Y DEPORTE-TALENTO EXCEPCIONAL EN ARTES Y LETRAS", "GRUPOS_ETN": "AFRODESCENDIENTES-INDIGENAS-NEGRITUDES", "SECTOR": 2, "NATU_JUR": 9, "CALENDARIO": 1, "GENERO": 5, "COD_LOCA": "19", "ESPECIALID": 1, "CLASE_TIPO": 1, "BILINGUE": 5, "FECHA": "2025-04-30", "DANE12_EST": "111001075752", "DANE12_SED": "111001075752", "DA_HIPOACU": 2, "DA_SORDERA": 0, "DA_LENGUAS": 0, "DA_UCASTEL": 0, "DISCAP_FIS": 5, "DISCAP_FLE": 0, "DISCAP_PCE": 0, "DI_DCOGNIT": 32, "DI_SDOWN": 0, "DIS_MULTIP": 12, "DIS_PSICOS": 5, "DV_BAJAVIS": 2, "DIS_CEGUER": 0, "T_ESPECTRO": 0, "T_VOZ_Y_HA": 0, "SISTEMICA": 0, "SORDOCEGUE": 0, "OTRA": 0, "TOT_EST_MA": 58, "AFRODESCEN": 10, "INDIGENAS": 6, "NEGRITUDES": 3, "PALENQUERO": 0, "RAIZALES": 0, "ROM": 0, "TOT_EST_ET": 19, "CAPACID_EX": 0, "DOBLE_EXCE": 0, "TE_ACTFISI": 5, "TE_ARTES": 2, "TE_CNATUR": 1, "TE_CSOCIAL": 1, "TE_LDSOCIA": 0, "TE_TECNOLO": 1, "TOT_EST_CA": 10, "TMATRIC_GE": 963, "Zona": 1 }, "geometry": { "type": "Point", "coordinates": [ -8252944.29590000025928, 506430.514699999243021 ] } },
{ "type": "Feature", "properties": { "NOMBRE_EST": "COLEGIO SAN FRANCISCO (IED)", "NOMBRE_SED": "SAN FRANCISCO", "ORDEN_DE_S": "A", "DIRECCION": "KR 22 # 64 - 29 SUR", "DISCAPACID": "AUDITIVA-FISICA-INTELECTUAL-MENTAL/PSICOSOCIAL-MULTIPLE", "TALENTOS_O": "CAPACIDADES EXCEPCIONALES-TALENTO EXCEPCIONAL EN ACTIVIDAD FISICA, EJERCICIO Y DEPORTE-TALENTO EXCEPCIONAL EN ARTES Y LETRAS-TALENTO EXCEPCIONAL EN TECNOLOGIA", "GRUPOS_ETN": "AFRODESCENDIENTES-INDIGENAS-NEGRITUDES-RAIZALES", "SECTOR": 2, "NATU_JUR": 9, "CALENDARIO": 1, "GENERO": 5, "COD_LOCA": "19", "ESPECIALID": 1, "CLASE_TIPO": 1, "BILINGUE": 5, "FECHA": "2025-04-30", "DANE12_EST": "111001076937", "DANE12_SED": "111001076937", "DA_HIPOACU": 44, "DA_SORDERA": 0, "DA_LENGUAS": 0, "DA_UCASTEL": 0, "DISCAP_FIS": 5, "DISCAP_FLE": 0, "DISCAP_PCE": 0, "DI_DCOGNIT": 42, "DI_SDOWN": 0, "DIS_MULTIP": 17, "DIS_PSICOS": 4, "DV_BAJAVIS": 2, "DIS_CEGUER": 0, "T_ESPECTRO": 0, "T_VOZ_Y_HA": 0, "SISTEMICA": 0, "SORDOCEGUE": 0, "OTRA": 0, "TOT_EST_MA": 114, "AFRODESCEN": 20, "INDIGENAS": 14, "NEGRITUDES": 7, "PALENQUERO": 0, "RAIZALES": 2, "ROM": 0, "TOT_EST_ET": 43, "CAPACID_EX": 0, "DOBLE_EXCE": 0, "TE_ACTFISI": 9, "TE_ARTES": 5, "TE_CNATUR": 0, "TE_CSOCIAL": 0, "TE_LDSOCIA": 0, "TE_TECNOLO": 1, "TOT_EST_CA": 15, "TMATRIC_GE": 2262, "Zona": 1 }, "geometry": { "type": "Point", "coordinates": [ -8253986.246300000697374, 508825.884399998933077 ] } },
{ "type": "Feature", "properties": { "NOMBRE_EST": "COLEGIO SAN FRANCISCO (IED)", "NOMBRE_SED": "SAN FRANCISCO II", "ORDEN_DE_S": "B", "DIRECCION": "KR 20 C # 67 - 00 SUR", "DISCAPACID": "AUDITIVA-FISICA-INTELECTUAL-MENTAL/PSICOSOCIAL-MULTIPLE-SORDOCEGUERA", "TALENTOS_O": "TALENTO EXCEPCIONAL EN ARTES Y LETRAS", "GRUPOS_ETN": "AFRODESCENDIENTES-INDIGENAS-NEGRITUDES-RAIZALES", "SECTOR": 2, "NATU_JUR": 9, "CALENDARIO": 1, "GENERO": 5, "COD_LOCA": "19", "ESPECIALID": 13, "CLASE_TIPO": 1, "BILINGUE": 5, "FECHA": "2025-04-30", "DANE12_EST": "111001076937", "DANE12_SED": "111001013633", "DA_HIPOACU": 1, "DA_SORDERA": 0, "DA_LENGUAS": 0, "DA_UCASTEL": 0, "DISCAP_FIS": 1, "DISCAP_FLE": 0, "DISCAP_PCE": 0, "DI_DCOGNIT": 10, "DI_SDOWN": 0, "DIS_MULTIP": 3, "DIS_PSICOS": 1, "DV_BAJAVIS": 0, "DIS_CEGUER": 0, "T_ESPECTRO": 0, "T_VOZ_Y_HA": 0, "SISTEMICA": 0, "SORDOCEGUE": 0, "OTRA": 0, "TOT_EST_MA": 16, "AFRODESCEN": 8, "INDIGENAS": 9, "NEGRITUDES": 4, "PALENQUERO": 0, "RAIZALES": 1, "ROM": 0, "TOT_EST_ET": 22, "CAPACID_EX": 1, "DOBLE_EXCE": 0, "TE_ACTFISI": 7, "TE_ARTES": 3, "TE_CNATUR": 0, "TE_CSOCIAL": 0, "TE_LDSOCIA": 0, "TE_TECNOLO": 1, "TOT_EST_CA": 12, "TMATRIC_GE": 800, "Zona": 1 }, "geometry": { "type": "Point", "coordinates": [ -8254227.809599999338388, 508485.279699999839067 ] } },
{ "type": "Feature", "properties": { "NOMBRE_EST": "COLEGIO SAN FRANCISCO (IED)", "NOMBRE_SED": "SAN FRANCISCO III", "ORDEN_DE_S": "C", "DIRECCION": "KR 20 A # 67 - 65 SUR", "DISCAPACID": "FISICA-INTELECTUAL", "TALENTOS_O": "TALENTO EXCEPCIONAL EN ACTIVIDAD FISICA, EJERCICIO Y DEPORTE", "GRUPOS_ETN": "AFRODESCENDIENTES-INDIGENAS-NEGRITUDES", "SECTOR": 2, "NATU_JUR": 9, "CALENDARIO": 1, "GENERO": 5, "COD_LOCA": "19", "ESPECIALID": 13, "CLASE_TIPO": 1, "BILINGUE": 5, "FECHA": "2025-04-30", "DANE12_EST": "111001076937", "DANE12_SED": "111001075213", "DA_HIPOACU": 1, "DA_SORDERA": 0, "DA_LENGUAS": 0, "DA_UCASTEL": 0, "DISCAP_FIS": 1, "DISCAP_FLE": 0, "DISCAP_PCE": 0, "DI_DCOGNIT": 0, "DI_SDOWN": 0, "DIS_MULTIP": 1, "DIS_PSICOS": 0, "DV_BAJAVIS": 0, "DIS_CEGUER": 0, "T_ESPECTRO": 0, "T_VOZ_Y_HA": 0, "SISTEMICA": 0, "SORDOCEGUE": 0, "OTRA": 0, "TOT_EST_MA": 3, "AFRODESCEN": 5, "INDIGENAS": 3, "NEGRITUDES": 2, "PALENQUERO": 0, "RAIZALES": 0, "ROM": 0, "TOT_EST_ET": 10, "CAPACID_EX": 0, "DOBLE_EXCE": 0, "TE_ACTFISI": 3, "TE_ARTES": 0, "TE_CNATUR": 0, "TE_CSOCIAL": 1, "TE_LDSOCIA": 2, "TE_TECNOLO": 2, "TOT_EST_CA": 8, "TMATRIC_GE": 328, "Zona": 1 }, "geometry": { "type": "Point", "coordinates": [ -8254292.374900000169873, 508355.738600000739098 ] } },
{ "type": "Feature", "properties": { "NOMBRE_EST": "COLEGIO CONFEDERACION BRISAS DEL DIAMANTE (IED)", "NOMBRE_SED": "CONFEDERACION SUIZA", "ORDEN_DE_S": "A", "DIRECCION": "KR 18 I # 69 D - 35 SUR", "DISCAPACID": "AUDITIVA-INTELECTUAL-MULTIPLE", "TALENTOS_O": "TALENTO EXCEPCIONAL EN ACTIVIDAD FISICA, EJERCICIO Y DEPORTE", "GRUPOS_ETN": "AFRODESCENDIENTES-INDIGENAS-NEGRITUDES", "SECTOR": 2, "NATU_JUR": 9, "CALENDARIO": 1, "GENERO": 5, "COD_LOCA": "19", "ESPECIALID": 1, "CLASE_TIPO": 1, "BILINGUE": 5, "FECHA": "2025-04-30", "DANE12_EST": "111001086584", "DANE12_SED": "111001086584", "DA_HIPOACU": 0, "DA_SORDERA": 0, "DA_LENGUAS": 0, "DA_UCASTEL": 0, "DISCAP_FIS": 3, "DISCAP_FLE": 0, "DISCAP_PCE": 0, "DI_DCOGNIT": 17, "DI_SDOWN": 0, "DIS_MULTIP": 1, "DIS_PSICOS": 1, "DV_BAJAVIS": 1, "DIS_CEGUER": 0, "T_ESPECTRO": 0, "T_VOZ_Y_HA": 0, "SISTEMICA": 0, "SORDOCEGUE": 0, "OTRA": 0, "TOT_EST_MA": 23, "AFRODESCEN": 24, "INDIGENAS": 27, "NEGRITUDES": 9, "PALENQUERO": 0, "RAIZALES": 0, "ROM": 0, "TOT_EST_ET": 60, "CAPACID_EX": 3, "DOBLE_EXCE": 0, "TE_ACTFISI": 1, "TE_ARTES": 1, "TE_CNATUR": 0, "TE_CSOCIAL": 0, "TE_LDSOCIA": 0, "TE_TECNOLO": 0, "TOT_EST_CA": 5, "TMATRIC_GE": 1016, "Zona": 1 }, "geometry": { "type": "Point", "coordinates": [ -8254096.452600000426173, 506769.993999999016523 ] } },
{ "type": "Feature", "properties": { "NOMBRE_EST": "COLEGIO CONFEDERACION BRISAS DEL DIAMANTE (IED)", "NOMBRE_SED": "VILLAS DEL DIAMANTE", "ORDEN_DE_S": "B", "DIRECCION": "DG 69 R SUR # 18 N - 06", "DISCAPACID": "INTELECTUAL-MENTAL/PSICOSOCIAL-MULTIPLE", "TALENTOS_O": "CAPACIDADES EXCEPCIONALES-TALENTO EXCEPCIONAL EN ACTIVIDAD FISICA, EJERCICIO Y DEPORTE", "GRUPOS_ETN": "AFRODESCENDIENTES-INDIGENAS", "SECTOR": 2, "NATU_JUR": 9, "CALENDARIO": 1, "GENERO": 5, "COD_LOCA": "19", "ESPECIALID": 13, "CLASE_TIPO": 1, "BILINGUE": 5, "FECHA": "2025-04-30", "DANE12_EST": "111001086584", "DANE12_SED": "111001075230", "DA_HIPOACU": 1, "DA_SORDERA": 0, "DA_LENGUAS": 0, "DA_UCASTEL": 0, "DISCAP_FIS": 0, "DISCAP_FLE": 0, "DISCAP_PCE": 0, "DI_DCOGNIT": 12, "DI_SDOWN": 0, "DIS_MULTIP": 2, "DIS_PSICOS": 0, "DV_BAJAVIS": 0, "DIS_CEGUER": 0, "T_ESPECTRO": 0, "T_VOZ_Y_HA": 0, "SISTEMICA": 0, "SORDOCEGUE": 0, "OTRA": 0, "TOT_EST_MA": 15, "AFRODESCEN": 3, "INDIGENAS": 8, "NEGRITUDES": 1, "PALENQUERO": 0, "RAIZALES": 0, "ROM": 0, "TOT_EST_ET": 12, "CAPACID_EX": 0, "DOBLE_EXCE": 0, "TE_ACTFISI": 1, "TE_ARTES": 0, "TE_CNATUR": 0, "TE_CSOCIAL": 0, "TE_LDSOCIA": 0, "TE_TECNOLO": 0, "TOT_EST_CA": 1, "TMATRIC_GE": 647, "Zona": 1 }, "geometry": { "type": "Point", "coordinates": [ -8254670.86119999922812, 507065.922800000756979 ] } },
{ "type": "Feature", "properties": { "NOMBRE_EST": "COLEGIO CONFEDERACION BRISAS DEL DIAMANTE (IED)", "NOMBRE_SED": "LAS MANITAS", "ORDEN_DE_S": "D", "DIRECCION": "CL 68 J SUR # 25 N - 15", "DISCAPACID": "FISICA-INTELECTUAL-VISUAL", "TALENTOS_O": null, "GRUPOS_ETN": "AFRODESCENDIENTES-INDIGENAS-NEGRITUDES", "SECTOR": 2, "NATU_JUR": 9, "CALENDARIO": 1, "GENERO": 5, "COD_LOCA": "19", "ESPECIALID": 13, "CLASE_TIPO": 1, "BILINGUE": 5, "FECHA": "2025-04-30", "DANE12_EST": "111001086584", "DANE12_SED": "111001065307", "DA_HIPOACU": 0, "DA_SORDERA": 0, "DA_LENGUAS": 0, "DA_UCASTEL": 0, "DISCAP_FIS": 2, "DISCAP_FLE": 0, "DISCAP_PCE": 0, "DI_DCOGNIT": 7, "DI_SDOWN": 0, "DIS_MULTIP": 2, "DIS_PSICOS": 0, "DV_BAJAVIS": 1, "DIS_CEGUER": 0, "T_ESPECTRO": 0, "T_VOZ_Y_HA": 0, "SISTEMICA": 0, "SORDOCEGUE": 0, "OTRA": 0, "TOT_EST_MA": 12, "AFRODESCEN": 0, "INDIGENAS": 8, "NEGRITUDES": 1, "PALENQUERO": 0, "RAIZALES": 0, "ROM": 0, "TOT_EST_ET": 9, "CAPACID_EX": 0, "DOBLE_EXCE": 0, "TE_ACTFISI": 0, "TE_ARTES": 0, "TE_CNATUR": 0, "TE_CSOCIAL": 0, "TE_LDSOCIA": 0, "TE_TECNOLO": 0, "TOT_EST_CA": 0, "TMATRIC_GE": 451, "Zona": 1 }, "geometry": { "type": "Point", "coordinates": [ -8254774.388299999758601, 508919.690499998629093 ] } },
{ "type": "Feature", "properties": { "NOMBRE_EST": "COLEGIO EL MINUTO DE BUENOS AIRES (IED)", "NOMBRE_SED": "BUENOS AIRES", "ORDEN_DE_S": "A", "DIRECCION": "CL 78 A SUR # 17 F - 26", "DISCAPACID": "FISICA", "TALENTOS_O": "TALENTO EXCEPCIONAL EN ACTIVIDAD FISICA, EJERCICIO Y DEPORTE", "GRUPOS_ETN": "AFRODESCENDIENTES-NEGRITUDES", "SECTOR": 2, "NATU_JUR": 9, "CALENDARIO": 1, "GENERO": 5, "COD_LOCA": "19", "ESPECIALID": 13, "CLASE_TIPO": 1, "BILINGUE": 5, "FECHA": "2025-04-30", "DANE12_EST": "111001086762", "DANE12_SED": "111001086762", "DA_HIPOACU": 0, "DA_SORDERA": 0, "DA_LENGUAS": 0, "DA_UCASTEL": 0, "DISCAP_FIS": 0, "DISCAP_FLE": 0, "DISCAP_PCE": 0, "DI_DCOGNIT": 3, "DI_SDOWN": 0, "DIS_MULTIP": 0, "DIS_PSICOS": 0, "DV_BAJAVIS": 1, "DIS_CEGUER": 0, "T_ESPECTRO": 0, "T_VOZ_Y_HA": 0, "SISTEMICA": 0, "SORDOCEGUE": 0, "OTRA": 0, "TOT_EST_MA": 4, "AFRODESCEN": 2, "INDIGENAS": 1, "NEGRITUDES": 1, "PALENQUERO": 0, "RAIZALES": 0, "ROM": 0, "TOT_EST_ET": 4, "CAPACID_EX": 0, "DOBLE_EXCE": 0, "TE_ACTFISI": 1, "TE_ARTES": 0, "TE_CNATUR": 0, "TE_CSOCIAL": 0, "TE_LDSOCIA": 0, "TE_TECNOLO": 0, "TOT_EST_CA": 1, "TMATRIC_GE": 426, "Zona": 1 }, "geometry": { "type": "Point", "coordinates": [ -8253203.670299999415874, 505852.063099998980761 ] } },
{ "type": "Feature", "properties": { "NOMBRE_EST": "COLEGIO EL MINUTO DE BUENOS AIRES (IED)", "NOMBRE_SED": "MINUTO DE MARIA", "ORDEN_DE_S": "B", "DIRECCION": "CL 80 A SUR # 17 N - 80", "DISCAPACID": "INTELECTUAL-MULTIPLE", "TALENTOS_O": "TALENTO EXCEPCIONAL EN ACTIVIDAD FISICA, EJERCICIO Y DEPORTE", "GRUPOS_ETN": "AFRODESCENDIENTES-INDIGENAS-NEGRITUDES", "SECTOR": 2, "NATU_JUR": 9, "CALENDARIO": 1, "GENERO": 5, "COD_LOCA": "19", "ESPECIALID": 1, "CLASE_TIPO": 1, "BILINGUE": 5, "FECHA": "2025-04-30", "DANE12_EST": "111001086762", "DANE12_SED": "111001014508", "DA_HIPOACU": 0, "DA_SORDERA": 0, "DA_LENGUAS": 0, "DA_UCASTEL": 0, "DISCAP_FIS": 0, "DISCAP_FLE": 0, "DISCAP_PCE": 0, "DI_DCOGNIT": 8, "DI_SDOWN": 0, "DIS_MULTIP": 0, "DIS_PSICOS": 2, "DV_BAJAVIS": 0, "DIS_CEGUER": 0, "T_ESPECTRO": 0, "T_VOZ_Y_HA": 0, "SISTEMICA": 0, "SORDOCEGUE": 0, "OTRA": 0, "TOT_EST_MA": 10, "AFRODESCEN": 7, "INDIGENAS": 2, "NEGRITUDES": 9, "PALENQUERO": 0, "RAIZALES": 0, "ROM": 0, "TOT_EST_ET": 18, "CAPACID_EX": 0, "DOBLE_EXCE": 0, "TE_ACTFISI": 0, "TE_ARTES": 1, "TE_CNATUR": 0, "TE_CSOCIAL": 0, "TE_LDSOCIA": 0, "TE_TECNOLO": 0, "TOT_EST_CA": 1, "TMATRIC_GE": 651, "Zona": 1 }, "geometry": { "type": "Point", "coordinates": [ -8253467.497500000521541, 505595.223000001162291 ] } },
{ "type": "Feature", "properties": { "NOMBRE_EST": "COLEGIO CEDID CIUDAD BOLIVAR (IED)", "NOMBRE_SED": "CIUDAD BOLIVAR", "ORDEN_DE_S": "A", "DIRECCION": "CL 70 SUR # 56 - 11", "DISCAPACID": "AUDITIVA-FISICA-INTELECTUAL-MENTAL/PSICOSOCIAL-MULTIPLE-SORDOCEGUERA-VISUAL", "TALENTOS_O": "CAPACIDADES EXCEPCIONALES-TALENTO EXCEPCIONAL EN ACTIVIDAD FISICA, EJERCICIO Y DEPORTE-TALENTO EXCEPCIONAL EN ARTES Y LETRAS-TALENTO EXCEPCIONAL EN CIENCIAS NATURALES O BASICAS", "GRUPOS_ETN": "AFRODESCENDIENTES-INDIGENAS-NEGRITUDES", "SECTOR": 2, "NATU_JUR": 9, "CALENDARIO": 1, "GENERO": 5, "COD_LOCA": "19", "ESPECIALID": 1, "CLASE_TIPO": 1, "BILINGUE": 5, "FECHA": "2025-04-30", "DANE12_EST": "111001086801", "DANE12_SED": "111001086801", "DA_HIPOACU": 2, "DA_SORDERA": 0, "DA_LENGUAS": 0, "DA_UCASTEL": 0, "DISCAP_FIS": 3, "DISCAP_FLE": 0, "DISCAP_PCE": 0, "DI_DCOGNIT": 62, "DI_SDOWN": 0, "DIS_MULTIP": 19, "DIS_PSICOS": 6, "DV_BAJAVIS": 2, "DIS_CEGUER": 0, "T_ESPECTRO": 0, "T_VOZ_Y_HA": 0, "SISTEMICA": 0, "SORDOCEGUE": 0, "OTRA": 0, "TOT_EST_MA": 94, "AFRODESCEN": 30, "INDIGENAS": 22, "NEGRITUDES": 15, "PALENQUERO": 2, "RAIZALES": 0, "ROM": 0, "TOT_EST_ET": 69, "CAPACID_EX": 2, "DOBLE_EXCE": 0, "TE_ACTFISI": 9, "TE_ARTES": 3, "TE_CNATUR": 1, "TE_CSOCIAL": 3, "TE_LDSOCIA": 0, "TE_TECNOLO": 2, "TOT_EST_CA": 20, "TMATRIC_GE": 3031, "Zona": 1 }, "geometry": { "type": "Point", "coordinates": [ -8255977.752000000327826, 510161.515500001609325 ] } },
{ "type": "Feature", "properties": { "NOMBRE_EST": "COLEGIO CEDID CIUDAD BOLIVAR (IED)", "NOMBRE_SED": "TANQUE LAGUNA", "ORDEN_DE_S": "B", "DIRECCION": "CL 75 SUR # 46 B - 16", "DISCAPACID": "INTELECTUAL-MENTAL/PSICOSOCIAL-VISUAL", "TALENTOS_O": "CAPACIDADES EXCEPCIONALES-TALENTO EXCEPCIONAL EN ARTES Y LETRAS-TALENTO EXCEPCIONAL EN CIENCIAS NATURALES O BASICAS", "GRUPOS_ETN": "AFRODESCENDIENTES-INDIGENAS", "SECTOR": 2, "NATU_JUR": 9, "CALENDARIO": 1, "GENERO": 5, "COD_LOCA": "19", "ESPECIALID": 13, "CLASE_TIPO": 1, "BILINGUE": 5, "FECHA": "2025-04-30", "DANE12_EST": "111001086801", "DANE12_SED": "111001044431", "DA_HIPOACU": 0, "DA_SORDERA": 0, "DA_LENGUAS": 0, "DA_UCASTEL": 0, "DISCAP_FIS": 1, "DISCAP_FLE": 0, "DISCAP_PCE": 0, "DI_DCOGNIT": 9, "DI_SDOWN": 0, "DIS_MULTIP": 1, "DIS_PSICOS": 1, "DV_BAJAVIS": 2, "DIS_CEGUER": 0, "T_ESPECTRO": 0, "T_VOZ_Y_HA": 0, "SISTEMICA": 0, "SORDOCEGUE": 0, "OTRA": 0, "TOT_EST_MA": 14, "AFRODESCEN": 5, "INDIGENAS": 2, "NEGRITUDES": 0, "PALENQUERO": 1, "RAIZALES": 0, "ROM": 0, "TOT_EST_ET": 8, "CAPACID_EX": 2, "DOBLE_EXCE": 0, "TE_ACTFISI": 4, "TE_ARTES": 4, "TE_CNATUR": 0, "TE_CSOCIAL": 0, "TE_LDSOCIA": 1, "TE_TECNOLO": 0, "TOT_EST_CA": 11, "TMATRIC_GE": 750, "Zona": 1 }, "geometry": { "type": "Point", "coordinates": [ -8256066.807600000873208, 509495.930700000375509 ] } },
{ "type": "Feature", "properties": { "NOMBRE_EST": "COLEGIO CEDID CIUDAD BOLIVAR (IED)", "NOMBRE_SED": "PERDOMO ALTO", "ORDEN_DE_S": "C", "DIRECCION": "CL 69 B SUR # 73 F - 68", "DISCAPACID": "INTELECTUAL-MENTAL/PSICOSOCIAL-MULTIPLE", "TALENTOS_O": "TALENTO EXCEPCIONAL EN ACTIVIDAD FISICA, EJERCICIO Y DEPORTE", "GRUPOS_ETN": "AFRODESCENDIENTES-INDIGENAS-NEGRITUDES", "SECTOR": 2, "NATU_JUR": 9, "CALENDARIO": 1, "GENERO": 5, "COD_LOCA": "19", "ESPECIALID": 13, "CLASE_TIPO": 1, "BILINGUE": 5, "FECHA": "2025-04-30", "DANE12_EST": "111001086801", "DANE12_SED": "111001045004", "DA_HIPOACU": 0, "DA_SORDERA": 0, "DA_LENGUAS": 0, "DA_UCASTEL": 0, "DISCAP_FIS": 1, "DISCAP_FLE": 0, "DISCAP_PCE": 0, "DI_DCOGNIT": 5, "DI_SDOWN": 0, "DIS_MULTIP": 2, "DIS_PSICOS": 0, "DV_BAJAVIS": 0, "DIS_CEGUER": 0, "T_ESPECTRO": 0, "T_VOZ_Y_HA": 0, "SISTEMICA": 0, "SORDOCEGUE": 0, "OTRA": 0, "TOT_EST_MA": 8, "AFRODESCEN": 3, "INDIGENAS": 2, "NEGRITUDES": 1, "PALENQUERO": 0, "RAIZALES": 0, "ROM": 0, "TOT_EST_ET": 6, "CAPACID_EX": 0, "DOBLE_EXCE": 0, "TE_ACTFISI": 6, "TE_ARTES": 0, "TE_CNATUR": 0, "TE_CSOCIAL": 0, "TE_LDSOCIA": 0, "TE_TECNOLO": 0, "TOT_EST_CA": 6, "TMATRIC_GE": 456, "Zona": 1 }, "geometry": { "type": "Point", "coordinates": [ -8256427.482799999415874, 510502.127399999648333 ] } },
{ "type": "Feature", "properties": { "NOMBRE_EST": "COLEGIO CEDID CIUDAD BOLIVAR (IED)", "NOMBRE_SED": "SANTA ROSITA LAS VEGAS", "ORDEN_DE_S": "D", "DIRECCION": "TV 49 D # 70 - 80 SUR", "DISCAPACID": "INTELECTUAL-MENTAL/PSICOSOCIAL", "TALENTOS_O": "CAPACIDADES EXCEPCIONALES-TALENTO EXCEPCIONAL EN ACTIVIDAD FISICA, EJERCICIO Y DEPORTE", "GRUPOS_ETN": "AFRODESCENDIENTES-NEGRITUDES", "SECTOR": 2, "NATU_JUR": 9, "CALENDARIO": 1, "GENERO": 5, "COD_LOCA": "19", "ESPECIALID": 13, "CLASE_TIPO": 1, "BILINGUE": 5, "FECHA": "2025-04-30", "DANE12_EST": "111001086801", "DANE12_SED": "111001047481", "DA_HIPOACU": 0, "DA_SORDERA": 0, "DA_LENGUAS": 0, "DA_UCASTEL": 0, "DISCAP_FIS": 1, "DISCAP_FLE": 0, "DISCAP_PCE": 0, "DI_DCOGNIT": 3, "DI_SDOWN": 0, "DIS_MULTIP": 1, "DIS_PSICOS": 0, "DV_BAJAVIS": 1, "DIS_CEGUER": 0, "T_ESPECTRO": 0, "T_VOZ_Y_HA": 0, "SISTEMICA": 0, "SORDOCEGUE": 0, "OTRA": 0, "TOT_EST_MA": 6, "AFRODESCEN": 4, "INDIGENAS": 0, "NEGRITUDES": 2, "PALENQUERO": 0, "RAIZALES": 0, "ROM": 0, "TOT_EST_ET": 6, "CAPACID_EX": 0, "DOBLE_EXCE": 0, "TE_ACTFISI": 2, "TE_ARTES": 0, "TE_CNATUR": 0, "TE_CSOCIAL": 0, "TE_LDSOCIA": 0, "TE_TECNOLO": 0, "TOT_EST_CA": 2, "TMATRIC_GE": 286, "Zona": 1 }, "geometry": { "type": "Point", "coordinates": [ -8255835.2631, 509899.077899999916553 ] } },
{ "type": "Feature", "properties": { "NOMBRE_EST": "COLEGIO SIERRA MORENA (IED)", "NOMBRE_SED": "SIERRA MORENA", "ORDEN_DE_S": "A", "DIRECCION": "CL 75 C SUR # 71 - 03", "DISCAPACID": "AUDITIVA-FISICA-INTELECTUAL-MENTAL/PSICOSOCIAL-MULTIPLE-VISUAL", "TALENTOS_O": "CAPACIDADES EXCEPCIONALES-TALENTO EXCEPCIONAL EN ACTIVIDAD FISICA, EJERCICIO Y DEPORTE-TALENTO EXCEPCIONAL EN ARTES Y LETRAS-TALENTO EXCEPCIONAL EN CIENCIAS NATURALES O BASICAS-TALENTO EXCEPCIONAL EN CIENCIAS SOCIALES O HUMANAS-TALENTO EXCEPCIONAL EN LID", "GRUPOS_ETN": "AFRODESCENDIENTES-INDIGENAS-NEGRITUDES", "SECTOR": 2, "NATU_JUR": 9, "CALENDARIO": 1, "GENERO": 5, "COD_LOCA": "19", "ESPECIALID": 1, "CLASE_TIPO": 1, "BILINGUE": 5, "FECHA": "2025-04-30", "DANE12_EST": "111001086835", "DANE12_SED": "111001086835", "DA_HIPOACU": 3, "DA_SORDERA": 0, "DA_LENGUAS": 0, "DA_UCASTEL": 0, "DISCAP_FIS": 4, "DISCAP_FLE": 0, "DISCAP_PCE": 0, "DI_DCOGNIT": 50, "DI_SDOWN": 0, "DIS_MULTIP": 5, "DIS_PSICOS": 2, "DV_BAJAVIS": 2, "DIS_CEGUER": 0, "T_ESPECTRO": 0, "T_VOZ_Y_HA": 0, "SISTEMICA": 0, "SORDOCEGUE": 0, "OTRA": 0, "TOT_EST_MA": 66, "AFRODESCEN": 34, "INDIGENAS": 40, "NEGRITUDES": 15, "PALENQUERO": 0, "RAIZALES": 0, "ROM": 0, "TOT_EST_ET": 89, "CAPACID_EX": 0, "DOBLE_EXCE": 0, "TE_ACTFISI": 3, "TE_ARTES": 1, "TE_CNATUR": 0, "TE_CSOCIAL": 0, "TE_LDSOCIA": 0, "TE_TECNOLO": 0, "TOT_EST_CA": 4, "TMATRIC_GE": 2952, "Zona": 1 }, "geometry": { "type": "Point", "coordinates": [ -8256519.878000000491738, 509813.087900001555681 ] } },
{ "type": "Feature", "properties": { "NOMBRE_EST": "COLEGIO SIERRA MORENA (IED)", "NOMBRE_SED": "SANTO DOMINGO SAVIO", "ORDEN_DE_S": "B", "DIRECCION": "CL 62 B SUR # 77 C - 11", "DISCAPACID": "AUDITIVA-FISICA-INTELECTUAL-MENTAL/PSICOSOCIAL-MULTIPLE", "TALENTOS_O": "CAPACIDADES EXCEPCIONALES-TALENTO EXCEPCIONAL EN ACTIVIDAD FISICA, EJERCICIO Y DEPORTE-TALENTO EXCEPCIONAL EN ARTES Y LETRAS", "GRUPOS_ETN": "AFRODESCENDIENTES-INDIGENAS-NEGRITUDES", "SECTOR": 2, "NATU_JUR": 9, "CALENDARIO": 1, "GENERO": 5, "COD_LOCA": "19", "ESPECIALID": 13, "CLASE_TIPO": 1, "BILINGUE": 5, "FECHA": "2025-04-30", "DANE12_EST": "111001086835", "DANE12_SED": "111001098981", "DA_HIPOACU": 1, "DA_SORDERA": 0, "DA_LENGUAS": 0, "DA_UCASTEL": 0, "DISCAP_FIS": 2, "DISCAP_FLE": 0, "DISCAP_PCE": 0, "DI_DCOGNIT": 3, "DI_SDOWN": 0, "DIS_MULTIP": 3, "DIS_PSICOS": 0, "DV_BAJAVIS": 1, "DIS_CEGUER": 0, "T_ESPECTRO": 0, "T_VOZ_Y_HA": 0, "SISTEMICA": 0, "SORDOCEGUE": 0, "OTRA": 0, "TOT_EST_MA": 10, "AFRODESCEN": 14, "INDIGENAS": 11, "NEGRITUDES": 3, "PALENQUERO": 0, "RAIZALES": 0, "ROM": 0, "TOT_EST_ET": 28, "CAPACID_EX": 0, "DOBLE_EXCE": 0, "TE_ACTFISI": 1, "TE_ARTES": 0, "TE_CNATUR": 0, "TE_CSOCIAL": 0, "TE_LDSOCIA": 0, "TE_TECNOLO": 2, "TOT_EST_CA": 3, "TMATRIC_GE": 828, "Zona": 1 }, "geometry": { "type": "Point", "coordinates": [ -8257833.44789999909699, 511421.228199999779463 ] } },
{ "type": "Feature", "properties": { "NOMBRE_EST": "COLEGIO SIERRA MORENA (IED)", "NOMBRE_SED": "DIVINO NIÑO", "ORDEN_DE_S": "C", "DIRECCION": "TV 46 A # 79 D - 15 SUR", "DISCAPACID": "FISICA-INTELECTUAL-MULTIPLE", "TALENTOS_O": "TALENTO EXCEPCIONAL EN ACTIVIDAD FISICA, EJERCICIO Y DEPORTE-TALENTO EXCEPCIONAL EN ARTES Y LETRAS-TALENTO EXCEPCIONAL EN TECNOLOGIA", "GRUPOS_ETN": "AFRODESCENDIENTES-INDIGENAS", "SECTOR": 2, "NATU_JUR": 9, "CALENDARIO": 1, "GENERO": 5, "COD_LOCA": "19", "ESPECIALID": 13, "CLASE_TIPO": 1, "BILINGUE": 5, "FECHA": "2025-04-30", "DANE12_EST": "111001086835", "DANE12_SED": "111001044423", "DA_HIPOACU": 0, "DA_SORDERA": 0, "DA_LENGUAS": 0, "DA_UCASTEL": 0, "DISCAP_FIS": 3, "DISCAP_FLE": 0, "DISCAP_PCE": 0, "DI_DCOGNIT": 6, "DI_SDOWN": 0, "DIS_MULTIP": 2, "DIS_PSICOS": 0, "DV_BAJAVIS": 0, "DIS_CEGUER": 0, "T_ESPECTRO": 0, "T_VOZ_Y_HA": 0, "SISTEMICA": 0, "SORDOCEGUE": 0, "OTRA": 0, "TOT_EST_MA": 11, "AFRODESCEN": 7, "INDIGENAS": 4, "NEGRITUDES": 3, "PALENQUERO": 0, "RAIZALES": 0, "ROM": 0, "TOT_EST_ET": 14, "CAPACID_EX": 1, "DOBLE_EXCE": 0, "TE_ACTFISI": 2, "TE_ARTES": 0, "TE_CNATUR": 0, "TE_CSOCIAL": 0, "TE_LDSOCIA": 0, "TE_TECNOLO": 0, "TOT_EST_CA": 3, "TMATRIC_GE": 640, "Zona": 1 }, "geometry": { "type": "Point", "coordinates": [ -8256517.651599999517202, 509346.286499999463558 ] } },
{ "type": "Feature", "properties": { "NOMBRE_EST": "COLEGIO SIERRA MORENA (IED)", "NOMBRE_SED": "SIERRA MORENA D", "ORDEN_DE_S": "D", "DIRECCION": "CL 81 SUR # 46 A - 35", "DISCAPACID": "INTELECTUAL-MULTIPLE", "TALENTOS_O": "TALENTO EXCEPCIONAL EN ACTIVIDAD FISICA, EJERCICIO Y DEPORTE", "GRUPOS_ETN": "AFRODESCENDIENTES-INDIGENAS", "SECTOR": 2, "NATU_JUR": 9, "CALENDARIO": 1, "GENERO": 5, "COD_LOCA": "19", "ESPECIALID": 13, "CLASE_TIPO": 1, "BILINGUE": 5, "FECHA": "2025-04-30", "DANE12_EST": "111001086835", "DANE12_SED": "111001104108", "DA_HIPOACU": 0, "DA_SORDERA": 0, "DA_LENGUAS": 0, "DA_UCASTEL": 0, "DISCAP_FIS": 0, "DISCAP_FLE": 0, "DISCAP_PCE": 0, "DI_DCOGNIT": 5, "DI_SDOWN": 0, "DIS_MULTIP": 3, "DIS_PSICOS": 1, "DV_BAJAVIS": 1, "DIS_CEGUER": 0, "T_ESPECTRO": 0, "T_VOZ_Y_HA": 0, "SISTEMICA": 0, "SORDOCEGUE": 0, "OTRA": 0, "TOT_EST_MA": 10, "AFRODESCEN": 9, "INDIGENAS": 0, "NEGRITUDES": 1, "PALENQUERO": 0, "RAIZALES": 0, "ROM": 0, "TOT_EST_ET": 10, "CAPACID_EX": 0, "DOBLE_EXCE": 0, "TE_ACTFISI": 0, "TE_ARTES": 0, "TE_CNATUR": 0, "TE_CSOCIAL": 0, "TE_LDSOCIA": 0, "TE_TECNOLO": 0, "TOT_EST_CA": 0, "TMATRIC_GE": 401, "Zona": 1 }, "geometry": { "type": "Point", "coordinates": [ -8256575.537699999287724, 509450.144000001251698 ] } },
{ "type": "Feature", "properties": { "NOMBRE_EST": "COLEGIO LA ESTANCIA - SAN ISIDRO LABRADOR (IED)", "NOMBRE_SED": "LA ESTANCIA", "ORDEN_DE_S": "A", "DIRECCION": "CL 59 A SUR # 75 B - 75", "DISCAPACID": "AUDITIVA-FISICA-INTELECTUAL-MENTAL/PSICOSOCIAL-MULTIPLE-VISUAL", "TALENTOS_O": "TALENTO EXCEPCIONAL EN ARTES Y LETRAS-TALENTO EXCEPCIONAL EN LIDERAZGO SOCIAL Y EMPRENDIMIENTO-TALENTO EXCEPCIONAL EN TECNOLOGIA", "GRUPOS_ETN": "AFRODESCENDIENTES-INDIGENAS-NEGRITUDES", "SECTOR": 2, "NATU_JUR": 9, "CALENDARIO": 1, "GENERO": 5, "COD_LOCA": "19", "ESPECIALID": 1, "CLASE_TIPO": 1, "BILINGUE": 5, "FECHA": "2025-04-30", "DANE12_EST": "111001092410", "DANE12_SED": "111001092410", "DA_HIPOACU": 3, "DA_SORDERA": 0, "DA_LENGUAS": 0, "DA_UCASTEL": 0, "DISCAP_FIS": 6, "DISCAP_FLE": 0, "DISCAP_PCE": 0, "DI_DCOGNIT": 42, "DI_SDOWN": 0, "DIS_MULTIP": 2, "DIS_PSICOS": 2, "DV_BAJAVIS": 3, "DIS_CEGUER": 0, "T_ESPECTRO": 0, "T_VOZ_Y_HA": 0, "SISTEMICA": 0, "SORDOCEGUE": 0, "OTRA": 0, "TOT_EST_MA": 58, "AFRODESCEN": 19, "INDIGENAS": 13, "NEGRITUDES": 1, "PALENQUERO": 0, "RAIZALES": 0, "ROM": 0, "TOT_EST_ET": 33, "CAPACID_EX": 0, "DOBLE_EXCE": 0, "TE_ACTFISI": 13, "TE_ARTES": 4, "TE_CNATUR": 1, "TE_CSOCIAL": 0, "TE_LDSOCIA": 1, "TE_TECNOLO": 3, "TOT_EST_CA": 22, "TMATRIC_GE": 1926, "Zona": 1 }, "geometry": { "type": "Point", "coordinates": [ -8257244.567800000309944, 511805.399900000542402 ] } },
{ "type": "Feature", "properties": { "NOMBRE_EST": "COLEGIO LA ESTANCIA - SAN ISIDRO LABRADOR (IED)", "NOMBRE_SED": "SAN ISIDRO LABRADOR", "ORDEN_DE_S": "B", "DIRECCION": "KR 77 C # 59 A - 15 SUR", "DISCAPACID": "FISICA-INTELECTUAL-MULTIPLE", "TALENTOS_O": "CAPACIDADES EXCEPCIONALES-TALENTO EXCEPCIONAL EN ACTIVIDAD FISICA, EJERCICIO Y DEPORTE-TALENTO EXCEPCIONAL EN ARTES Y LETRAS-TALENTO EXCEPCIONAL EN LIDERAZGO SOCIAL Y EMPRENDIMIENTO", "GRUPOS_ETN": "AFRODESCENDIENTES-INDIGENAS", "SECTOR": 2, "NATU_JUR": 9, "CALENDARIO": 1, "GENERO": 5, "COD_LOCA": "19", "ESPECIALID": 13, "CLASE_TIPO": 1, "BILINGUE": 5, "FECHA": "2025-04-30", "DANE12_EST": "111001092410", "DANE12_SED": "111001075221", "DA_HIPOACU": 2, "DA_SORDERA": 0, "DA_LENGUAS": 0, "DA_UCASTEL": 0, "DISCAP_FIS": 1, "DISCAP_FLE": 0, "DISCAP_PCE": 0, "DI_DCOGNIT": 7, "DI_SDOWN": 0, "DIS_MULTIP": 1, "DIS_PSICOS": 0, "DV_BAJAVIS": 0, "DIS_CEGUER": 0, "T_ESPECTRO": 0, "T_VOZ_Y_HA": 0, "SISTEMICA": 0, "SORDOCEGUE": 0, "OTRA": 0, "TOT_EST_MA": 11, "AFRODESCEN": 5, "INDIGENAS": 1, "NEGRITUDES": 0, "PALENQUERO": 0, "RAIZALES": 0, "ROM": 0, "TOT_EST_ET": 6, "CAPACID_EX": 0, "DOBLE_EXCE": 0, "TE_ACTFISI": 2, "TE_ARTES": 0, "TE_CNATUR": 0, "TE_CSOCIAL": 0, "TE_LDSOCIA": 0, "TE_TECNOLO": 0, "TOT_EST_CA": 2, "TMATRIC_GE": 481, "Zona": 1 }, "geometry": { "type": "Point", "coordinates": [ -8257893.560499999672174, 511697.072200000286102 ] } },
{ "type": "Feature", "properties": { "NOMBRE_EST": "COLEGIO CIUDAD BOLIVAR - ARGENTINA (IED)", "NOMBRE_SED": "CIUDAD BOLIVAR", "ORDEN_DE_S": "A", "DIRECCION": "CL 70 SUR # 56 - 45", "DISCAPACID": "AUDITIVA-FISICA-INTELECTUAL-MENTAL/PSICOSOCIAL-MULTIPLE-VISUAL", "TALENTOS_O": "CAPACIDADES EXCEPCIONALES-TALENTO EXCEPCIONAL EN ACTIVIDAD FISICA, EJERCICIO Y DEPORTE-TALENTO EXCEPCIONAL EN ARTES Y LETRAS-TALENTO EXCEPCIONAL EN CIENCIAS NATURALES O BASICAS-TALENTO EXCEPCIONAL EN CIENCIAS SOCIALES O HUMANAS-TALENTO EXCEPCIONAL EN LID", "GRUPOS_ETN": "AFRODESCENDIENTES-INDIGENAS-NEGRITUDES", "SECTOR": 2, "NATU_JUR": 9, "CALENDARIO": 1, "GENERO": 5, "COD_LOCA": "19", "ESPECIALID": 1, "CLASE_TIPO": 1, "BILINGUE": 5, "FECHA": "2025-04-30", "DANE12_EST": "111001096555", "DANE12_SED": "111001096555", "DA_HIPOACU": 2, "DA_SORDERA": 0, "DA_LENGUAS": 0, "DA_UCASTEL": 0, "DISCAP_FIS": 2, "DISCAP_FLE": 0, "DISCAP_PCE": 0, "DI_DCOGNIT": 24, "DI_SDOWN": 0, "DIS_MULTIP": 13, "DIS_PSICOS": 5, "DV_BAJAVIS": 0, "DIS_CEGUER": 0, "T_ESPECTRO": 0, "T_VOZ_Y_HA": 0, "SISTEMICA": 0, "SORDOCEGUE": 0, "OTRA": 0, "TOT_EST_MA": 46, "AFRODESCEN": 16, "INDIGENAS": 11, "NEGRITUDES": 5, "PALENQUERO": 0, "RAIZALES": 0, "ROM": 0, "TOT_EST_ET": 32, "CAPACID_EX": 4, "DOBLE_EXCE": 0, "TE_ACTFISI": 6, "TE_ARTES": 3, "TE_CNATUR": 0, "TE_CSOCIAL": 1, "TE_LDSOCIA": 0, "TE_TECNOLO": 0, "TOT_EST_CA": 14, "TMATRIC_GE": 1667, "Zona": 1 }, "geometry": { "type": "Point", "coordinates": [ -8256004.468699999153614, 510196.135000001639128 ] } },
{ "type": "Feature", "properties": { "NOMBRE_EST": "COLEGIO CIUDAD BOLIVAR - ARGENTINA (IED)", "NOMBRE_SED": "ARGENTINA LA NUEVA", "ORDEN_DE_S": "B", "DIRECCION": "CL 72 SUR # 47 B - 09", "DISCAPACID": "FISICA-INTELECTUAL-MULTIPLE", "TALENTOS_O": "TALENTO EXCEPCIONAL EN ARTES Y LETRAS", "GRUPOS_ETN": "AFRODESCENDIENTES-INDIGENAS-NEGRITUDES", "SECTOR": 2, "NATU_JUR": 9, "CALENDARIO": 1, "GENERO": 5, "COD_LOCA": "19", "ESPECIALID": 13, "CLASE_TIPO": 1, "BILINGUE": 5, "FECHA": "2025-04-30", "DANE12_EST": "111001096555", "DANE12_SED": "111001045721", "DA_HIPOACU": 1, "DA_SORDERA": 0, "DA_LENGUAS": 0, "DA_UCASTEL": 0, "DISCAP_FIS": 0, "DISCAP_FLE": 0, "DISCAP_PCE": 0, "DI_DCOGNIT": 5, "DI_SDOWN": 0, "DIS_MULTIP": 3, "DIS_PSICOS": 0, "DV_BAJAVIS": 0, "DIS_CEGUER": 0, "T_ESPECTRO": 0, "T_VOZ_Y_HA": 0, "SISTEMICA": 0, "SORDOCEGUE": 0, "OTRA": 0, "TOT_EST_MA": 9, "AFRODESCEN": 3, "INDIGENAS": 1, "NEGRITUDES": 0, "PALENQUERO": 0, "RAIZALES": 0, "ROM": 0, "TOT_EST_ET": 4, "CAPACID_EX": 0, "DOBLE_EXCE": 0, "TE_ACTFISI": 2, "TE_ARTES": 1, "TE_CNATUR": 0, "TE_CSOCIAL": 0, "TE_LDSOCIA": 0, "TE_TECNOLO": 2, "TOT_EST_CA": 5, "TMATRIC_GE": 303, "Zona": 1 }, "geometry": { "type": "Point", "coordinates": [ -8255698.340099999681115, 509641.1081000007689 ] } },
{ "type": "Feature", "properties": { "NOMBRE_EST": "COLEGIO LA JOYA (IED)", "NOMBRE_SED": "LA JOYA", "ORDEN_DE_S": "A", "DIRECCION": "CL 80 A SUR # 18 C - 70", "DISCAPACID": "AUDITIVA-FISICA-INTELECTUAL-MENTAL/PSICOSOCIAL-SORDOCEGUERA", "TALENTOS_O": "TALENTO EXCEPCIONAL EN ACTIVIDAD FISICA, EJERCICIO Y DEPORTE-TALENTO EXCEPCIONAL EN ARTES Y LETRAS", "GRUPOS_ETN": "AFRODESCENDIENTES-INDIGENAS-NEGRITUDES-PALENQUEROS", "SECTOR": 2, "NATU_JUR": 9, "CALENDARIO": 1, "GENERO": 5, "COD_LOCA": "19", "ESPECIALID": 1, "CLASE_TIPO": 1, "BILINGUE": 5, "FECHA": "2025-04-30", "DANE12_EST": "111001098973", "DANE12_SED": "111001098973", "DA_HIPOACU": 0, "DA_SORDERA": 0, "DA_LENGUAS": 0, "DA_UCASTEL": 0, "DISCAP_FIS": 4, "DISCAP_FLE": 0, "DISCAP_PCE": 0, "DI_DCOGNIT": 18, "DI_SDOWN": 0, "DIS_MULTIP": 4, "DIS_PSICOS": 1, "DV_BAJAVIS": 3, "DIS_CEGUER": 0, "T_ESPECTRO": 0, "T_VOZ_Y_HA": 0, "SISTEMICA": 0, "SORDOCEGUE": 0, "OTRA": 0, "TOT_EST_MA": 30, "AFRODESCEN": 4, "INDIGENAS": 1, "NEGRITUDES": 3, "PALENQUERO": 0, "RAIZALES": 0, "ROM": 0, "TOT_EST_ET": 8, "CAPACID_EX": 0, "DOBLE_EXCE": 0, "TE_ACTFISI": 2, "TE_ARTES": 1, "TE_CNATUR": 0, "TE_CSOCIAL": 0, "TE_LDSOCIA": 0, "TE_TECNOLO": 0, "TOT_EST_CA": 3, "TMATRIC_GE": 951, "Zona": 1 }, "geometry": { "type": "Point", "coordinates": [ -8253850.436599999666214, 505556.138700000941753 ] } },
{ "type": "Feature", "properties": { "NOMBRE_EST": "COLEGIO BUENAVISTA (IED)", "NOMBRE_SED": "COLEGIO BUENAVISTA (IED) - SEDE PRINCIPAL", "ORDEN_DE_S": "A", "DIRECCION": "KR 17 F # 77 - 75 SUR", "DISCAPACID": "AUDITIVA-FISICA-INTELECTUAL-MULTIPLE-SORDOCEGUERA", "TALENTOS_O": "TALENTO EXCEPCIONAL EN ACTIVIDAD FISICA, EJERCICIO Y DEPORTE-TALENTO EXCEPCIONAL EN LIDERAZGO SOCIAL Y EMPRENDIMIENTO", "GRUPOS_ETN": "INDIGENAS-NEGRITUDES", "SECTOR": 2, "NATU_JUR": 9, "CALENDARIO": 1, "GENERO": 5, "COD_LOCA": "19", "ESPECIALID": 1, "CLASE_TIPO": 2, "BILINGUE": 5, "FECHA": "2025-04-30", "DANE12_EST": "111001100013", "DANE12_SED": "111001100013", "DA_HIPOACU": 3, "DA_SORDERA": 0, "DA_LENGUAS": 0, "DA_UCASTEL": 0, "DISCAP_FIS": 1, "DISCAP_FLE": 0, "DISCAP_PCE": 0, "DI_DCOGNIT": 13, "DI_SDOWN": 0, "DIS_MULTIP": 5, "DIS_PSICOS": 0, "DV_BAJAVIS": 0, "DIS_CEGUER": 0, "T_ESPECTRO": 0, "T_VOZ_Y_HA": 0, "SISTEMICA": 0, "SORDOCEGUE": 0, "OTRA": 0, "TOT_EST_MA": 22, "AFRODESCEN": 3, "INDIGENAS": 5, "NEGRITUDES": 0, "PALENQUERO": 0, "RAIZALES": 0, "ROM": 0, "TOT_EST_ET": 8, "CAPACID_EX": 0, "DOBLE_EXCE": 0, "TE_ACTFISI": 2, "TE_ARTES": 0, "TE_CNATUR": 0, "TE_CSOCIAL": 0, "TE_LDSOCIA": 2, "TE_TECNOLO": 0, "TOT_EST_CA": 4, "TMATRIC_GE": 1158, "Zona": 1 }, "geometry": { "type": "Point", "coordinates": [ -8253152.463400000706315, 505962.616300001740456 ] } },
{ "type": "Feature", "properties": { "NOMBRE_EST": "COLEGIO GIMNASIO SABIO CALDAS (IED)", "NOMBRE_SED": "COLEGIO GIMNASIO SABIO CALDAS (IED) - SEDE PRINCIPAL", "ORDEN_DE_S": "A", "DIRECCION": "KR 42 # 73 A - 10 SUR", "DISCAPACID": "FISICA-INTELECTUAL-MENTAL/PSICOSOCIAL", "TALENTOS_O": "TALENTO EXCEPCIONAL EN ACTIVIDAD FISICA, EJERCICIO Y DEPORTE-TALENTO EXCEPCIONAL EN ARTES Y LETRAS-TALENTO EXCEPCIONAL EN LIDERAZGO SOCIAL Y EMPRENDIMIENTO", "GRUPOS_ETN": "INDIGENAS", "SECTOR": 2, "NATU_JUR": 9, "CALENDARIO": 1, "GENERO": 5, "COD_LOCA": "19", "ESPECIALID": 1, "CLASE_TIPO": 2, "BILINGUE": 5, "FECHA": "2025-04-30", "DANE12_EST": "111001100021", "DANE12_SED": "111001100021", "DA_HIPOACU": 0, "DA_SORDERA": 0, "DA_LENGUAS": 0, "DA_UCASTEL": 0, "DISCAP_FIS": 3, "DISCAP_FLE": 0, "DISCAP_PCE": 0, "DI_DCOGNIT": 5, "DI_SDOWN": 0, "DIS_MULTIP": 2, "DIS_PSICOS": 0, "DV_BAJAVIS": 0, "DIS_CEGUER": 0, "T_ESPECTRO": 0, "T_VOZ_Y_HA": 0, "SISTEMICA": 0, "SORDOCEGUE": 0, "OTRA": 0, "TOT_EST_MA": 10, "AFRODESCEN": 1, "INDIGENAS": 6, "NEGRITUDES": 0, "PALENQUERO": 0, "RAIZALES": 0, "ROM": 0, "TOT_EST_ET": 7, "CAPACID_EX": 0, "DOBLE_EXCE": 0, "TE_ACTFISI": 2, "TE_ARTES": 3, "TE_CNATUR": 0, "TE_CSOCIAL": 0, "TE_LDSOCIA": 3, "TE_TECNOLO": 0, "TOT_EST_CA": 8, "TMATRIC_GE": 1008, "Zona": 1 }, "geometry": { "type": "Point", "coordinates": [ -8255870.885299999266863, 509040.298599999397993 ] } },
{ "type": "Feature", "properties": { "NOMBRE_EST": "COLEGIO JOSE MARIA VARGAS VILA (IED)", "NOMBRE_SED": "JOSE MARIA VARGAS VILA", "ORDEN_DE_S": "A", "DIRECCION": "DG 74 B BIS SUR # 26 C - 12", "DISCAPACID": "FISICA-INTELECTUAL-MULTIPLE-VISUAL", "TALENTOS_O": "CAPACIDADES EXCEPCIONALES-TALENTO EXCEPCIONAL EN ACTIVIDAD FISICA, EJERCICIO Y DEPORTE-TALENTO EXCEPCIONAL EN ARTES Y LETRAS-TALENTO EXCEPCIONAL EN CIENCIAS SOCIALES O HUMANAS", "GRUPOS_ETN": "AFRODESCENDIENTES-INDIGENAS-NEGRITUDES", "SECTOR": 2, "NATU_JUR": 9, "CALENDARIO": 1, "GENERO": 5, "COD_LOCA": "19", "ESPECIALID": 1, "CLASE_TIPO": 1, "BILINGUE": 5, "FECHA": "2025-04-30", "DANE12_EST": "111001107115", "DANE12_SED": "111001107115", "DA_HIPOACU": 0, "DA_SORDERA": 0, "DA_LENGUAS": 0, "DA_UCASTEL": 0, "DISCAP_FIS": 4, "DISCAP_FLE": 0, "DISCAP_PCE": 0, "DI_DCOGNIT": 61, "DI_SDOWN": 0, "DIS_MULTIP": 11, "DIS_PSICOS": 5, "DV_BAJAVIS": 12, "DIS_CEGUER": 0, "T_ESPECTRO": 0, "T_VOZ_Y_HA": 0, "SISTEMICA": 0, "SORDOCEGUE": 0, "OTRA": 0, "TOT_EST_MA": 93, "AFRODESCEN": 70, "INDIGENAS": 35, "NEGRITUDES": 16, "PALENQUERO": 0, "RAIZALES": 0, "ROM": 0, "TOT_EST_ET": 121, "CAPACID_EX": 0, "DOBLE_EXCE": 0, "TE_ACTFISI": 5, "TE_ARTES": 3, "TE_CNATUR": 0, "TE_CSOCIAL": 1, "TE_LDSOCIA": 1, "TE_TECNOLO": 1, "TOT_EST_CA": 11, "TMATRIC_GE": 2929, "Zona": 1 }, "geometry": { "type": "Point", "coordinates": [ -8255598.152599999681115, 506181.489700000733137 ] } },
{ "type": "Feature", "properties": { "NOMBRE_EST": "COLEGIO CUNDINAMARCA (IED)", "NOMBRE_SED": "CUNDINAMARCA", "ORDEN_DE_S": "A", "DIRECCION": "CL 60 A SUR # 73 - 41", "DISCAPACID": "AUDITIVA-FISICA-INTELECTUAL-MENTAL/PSICOSOCIAL-MULTIPLE-VISUAL", "TALENTOS_O": "TALENTO EXCEPCIONAL EN ACTIVIDAD FISICA, EJERCICIO Y DEPORTE-TALENTO EXCEPCIONAL EN ARTES Y LETRAS-TALENTO EXCEPCIONAL EN CIENCIAS NATURALES O BASICAS-TALENTO EXCEPCIONAL EN LIDERAZGO SOCIAL Y EMPRENDIMIENTO", "GRUPOS_ETN": "AFRODESCENDIENTES-INDIGENAS-NEGRITUDES", "SECTOR": 2, "NATU_JUR": 9, "CALENDARIO": 1, "GENERO": 5, "COD_LOCA": "19", "ESPECIALID": 1, "CLASE_TIPO": 1, "BILINGUE": 5, "FECHA": "2025-04-30", "DANE12_EST": "111001107816", "DANE12_SED": "111001107816", "DA_HIPOACU": 0, "DA_SORDERA": 0, "DA_LENGUAS": 0, "DA_UCASTEL": 0, "DISCAP_FIS": 13, "DISCAP_FLE": 0, "DISCAP_PCE": 0, "DI_DCOGNIT": 58, "DI_SDOWN": 0, "DIS_MULTIP": 24, "DIS_PSICOS": 4, "DV_BAJAVIS": 0, "DIS_CEGUER": 0, "T_ESPECTRO": 0, "T_VOZ_Y_HA": 0, "SISTEMICA": 0, "SORDOCEGUE": 0, "OTRA": 0, "TOT_EST_MA": 100, "AFRODESCEN": 17, "INDIGENAS": 32, "NEGRITUDES": 5, "PALENQUERO": 0, "RAIZALES": 0, "ROM": 0, "TOT_EST_ET": 54, "CAPACID_EX": 3, "DOBLE_EXCE": 0, "TE_ACTFISI": 20, "TE_ARTES": 13, "TE_CNATUR": 1, "TE_CSOCIAL": 1, "TE_LDSOCIA": 4, "TE_TECNOLO": 4, "TOT_EST_CA": 46, "TMATRIC_GE": 3445, "Zona": 1 }, "geometry": { "type": "Point", "coordinates": [ -8253036.691099999472499, 508374.723000001162291 ] } },
{ "type": "Feature", "properties": { "NOMBRE_EST": "COLEGIO ANTONIO GARCIA (IED)", "NOMBRE_SED": "ANTONIO GARCIA", "ORDEN_DE_S": "A", "DIRECCION": "KR 17 F # 73 A - 31 SUR", "DISCAPACID": "AUDITIVA-FISICA-INTELECTUAL-MENTAL/PSICOSOCIAL-MULTIPLE", "TALENTOS_O": "CAPACIDADES EXCEPCIONALES-TALENTO EXCEPCIONAL EN ACTIVIDAD FISICA, EJERCICIO Y DEPORTE-TALENTO EXCEPCIONAL EN CIENCIAS SOCIALES O HUMANAS-TALENTO EXCEPCIONAL EN TECNOLOGIA", "GRUPOS_ETN": "AFRODESCENDIENTES-INDIGENAS", "SECTOR": 2, "NATU_JUR": 9, "CALENDARIO": 1, "GENERO": 5, "COD_LOCA": "19", "ESPECIALID": 1, "CLASE_TIPO": 1, "BILINGUE": 5, "FECHA": "2025-04-30", "DANE12_EST": "111001107859", "DANE12_SED": "111001107859", "DA_HIPOACU": 2, "DA_SORDERA": 0, "DA_LENGUAS": 0, "DA_UCASTEL": 0, "DISCAP_FIS": 2, "DISCAP_FLE": 0, "DISCAP_PCE": 0, "DI_DCOGNIT": 64, "DI_SDOWN": 0, "DIS_MULTIP": 15, "DIS_PSICOS": 1, "DV_BAJAVIS": 1, "DIS_CEGUER": 0, "T_ESPECTRO": 0, "T_VOZ_Y_HA": 0, "SISTEMICA": 0, "SORDOCEGUE": 0, "OTRA": 0, "TOT_EST_MA": 85, "AFRODESCEN": 11, "INDIGENAS": 10, "NEGRITUDES": 0, "PALENQUERO": 0, "RAIZALES": 0, "ROM": 0, "TOT_EST_ET": 21, "CAPACID_EX": 0, "DOBLE_EXCE": 0, "TE_ACTFISI": 12, "TE_ARTES": 2, "TE_CNATUR": 0, "TE_CSOCIAL": 1, "TE_LDSOCIA": 1, "TE_TECNOLO": 1, "TOT_EST_CA": 17, "TMATRIC_GE": 2599, "Zona": 1 }, "geometry": { "type": "Point", "coordinates": [ -8253134.652200000360608, 506405.94709999859333 ] } },
{ "type": "Feature", "properties": { "NOMBRE_EST": "COLEGIO FANNY MIKEY (IED)", "NOMBRE_SED": "FANNY MIKEY", "ORDEN_DE_S": "A", "DIRECCION": "KR 18 N # 70 A - 51 SUR", "DISCAPACID": "AUDITIVA-FISICA-INTELECTUAL-MENTAL/PSICOSOCIAL-MULTIPLE", "TALENTOS_O": "CAPACIDADES EXCEPCIONALES-TALENTO EXCEPCIONAL EN ACTIVIDAD FISICA, EJERCICIO Y DEPORTE-TALENTO EXCEPCIONAL EN ARTES Y LETRAS-TALENTO EXCEPCIONAL EN CIENCIAS NATURALES O BASICAS", "GRUPOS_ETN": "AFRODESCENDIENTES-INDIGENAS-NEGRITUDES", "SECTOR": 2, "NATU_JUR": 9, "CALENDARIO": 1, "GENERO": 5, "COD_LOCA": "19", "ESPECIALID": 1, "CLASE_TIPO": 1, "BILINGUE": 5, "FECHA": "2025-04-30", "DANE12_EST": "111001109304", "DANE12_SED": "111001109304", "DA_HIPOACU": 1, "DA_SORDERA": 0, "DA_LENGUAS": 0, "DA_UCASTEL": 0, "DISCAP_FIS": 4, "DISCAP_FLE": 0, "DISCAP_PCE": 0, "DI_DCOGNIT": 39, "DI_SDOWN": 0, "DIS_MULTIP": 11, "DIS_PSICOS": 0, "DV_BAJAVIS": 1, "DIS_CEGUER": 0, "T_ESPECTRO": 0, "T_VOZ_Y_HA": 0, "SISTEMICA": 0, "SORDOCEGUE": 0, "OTRA": 0, "TOT_EST_MA": 56, "AFRODESCEN": 21, "INDIGENAS": 131, "NEGRITUDES": 2, "PALENQUERO": 0, "RAIZALES": 1, "ROM": 0, "TOT_EST_ET": 155, "CAPACID_EX": 3, "DOBLE_EXCE": 0, "TE_ACTFISI": 7, "TE_ARTES": 5, "TE_CNATUR": 1, "TE_CSOCIAL": 0, "TE_LDSOCIA": 0, "TE_TECNOLO": 0, "TOT_EST_CA": 16, "TMATRIC_GE": 1887, "Zona": 1 }, "geometry": { "type": "Point", "coordinates": [ -8254663.068800000473857, 506982.169199999421835 ] } },
{ "type": "Feature", "properties": { "NOMBRE_EST": "COLEGIO EL ENSUEÑO (IED)", "NOMBRE_SED": "COLEGIO EL ENSUEÑO (IED) - SEDE PRINCIPAL", "ORDEN_DE_S": "A", "DIRECCION": "CL 68 SUR # 69 - 80/82", "DISCAPACID": "AUDITIVA-FISICA-INTELECTUAL-MULTIPLE", "TALENTOS_O": "TALENTO EXCEPCIONAL EN ACTIVIDAD FISICA, EJERCICIO Y DEPORTE", "GRUPOS_ETN": "AFRODESCENDIENTES-INDIGENAS-RAIZALES", "SECTOR": 2, "NATU_JUR": 9, "CALENDARIO": 1, "GENERO": 5, "COD_LOCA": "19", "ESPECIALID": 1, "CLASE_TIPO": 2, "BILINGUE": 5, "FECHA": "2025-04-30", "DANE12_EST": "111001800414", "DANE12_SED": "111001800414", "DA_HIPOACU": 1, "DA_SORDERA": 0, "DA_LENGUAS": 0, "DA_UCASTEL": 0, "DISCAP_FIS": 1, "DISCAP_FLE": 0, "DISCAP_PCE": 0, "DI_DCOGNIT": 8, "DI_SDOWN": 0, "DIS_MULTIP": 8, "DIS_PSICOS": 0, "DV_BAJAVIS": 1, "DIS_CEGUER": 0, "T_ESPECTRO": 0, "T_VOZ_Y_HA": 0, "SISTEMICA": 0, "SORDOCEGUE": 0, "OTRA": 0, "TOT_EST_MA": 19, "AFRODESCEN": 3, "INDIGENAS": 6, "NEGRITUDES": 0, "PALENQUERO": 0, "RAIZALES": 1, "ROM": 0, "TOT_EST_ET": 10, "CAPACID_EX": 0, "DOBLE_EXCE": 0, "TE_ACTFISI": 1, "TE_ARTES": 1, "TE_CNATUR": 0, "TE_CSOCIAL": 0, "TE_LDSOCIA": 1, "TE_TECNOLO": 1, "TOT_EST_CA": 4, "TMATRIC_GE": 1044, "Zona": 1 }, "geometry": { "type": "Point", "coordinates": [ -8255337.66499999910593, 510818.171799998730421 ] } },
{ "type": "Feature", "properties": { "NOMBRE_EST": "COLEGIO ROGELIO SALMONA (IED)", "NOMBRE_SED": "COLEGIO ROGELIO SALMONA (IED) - SEDE PRINCIPAL", "ORDEN_DE_S": "A", "DIRECCION": "CL 59 SUR # 65 - 42", "DISCAPACID": "FISICA-INTELECTUAL-MULTIPLE", "TALENTOS_O": "TALENTO EXCEPCIONAL EN ACTIVIDAD FISICA, EJERCICIO Y DEPORTE-TALENTO EXCEPCIONAL EN ARTES Y LETRAS-TALENTO EXCEPCIONAL EN CIENCIAS NATURALES O BASICAS-TALENTO EXCEPCIONAL EN LIDERAZGO SOCIAL Y EMPRENDIMIENTO", "GRUPOS_ETN": "AFRODESCENDIENTES-INDIGENAS-NEGRITUDES-RAIZALES", "SECTOR": 2, "NATU_JUR": 9, "CALENDARIO": 1, "GENERO": 5, "COD_LOCA": "19", "ESPECIALID": 1, "CLASE_TIPO": 2, "BILINGUE": 5, "FECHA": "2025-04-30", "DANE12_EST": "111001800422", "DANE12_SED": "111001800422", "DA_HIPOACU": 0, "DA_SORDERA": 0, "DA_LENGUAS": 0, "DA_UCASTEL": 0, "DISCAP_FIS": 2, "DISCAP_FLE": 0, "DISCAP_PCE": 0, "DI_DCOGNIT": 8, "DI_SDOWN": 0, "DIS_MULTIP": 5, "DIS_PSICOS": 1, "DV_BAJAVIS": 0, "DIS_CEGUER": 0, "T_ESPECTRO": 0, "T_VOZ_Y_HA": 0, "SISTEMICA": 0, "SORDOCEGUE": 0, "OTRA": 0, "TOT_EST_MA": 16, "AFRODESCEN": 3, "INDIGENAS": 8, "NEGRITUDES": 1, "PALENQUERO": 0, "RAIZALES": 2, "ROM": 0, "TOT_EST_ET": 14, "CAPACID_EX": 0, "DOBLE_EXCE": 0, "TE_ACTFISI": 13, "TE_ARTES": 3, "TE_CNATUR": 1, "TE_CSOCIAL": 0, "TE_LDSOCIA": 1, "TE_TECNOLO": 0, "TOT_EST_CA": 18, "TMATRIC_GE": 1583, "Zona": 1 }, "geometry": { "type": "Point", "coordinates": [ -8254894.613399999216199, 511203.457299999892712 ] } },
{ "type": "Feature", "properties": { "NOMBRE_EST": "COLEGIO ANGELA RESTREPO MORENO (IED)", "NOMBRE_SED": "COLEGIO ANGELA RESTREPO MORENO (IED) - SEDE PRINCIPAL", "ORDEN_DE_S": "A", "DIRECCION": "CL 69 SUR # 71 G - 12", "DISCAPACID": "INTELECTUAL-MULTIPLE-VISUAL", "TALENTOS_O": "TALENTO EXCEPCIONAL EN ACTIVIDAD FISICA, EJERCICIO Y DEPORTE-TALENTO EXCEPCIONAL EN ARTES Y LETRAS", "GRUPOS_ETN": "AFRODESCENDIENTES-INDIGENAS-NEGRITUDES", "SECTOR": 2, "NATU_JUR": 9, "CALENDARIO": 1, "GENERO": 5, "COD_LOCA": "19", "ESPECIALID": 1, "CLASE_TIPO": 2, "BILINGUE": 5, "FECHA": "2025-04-30", "DANE12_EST": "111001800571", "DANE12_SED": "111001800571", "DA_HIPOACU": 0, "DA_SORDERA": 0, "DA_LENGUAS": 0, "DA_UCASTEL": 0, "DISCAP_FIS": 0, "DISCAP_FLE": 0, "DISCAP_PCE": 0, "DI_DCOGNIT": 5, "DI_SDOWN": 0, "DIS_MULTIP": 3, "DIS_PSICOS": 0, "DV_BAJAVIS": 0, "DIS_CEGUER": 0, "T_ESPECTRO": 0, "T_VOZ_Y_HA": 0, "SISTEMICA": 0, "SORDOCEGUE": 0, "OTRA": 0, "TOT_EST_MA": 8, "AFRODESCEN": 2, "INDIGENAS": 2, "NEGRITUDES": 1, "PALENQUERO": 0, "RAIZALES": 0, "ROM": 0, "TOT_EST_ET": 5, "CAPACID_EX": 0, "DOBLE_EXCE": 0, "TE_ACTFISI": 0, "TE_ARTES": 0, "TE_CNATUR": 0, "TE_CSOCIAL": 0, "TE_LDSOCIA": 0, "TE_TECNOLO": 1, "TOT_EST_CA": 1, "TMATRIC_GE": 1042, "Zona": 1 }, "geometry": { "type": "Point", "coordinates": [ -8255929.884600000455976, 510677.459300000220537 ] } },
{ "type": "Feature", "properties": { "NOMBRE_EST": "COLEGIO EL NOGAL (IED)", "NOMBRE_SED": "COLEGIO EL NOGAL (IED) - SEDE PRINCIPAL", "ORDEN_DE_S": "A", "DIRECCION": "TV 54 # 71 - 09 SUR", "DISCAPACID": "FISICA-INTELECTUAL-MENTAL/PSICOSOCIAL-MULTIPLE", "TALENTOS_O": null, "GRUPOS_ETN": "AFRODESCENDIENTES-NEGRITUDES", "SECTOR": 2, "NATU_JUR": 9, "CALENDARIO": 1, "GENERO": 5, "COD_LOCA": "19", "ESPECIALID": 1, "CLASE_TIPO": 2, "BILINGUE": 5, "FECHA": "2025-04-30", "DANE12_EST": "111001800635", "DANE12_SED": "111001800635", "DA_HIPOACU": 2, "DA_SORDERA": 0, "DA_LENGUAS": 0, "DA_UCASTEL": 0, "DISCAP_FIS": 0, "DISCAP_FLE": 0, "DISCAP_PCE": 0, "DI_DCOGNIT": 8, "DI_SDOWN": 0, "DIS_MULTIP": 5, "DIS_PSICOS": 0, "DV_BAJAVIS": 0, "DIS_CEGUER": 0, "T_ESPECTRO": 0, "T_VOZ_Y_HA": 0, "SISTEMICA": 0, "SORDOCEGUE": 0, "OTRA": 0, "TOT_EST_MA": 15, "AFRODESCEN": 9, "INDIGENAS": 1, "NEGRITUDES": 4, "PALENQUERO": 0, "RAIZALES": 0, "ROM": 0, "TOT_EST_ET": 14, "CAPACID_EX": 0, "DOBLE_EXCE": 0, "TE_ACTFISI": 4, "TE_ARTES": 3, "TE_CNATUR": 0, "TE_CSOCIAL": 0, "TE_LDSOCIA": 0, "TE_TECNOLO": 0, "TOT_EST_CA": 7, "TMATRIC_GE": 1046, "Zona": 1 }, "geometry": { "type": "Point", "coordinates": [ -8255965.506899999454618, 509990.651799999177456 ] } },
{ "type": "Feature", "properties": { "NOMBRE_EST": "COLEGIO MARIA CURREA MANRIQUE (IED)", "NOMBRE_SED": "COLEGIO MARIA CURREA MANRIQUE (IED)", "ORDEN_DE_S": "A", "DIRECCION": "CL 58 D SUR # 51 - 10", "DISCAPACID": null, "TALENTOS_O": null, "GRUPOS_ETN": null, "SECTOR": 2, "NATU_JUR": 9, "CALENDARIO": 1, "GENERO": 5, "COD_LOCA": "19", "ESPECIALID": 1, "CLASE_TIPO": 1, "BILINGUE": 5, "FECHA": "2025-04-30", "DANE12_EST": "111001801276", "DANE12_SED": "111001801276", "DA_HIPOACU": 1, "DA_SORDERA": 0, "DA_LENGUAS": 0, "DA_UCASTEL": 0, "DISCAP_FIS": 3, "DISCAP_FLE": 0, "DISCAP_PCE": 0, "DI_DCOGNIT": 11, "DI_SDOWN": 0, "DIS_MULTIP": 4, "DIS_PSICOS": 2, "DV_BAJAVIS": 2, "DIS_CEGUER": 0, "T_ESPECTRO": 0, "T_VOZ_Y_HA": 0, "SISTEMICA": 0, "SORDOCEGUE": 0, "OTRA": 0, "TOT_EST_MA": 23, "AFRODESCEN": 2, "INDIGENAS": 1, "NEGRITUDES": 3, "PALENQUERO": 0, "RAIZALES": 0, "ROM": 0, "TOT_EST_ET": 6, "CAPACID_EX": 1, "DOBLE_EXCE": 0, "TE_ACTFISI": 7, "TE_ARTES": 2, "TE_CNATUR": 0, "TE_CSOCIAL": 1, "TE_LDSOCIA": 4, "TE_TECNOLO": 0, "TOT_EST_CA": 15, "TMATRIC_GE": 1461, "Zona": 1 }, "geometry": { "type": "Point", "coordinates": [ -8254685.332699999213219, 510554.615200001746416 ] } },
{ "type": "Feature", "properties": { "NOMBRE_EST": "COLEGIO AGUDELO RESTREPO (IED)", "NOMBRE_SED": "COLEGIO AGUDELO RESTREPO (IED)", "ORDEN_DE_S": "A", "DIRECCION": "KR 70 D # 65 - 25 SUR", "DISCAPACID": null, "TALENTOS_O": null, "GRUPOS_ETN": null, "SECTOR": 2, "NATU_JUR": 9, "CALENDARIO": 1, "GENERO": 5, "COD_LOCA": "19", "ESPECIALID": 1, "CLASE_TIPO": 1, "BILINGUE": 5, "FECHA": "2025-04-30", "DANE12_EST": "111001801314", "DANE12_SED": "111001801314", "DA_HIPOACU": 1, "DA_SORDERA": 0, "DA_LENGUAS": 0, "DA_UCASTEL": 0, "DISCAP_FIS": 2, "DISCAP_FLE": 0, "DISCAP_PCE": 0, "DI_DCOGNIT": 10, "DI_SDOWN": 0, "DIS_MULTIP": 4, "DIS_PSICOS": 1, "DV_BAJAVIS": 1, "DIS_CEGUER": 0, "T_ESPECTRO": 0, "T_VOZ_Y_HA": 0, "SISTEMICA": 0, "SORDOCEGUE": 0, "OTRA": 0, "TOT_EST_MA": 19, "AFRODESCEN": 0, "INDIGENAS": 4, "NEGRITUDES": 1, "PALENQUERO": 0, "RAIZALES": 0, "ROM": 0, "TOT_EST_ET": 5, "CAPACID_EX": 1, "DOBLE_EXCE": 0, "TE_ACTFISI": 3, "TE_ARTES": 0, "TE_CNATUR": 0, "TE_CSOCIAL": 0, "TE_LDSOCIA": 0, "TE_TECNOLO": 0, "TOT_EST_CA": 4, "TMATRIC_GE": 1050, "Zona": 1 }, "geometry": { "type": "Point", "coordinates": [ -8255741.754699999466538, 511105.181400001049042 ] } },
{ "type": "Feature", "properties": { "NOMBRE_EST": "COLEGIO RURAL PASQUILLA (IED)", "NOMBRE_SED": "RURAL PASQUILLA", "ORDEN_DE_S": "A", "DIRECCION": "KM 5 VIA OLARTE", "DISCAPACID": "AUDITIVA-INTELECTUAL-MENTAL/PSICOSOCIAL-MULTIPLE-VISUAL", "TALENTOS_O": "TALENTO EXCEPCIONAL EN ACTIVIDAD FISICA, EJERCICIO Y DEPORTE-TALENTO EXCEPCIONAL EN CIENCIAS NATURALES O BASICAS-TALENTO EXCEPCIONAL EN LIDERAZGO SOCIAL Y EMPRENDIMIENTO", "GRUPOS_ETN": "INDIGENAS-NEGRITUDES", "SECTOR": 2, "NATU_JUR": 9, "CALENDARIO": 1, "GENERO": 5, "COD_LOCA": "19", "ESPECIALID": 18, "CLASE_TIPO": 1, "BILINGUE": 5, "FECHA": "2025-04-30", "DANE12_EST": "211850001121", "DANE12_SED": "211850001121", "DA_HIPOACU": 0, "DA_SORDERA": 0, "DA_LENGUAS": 0, "DA_UCASTEL": 0, "DISCAP_FIS": 2, "DISCAP_FLE": 0, "DISCAP_PCE": 0, "DI_DCOGNIT": 29, "DI_SDOWN": 0, "DIS_MULTIP": 4, "DIS_PSICOS": 0, "DV_BAJAVIS": 0, "DIS_CEGUER": 0, "T_ESPECTRO": 0, "T_VOZ_Y_HA": 0, "SISTEMICA": 0, "SORDOCEGUE": 0, "OTRA": 0, "TOT_EST_MA": 35, "AFRODESCEN": 1, "INDIGENAS": 6, "NEGRITUDES": 1, "PALENQUERO": 0, "RAIZALES": 0, "ROM": 0, "TOT_EST_ET": 8, "CAPACID_EX": 0, "DOBLE_EXCE": 0, "TE_ACTFISI": 5, "TE_ARTES": 3, "TE_CNATUR": 0, "TE_CSOCIAL": 0, "TE_LDSOCIA": 1, "TE_TECNOLO": 0, "TOT_EST_CA": 9, "TMATRIC_GE": 888, "Zona": 2 }, "geometry": { "type": "Point", "coordinates": [ -8255090.535700000822544, 495275.390700001269579 ] } },
{ "type": "Feature", "properties": { "NOMBRE_EST": "COLEGIO RURAL PASQUILLA (IED)", "NOMBRE_SED": "SANTA BARBARA", "ORDEN_DE_S": "B", "DIRECCION": "KM 12 VIA SAN JUAN DE SUMAPAZ", "DISCAPACID": "INTELECTUAL-MENTAL/PSICOSOCIAL", "TALENTOS_O": null, "GRUPOS_ETN": null, "SECTOR": 2, "NATU_JUR": 9, "CALENDARIO": 1, "GENERO": 5, "COD_LOCA": "19", "ESPECIALID": 13, "CLASE_TIPO": 1, "BILINGUE": 5, "FECHA": "2025-04-30", "DANE12_EST": "211850001121", "DANE12_SED": "211850001155", "DA_HIPOACU": 0, "DA_SORDERA": 0, "DA_LENGUAS": 0, "DA_UCASTEL": 0, "DISCAP_FIS": 0, "DISCAP_FLE": 0, "DISCAP_PCE": 0, "DI_DCOGNIT": 2, "DI_SDOWN": 0, "DIS_MULTIP": 0, "DIS_PSICOS": 0, "DV_BAJAVIS": 0, "DIS_CEGUER": 0, "T_ESPECTRO": 0, "T_VOZ_Y_HA": 0, "SISTEMICA": 0, "SORDOCEGUE": 0, "OTRA": 0, "TOT_EST_MA": 2, "AFRODESCEN": 0, "INDIGENAS": 0, "NEGRITUDES": 0, "PALENQUERO": 0, "RAIZALES": 0, "ROM": 0, "TOT_EST_ET": 0, "CAPACID_EX": 0, "DOBLE_EXCE": 0, "TE_ACTFISI": 0, "TE_ARTES": 0, "TE_CNATUR": 0, "TE_CSOCIAL": 0, "TE_LDSOCIA": 0, "TE_TECNOLO": 0, "TOT_EST_CA": 0, "TMATRIC_GE": 59, "Zona": 2 }, "geometry": { "type": "Point", "coordinates": [ -8254581.805600000545382, 491072.793000001460314 ] } },
{ "type": "Feature", "properties": { "NOMBRE_EST": "COLEGIO RURAL PASQUILLA (IED)", "NOMBRE_SED": "PASQUILLITA", "ORDEN_DE_S": "C", "DIRECCION": "KM 8 VIA PASQUILLA", "DISCAPACID": "FISICA-INTELECTUAL-MULTIPLE", "TALENTOS_O": null, "GRUPOS_ETN": "INDIGENAS", "SECTOR": 2, "NATU_JUR": 9, "CALENDARIO": 1, "GENERO": 5, "COD_LOCA": "19", "ESPECIALID": 13, "CLASE_TIPO": 1, "BILINGUE": 5, "FECHA": "2025-04-30", "DANE12_EST": "211850001121", "DANE12_SED": "211850001139", "DA_HIPOACU": 0, "DA_SORDERA": 0, "DA_LENGUAS": 0, "DA_UCASTEL": 0, "DISCAP_FIS": 0, "DISCAP_FLE": 0, "DISCAP_PCE": 0, "DI_DCOGNIT": 2, "DI_SDOWN": 0, "DIS_MULTIP": 0, "DIS_PSICOS": 0, "DV_BAJAVIS": 0, "DIS_CEGUER": 0, "T_ESPECTRO": 0, "T_VOZ_Y_HA": 0, "SISTEMICA": 0, "SORDOCEGUE": 0, "OTRA": 0, "TOT_EST_MA": 2, "AFRODESCEN": 0, "INDIGENAS": 0, "NEGRITUDES": 0, "PALENQUERO": 0, "RAIZALES": 0, "ROM": 0, "TOT_EST_ET": 0, "CAPACID_EX": 0, "DOBLE_EXCE": 0, "TE_ACTFISI": 0, "TE_ARTES": 0, "TE_CNATUR": 0, "TE_CSOCIAL": 0, "TE_LDSOCIA": 0, "TE_TECNOLO": 0, "TOT_EST_CA": 0, "TMATRIC_GE": 62, "Zona": 2 }, "geometry": { "type": "Point", "coordinates": [ -8254695.351500000804663, 493443.147999998182058 ] } },
{ "type": "Feature", "properties": { "NOMBRE_EST": "COLEGIO RURAL QUIBA ALTA (IED)", "NOMBRE_SED": "RURAL QUIBA ALTA", "ORDEN_DE_S": "A", "DIRECCION": "KM 24 VIA QUIBA", "DISCAPACID": "AUDITIVA-FISICA-INTELECTUAL-MENTAL/PSICOSOCIAL", "TALENTOS_O": null, "GRUPOS_ETN": "AFRODESCENDIENTES-INDIGENAS", "SECTOR": 2, "NATU_JUR": 9, "CALENDARIO": 1, "GENERO": 5, "COD_LOCA": "19", "ESPECIALID": 1, "CLASE_TIPO": 1, "BILINGUE": 5, "FECHA": "2025-04-30", "DANE12_EST": "211850001171", "DANE12_SED": "211850001171", "DA_HIPOACU": 1, "DA_SORDERA": 0, "DA_LENGUAS": 0, "DA_UCASTEL": 0, "DISCAP_FIS": 2, "DISCAP_FLE": 0, "DISCAP_PCE": 0, "DI_DCOGNIT": 13, "DI_SDOWN": 0, "DIS_MULTIP": 1, "DIS_PSICOS": 0, "DV_BAJAVIS": 0, "DIS_CEGUER": 0, "T_ESPECTRO": 0, "T_VOZ_Y_HA": 0, "SISTEMICA": 0, "SORDOCEGUE": 0, "OTRA": 0, "TOT_EST_MA": 17, "AFRODESCEN": 0, "INDIGENAS": 1, "NEGRITUDES": 0, "PALENQUERO": 0, "RAIZALES": 0, "ROM": 0, "TOT_EST_ET": 1, "CAPACID_EX": 0, "DOBLE_EXCE": 0, "TE_ACTFISI": 1, "TE_ARTES": 1, "TE_CNATUR": 0, "TE_CSOCIAL": 0, "TE_LDSOCIA": 1, "TE_TECNOLO": 0, "TOT_EST_CA": 3, "TMATRIC_GE": 589, "Zona": 2 }, "geometry": { "type": "Point", "coordinates": [ -8255983.318, 502995.600699998438358 ] } },
{ "type": "Feature", "properties": { "NOMBRE_EST": "COLEGIO RURAL QUIBA ALTA (IED)", "NOMBRE_SED": "RURAL QUIBA BAJA", "ORDEN_DE_S": "B", "DIRECCION": "KM 20 VIA QUIBA", "DISCAPACID": "FISICA-INTELECTUAL-MULTIPLE", "TALENTOS_O": "CAPACIDADES EXCEPCIONALES-TALENTO EXCEPCIONAL EN ACTIVIDAD FISICA, EJERCICIO Y DEPORTE-TALENTO EXCEPCIONAL EN ARTES Y LETRAS", "GRUPOS_ETN": "AFRODESCENDIENTES-INDIGENAS", "SECTOR": 2, "NATU_JUR": 9, "CALENDARIO": 1, "GENERO": 5, "COD_LOCA": "19", "ESPECIALID": 13, "CLASE_TIPO": 1, "BILINGUE": 5, "FECHA": "2025-04-30", "DANE12_EST": "211850001171", "DANE12_SED": "211001020251", "DA_HIPOACU": 0, "DA_SORDERA": 0, "DA_LENGUAS": 0, "DA_UCASTEL": 0, "DISCAP_FIS": 2, "DISCAP_FLE": 0, "DISCAP_PCE": 0, "DI_DCOGNIT": 4, "DI_SDOWN": 0, "DIS_MULTIP": 2, "DIS_PSICOS": 0, "DV_BAJAVIS": 0, "DIS_CEGUER": 0, "T_ESPECTRO": 0, "T_VOZ_Y_HA": 0, "SISTEMICA": 0, "SORDOCEGUE": 0, "OTRA": 0, "TOT_EST_MA": 8, "AFRODESCEN": 5, "INDIGENAS": 3, "NEGRITUDES": 0, "PALENQUERO": 0, "RAIZALES": 0, "ROM": 0, "TOT_EST_ET": 8, "CAPACID_EX": 1, "DOBLE_EXCE": 0, "TE_ACTFISI": 6, "TE_ARTES": 1, "TE_CNATUR": 0, "TE_CSOCIAL": 0, "TE_LDSOCIA": 1, "TE_TECNOLO": 0, "TOT_EST_CA": 9, "TMATRIC_GE": 675, "Zona": 2 }, "geometry": { "type": "Point", "coordinates": [ -8256118.014599999412894, 504556.704100001603365 ] } },
{ "type": "Feature", "properties": { "NOMBRE_EST": "COLEGIO MOCHUELO ALTO (CED)", "NOMBRE_SED": "MOCHUELO ALTO", "ORDEN_DE_S": "A", "DIRECCION": "KM 24 VIA PASQUILLA", "DISCAPACID": "FISICA-INTELECTUAL-MULTIPLE", "TALENTOS_O": "TALENTO EXCEPCIONAL EN ACTIVIDAD FISICA, EJERCICIO Y DEPORTE-TALENTO EXCEPCIONAL EN ARTES Y LETRAS", "GRUPOS_ETN": "AFRODESCENDIENTES-NEGRITUDES", "SECTOR": 2, "NATU_JUR": 9, "CALENDARIO": 1, "GENERO": 5, "COD_LOCA": "19", "ESPECIALID": 13, "CLASE_TIPO": 1, "BILINGUE": 5, "FECHA": "2025-04-30", "DANE12_EST": "211850001180", "DANE12_SED": "211850001180", "DA_HIPOACU": 2, "DA_SORDERA": 0, "DA_LENGUAS": 0, "DA_UCASTEL": 0, "DISCAP_FIS": 2, "DISCAP_FLE": 0, "DISCAP_PCE": 0, "DI_DCOGNIT": 4, "DI_SDOWN": 0, "DIS_MULTIP": 3, "DIS_PSICOS": 0, "DV_BAJAVIS": 0, "DIS_CEGUER": 0, "T_ESPECTRO": 0, "T_VOZ_Y_HA": 0, "SISTEMICA": 0, "SORDOCEGUE": 0, "OTRA": 0, "TOT_EST_MA": 11, "AFRODESCEN": 5, "INDIGENAS": 8, "NEGRITUDES": 1, "PALENQUERO": 0, "RAIZALES": 0, "ROM": 0, "TOT_EST_ET": 14, "CAPACID_EX": 0, "DOBLE_EXCE": 0, "TE_ACTFISI": 2, "TE_ARTES": 0, "TE_CNATUR": 0, "TE_CSOCIAL": 0, "TE_LDSOCIA": 0, "TE_TECNOLO": 0, "TOT_EST_CA": 2, "TMATRIC_GE": 341, "Zona": 2 }, "geometry": { "type": "Point", "coordinates": [ -8254142.093599999323487, 500198.419700000435114 ] } },
{ "type": "Feature", "properties": { "NOMBRE_EST": "COLEGIO RURAL JOSE CELESTINO MUTIS (IED)", "NOMBRE_SED": "RURAL JOSE CELESTINO MUTIS", "ORDEN_DE_S": "A", "DIRECCION": "KM 10 VIA QUIBA LOTE EL CLAVEL", "DISCAPACID": "FISICA-INTELECTUAL-MENTAL/PSICOSOCIAL", "TALENTOS_O": "CAPACIDADES EXCEPCIONALES-TALENTO EXCEPCIONAL EN ACTIVIDAD FISICA, EJERCICIO Y DEPORTE-TALENTO EXCEPCIONAL EN ARTES Y LETRAS-TALENTO EXCEPCIONAL EN TECNOLOGIA", "GRUPOS_ETN": "AFRODESCENDIENTES-INDIGENAS-NEGRITUDES", "SECTOR": 2, "NATU_JUR": 9, "CALENDARIO": 1, "GENERO": 5, "COD_LOCA": "19", "ESPECIALID": 1, "CLASE_TIPO": 1, "BILINGUE": 5, "FECHA": "2025-04-30", "DANE12_EST": "211850001317", "DANE12_SED": "211850001317", "DA_HIPOACU": 0, "DA_SORDERA": 0, "DA_LENGUAS": 0, "DA_UCASTEL": 0, "DISCAP_FIS": 4, "DISCAP_FLE": 0, "DISCAP_PCE": 0, "DI_DCOGNIT": 31, "DI_SDOWN": 0, "DIS_MULTIP": 4, "DIS_PSICOS": 8, "DV_BAJAVIS": 0, "DIS_CEGUER": 0, "T_ESPECTRO": 0, "T_VOZ_Y_HA": 0, "SISTEMICA": 0, "SORDOCEGUE": 0, "OTRA": 0, "TOT_EST_MA": 47, "AFRODESCEN": 1, "INDIGENAS": 5, "NEGRITUDES": 2, "PALENQUERO": 0, "RAIZALES": 0, "ROM": 0, "TOT_EST_ET": 8, "CAPACID_EX": 0, "DOBLE_EXCE": 0, "TE_ACTFISI": 5, "TE_ARTES": 4, "TE_CNATUR": 0, "TE_CSOCIAL": 1, "TE_LDSOCIA": 1, "TE_TECNOLO": 1, "TOT_EST_CA": 12, "TMATRIC_GE": 1610, "Zona": 2 }, "geometry": { "type": "Point", "coordinates": [ -8254562.881300000473857, 502681.820300001651049 ] } },
{ "type": "Feature", "properties": { "NOMBRE_EST": "COLEGIO CANADA (IED)", "NOMBRE_SED": "CANADA", "ORDEN_DE_S": "A", "DIRECCION": "CL 76 SUR # 24 A - 11", "DISCAPACID": "INTELECTUAL-MENTAL/PSICOSOCIAL-SORDOCEGUERA", "TALENTOS_O": "TALENTO EXCEPCIONAL EN ACTIVIDAD FISICA, EJERCICIO Y DEPORTE-TALENTO EXCEPCIONAL EN ARTES Y LETRAS", "GRUPOS_ETN": "AFRODESCENDIENTES-INDIGENAS-NEGRITUDES", "SECTOR": 2, "NATU_JUR": 9, "CALENDARIO": 1, "GENERO": 5, "COD_LOCA": "19", "ESPECIALID": 1, "CLASE_TIPO": 1, "BILINGUE": 5, "FECHA": "2025-04-30", "DANE12_EST": "311001075034", "DANE12_SED": "311001075034", "DA_HIPOACU": 1, "DA_SORDERA": 0, "DA_LENGUAS": 0, "DA_UCASTEL": 0, "DISCAP_FIS": 0, "DISCAP_FLE": 0, "DISCAP_PCE": 0, "DI_DCOGNIT": 25, "DI_SDOWN": 0, "DIS_MULTIP": 2, "DIS_PSICOS": 0, "DV_BAJAVIS": 2, "DIS_CEGUER": 0, "T_ESPECTRO": 0, "T_VOZ_Y_HA": 0, "SISTEMICA": 0, "SORDOCEGUE": 0, "OTRA": 0, "TOT_EST_MA": 30, "AFRODESCEN": 4, "INDIGENAS": 17, "NEGRITUDES": 1, "PALENQUERO": 0, "RAIZALES": 0, "ROM": 0, "TOT_EST_ET": 22, "CAPACID_EX": 0, "DOBLE_EXCE": 0, "TE_ACTFISI": 4, "TE_ARTES": 1, "TE_CNATUR": 0, "TE_CSOCIAL": 0, "TE_LDSOCIA": 0, "TE_TECNOLO": 0, "TOT_EST_CA": 5, "TMATRIC_GE": 722, "Zona": 1 }, "geometry": { "type": "Point", "coordinates": [ -8254852.312000000849366, 506055.302400000393391 ] } },
{ "type": "Feature", "properties": { "NOMBRE_EST": "COLEGIO CAMPESTRE JAIME GARZON (IED)", "NOMBRE_SED": "RURAL LAS AURAS", "ORDEN_DE_S": "A", "DIRECCION": "KM 6 VIA NAZARETH VDA AURAS", "DISCAPACID": "INTELECTUAL-MENTAL/PSICOSOCIAL-MULTIPLE", "TALENTOS_O": "CAPACIDADES EXCEPCIONALES", "GRUPOS_ETN": "INDIGENAS", "SECTOR": 2, "NATU_JUR": 9, "CALENDARIO": 1, "GENERO": 5, "COD_LOCA": "20", "ESPECIALID": 7, "CLASE_TIPO": 1, "BILINGUE": 5, "FECHA": "2025-04-30", "DANE12_EST": "211001076346", "DANE12_SED": "211001076346", "DA_HIPOACU": 0, "DA_SORDERA": 0, "DA_LENGUAS": 0, "DA_UCASTEL": 0, "DISCAP_FIS": 0, "DISCAP_FLE": 0, "DISCAP_PCE": 0, "DI_DCOGNIT": 1, "DI_SDOWN": 0, "DIS_MULTIP": 1, "DIS_PSICOS": 4, "DV_BAJAVIS": 0, "DIS_CEGUER": 0, "T_ESPECTRO": 0, "T_VOZ_Y_HA": 0, "SISTEMICA": 0, "SORDOCEGUE": 0, "OTRA": 0, "TOT_EST_MA": 6, "AFRODESCEN": 0, "INDIGENAS": 0, "NEGRITUDES": 0, "PALENQUERO": 0, "RAIZALES": 0, "ROM": 0, "TOT_EST_ET": 0, "CAPACID_EX": 0, "DOBLE_EXCE": 0, "TE_ACTFISI": 0, "TE_ARTES": 0, "TE_CNATUR": 0, "TE_CSOCIAL": 0, "TE_LDSOCIA": 0, "TE_TECNOLO": 0, "TOT_EST_CA": 0, "TMATRIC_GE": 150, "Zona": 2 }, "geometry": { "type": "Point", "coordinates": [ -8256734.724600000306964, 464720.896999999880791 ] } },
{ "type": "Feature", "properties": { "NOMBRE_EST": "COLEGIO CAMPESTRE JAIME GARZON (IED)", "NOMBRE_SED": "RURAL EL RAIZAL", "ORDEN_DE_S": "B", "DIRECCION": "KM 8 VIA BETANIA VDA RAIZAL", "DISCAPACID": "MULTIPLE", "TALENTOS_O": null, "GRUPOS_ETN": null, "SECTOR": 2, "NATU_JUR": 9, "CALENDARIO": 1, "GENERO": 5, "COD_LOCA": "20", "ESPECIALID": 13, "CLASE_TIPO": 1, "BILINGUE": 5, "FECHA": "2025-04-30", "DANE12_EST": "211001076346", "DANE12_SED": "211850001244", "DA_HIPOACU": 0, "DA_SORDERA": 0, "DA_LENGUAS": 0, "DA_UCASTEL": 0, "DISCAP_FIS": 0, "DISCAP_FLE": 0, "DISCAP_PCE": 0, "DI_DCOGNIT": 0, "DI_SDOWN": 0, "DIS_MULTIP": 2, "DIS_PSICOS": 0, "DV_BAJAVIS": 0, "DIS_CEGUER": 0, "T_ESPECTRO": 0, "T_VOZ_Y_HA": 0, "SISTEMICA": 0, "SORDOCEGUE": 0, "OTRA": 0, "TOT_EST_MA": 2, "AFRODESCEN": 0, "INDIGENAS": 0, "NEGRITUDES": 0, "PALENQUERO": 0, "RAIZALES": 0, "ROM": 0, "TOT_EST_ET": 0, "CAPACID_EX": 0, "DOBLE_EXCE": 0, "TE_ACTFISI": 0, "TE_ARTES": 0, "TE_CNATUR": 0, "TE_CSOCIAL": 0, "TE_LDSOCIA": 0, "TE_TECNOLO": 0, "TOT_EST_CA": 0, "TMATRIC_GE": 23, "Zona": 2 }, "geometry": { "type": "Point", "coordinates": [ -8253120.180700000375509, 467238.970100000500679 ] } },
{ "type": "Feature", "properties": { "NOMBRE_EST": "COLEGIO CAMPESTRE JAIME GARZON (IED)", "NOMBRE_SED": "RURAL LAGUNA VERDE", "ORDEN_DE_S": "C", "DIRECCION": "KM 6 VIA BETANIA LAGUNAVERDE", "DISCAPACID": null, "TALENTOS_O": null, "GRUPOS_ETN": null, "SECTOR": 2, "NATU_JUR": 9, "CALENDARIO": 1, "GENERO": 5, "COD_LOCA": "20", "ESPECIALID": 13, "CLASE_TIPO": 1, "BILINGUE": 5, "FECHA": "2025-04-30", "DANE12_EST": "211001076346", "DANE12_SED": "211850001309", "DA_HIPOACU": 0, "DA_SORDERA": 0, "DA_LENGUAS": 0, "DA_UCASTEL": 0, "DISCAP_FIS": 0, "DISCAP_FLE": 0, "DISCAP_PCE": 0, "DI_DCOGNIT": 0, "DI_SDOWN": 0, "DIS_MULTIP": 0, "DIS_PSICOS": 0, "DV_BAJAVIS": 0, "DIS_CEGUER": 0, "T_ESPECTRO": 0, "T_VOZ_Y_HA": 0, "SISTEMICA": 0, "SORDOCEGUE": 0, "OTRA": 0, "TOT_EST_MA": 0, "AFRODESCEN": 0, "INDIGENAS": 0, "NEGRITUDES": 0, "PALENQUERO": 0, "RAIZALES": 0, "ROM": 0, "TOT_EST_ET": 0, "CAPACID_EX": 0, "DOBLE_EXCE": 0, "TE_ACTFISI": 0, "TE_ARTES": 0, "TE_CNATUR": 0, "TE_CSOCIAL": 0, "TE_LDSOCIA": 0, "TE_TECNOLO": 0, "TOT_EST_CA": 0, "TMATRIC_GE": 6, "Zona": 2 }, "geometry": { "type": "Point", "coordinates": [ -8255038.215500000864267, 467501.273499999195337 ] } },
{ "type": "Feature", "properties": { "NOMBRE_EST": "COLEGIO CAMPESTRE JAIME GARZON (IED)", "NOMBRE_SED": "RURAL EL TABACO", "ORDEN_DE_S": "D", "DIRECCION": "KM 8 VIA BETANIA EL TABACO", "DISCAPACID": null, "TALENTOS_O": null, "GRUPOS_ETN": null, "SECTOR": 2, "NATU_JUR": 9, "CALENDARIO": 1, "GENERO": 5, "COD_LOCA": "20", "ESPECIALID": 13, "CLASE_TIPO": 1, "BILINGUE": 5, "FECHA": "2025-04-30", "DANE12_EST": "211001076346", "DANE12_SED": "211850000167", "DA_HIPOACU": 0, "DA_SORDERA": 0, "DA_LENGUAS": 0, "DA_UCASTEL": 0, "DISCAP_FIS": 0, "DISCAP_FLE": 0, "DISCAP_PCE": 0, "DI_DCOGNIT": 0, "DI_SDOWN": 0, "DIS_MULTIP": 0, "DIS_PSICOS": 1, "DV_BAJAVIS": 0, "DIS_CEGUER": 0, "T_ESPECTRO": 0, "T_VOZ_Y_HA": 0, "SISTEMICA": 0, "SORDOCEGUE": 0, "OTRA": 0, "TOT_EST_MA": 1, "AFRODESCEN": 0, "INDIGENAS": 0, "NEGRITUDES": 0, "PALENQUERO": 0, "RAIZALES": 0, "ROM": 0, "TOT_EST_ET": 0, "CAPACID_EX": 0, "DOBLE_EXCE": 0, "TE_ACTFISI": 0, "TE_ARTES": 0, "TE_CNATUR": 0, "TE_CSOCIAL": 0, "TE_LDSOCIA": 0, "TE_TECNOLO": 0, "TOT_EST_CA": 0, "TMATRIC_GE": 10, "Zona": 2 }, "geometry": { "type": "Point", "coordinates": [ -8253561.005899999290705, 472426.028299998492002 ] } },
{ "type": "Feature", "properties": { "NOMBRE_EST": "COLEGIO CAMPESTRE JAIME GARZON (IED)", "NOMBRE_SED": "RURAL PEÑALIZA", "ORDEN_DE_S": "E", "DIRECCION": "KM 16 VIA BETANIA PEÑALIZA", "DISCAPACID": null, "TALENTOS_O": null, "GRUPOS_ETN": null, "SECTOR": 2, "NATU_JUR": 9, "CALENDARIO": 1, "GENERO": 5, "COD_LOCA": "20", "ESPECIALID": 13, "CLASE_TIPO": 1, "BILINGUE": 5, "FECHA": "2025-04-30", "DANE12_EST": "211001076346", "DANE12_SED": "211001030613", "DA_HIPOACU": 0, "DA_SORDERA": 0, "DA_LENGUAS": 0, "DA_UCASTEL": 0, "DISCAP_FIS": 0, "DISCAP_FLE": 0, "DISCAP_PCE": 0, "DI_DCOGNIT": 0, "DI_SDOWN": 0, "DIS_MULTIP": 0, "DIS_PSICOS": 0, "DV_BAJAVIS": 0, "DIS_CEGUER": 0, "T_ESPECTRO": 0, "T_VOZ_Y_HA": 0, "SISTEMICA": 0, "SORDOCEGUE": 0, "OTRA": 0, "TOT_EST_MA": 0, "AFRODESCEN": 0, "INDIGENAS": 0, "NEGRITUDES": 0, "PALENQUERO": 0, "RAIZALES": 0, "ROM": 0, "TOT_EST_ET": 0, "CAPACID_EX": 0, "DOBLE_EXCE": 0, "TE_ACTFISI": 0, "TE_ARTES": 0, "TE_CNATUR": 0, "TE_CSOCIAL": 0, "TE_LDSOCIA": 0, "TE_TECNOLO": 0, "TOT_EST_CA": 0, "TMATRIC_GE": 3, "Zona": 2 }, "geometry": { "type": "Point", "coordinates": [ -8252030.3629, 467023.546999998390675 ] } },
{ "type": "Feature", "properties": { "NOMBRE_EST": "COLEGIO CAMPESTRE JAIME GARZON (IED)", "NOMBRE_SED": "RURAL ADELINA GUTIERREZ PALACIOS", "ORDEN_DE_S": "F", "DIRECCION": "KM 8 VIA CORREG BETANIA", "DISCAPACID": null, "TALENTOS_O": null, "GRUPOS_ETN": null, "SECTOR": 2, "NATU_JUR": 9, "CALENDARIO": 1, "GENERO": 5, "COD_LOCA": "20", "ESPECIALID": 7, "CLASE_TIPO": 1, "BILINGUE": 5, "FECHA": "2025-04-30", "DANE12_EST": "211001076346", "DANE12_SED": "211850000094", "DA_HIPOACU": 0, "DA_SORDERA": 0, "DA_LENGUAS": 0, "DA_UCASTEL": 0, "DISCAP_FIS": 0, "DISCAP_FLE": 0, "DISCAP_PCE": 0, "DI_DCOGNIT": 0, "DI_SDOWN": 0, "DIS_MULTIP": 0, "DIS_PSICOS": 0, "DV_BAJAVIS": 1, "DIS_CEGUER": 0, "T_ESPECTRO": 0, "T_VOZ_Y_HA": 0, "SISTEMICA": 0, "SORDOCEGUE": 0, "OTRA": 0, "TOT_EST_MA": 1, "AFRODESCEN": 0, "INDIGENAS": 1, "NEGRITUDES": 0, "PALENQUERO": 0, "RAIZALES": 0, "ROM": 0, "TOT_EST_ET": 1, "CAPACID_EX": 0, "DOBLE_EXCE": 0, "TE_ACTFISI": 0, "TE_ARTES": 0, "TE_CNATUR": 1, "TE_CSOCIAL": 0, "TE_LDSOCIA": 0, "TE_TECNOLO": 0, "TOT_EST_CA": 1, "TMATRIC_GE": 52, "Zona": 2 }, "geometry": { "type": "Point", "coordinates": [ -8253866.021299999207258, 469989.289000000804663 ] } },
{ "type": "Feature", "properties": { "NOMBRE_EST": "COLEGIO CAMPESTRE JAIME GARZON (IED)", "NOMBRE_SED": "RURAL SANTA ROSA DE NAZARETH", "ORDEN_DE_S": "I", "DIRECCION": "KM 1 VIA NAZARETH SANTA ROSA", "DISCAPACID": null, "TALENTOS_O": null, "GRUPOS_ETN": null, "SECTOR": 2, "NATU_JUR": 9, "CALENDARIO": 1, "GENERO": 5, "COD_LOCA": "20", "ESPECIALID": 13, "CLASE_TIPO": 1, "BILINGUE": 5, "FECHA": "2025-04-30", "DANE12_EST": "211001076346", "DANE12_SED": "211850000973", "DA_HIPOACU": 0, "DA_SORDERA": 0, "DA_LENGUAS": 0, "DA_UCASTEL": 0, "DISCAP_FIS": 0, "DISCAP_FLE": 0, "DISCAP_PCE": 0, "DI_DCOGNIT": 0, "DI_SDOWN": 0, "DIS_MULTIP": 0, "DIS_PSICOS": 0, "DV_BAJAVIS": 0, "DIS_CEGUER": 0, "T_ESPECTRO": 0, "T_VOZ_Y_HA": 0, "SISTEMICA": 0, "SORDOCEGUE": 0, "OTRA": 0, "TOT_EST_MA": 0, "AFRODESCEN": 0, "INDIGENAS": 0, "NEGRITUDES": 0, "PALENQUERO": 0, "RAIZALES": 0, "ROM": 0, "TOT_EST_ET": 0, "CAPACID_EX": 0, "DOBLE_EXCE": 0, "TE_ACTFISI": 0, "TE_ARTES": 0, "TE_CNATUR": 0, "TE_CSOCIAL": 0, "TE_LDSOCIA": 0, "TE_TECNOLO": 0, "TOT_EST_CA": 0, "TMATRIC_GE": 4, "Zona": 2 }, "geometry": { "type": "Point", "coordinates": [ -8258532.534299999475479, 467139.629799999296665 ] } },
{ "type": "Feature", "properties": { "NOMBRE_EST": "COLEGIO CAMPESTRE JAIME GARZON (IED)", "NOMBRE_SED": "RURAL LAS ANIMAS", "ORDEN_DE_S": "J", "DIRECCION": "KM 5 VIA NAZARETH VDA ANIMAS", "DISCAPACID": null, "TALENTOS_O": null, "GRUPOS_ETN": null, "SECTOR": 2, "NATU_JUR": 9, "CALENDARIO": 1, "GENERO": 5, "COD_LOCA": "20", "ESPECIALID": 13, "CLASE_TIPO": 1, "BILINGUE": 5, "FECHA": "2025-04-30", "DANE12_EST": "211001076346", "DANE12_SED": "211850000957", "DA_HIPOACU": 0, "DA_SORDERA": 0, "DA_LENGUAS": 0, "DA_UCASTEL": 0, "DISCAP_FIS": 0, "DISCAP_FLE": 0, "DISCAP_PCE": 0, "DI_DCOGNIT": 1, "DI_SDOWN": 0, "DIS_MULTIP": 0, "DIS_PSICOS": 0, "DV_BAJAVIS": 0, "DIS_CEGUER": 0, "T_ESPECTRO": 0, "T_VOZ_Y_HA": 0, "SISTEMICA": 0, "SORDOCEGUE": 0, "OTRA": 0, "TOT_EST_MA": 1, "AFRODESCEN": 0, "INDIGENAS": 0, "NEGRITUDES": 0, "PALENQUERO": 0, "RAIZALES": 0, "ROM": 0, "TOT_EST_ET": 0, "CAPACID_EX": 0, "DOBLE_EXCE": 0, "TE_ACTFISI": 0, "TE_ARTES": 0, "TE_CNATUR": 0, "TE_CSOCIAL": 0, "TE_LDSOCIA": 0, "TE_TECNOLO": 0, "TOT_EST_CA": 0, "TMATRIC_GE": 5, "Zona": 2 }, "geometry": { "type": "Point", "coordinates": [ -8257771.108999999240041, 462090.168299999088049 ] } },
{ "type": "Feature", "properties": { "NOMBRE_EST": "COLEGIO CAMPESTRE JAIME GARZON (IED)", "NOMBRE_SED": "RURAL LOS RIOS", "ORDEN_DE_S": "M", "DIRECCION": "KM 12 VIA NAZARETH VDA RIOS", "DISCAPACID": null, "TALENTOS_O": null, "GRUPOS_ETN": null, "SECTOR": 2, "NATU_JUR": 9, "CALENDARIO": 1, "GENERO": 5, "COD_LOCA": "20", "ESPECIALID": 13, "CLASE_TIPO": 1, "BILINGUE": 5, "FECHA": "2025-04-30", "DANE12_EST": "211001076346", "DANE12_SED": "211850001228", "DA_HIPOACU": 0, "DA_SORDERA": 0, "DA_LENGUAS": 0, "DA_UCASTEL": 0, "DISCAP_FIS": 0, "DISCAP_FLE": 0, "DISCAP_PCE": 0, "DI_DCOGNIT": 0, "DI_SDOWN": 0, "DIS_MULTIP": 0, "DIS_PSICOS": 0, "DV_BAJAVIS": 0, "DIS_CEGUER": 0, "T_ESPECTRO": 0, "T_VOZ_Y_HA": 0, "SISTEMICA": 0, "SORDOCEGUE": 0, "OTRA": 0, "TOT_EST_MA": 0, "AFRODESCEN": 0, "INDIGENAS": 0, "NEGRITUDES": 0, "PALENQUERO": 0, "RAIZALES": 0, "ROM": 0, "TOT_EST_ET": 0, "CAPACID_EX": 0, "DOBLE_EXCE": 0, "TE_ACTFISI": 0, "TE_ARTES": 0, "TE_CNATUR": 0, "TE_CSOCIAL": 0, "TE_LDSOCIA": 0, "TE_TECNOLO": 0, "TOT_EST_CA": 0, "TMATRIC_GE": 6, "Zona": 2 }, "geometry": { "type": "Point", "coordinates": [ -8254055.264399999752641, 463633.772599998861551 ] } },
{ "type": "Feature", "properties": { "NOMBRE_EST": "COLEGIO GIMNASIO DEL CAMPO JUAN DE LA CRUZ VARELA (IED)", "NOMBRE_SED": "RURAL LA UNION", "ORDEN_DE_S": "A", "DIRECCION": "VDA LA UNION", "DISCAPACID": "AUDITIVA-FISICA-INTELECTUAL-MENTAL/PSICOSOCIAL-MULTIPLE", "TALENTOS_O": "TALENTO EXCEPCIONAL EN LIDERAZGO SOCIAL Y EMPRENDIMIENTO", "GRUPOS_ETN": "INDIGENAS", "SECTOR": 2, "NATU_JUR": 9, "CALENDARIO": 1, "GENERO": 5, "COD_LOCA": "20", "ESPECIALID": 1, "CLASE_TIPO": 1, "BILINGUE": 5, "FECHA": "2025-04-30", "DANE12_EST": "211850001473", "DANE12_SED": "211850001473", "DA_HIPOACU": 2, "DA_SORDERA": 0, "DA_LENGUAS": 0, "DA_UCASTEL": 0, "DISCAP_FIS": 1, "DISCAP_FLE": 0, "DISCAP_PCE": 0, "DI_DCOGNIT": 2, "DI_SDOWN": 0, "DIS_MULTIP": 2, "DIS_PSICOS": 1, "DV_BAJAVIS": 0, "DIS_CEGUER": 0, "T_ESPECTRO": 0, "T_VOZ_Y_HA": 0, "SISTEMICA": 0, "SORDOCEGUE": 0, "OTRA": 0, "TOT_EST_MA": 8, "AFRODESCEN": 0, "INDIGENAS": 3, "NEGRITUDES": 0, "PALENQUERO": 0, "RAIZALES": 0, "ROM": 0, "TOT_EST_ET": 3, "CAPACID_EX": 0, "DOBLE_EXCE": 0, "TE_ACTFISI": 0, "TE_ARTES": 0, "TE_CNATUR": 0, "TE_CSOCIAL": 0, "TE_LDSOCIA": 1, "TE_TECNOLO": 0, "TOT_EST_CA": 1, "TMATRIC_GE": 264, "Zona": 2 }, "geometry": { "type": "Point", "coordinates": [ -8278129.217499999329448, 444035.440499998629093 ] } },
{ "type": "Feature", "properties": { "NOMBRE_EST": "COLEGIO GIMNASIO DEL CAMPO JUAN DE LA CRUZ VARELA (IED)", "NOMBRE_SED": "RURAL TUNAL ALTO", "ORDEN_DE_S": "B", "DIRECCION": "VDA TUNAL ALTO", "DISCAPACID": "INTELECTUAL", "TALENTOS_O": null, "GRUPOS_ETN": null, "SECTOR": 2, "NATU_JUR": 9, "CALENDARIO": 1, "GENERO": 5, "COD_LOCA": "20", "ESPECIALID": 1, "CLASE_TIPO": 1, "BILINGUE": 5, "FECHA": "2025-04-30", "DANE12_EST": "211850001473", "DANE12_SED": "211850000175", "DA_HIPOACU": 0, "DA_SORDERA": 0, "DA_LENGUAS": 0, "DA_UCASTEL": 0, "DISCAP_FIS": 0, "DISCAP_FLE": 0, "DISCAP_PCE": 0, "DI_DCOGNIT": 0, "DI_SDOWN": 0, "DIS_MULTIP": 0, "DIS_PSICOS": 0, "DV_BAJAVIS": 0, "DIS_CEGUER": 0, "T_ESPECTRO": 0, "T_VOZ_Y_HA": 0, "SISTEMICA": 0, "SORDOCEGUE": 0, "OTRA": 0, "TOT_EST_MA": 0, "AFRODESCEN": 0, "INDIGENAS": 0, "NEGRITUDES": 0, "PALENQUERO": 0, "RAIZALES": 0, "ROM": 0, "TOT_EST_ET": 0, "CAPACID_EX": 0, "DOBLE_EXCE": 0, "TE_ACTFISI": 0, "TE_ARTES": 0, "TE_CNATUR": 0, "TE_CSOCIAL": 0, "TE_LDSOCIA": 0, "TE_TECNOLO": 0, "TOT_EST_CA": 0, "TMATRIC_GE": 72, "Zona": 2 }, "geometry": { "type": "Point", "coordinates": [ -8275045.667600000277162, 440618.637600000947714 ] } },
{ "type": "Feature", "properties": { "NOMBRE_EST": "COLEGIO GIMNASIO DEL CAMPO JUAN DE LA CRUZ VARELA (IED)", "NOMBRE_SED": "RURAL TUNAL BAJO", "ORDEN_DE_S": "C", "DIRECCION": "VDA TUNAL BAJO", "DISCAPACID": null, "TALENTOS_O": null, "GRUPOS_ETN": null, "SECTOR": 2, "NATU_JUR": 9, "CALENDARIO": 1, "GENERO": 5, "COD_LOCA": "20", "ESPECIALID": 13, "CLASE_TIPO": 1, "BILINGUE": 5, "FECHA": "2025-04-30", "DANE12_EST": "211850001473", "DANE12_SED": "211850000914", "DA_HIPOACU": 0, "DA_SORDERA": 0, "DA_LENGUAS": 0, "DA_UCASTEL": 0, "DISCAP_FIS": 0, "DISCAP_FLE": 0, "DISCAP_PCE": 0, "DI_DCOGNIT": 0, "DI_SDOWN": 0, "DIS_MULTIP": 0, "DIS_PSICOS": 0, "DV_BAJAVIS": 0, "DIS_CEGUER": 0, "T_ESPECTRO": 0, "T_VOZ_Y_HA": 0, "SISTEMICA": 0, "SORDOCEGUE": 0, "OTRA": 0, "TOT_EST_MA": 0, "AFRODESCEN": 0, "INDIGENAS": 0, "NEGRITUDES": 0, "PALENQUERO": 0, "RAIZALES": 0, "ROM": 0, "TOT_EST_ET": 0, "CAPACID_EX": 0, "DOBLE_EXCE": 0, "TE_ACTFISI": 0, "TE_ARTES": 0, "TE_CNATUR": 0, "TE_CSOCIAL": 0, "TE_LDSOCIA": 0, "TE_TECNOLO": 0, "TOT_EST_CA": 0, "TMATRIC_GE": 6, "Zona": 2 }, "geometry": { "type": "Point", "coordinates": [ -8276604.14049999974668, 443743.076799999922514 ] } },
{ "type": "Feature", "properties": { "NOMBRE_EST": "COLEGIO GIMNASIO DEL CAMPO JUAN DE LA CRUZ VARELA (IED)", "NOMBRE_SED": "RURAL LAGUNITAS", "ORDEN_DE_S": "D", "DIRECCION": "VDA LAGUNITAS", "DISCAPACID": null, "TALENTOS_O": null, "GRUPOS_ETN": null, "SECTOR": 2, "NATU_JUR": 9, "CALENDARIO": 1, "GENERO": 5, "COD_LOCA": "20", "ESPECIALID": 13, "CLASE_TIPO": 1, "BILINGUE": 5, "FECHA": "2025-04-30", "DANE12_EST": "211850001473", "DANE12_SED": "211850000850", "DA_HIPOACU": 0, "DA_SORDERA": 0, "DA_LENGUAS": 0, "DA_UCASTEL": 0, "DISCAP_FIS": 0, "DISCAP_FLE": 0, "DISCAP_PCE": 0, "DI_DCOGNIT": 0, "DI_SDOWN": 0, "DIS_MULTIP": 0, "DIS_PSICOS": 0, "DV_BAJAVIS": 0, "DIS_CEGUER": 0, "T_ESPECTRO": 0, "T_VOZ_Y_HA": 0, "SISTEMICA": 0, "SORDOCEGUE": 0, "OTRA": 0, "TOT_EST_MA": 0, "AFRODESCEN": 0, "INDIGENAS": 0, "NEGRITUDES": 0, "PALENQUERO": 0, "RAIZALES": 0, "ROM": 0, "TOT_EST_ET": 0, "CAPACID_EX": 0, "DOBLE_EXCE": 0, "TE_ACTFISI": 0, "TE_ARTES": 0, "TE_CNATUR": 0, "TE_CSOCIAL": 0, "TE_LDSOCIA": 0, "TE_TECNOLO": 0, "TOT_EST_CA": 0, "TMATRIC_GE": 8, "Zona": 2 }, "geometry": { "type": "Point", "coordinates": [ -8274009.283099999651313, 443829.000399999320507 ] } },
{ "type": "Feature", "properties": { "NOMBRE_EST": "COLEGIO GIMNASIO DEL CAMPO JUAN DE LA CRUZ VARELA (IED)", "NOMBRE_SED": "RURAL EL SALITRE", "ORDEN_DE_S": "E", "DIRECCION": "VDA EL SALITRE", "DISCAPACID": "AUDITIVA", "TALENTOS_O": null, "GRUPOS_ETN": null, "SECTOR": 2, "NATU_JUR": 9, "CALENDARIO": 1, "GENERO": 5, "COD_LOCA": "20", "ESPECIALID": 13, "CLASE_TIPO": 1, "BILINGUE": 5, "FECHA": "2025-04-30", "DANE12_EST": "211850001473", "DANE12_SED": "211850000809", "DA_HIPOACU": 1, "DA_SORDERA": 0, "DA_LENGUAS": 0, "DA_UCASTEL": 0, "DISCAP_FIS": 0, "DISCAP_FLE": 0, "DISCAP_PCE": 0, "DI_DCOGNIT": 0, "DI_SDOWN": 0, "DIS_MULTIP": 0, "DIS_PSICOS": 0, "DV_BAJAVIS": 0, "DIS_CEGUER": 0, "T_ESPECTRO": 0, "T_VOZ_Y_HA": 0, "SISTEMICA": 0, "SORDOCEGUE": 0, "OTRA": 0, "TOT_EST_MA": 1, "AFRODESCEN": 0, "INDIGENAS": 0, "NEGRITUDES": 0, "PALENQUERO": 0, "RAIZALES": 0, "ROM": 0, "TOT_EST_ET": 0, "CAPACID_EX": 0, "DOBLE_EXCE": 0, "TE_ACTFISI": 0, "TE_ARTES": 0, "TE_CNATUR": 0, "TE_CSOCIAL": 0, "TE_LDSOCIA": 0, "TE_TECNOLO": 0, "TOT_EST_CA": 0, "TMATRIC_GE": 16, "Zona": 2 }, "geometry": { "type": "Point", "coordinates": [ -8277569.280500000342727, 433450.678800001740456 ] } },
{ "type": "Feature", "properties": { "NOMBRE_EST": "COLEGIO GIMNASIO DEL CAMPO JUAN DE LA CRUZ VARELA (IED)", "NOMBRE_SED": "RURAL LA CONCEPCION", "ORDEN_DE_S": "F", "DIRECCION": "VDA LA CONCEPCION", "DISCAPACID": null, "TALENTOS_O": null, "GRUPOS_ETN": null, "SECTOR": 2, "NATU_JUR": 9, "CALENDARIO": 1, "GENERO": 5, "COD_LOCA": "20", "ESPECIALID": 13, "CLASE_TIPO": 1, "BILINGUE": 5, "FECHA": "2025-04-30", "DANE12_EST": "211850001473", "DANE12_SED": "211850000795", "DA_HIPOACU": 0, "DA_SORDERA": 0, "DA_LENGUAS": 0, "DA_UCASTEL": 0, "DISCAP_FIS": 0, "DISCAP_FLE": 0, "DISCAP_PCE": 0, "DI_DCOGNIT": 0, "DI_SDOWN": 0, "DIS_MULTIP": 0, "DIS_PSICOS": 0, "DV_BAJAVIS": 0, "DIS_CEGUER": 0, "T_ESPECTRO": 0, "T_VOZ_Y_HA": 0, "SISTEMICA": 0, "SORDOCEGUE": 0, "OTRA": 0, "TOT_EST_MA": 0, "AFRODESCEN": 0, "INDIGENAS": 0, "NEGRITUDES": 0, "PALENQUERO": 0, "RAIZALES": 0, "ROM": 0, "TOT_EST_ET": 0, "CAPACID_EX": 0, "DOBLE_EXCE": 0, "TE_ACTFISI": 0, "TE_ARTES": 0, "TE_CNATUR": 0, "TE_CSOCIAL": 0, "TE_LDSOCIA": 0, "TE_TECNOLO": 0, "TOT_EST_CA": 0, "TMATRIC_GE": 6, "Zona": 2 }, "geometry": { "type": "Point", "coordinates": [ -8276578.537000000476837, 437631.549100000411272 ] } },
{ "type": "Feature", "properties": { "NOMBRE_EST": "COLEGIO GIMNASIO DEL CAMPO JUAN DE LA CRUZ VARELA (IED)", "NOMBRE_SED": "RURAL SAN JOSE", "ORDEN_DE_S": "G", "DIRECCION": "VDA SAN JOSE", "DISCAPACID": null, "TALENTOS_O": null, "GRUPOS_ETN": null, "SECTOR": 2, "NATU_JUR": 9, "CALENDARIO": 1, "GENERO": 5, "COD_LOCA": "20", "ESPECIALID": 13, "CLASE_TIPO": 1, "BILINGUE": 5, "FECHA": "2025-04-30", "DANE12_EST": "211850001473", "DANE12_SED": "211850000825", "DA_HIPOACU": 0, "DA_SORDERA": 0, "DA_LENGUAS": 0, "DA_UCASTEL": 0, "DISCAP_FIS": 0, "DISCAP_FLE": 0, "DISCAP_PCE": 0, "DI_DCOGNIT": 0, "DI_SDOWN": 0, "DIS_MULTIP": 0, "DIS_PSICOS": 0, "DV_BAJAVIS": 0, "DIS_CEGUER": 0, "T_ESPECTRO": 0, "T_VOZ_Y_HA": 0, "SISTEMICA": 0, "SORDOCEGUE": 0, "OTRA": 0, "TOT_EST_MA": 0, "AFRODESCEN": 0, "INDIGENAS": 0, "NEGRITUDES": 0, "PALENQUERO": 0, "RAIZALES": 0, "ROM": 0, "TOT_EST_ET": 0, "CAPACID_EX": 0, "DOBLE_EXCE": 0, "TE_ACTFISI": 0, "TE_ARTES": 0, "TE_CNATUR": 0, "TE_CSOCIAL": 0, "TE_LDSOCIA": 0, "TE_TECNOLO": 0, "TOT_EST_CA": 0, "TMATRIC_GE": 7, "Zona": 2 }, "geometry": { "type": "Point", "coordinates": [ -8281429.840399999171495, 426619.087600000202656 ] } },
{ "type": "Feature", "properties": { "NOMBRE_EST": "COLEGIO GIMNASIO DEL CAMPO JUAN DE LA CRUZ VARELA (IED)", "NOMBRE_SED": "RURAL LAS CHORRERAS", "ORDEN_DE_S": "H", "DIRECCION": "VDA CHORRERAS", "DISCAPACID": null, "TALENTOS_O": null, "GRUPOS_ETN": null, "SECTOR": 2, "NATU_JUR": 9, "CALENDARIO": 1, "GENERO": 5, "COD_LOCA": "20", "ESPECIALID": 13, "CLASE_TIPO": 1, "BILINGUE": 5, "FECHA": "2025-04-30", "DANE12_EST": "211850001473", "DANE12_SED": "211850000906", "DA_HIPOACU": 0, "DA_SORDERA": 0, "DA_LENGUAS": 0, "DA_UCASTEL": 0, "DISCAP_FIS": 0, "DISCAP_FLE": 0, "DISCAP_PCE": 0, "DI_DCOGNIT": 0, "DI_SDOWN": 0, "DIS_MULTIP": 0, "DIS_PSICOS": 0, "DV_BAJAVIS": 0, "DIS_CEGUER": 0, "T_ESPECTRO": 0, "T_VOZ_Y_HA": 0, "SISTEMICA": 0, "SORDOCEGUE": 0, "OTRA": 0, "TOT_EST_MA": 0, "AFRODESCEN": 0, "INDIGENAS": 0, "NEGRITUDES": 0, "PALENQUERO": 0, "RAIZALES": 0, "ROM": 0, "TOT_EST_ET": 0, "CAPACID_EX": 0, "DOBLE_EXCE": 0, "TE_ACTFISI": 0, "TE_ARTES": 0, "TE_CNATUR": 0, "TE_CSOCIAL": 0, "TE_LDSOCIA": 0, "TE_TECNOLO": 0, "TOT_EST_CA": 0, "TMATRIC_GE": 5, "Zona": 2 }, "geometry": { "type": "Point", "coordinates": [ -8271659.328700000420213, 445724.919100001454353 ] } },
{ "type": "Feature", "properties": { "NOMBRE_EST": "COLEGIO GIMNASIO DEL CAMPO JUAN DE LA CRUZ VARELA (IED)", "NOMBRE_SED": "RURAL ERASMO VALENCIA", "ORDEN_DE_S": "I", "DIRECCION": "VDA LAS VEGAS SECTOR LA UNION", "DISCAPACID": "INTELECTUAL-MENTAL/PSICOSOCIAL", "TALENTOS_O": null, "GRUPOS_ETN": "INDIGENAS", "SECTOR": 2, "NATU_JUR": 9, "CALENDARIO": 1, "GENERO": 5, "COD_LOCA": "20", "ESPECIALID": 1, "CLASE_TIPO": 1, "BILINGUE": 5, "FECHA": "2025-04-30", "DANE12_EST": "211850001473", "DANE12_SED": "211850000833", "DA_HIPOACU": 0, "DA_SORDERA": 0, "DA_LENGUAS": 0, "DA_UCASTEL": 0, "DISCAP_FIS": 0, "DISCAP_FLE": 0, "DISCAP_PCE": 0, "DI_DCOGNIT": 0, "DI_SDOWN": 0, "DIS_MULTIP": 0, "DIS_PSICOS": 0, "DV_BAJAVIS": 0, "DIS_CEGUER": 0, "T_ESPECTRO": 0, "T_VOZ_Y_HA": 0, "SISTEMICA": 0, "SORDOCEGUE": 0, "OTRA": 0, "TOT_EST_MA": 0, "AFRODESCEN": 0, "INDIGENAS": 3, "NEGRITUDES": 0, "PALENQUERO": 0, "RAIZALES": 0, "ROM": 0, "TOT_EST_ET": 3, "CAPACID_EX": 0, "DOBLE_EXCE": 0, "TE_ACTFISI": 0, "TE_ARTES": 0, "TE_CNATUR": 0, "TE_CSOCIAL": 0, "TE_LDSOCIA": 0, "TE_TECNOLO": 0, "TOT_EST_CA": 0, "TMATRIC_GE": 53, "Zona": 2 }, "geometry": { "type": "Point", "coordinates": [ -8271087.146500000730157, 449020.273400001227856 ] } },
{ "type": "Feature", "properties": { "NOMBRE_EST": "COLEGIO GIMNASIO DEL CAMPO JUAN DE LA CRUZ VARELA (IED)", "NOMBRE_SED": "RURAL SAN JUAN", "ORDEN_DE_S": "J", "DIRECCION": "VDA SAN JUAN", "DISCAPACID": null, "TALENTOS_O": null, "GRUPOS_ETN": "INDIGENAS", "SECTOR": 2, "NATU_JUR": 9, "CALENDARIO": 1, "GENERO": 5, "COD_LOCA": "20", "ESPECIALID": 13, "CLASE_TIPO": 1, "BILINGUE": 5, "FECHA": "2025-04-30", "DANE12_EST": "211850001473", "DANE12_SED": "211850001091", "DA_HIPOACU": 0, "DA_SORDERA": 0, "DA_LENGUAS": 0, "DA_UCASTEL": 0, "DISCAP_FIS": 0, "DISCAP_FLE": 0, "DISCAP_PCE": 0, "DI_DCOGNIT": 0, "DI_SDOWN": 0, "DIS_MULTIP": 0, "DIS_PSICOS": 0, "DV_BAJAVIS": 0, "DIS_CEGUER": 0, "T_ESPECTRO": 0, "T_VOZ_Y_HA": 0, "SISTEMICA": 0, "SORDOCEGUE": 0, "OTRA": 0, "TOT_EST_MA": 0, "AFRODESCEN": 0, "INDIGENAS": 0, "NEGRITUDES": 0, "PALENQUERO": 0, "RAIZALES": 0, "ROM": 0, "TOT_EST_ET": 0, "CAPACID_EX": 0, "DOBLE_EXCE": 0, "TE_ACTFISI": 0, "TE_ARTES": 0, "TE_CNATUR": 0, "TE_CSOCIAL": 0, "TE_LDSOCIA": 0, "TE_TECNOLO": 0, "TOT_EST_CA": 0, "TMATRIC_GE": 23, "Zona": 2 }, "geometry": { "type": "Point", "coordinates": [ -8272596.63880000077188, 448876.315400000661612 ] } },
{ "type": "Feature", "properties": { "NOMBRE_EST": "COLEGIO GIMNASIO DEL CAMPO JUAN DE LA CRUZ VARELA (IED)", "NOMBRE_SED": "RURAL EL TOLDO", "ORDEN_DE_S": "K", "DIRECCION": "VDA EL TOLDO", "DISCAPACID": null, "TALENTOS_O": null, "GRUPOS_ETN": null, "SECTOR": 2, "NATU_JUR": 9, "CALENDARIO": 1, "GENERO": 5, "COD_LOCA": "20", "ESPECIALID": 13, "CLASE_TIPO": 1, "BILINGUE": 5, "FECHA": "2025-04-30", "DANE12_EST": "211850001473", "DANE12_SED": "211850001040", "DA_HIPOACU": 0, "DA_SORDERA": 0, "DA_LENGUAS": 0, "DA_UCASTEL": 0, "DISCAP_FIS": 0, "DISCAP_FLE": 0, "DISCAP_PCE": 0, "DI_DCOGNIT": 0, "DI_SDOWN": 0, "DIS_MULTIP": 0, "DIS_PSICOS": 0, "DV_BAJAVIS": 0, "DIS_CEGUER": 0, "T_ESPECTRO": 0, "T_VOZ_Y_HA": 0, "SISTEMICA": 0, "SORDOCEGUE": 0, "OTRA": 0, "TOT_EST_MA": 0, "AFRODESCEN": 0, "INDIGENAS": 1, "NEGRITUDES": 0, "PALENQUERO": 0, "RAIZALES": 0, "ROM": 0, "TOT_EST_ET": 1, "CAPACID_EX": 0, "DOBLE_EXCE": 0, "TE_ACTFISI": 0, "TE_ARTES": 0, "TE_CNATUR": 0, "TE_CSOCIAL": 0, "TE_LDSOCIA": 0, "TE_TECNOLO": 0, "TOT_EST_CA": 0, "TMATRIC_GE": 2, "Zona": 2 }, "geometry": { "type": "Point", "coordinates": [ -8273964.755400000140071, 451988.761399999260902 ] } },
{ "type": "Feature", "properties": { "NOMBRE_EST": "COLEGIO GIMNASIO DEL CAMPO JUAN DE LA CRUZ VARELA (IED)", "NOMBRE_SED": "RURAL SAN ANTONIO", "ORDEN_DE_S": "L", "DIRECCION": "VDA SAN ANTONIO", "DISCAPACID": null, "TALENTOS_O": null, "GRUPOS_ETN": null, "SECTOR": 2, "NATU_JUR": 9, "CALENDARIO": 1, "GENERO": 5, "COD_LOCA": "20", "ESPECIALID": 13, "CLASE_TIPO": 1, "BILINGUE": 5, "FECHA": "2025-04-30", "DANE12_EST": "211850001473", "DANE12_SED": "211850001058", "DA_HIPOACU": 0, "DA_SORDERA": 0, "DA_LENGUAS": 0, "DA_UCASTEL": 0, "DISCAP_FIS": 0, "DISCAP_FLE": 0, "DISCAP_PCE": 0, "DI_DCOGNIT": 0, "DI_SDOWN": 0, "DIS_MULTIP": 0, "DIS_PSICOS": 0, "DV_BAJAVIS": 0, "DIS_CEGUER": 0, "T_ESPECTRO": 0, "T_VOZ_Y_HA": 0, "SISTEMICA": 0, "SORDOCEGUE": 0, "OTRA": 0, "TOT_EST_MA": 0, "AFRODESCEN": 0, "INDIGENAS": 0, "NEGRITUDES": 0, "PALENQUERO": 0, "RAIZALES": 0, "ROM": 0, "TOT_EST_ET": 0, "CAPACID_EX": 0, "DOBLE_EXCE": 0, "TE_ACTFISI": 0, "TE_ARTES": 0, "TE_CNATUR": 0, "TE_CSOCIAL": 0, "TE_LDSOCIA": 0, "TE_TECNOLO": 0, "TOT_EST_CA": 0, "TMATRIC_GE": 4, "Zona": 2 }, "geometry": { "type": "Point", "coordinates": [ -8274258.63880000077188, 456150.38910000026226 ] } },
{ "type": "Feature", "properties": { "NOMBRE_EST": "COLEGIO GIMNASIO DEL CAMPO JUAN DE LA CRUZ VARELA (IED)", "NOMBRE_SED": "RURAL SANTO DOMINGO", "ORDEN_DE_S": "M", "DIRECCION": "VDA SANTO DOMINGO", "DISCAPACID": null, "TALENTOS_O": null, "GRUPOS_ETN": null, "SECTOR": 2, "NATU_JUR": 9, "CALENDARIO": 1, "GENERO": 5, "COD_LOCA": "20", "ESPECIALID": 13, "CLASE_TIPO": 1, "BILINGUE": 5, "FECHA": "2025-04-30", "DANE12_EST": "211850001473", "DANE12_SED": "211850000817", "DA_HIPOACU": 0, "DA_SORDERA": 0, "DA_LENGUAS": 0, "DA_UCASTEL": 0, "DISCAP_FIS": 0, "DISCAP_FLE": 0, "DISCAP_PCE": 0, "DI_DCOGNIT": 0, "DI_SDOWN": 0, "DIS_MULTIP": 0, "DIS_PSICOS": 0, "DV_BAJAVIS": 0, "DIS_CEGUER": 0, "T_ESPECTRO": 0, "T_VOZ_Y_HA": 0, "SISTEMICA": 0, "SORDOCEGUE": 0, "OTRA": 0, "TOT_EST_MA": 0, "AFRODESCEN": 0, "INDIGENAS": 0, "NEGRITUDES": 0, "PALENQUERO": 0, "RAIZALES": 0, "ROM": 0, "TOT_EST_ET": 0, "CAPACID_EX": 0, "DOBLE_EXCE": 0, "TE_ACTFISI": 0, "TE_ARTES": 0, "TE_CNATUR": 0, "TE_CSOCIAL": 0, "TE_LDSOCIA": 0, "TE_TECNOLO": 0, "TOT_EST_CA": 0, "TMATRIC_GE": 5, "Zona": 2 }, "geometry": { "type": "Point", "coordinates": [ -8275905.054099999368191, 446613.191199999302626 ] } },
{ "type": "Feature", "properties": { "NOMBRE_EST": "COLEGIO GIMNASIO DEL CAMPO JUAN DE LA CRUZ VARELA (IED)", "NOMBRE_SED": "RURAL EL CAPITOLIO", "ORDEN_DE_S": "N", "DIRECCION": "VDA EL CAPITOLIO", "DISCAPACID": null, "TALENTOS_O": null, "GRUPOS_ETN": null, "SECTOR": 2, "NATU_JUR": 9, "CALENDARIO": 1, "GENERO": 5, "COD_LOCA": "20", "ESPECIALID": 13, "CLASE_TIPO": 1, "BILINGUE": 5, "FECHA": "2025-04-30", "DANE12_EST": "211850001473", "DANE12_SED": "211001030630", "DA_HIPOACU": 0, "DA_SORDERA": 0, "DA_LENGUAS": 0, "DA_UCASTEL": 0, "DISCAP_FIS": 0, "DISCAP_FLE": 0, "DISCAP_PCE": 0, "DI_DCOGNIT": 0, "DI_SDOWN": 0, "DIS_MULTIP": 0, "DIS_PSICOS": 0, "DV_BAJAVIS": 0, "DIS_CEGUER": 0, "T_ESPECTRO": 0, "T_VOZ_Y_HA": 0, "SISTEMICA": 0, "SORDOCEGUE": 0, "OTRA": 0, "TOT_EST_MA": 0, "AFRODESCEN": 0, "INDIGENAS": 0, "NEGRITUDES": 0, "PALENQUERO": 0, "RAIZALES": 0, "ROM": 0, "TOT_EST_ET": 0, "CAPACID_EX": 0, "DOBLE_EXCE": 0, "TE_ACTFISI": 0, "TE_ARTES": 0, "TE_CNATUR": 0, "TE_CSOCIAL": 0, "TE_LDSOCIA": 0, "TE_TECNOLO": 0, "TOT_EST_CA": 0, "TMATRIC_GE": 4, "Zona": 2 }, "geometry": { "type": "Point", "coordinates": [ -8276697.648900000378489, 449169.811500001698732 ] } }
]
}